"Estimate"	"Std. Error"	"t value"	"Pr(>|t|)"
"(Intercept)"	-0.738024407271752	0.14351898808802	-5.1423467870267	6.74937343914142e-07
"log(Species)"	0.620458149718559	0.0411186742397798	15.0894492876987	2.79035791995098e-34
