"Estimate"	"Std. Error"	"t value"	"Pr(>|t|)"
"(Intercept)"	-0.641039283940536	0.13253211476588	-4.8368599948242	2.75778542687412e-06
"log(Species)"	0.598875185704404	0.060412131698274	9.91316096401734	7.25429507877521e-19
"log(Species):Lake"	-0.130794944896631	0.0693934257399635	-1.88483193475353	0.0610120523348082
"log(Species):Stream"	-0.23242354037709	0.0896982375434504	-2.59117176370943	0.0103236791829879
"log(Species):Terr"	-0.0546684150652277	0.028693045709116	-1.90528449365203	0.0582857478432817
"log(Species):Latitude"	-0.00108190182955905	0.000951020795784395	-1.1376216317822	0.256741835420001
"log(Species):Lake:Latitude"	0.00576732427222869	0.00162925984254138	3.53984313713434	0.000505821243103481
"log(Species):Stream:Latitude"	0.00707169163522678	0.00196193241654663	3.6044522102725	0.000401567483388417
