"Estimate"	"Std. Error"	"t value"	"Pr(>|t|)"
"(Intercept)"	-0.346351818825913	0.155313490591306	-2.23001760830491	0.0271646282786922
"log(Species)"	0.665729269042222	0.057658796242204	11.5460140070516	1.02930072142569e-22
"log(Species):Lake"	-0.128975512470269	0.0710926192339366	-1.81418990972696	0.0715577091916238
"log(Species):Terr"	-0.0762074721966748	0.0264784971383182	-2.87808903196367	0.00455862158033051
"log(Species):Latitude"	-0.00100057949073057	0.000897598053168952	-1.1147300143957	0.266669626417048
"log(Species):Lake:Latitude"	0.00447586424450791	0.00167823175062566	2.66701201597412	0.00845489286407486
