"Estimate"	"Std. Error"	"t value"	"Pr(>|t|)"
"(Intercept)"	-0.150418683713249	0.067451791928937	-2.23001760830492	0.0271646282786919
"log10(Species)"	0.665729269042222	0.0576587962422041	11.5460140070516	1.02930072142577e-22
"log10(Species):Lake"	-0.128975512470268	0.0710926192339366	-1.81418990972696	0.0715577091916242
"log10(Species):Terr"	-0.0762074721966747	0.0264784971383182	-2.87808903196366	0.00455862158033058
"log10(Species):Latitude"	-0.00100057949073057	0.000897598053168952	-1.11473001439569	0.266669626417049
"log10(Species):Lake:Latitude"	0.00447586424450791	0.00167823175062566	2.66701201597411	0.00845489286407493
