"Estimate"	"Std. Error"	"t value"	"Pr(>|t|)"
"(Intercept)"	-0.999589750239487	0.130362432227747	-7.667774627687	8.65818215933671e-13
"log(Species)"	0.643961931877842	0.0528245428411127	12.1905822037073	1.16812860699002e-25
"log(Species):Lake"	-0.119399444668471	0.0673931628719991	-1.77168483537785	0.0780413960433651
"log(Species):Terr"	-0.0575559059822021	0.0245674381906044	-2.34277198687382	0.0201704002232036
"log(Species):Latitude"	-0.00106643835656325	0.000842509302593618	-1.26578822724008	0.207130708784487
"log(Species):Lake:Latitude"	0.0045762124683375	0.00159952087192856	2.86098953045853	0.00469365699228186
