"Estimate"	"Std. Error"	"t value"	"Pr(>|t|)"
"(Intercept)"	-0.450415355011467	0.0676330268804719	-6.65969535575404	4.36809413694894e-10
"log10(Species)"	0.665502999780526	0.0578137185777519	11.5111606060335	1.28155489858739e-22
"log10(Species):Lake"	-0.129262648746402	0.0712836366559041	-1.81335654030069	0.0716867120355901
"log10(Species):Terr"	-0.0760877580819196	0.026549641714442	-2.86586760380011	0.00472909099016297
"log10(Species):Latitude"	-0.00100268590352523	0.000900009792501768	-1.11408332651365	0.266946077107718
"log10(Species):Lake:Latitude"	0.00453189946201509	0.00168274095996304	2.69316524042692	0.00784673392265529
