"Estimate"	"Std. Error"	"t value"	"Pr(>|t|)"
"(Intercept)"	-1.00077960641548	0.13119594249248	-7.62812925005546	1.15370187953925e-12
"log(Species)"	0.64264019474043	0.0533191064539475	12.052718762185	3.71466665170544e-25
"log(Species):Lake"	-0.117692792649608	0.067612096104279	-1.74070616695701	0.083371186745104
"log(Species):Terr"	-0.0613913439666908	0.0247784389996421	-2.47761144144623	0.014108872132192
"log(Species):Latitude"	-0.00101870849597169	0.000850770589742771	-1.1973950536768	0.232660183357113
"log(Species):Lake:Latitude"	0.00452793922561268	0.00160414172413295	2.82265535363471	0.00527540073849262
