"Estimate"	"Std. Error"	"t value"	"Pr(>|t|)"
"(Intercept)"	-0.961359234719562	0.133531650291281	-7.1994859093143	1.2950988576474e-11
"log(Species)"	0.586613139389029	0.038345797518288	15.2979772844537	3.55401542293733e-35
