"Estimate"	"Std. Error"	"t value"	"Pr(>|t|)"
"(Intercept)"	-0.301301181893948	0.0502381638613578	-5.99745609185576	6.79774053812518e-09
"log10(Species)"	0.764473789391002	0.0464659268571518	16.4523521018141	5.45879622536175e-42
"log10(Species):Lake"	-0.0733910991005644	0.0617423524551562	-1.18866703619479	0.235672191651655
"log10(Species):Marine"	0.087415520043498	0.022999808863949	3.80070636936976	0.000180374149841414
"log10(Species):Terr"	-0.0274608620671359	0.025474148830875	-1.07798938639524	0.282053199521855
"log10(Species):Latitude"	-0.00124282562819538	0.000778130787459379	-1.59719374715046	0.11145611922712
"log10(Species):Lake:Latitude"	0.00463897977719926	0.0014745995912586	3.14592503937953	0.00185127857484223
