"Estimate"	"Std. Error"	"t value"	"Pr(>|t|)"
"(Intercept)"	-0.644497264820823	0.0515258690276636	-12.50822697381	2.80638808168413e-27
"log10(Species)"	0.815683434532017	0.0482368407605369	16.9099680176264	3.0638236246458e-41
"log10(Species):Lakeweb"	-0.0882342047517047	0.0615686078584433	-1.43310378163122	0.153294315399225
"log10(Species):Marine"	0.0867055170437477	0.0255561140437559	3.39275043519116	0.000824910692214166
"log10(Species):Terr"	-0.0606331808085655	0.0252075644240271	-2.40535657426592	0.0170113655308731
"log10(Species):Latitude"	-0.00127878300752929	0.000824496558796115	-1.55098647033349	0.122389460842292
"log10(Species):Lakeweb:Latitude"	0.00446010326659244	0.00147407463511702	3.025697044328	0.00278592570767839
