"Marginal"	"Upper"	"Lower"
"log(Basal * Species)"	0.250883452670961	0.32121163091083	0.180555274431092
