"Marginal"	"Upper"	"Lower"
"log(Basal * Species)"	0.250581119714615	0.321047342549103	0.180114896880127
