"Estimate"	"Std. Error"	"t value"	"Pr(>|t|)"
"(Intercept)"	1.19715453254172	0.126050758074613	9.49740049824283	8.26391377022618e-18
"log(Basal)"	-0.0576300158122638	0.0736610812103988	-0.782367226563707	0.434952685205513
