"Estimate"	"Std. Error"	"t value"	"Pr(>|t|)"
"(Intercept)"	-1.0318472551506	0.118447877390405	-8.71140351253088	4.75117706940875e-15
"log(Species)"	0.751146466411119	0.054245890477793	13.8470667509573	1.00313755354594e-28
"log(Species):Lakeweb"	-0.00563738275324575	0.0806517999680813	-0.0698977921816599	0.944366884769726
"log(Species):Stream"	-0.268314933437731	0.082889034697323	-3.23703773867687	0.0014827481495417
"log(Species):Latitude"	-0.00173099943977504	0.00104059164960868	-1.66347619685972	0.0982775971322662
"log(Species):Lakeweb:Latitude"	0.0032886130206774	0.00183188793721439	1.79520425560427	0.074607992372131
"log(Species):Stream:Latitude"	0.00825140964815445	0.00186320600700745	4.42860833269173	1.80322506659804e-05
