"Estimate"	"Std. Error"	"t value"	"Pr(>|t|)"
"(Intercept)"	-0.952318123092897	0.116270391807859	-8.1905471228362	2.01125666697076e-14
"log(Species)"	0.710100365123706	0.0345697473887981	20.5410921039534	2.47329343058812e-53
