"Estimate"	"Std. Error"	"t value"	"Pr(>|t|)"
"(Intercept)"	-1.09562174686767	0.115935262004675	-9.45028913484052	5.67358718111111e-18
"log(Species)"	0.717299957202812	0.0516938079623362	13.875935735387	9.25626708666817e-32
"log(Species):Lakeweb"	-0.0507463695076254	0.0628460610351972	-0.807470964317154	0.420279400566874
"log(Species):Stream"	-0.131662702309279	0.0763086675769487	-1.72539642598938	0.0858796829992782
"log(Species):Marine"	0.133011196916887	0.027303908241459	4.8715076149765	2.13450613595447e-06
"log(Species):Latitude"	-0.00104204885988626	0.000964653207140261	-1.08023158185048	0.281238189058843
"log(Species):Lakeweb:Latitude"	0.00483529771694676	0.00153010446598244	3.16010953790801	0.00180208913068664
"log(Species):Stream:Latitude"	0.00499314765130754	0.00173179686130531	2.88321786629411	0.00433242617102786
