"Estimate"	"Std. Error"	"t value"	"Pr(>|t|)"
"(Intercept)"	-0.992798823202681	0.112878783944566	-8.79526504901256	2.49576305909268e-15
"log(Species)"	0.737398386775883	0.0531180032161968	13.8822685742644	4.80882391278617e-29
"log(Species):Lakeweb"	-0.00622691530132242	0.0804507483004554	-0.0774003403680854	0.938404253458626
"log(Species):Stream"	-0.26411417669395	0.0825982443541125	-3.19757615623945	0.00167825559171822
"log(Species):Latitude"	-0.00160830517155962	0.00105594594996423	-1.52309421861422	0.129759705507634
"log(Species):Lakeweb:Latitude"	0.00317847427623609	0.0018335387606516	1.73351899858747	0.084979265971548
"log(Species):Stream:Latitude"	0.00810967919692245	0.00186276876698541	4.35356193460698	2.41427067776076e-05
