"Estimate"	"Std. Error"	"t value"	"Pr(>|t|)"
"(Intercept)"	-0.298650214254293	0.0449261561247164	-6.64757994040778	1.84516837118028e-10
"log10(Species)"	0.622492030838698	0.0503577545024017	12.3613937315058	9.87518048688161e-28
"log10(Species):Lake"	-0.114522113483395	0.0647648890932378	-1.7682746791788	0.0782296976493419
"log10(Species):Marine"	0.119976620884931	0.02681043412157	4.47499732159896	1.15953857715411e-05
"log10(Species):Stream"	-0.057382370154268	0.0711213784316746	-0.806823087792014	0.420532251240089
"log10(Species):Latitude"	-0.000962865363232759	0.000876738020244652	-1.09823612185094	0.273153768767859
"log10(Species):Lake:Latitude"	0.00590524939587647	0.0015796715184666	3.73827680428698	0.000229510587122766
"log10(Species):Stream:Latitude"	0.00310311114216045	0.00163364156857267	1.89950549854805	0.0586443973440834
