"Estimate"	"Std. Error"	"t value"	"Pr(>|t|)"
"(Intercept)"	-0.9658923335696	0.119043594858137	-8.11376987330269	1.1892776050575e-13
"log(Species)"	0.726053970582264	0.0361349816054866	20.0928280110712	9.91923333506633e-46
