"Estimate"	"Std. Error"	"t value"	"Pr(>|t|)"
"(Intercept)"	1.30965169623031	0.0852471806336885	15.3629913211788	2.2603055685013e-35
"log(Intermediate)"	0.0264229961868758	0.076557094060153	0.345141054676325	0.730362248222654
