"Estimate"	"Std. Error"	"t value"	"Pr(>|t|)"
"(Intercept)"	1.09571232507864	0.105929362231421	10.3438017750438	3.881037439257e-20
"log(Basal)"	-0.0549621180458655	0.118515971295671	-0.463752838077385	0.643361324149136
"log(Basal):Latitude"	-0.00826431743058667	0.00249914979289118	-3.30685157572167	0.00113029219030509
"log(Basal):Marine"	-0.146197629239123	0.201745972348151	-0.72466194758442	0.469560359377838
"log(Basal):Stream"	-0.165048662846227	0.065444231385227	-2.52197419623885	0.0124997915522251
"log(Basal):Terr"	-0.461291107189916	0.18001994808758	-2.56244439624823	0.0111769427525493
"log(Basal):Latitude:Marine"	0.0111093837140034	0.00471838161691729	2.35449029264013	0.0195796746139792
"log(Basal):Latitude:Terr"	0.0154925020765348	0.00440228719345981	3.51919386348782	0.000542911986471225
