"Estimate"	"Std. Error"	"t value"	"Pr(>|t|)"
"(Intercept)"	2.14196133314007	0.0771842812548371	27.7512635774636	6.18424755859032e-69
"log(Intermediate)"	0.820919031777099	0.180432565791761	4.54972764021173	9.53513985860876e-06
"log(Intermediate):Latitude"	0.00301978887704932	0.00416076554524495	0.725777226380954	0.468863715442825
"log(Intermediate):Stream"	0.514025261826838	0.442665132376572	1.1612056704515	0.247007428649082
"log(Intermediate):Latitude:Stream"	-0.0277418503094932	0.00985209300948837	-2.81583317197427	0.00537566604925947
