"Estimate"	"Std. Error"	"t value"	"Pr(>|t|)"
"(Intercept)"	-0.77590070428166	0.118502527531397	-6.54754561311855	4.10056207047111e-10
"log(Species)"	0.763361548529152	0.047446640678191	16.0888429110648	5.73867595428754e-39
"log(Species):Latitude"	-0.00079377444307824	0.000810231270206135	-0.979688728720989	0.328320798011374
"log(Species):Lakeweb"	-0.044337568055467	0.0602065280097452	-0.736424595822738	0.462260445448691
"log(Species):Marine"	0.123022231012617	0.0247370617372962	4.97319497032808	1.32946937581097e-06
"log(Species):Latitude:Lakeweb"	0.00387538291904385	0.00146344754096053	2.64811878155896	0.00868296918629857
