"Estimate"	"Std. Error"	"t value"	"Pr(>|t|)"
"(Intercept)"	-0.728141667546767	0.122722728820978	-5.93322585426655	1.85270151513706e-08
"log(Species)"	0.74598908826122	0.0354016682567756	21.0721450427253	1.71802466012582e-47
"log(Species):Lakeweb"	0.0937906873944923	0.0262872800569603	3.56791144581193	0.000478325069763629
