"Estimate"	"Std. Error"	"t value"	"Pr(>|t|)"
"(Intercept)"	-0.764494037648139	0.118384724026088	-6.45770849184622	6.7649618949843e-10
"log(Species)"	0.760347089427316	0.0474072761585404	16.0386158210092	8.32314275909041e-39
"log(Species):Latitude"	-0.000794932074303236	0.000809661842928115	-0.981807505499322	0.327278076197441
"log(Species):Lakeweb"	-0.0478896697460501	0.0604334124317565	-0.792436961922823	0.428963504467471
"log(Species):Marine"	0.122482220163014	0.0247193075552172	4.95492116392893	1.44683228011689e-06
"log(Species):Latitude:Lakeweb"	0.00401137633912957	0.0014826398230317	2.70556360136551	0.00735556445598402
