"Estimate"	"Std. Error"	"t value"	"Pr(>|t|)"
"(Intercept)"	-0.561171828521773	0.0411184987492249	-13.6476730812637	4.27600645300624e-32
"log10(Species)"	0.733066984736133	0.046090709998608	15.9048750769574	7.2019962173678e-40
"log10(Species):Lake"	-0.118158835975918	0.0592781498807251	-1.99329493605431	0.0473116492429347
"log10(Species):Marine"	0.0506944600308392	0.0245391053764439	2.0658642298958	0.0398676496871754
"log10(Species):Stream"	-0.160930314117511	0.0650954263202996	-2.47222152483739	0.0140913722037544
"log10(Species):Latitude"	-0.00140526389589423	0.000802462407319047	-1.75118969197459	0.0811347508719797
"log10(Species):Lake:Latitude"	0.00615145398688445	0.00144584520252377	4.25457301801525	2.95915921415007e-05
"log10(Species):Stream:Latitude"	0.0035711786535226	0.0014952317476748	2.38837802840667	0.0176627686685645
