"Estimate"	"Std. Error"	"t value"	"Pr(>|t|)"
"(Intercept)"	-0.575071513047344	0.112762019370545	-5.09986887657284	9.45503517947578e-07
"log(Species)"	0.717611748807381	0.0342282463882907	20.965483906674	6.93168691652994e-48
