"Estimate"	"Std. Error"	"t value"	"Pr(>|t|)"
"(Intercept)"	0.432629970010228	0.114968879467091	3.76301806206667	0.000222316776221096
"log(Basal)"	-0.338523403499084	0.0671850935008345	-5.03866833935238	1.06981813059706e-06
