"Estimate"	"Std. Error"	"t value"	"Pr(>|t|)"
"(Intercept)"	1.45219379117824	0.0773386565061352	18.7770754856989	2.98388657745359e-45
"log(Intermediate)"	0.823447844494694	0.180793446559628	4.55463325781066	9.33668006548731e-06
"log(Intermediate):Stream"	0.516352829820856	0.443550501002678	1.16413537726505	0.245821228320778
"log(Intermediate):Latitude"	0.00293026870408891	0.0041690874369073	0.702856140206699	0.48300118222479
"log(Intermediate):Stream:Latitude"	-0.0277262781392102	0.00987179804928955	-2.80863506331611	0.00549235904586695
