"Estimate"	"Std. Error"	"t value"	"Pr(>|t|)"
"(Intercept)"	0.00788498152460918	0.0788227680482744	0.100034313940613	0.920424246394224
"log(Toppreds)"	-0.652982151362262	0.101691552913479	-6.42120345942434	1.08681267683156e-09
"log(Toppreds):Lake"	0.231063114494569	0.0653672024495	3.53484784166921	0.000514247063222076
"log(Toppreds):Marine"	0.366987704834368	0.0761733218445704	4.81779835705731	2.99165763714798e-06
"log(Toppreds):Stream"	-0.637123939100716	0.183553912464415	-3.47104526700968	0.00064378033321715
"log(Toppreds):Terr"	-0.182920056467554	0.157484201183746	-1.16151369529525	0.246913483692844
"log(Toppreds):Latitude"	-0.00096136181275778	0.00179315157192898	-0.536129699132794	0.59250606999241
"log(Toppreds):Stream:Latitude"	0.0122645664255813	0.00378114446812884	3.24361222612862	0.00139794911746452
"log(Toppreds):Terr:Latitude"	0.00841932982110798	0.00352352249079514	2.38946390809273	0.0178671339476443
