"Estimate"	"Std. Error"	"t value"	"Pr(>|t|)"
"(Intercept)"	-1.25612594236761	0.119583927758848	-10.5041368510717	7.00911188129806e-20
"log(Species)"	0.714624257329356	0.0359064826891757	19.9023742736235	8.75950143791744e-45
