"Estimate"	"Std. Error"	"t value"	"Pr(>|t|)"
"(Intercept)"	-1.40288994166927	0.115979783921509	-12.095986854215	2.47248880374967e-24
"log(Species)"	0.742172335645248	0.0339354474863647	21.8701207916428	6.14417275682155e-50
"log(Species):Lakeweb"	0.0950323169645294	0.0258266615511709	3.67962064226691	0.00031875304499785
