"Estimate"	"Std. Error"	"t value"	"Pr(>|t|)"
"(Intercept)"	-0.56112425925691	0.0411218418976653	-13.6454067561786	4.35301060115898e-32
"log10(Species)"	0.733030487702126	0.0460934964749842	15.9031217798796	7.30311466164578e-40
"log10(Species):Lake"	-0.118160379375608	0.0592806453865913	-1.99323706084912	0.0473180259586263
"log10(Species):Marine"	0.0506918532168481	0.024540146058666	2.06567039559029	0.0398861174159357
"log10(Species):Stream"	-0.160933554989103	0.0650988718307537	-2.47214046055212	0.0140944902218908
"log10(Species):Latitude"	-0.00140517196422284	0.000802496482318411	-1.75100077717886	0.0811673589358548
"log10(Species):Lake:Latitude"	0.00615140857825633	0.00144590608313562	4.25436247208826	2.9617564807127e-05
"log10(Species):Stream:Latitude"	0.00357128399567917	0.00149530598864969	2.38832989554476	0.0176650295403759
