"Estimate"	"Std. Error"	"t value"	"Pr(>|t|)"
"(Intercept)"	-1.22144766059186	0.119906121264743	-10.1866997923734	2.95455926819865e-20
"log(Species)"	0.694245096061793	0.035650729803532	19.4735170889269	5.24888530047131e-50
