"Estimate"	"Std. Error"	"t value"	"Pr(>|t|)"
"(Intercept)"	-1.48470574919974	0.121057279493954	-12.2644896317358	1.14540040298646e-26
"log(Species)"	0.771032876158027	0.048469525176222	15.9075805540649	2.19664414679143e-38
"log(Species):Lakeweb"	-0.0427902852207893	0.0615044981779417	-0.695726109283757	0.487337997397128
"log(Species):Marine"	0.125638237193064	0.0252703588604694	4.97176307969259	1.33832239596981e-06
"log(Species):Latitude"	-0.000835226433310751	0.00082769874512675	-1.00909471982206	0.314042820359941
"log(Species):Lakeweb:Latitude"	0.00403123238022808	0.00149499746276601	2.69648108483714	0.00755242401627099
