"Estimate"	"Std. Error"	"t value"	"Pr(>|t|)"
"(Intercept)"	-0.294859105801523	0.134317707613579	-2.19523628745815	0.0293979913552094
"log(Species)"	0.594678760923632	0.0549314021019984	10.8258434732726	1.90127103566431e-21
"log(Species):Lakeweb"	-0.0535487506325371	0.0646521752463672	-0.828259071384392	0.408596825719742
"log(Species):Terr"	-0.0945005986818459	0.0278319651787555	-3.39539799201744	0.000839512810618372
"log(Species):Latitude"	3.1504484189238e-07	0.000940718985544374	0.000334897930979963	0.99973315292504
"log(Species):Lakeweb:Latitude"	0.00280422326881852	0.00153757933433889	1.82379094606149	0.0698060843848855
