"Estimate"	"Std. Error"	"t value"	"Pr(>|t|)"
"(Intercept)"	-0.610557107425222	0.137859980941966	-4.42882048331519	1.62713681258499e-05
"log(Species)"	0.515608527795234	0.0622435850957291	8.28372155945453	2.46775704635002e-14
"log(Species):Lakeweb"	-0.033970733417995	0.0688205113965843	-0.493613498775613	0.62217105433017
"log(Species):Stream"	-0.158715937751658	0.0931987072994273	-1.70298432618531	0.0902687474099043
"log(Species):Latitude"	-4.57073613318936e-05	0.00112131879547278	-0.0407621467832636	0.967529953998417
"log(Species):Lakeweb:Latitude"	0.0040428887660408	0.00165317790322097	2.44552552883984	0.0154103809140195
"log(Species):Stream:Latitude"	0.00607693137950767	0.00207533288504191	2.92817187223676	0.00384286620027005
