"Estimate"	"Std. Error"	"t value"	"Pr(>|t|)"
"(Intercept)"	-1.46097771440478	0.120558675717601	-12.1183955091461	3.52796929872608e-26
"log(Species)"	0.758426433802579	0.0484272800017415	15.661140451731	1.52850995133853e-37
"log(Species):Lakeweb"	-0.0381753228115098	0.0610377220185858	-0.625438197052725	0.532337678650919
"log(Species):Marine"	0.127048195293643	0.0250716543442428	5.0674037520311	8.59221467268751e-07
"log(Species):Latitude"	-0.0007480559825951	0.000821933722052763	-0.910117157289574	0.363765897985088
"log(Species):Lakeweb:Latitude"	0.0039375654606011	0.00148340177410819	2.65441603841167	0.00853032125925085
