"Estimate"	"Std. Error"	"t value"	"Pr(>|t|)"
"(Intercept)"	-0.870020774843534	0.138536149345749	-6.28009930225647	1.91504450629522e-09
"log(Species)"	0.695212512799747	0.060087852150392	11.5699344862539	2.84787908379873e-24
"log(Species):Lakeweb"	-0.109141876194637	0.0720672743260228	-1.51444434683201	0.131416819177973
"log(Species):Stream"	-0.184848696886184	0.0865605887676627	-2.13548335931883	0.0338795921567674
"log(Species):Marine"	0.0816560098493075	0.0347447561037489	2.35016788160723	0.0196923251962225
"log(Species):Terr"	-0.0950369637235764	0.0332645246247187	-2.85700651958077	0.0047065939249003
"log(Species):Latitude"	-0.00113922509874959	0.00105508520181442	-1.07974701644044	0.281493387040072
"log(Species):Lakeweb:Latitude"	0.0045044504716876	0.00165414280878511	2.72313275961698	0.0070106107670653
"log(Species):Stream:Latitude"	0.00523778497741702	0.00189922868358522	2.75784850065002	0.00633125064703231
