"Estimate"	"Std. Error"	"t value"	"Pr(>|t|)"
"(Intercept)"	-1.19103754276265	0.145134816657227	-8.2064219337224	2.01085525928502e-14
"log(Species)"	0.682820105191375	0.0539635968234534	12.6533468001638	7.51689658083006e-28
"log(Species):Lakeweb"	-0.0520823779913987	0.067893177217712	-0.767122413852971	0.443842555498605
"log(Species):Marine"	0.129485245535547	0.0286480583425407	4.51986113639223	1.01695650314321e-05
"log(Species):Terr"	-0.0483798916759386	0.0268899424300059	-1.79918167552313	0.073379310337628
"log(Species):Latitude"	-0.00104305962352156	0.00090455466728675	-1.1531194976311	0.250129920107983
"log(Species):Lakeweb:Latitude"	0.00331067028141101	0.00159954773674974	2.0697539719185	0.0396593771865228
