"Estimate"	"Std. Error"	"t value"	"Pr(>|t|)"
"(Intercept)"	-1.17915700953053	0.145361765508107	-8.1118787007631	3.65977398672204e-14
"log(Species)"	0.679946820578139	0.0539754625764871	12.5973319749619	1.13290777518164e-27
"log(Species):Lakeweb"	-0.0577057858787537	0.0682695639619542	-0.845263724123277	0.39889462407959
"log(Species):Marine"	0.128788256479606	0.0286319958091041	4.49805376259016	1.11712205309448e-05
"log(Species):Terr"	-0.0486164936845635	0.0268700490005882	-1.80931913014	0.0717852472168669
"log(Species):Latitude"	-0.0010465377012003	0.000903865741697561	-1.15784640674043	0.248199502488572
"log(Species):Lakeweb:Latitude"	0.00348733175675469	0.00162226141937228	2.14967311378463	0.0326874876999109
