"Estimate"	"Std. Error"	"t value"	"Pr(>|t|)"
"(Intercept)"	-0.976703189236303	0.13439831031859	-7.26722818851695	9.38848165615844e-12
"log(Species)"	0.61821158746747	0.0534692014485026	11.5620127235841	9.95391070054293e-24
"log(Species):Lakeweb"	-0.0809139207582362	0.0635411948215733	-1.27340886468135	0.204436920532487
"log(Species):Terr"	-0.0556110708362483	0.0253595694907734	-2.19290279578607	0.0295351880432123
"log(Species):Latitude"	-0.000687544554555204	0.000899112149357516	-0.764692763907714	0.445408238267879
"log(Species):Lakeweb:Latitude"	0.00355963204293561	0.00151058154295974	2.35646467383753	0.0194734609030375
