"Estimate"	"Std. Error"	"t value"	"Pr(>|t|)"
"(Intercept)"	-0.336880707055001	0.138571068842897	-2.43110419705959	0.0160013062990817
"log(Species)"	0.641607280925817	0.0543477715529689	11.8055858150594	2.29634334365605e-24
"log(Species):Lakeweb"	-0.08644513736375	0.0647926268216182	-1.33418170560894	0.18377548918462
"log(Species):Terr"	-0.0600093474587289	0.0258133961548475	-2.32473662507441	0.0211655827374527
"log(Species):Latitude"	-0.000817620226244106	0.000915749220742964	-0.892842939665028	0.373094980567543
"log(Species):Lakeweb:Latitude"	0.00352414002266825	0.00154677599474943	2.27837775775615	0.0238408201226766
