"Estimate"	"Std. Error"	"t value"	"Pr(>|t|)"
"(Intercept)"	-0.633663809364572	0.136570278138463	-4.63983685177916	6.52208029762892e-06
"log(Species)"	0.554112728247477	0.0563613330400141	9.83143404103095	1.1456650112552e-18
"log(Species):Lakeweb"	-0.0644301544060949	0.0650669897098395	-0.990212620768465	0.323342940337504
"log(Species):Stream"	-0.191915735349805	0.0897406977704777	-2.1385585371829	0.0337620722730873
"log(Species):Latitude"	-0.000640729007202133	0.00103693861964355	-0.617904469044064	0.537386102738052
"log(Species):Lakeweb:Latitude"	0.0046537680810061	0.00159686317364298	2.91431862029187	0.00399736718513416
"log(Species):Stream:Latitude"	0.00668477352777554	0.00201804552354983	3.31249887565308	0.00110896135485261
