"Estimate"	"Std. Error"	"t value"	"Pr(>|t|)"
"(Intercept)"	-0.878246632304421	0.141508611699269	-6.206312264379	2.75411367240892e-09
"log(Species)"	0.66383595252966	0.0615251355216855	10.7896707077659	5.6966549818614e-22
"log(Species):Lakeweb"	-0.0793704160484662	0.0739876780559824	-1.07275181670671	0.284585083776087
"log(Species):Stream"	-0.157919700347356	0.0865015755645826	-1.82562802257228	0.0692935684742835
"log(Species):Marine"	0.120070528062149	0.0369441413332981	3.25005599612973	0.00133917739720472
"log(Species):Terr"	-0.0585621746809819	0.0355077808891609	-1.64927723486259	0.100551147068728
"log(Species):Latitude"	-0.00106255821635768	0.0010693223990623	-0.993674328050597	0.321498452750162
"log(Species):Lakeweb:Latitude"	0.00456931555039289	0.00167605346354505	2.72623496193746	0.00693451326564614
"log(Species):Stream:Latitude"	0.00506858188714976	0.00189019705843207	2.68150977409423	0.00789787780705447
