"Estimate"	"Std. Error"	"t value"	"Pr(>|t|)"
"(Intercept)"	-0.520464414930346	0.144065467736621	-3.61269375032923	0.000376552582800148
"log(Species)"	0.693629923860463	0.0532009714784301	13.0379183797741	4.46827418636723e-29
"log(Species):Latitude"	-0.00111693638050437	0.000896170013136386	-1.24634429196683	0.213981794672447
"log(Species):Lakeweb"	-0.0592279564960871	0.0673173052004801	-0.87983255300696	0.379923332955433
"log(Species):Marine"	0.125430962719363	0.0284230561820912	4.41300055545731	1.60622053963193e-05
"log(Species):Terr"	-0.0516510826441783	0.0266351149846761	-1.93921004936132	0.0537722779642155
"log(Species):Latitude:Lakeweb"	0.00342756613821772	0.00159046648401736	2.15506970606512	0.0322573739187634
