"Estimate"	"Std. Error"	"t value"	"Pr(>|t|)"
"(Intercept)"	-1.48479519537232	0.12133305060321	-12.2373515541778	1.4812718171607e-26
"log(Species)"	0.770908696079546	0.0485866308977473	15.866683526626	3.34257092856641e-38
"log(Species):Lakeweb"	-0.0426717105737512	0.0616404790916981	-0.692267665705057	0.489505958623881
"log(Species):Marine"	0.12567769015129	0.0253258373647902	4.96242980403942	1.40161306260499e-06
"log(Species):Latitude"	-0.000832564760886449	0.000829578886059879	-1.00359926569582	0.316684472450499
"log(Species):Lakeweb:Latitude"	0.00404038389285505	0.00150175517042557	2.69044114008948	0.00768852274663518
