"Estimate"	"Std. Error"	"t value"	"Pr(>|t|)"
"(Intercept)"	-0.508797279422558	0.144240221202	-3.5274299719079	0.000512015592586898
"log(Species)"	0.690834930193325	0.0532063103366561	12.984078877527	6.63789808190316e-29
"log(Species):Latitude"	-0.00112072089509745	0.000895539390706042	-1.25144790584127	0.21211850469086
"log(Species):Lakeweb"	-0.0643976369969647	0.0676981283134926	-0.951246934017966	0.342537329375547
"log(Species):Marine"	0.124735558049252	0.0284078967319153	4.39087621397594	1.7638289140474e-05
"log(Species):Terr"	-0.0518961787088725	0.0266168944395516	-1.94974582127647	0.0524946662637821
"log(Species):Latitude:Lakeweb"	0.00359441730143314	0.00161392467985114	2.22712828318895	0.0269658549681945
