"Estimate"	"Std. Error"	"t value"	"Pr(>|t|)"
"(Intercept)"	-1.19020981653725	0.130723484373713	-9.10478956584929	3.75975175401259e-16
"log(Species)"	0.722996725555865	0.0536114100729079	13.485874081145	5.09039562394394e-28
"log(Species):Lakeweb"	-0.0171500811554536	0.0838997978445209	-0.204411471732451	0.838296713233306
"log(Species):Terr"	-0.025153288552323	0.0280293170901534	-0.897392129512823	0.37088376460582
"log(Species):Latitude"	-0.00118780847278525	0.000938778345626037	-1.26527042120166	0.2076490442455
"log(Species):Lakeweb:Latitude"	0.00179913886338195	0.00186808887621564	0.96309061431094	0.33698307925867
