"Estimate"	"Std. Error"	"t value"	"Pr(>|t|)"
"(Intercept)"	-0.860490009038379	0.14153032632421	-6.0798984315716	5.42083746893987e-09
"log(Species)"	0.659647170193005	0.0614512084880799	10.734486536924	8.40727654319359e-22
"log(Species):Lakeweb"	-0.0874866645181393	0.0742471162059071	-1.17831734064277	0.239972621300601
"log(Species):Stream"	-0.158142077992655	0.0863487591160541	-1.83143428593003	0.0684195263797822
"log(Species):Marine"	0.119020937353846	0.0368824859622041	3.22703131984688	0.00144625558110453
"log(Species):Terr"	-0.0589349018234985	0.0354455008239178	-1.6626906223238	0.0978314939998568
"log(Species):Latitude"	-0.00107004671598136	0.00106743884083909	-1.00244311434294	0.31725650430965
"log(Species):Lakeweb:Latitude"	0.0048299869089617	0.0016960525758414	2.84778135876217	0.00482947687769199
"log(Species):Stream:Latitude"	0.00507394657601722	0.00188685810969598	2.68909810967967	0.00772636690123524
