"Estimate"	"Std. Error"	"t value"	"Pr(>|t|)"
"(Intercept)"	-0.319787424789843	0.135472739334157	-2.36052970037798	0.0192675488938594
"log(Species)"	0.637274294052641	0.0536342530005147	11.8818527042136	1.11820431532261e-24
"log(Species):Lakeweb"	-0.0853792815875619	0.0653502423614316	-1.30648760436658	0.192974402203464
"log(Species):Terr"	-0.0600851194639922	0.0256438490646324	-2.34306165632758	0.0201661761651138
"log(Species):Latitude"	-0.000823488259612206	0.000909703806573104	-0.905226793228802	0.366497745580514
"log(Species):Lakeweb:Latitude"	0.00352788353269212	0.00159454440044403	2.21247118092775	0.0281318030042498
