"Estimate"	"Std. Error"	"t value"	"Pr(>|t|)"
"(Intercept)"	-1.23027057657042	0.142498555638783	-8.63356523899802	1.42981892060406e-15
"log(Species)"	0.734096041276577	0.0536648105403493	13.679281336969	5.95381734761762e-31
"log(Species):Latitude"	-0.00146812680825955	0.00090070256458314	-1.62997960257727	0.104590661494574
"log(Species):Lakeweb"	-0.0887890770458095	0.0687406357305805	-1.2916534172568	0.197883610404687
"log(Species):Marine"	0.0966092851613888	0.0285756550480442	3.38082486644523	0.000860308354104109
"log(Species):Terr"	-0.0794209003588217	0.0267648844569711	-2.96735450087609	0.00334874921216403
"log(Species):Latitude:Lakeweb"	0.00363012879642729	0.00166213877137588	2.18401066080803	0.0300585160644667
