"Estimate"	"Std. Error"	"t value"	"Pr(>|t|)"
"(Intercept)"	-0.857029739950255	0.141080861137151	-6.07474134366883	5.5715910543956e-09
"log(Species)"	0.658830893707367	0.061397733465672	10.7305409584171	8.64433615881274e-22
"log(Species):Lakeweb"	-0.0923444347114454	0.0754073155097419	-1.22460843602787	0.222062862653024
"log(Species):Stream"	-0.158185413174147	0.0863567403337625	-1.83176683791876	0.0683697434466897
"log(Species):Marine"	0.11881640148975	0.0368797511437657	3.22172459967468	0.00147203669332274
"log(Species):Terr"	-0.0590075359155911	0.0354480130058974	-1.66462181972722	0.097444850971334
"log(Species):Latitude"	-0.00107150601504832	0.00106752807792753	-1.00372630678577	0.316638866761653
"log(Species):Lakeweb:Latitude"	0.00495160806724249	0.00176067209155968	2.81233972582375	0.00537345772270006
"log(Species):Stream:Latitude"	0.00507499200378676	0.00188703194414938	2.68940439483362	0.00771951537691108
