"Estimate"	"Std. Error"	"t value"	"Pr(>|t|)"
"(Intercept)"	-0.508191242072591	0.143835452277385	-3.53314314396253	0.000501669668733182
"log(Species)"	0.690689747122975	0.0532101687554812	12.9804088819363	6.8193765417174e-29
"log(Species):Latitude"	-0.00112091747781421	0.000897468011862966	-1.24897763819727	0.213018901101032
"log(Species):Lakeweb"	-0.0571244235984665	0.068571377453407	-0.83306513183699	0.405723957025798
"log(Species):Marine"	0.124699435969145	0.0284565496153794	4.38209964505855	1.83037418279718e-05
"log(Species):Terr"	-0.0519089099717807	0.0266728652801871	-1.94613174949521	0.0529300138920817
"log(Species):Latitude:Lakeweb"	0.00322554312552071	0.00165643875472914	1.94727581464257	0.052791873454247
