"Estimate"	"Std. Error"	"t value"	"Pr(>|t|)"
"(Intercept)"	-1.20650009357381	0.14655960934814	-8.23214594348347	1.70748694087664e-14
"log(Species)"	0.695226446784992	0.0541644194003977	12.8354823051955	1.97704249889658e-28
"log(Species):Lakeweb"	-0.0612701019129648	0.070352953977147	-0.87089593896608	0.384773405720533
"log(Species):Marine"	0.12684042231184	0.0289506694023182	4.38126043129364	1.83686189412879e-05
"log(Species):Terr"	-0.0522115180712142	0.0271324085680048	-1.92432300804962	0.0556220235288886
"log(Species):Latitude"	-0.00115836494914188	0.000912914602643028	-1.2688645200638	0.20584874933116
"log(Species):Lakeweb:Latitude"	0.00349957966769356	0.0017168481870272	2.03837455992731	0.0427253535580115
