"Estimate"	"Std. Error"	"t value"	"Pr(>|t|)"
"(Intercept)"	-1.18385589294479	0.129589182299659	-9.13545306742715	2.77059295214476e-16
"log(Species)"	0.666404713810846	0.0364277089682406	18.2938958470281	4.64910046522164e-41
"log(Species):Lakeweb"	0.0551377759364061	0.0254178077928087	2.16925772615237	0.0315391597247927
