"Estimate"	"Std. Error"	"t value"	"Pr(>|t|)"
"(Intercept)"	-0.497564015859873	0.143995229049124	-3.4554201493032	0.000660800665760674
"log(Species)"	0.68814387543545	0.0532166946443356	12.9309773941155	9.80585473456657e-29
"log(Species):Latitude"	-0.00112436467294271	0.000896941168815562	-1.25355453850721	0.211352840939175
"log(Species):Lakeweb"	-0.0625025705262212	0.0691219754697738	-0.904235883037701	0.366873095154705
"log(Species):Marine"	0.124066013760779	0.0284441142430295	4.3617464302367	1.99408918593661e-05
"log(Species):Terr"	-0.0521321602564469	0.0266576678511995	-1.95561594312914	0.0517939825819121
"log(Species):Latitude:Lakeweb"	0.0033998502206972	0.00168680818018769	2.01555236726378	0.0450800052819089
