"Estimate"	"Std. Error"	"t value"	"Pr(>|t|)"
"(Intercept)"	-1.23027057657042	0.142498555638783	-8.63356523899801	1.42981892060411e-15
"log(Species)"	0.734096041276576	0.0536648105403493	13.679281336969	5.95381734761771e-31
"log(Species):Lakeweb"	-0.0887890770458096	0.0687406357305805	-1.29165341725681	0.197883610404687
"log(Species):Marine"	0.0966092851613888	0.0285756550480442	3.38082486644523	0.000860308354104111
"log(Species):Terr"	-0.0794209003588217	0.0267648844569711	-2.96735450087609	0.00334874921216404
"log(Species):Latitude"	-0.00146812680825955	0.00090070256458314	-1.62997960257727	0.104590661494574
"log(Species):Lakeweb:Latitude"	0.00363012879642729	0.00166213877137588	2.18401066080803	0.0300585160644666
