"Estimate"	"Std. Error"	"t value"	"Pr(>|t|)"
"(Intercept)"	-0.631329349461362	0.136126247834849	-4.63782231202982	6.57934603195645e-06
"log(Species)"	0.553504029953259	0.0562846302143411	9.83401734799403	1.12641777600103e-18
"log(Species):Lakeweb"	-0.0685453271743642	0.0660018366822088	-1.03853666231141	0.300354129120045
"log(Species):Stream"	-0.191842938535853	0.0897304723990266	-2.13799095677038	0.0338087605939944
"log(Species):Latitude"	-0.000642231412666044	0.00103680440916054	-0.619433527666066	0.536380755456882
"log(Species):Lakeweb:Latitude"	0.00477495281903058	0.00165159272636439	2.89112003389696	0.00429082884035087
"log(Species):Stream:Latitude"	0.00668498068353809	0.00201782962024497	3.31295596836689	0.00110725135227115
