"Estimate"	"Std. Error"	"t value"	"Pr(>|t|)"
"(Intercept)"	-1.0053266908229	0.136084621038034	-7.38751141131462	4.66872584388868e-12
"log(Species)"	0.63130515355486	0.0545137410056634	11.580660983976	8.76476767688565e-24
"log(Species):Lakeweb"	-0.0839525704844884	0.06467777699425	-1.29801261555344	0.195864801967326
"log(Species):Terr"	-0.0586456490650585	0.0257633567887341	-2.27632018397165	0.0239479143881966
"log(Species):Latitude"	-0.000748866264734522	0.000918161603718627	-0.815614878362975	0.415747110820858
"log(Species):Lakeweb:Latitude"	0.00359534696689042	0.00153637417184493	2.34015061745864	0.0203194627219777
