"Estimate"	"Std. Error"	"t value"	"Pr(>|t|)"
"(Intercept)"	-1.21410091043986	0.146431624162104	-8.29124799637417	1.17155061106628e-14
"log(Species)"	0.693703284102359	0.0547374298940812	12.6732892911614	6.49508067549842e-28
"log(Species):Lakeweb"	-0.0552931004148997	0.0687830565687008	-0.803876756475234	0.422347884345696
"log(Species):Marine"	0.128132381546602	0.0289637128355061	4.42389352063756	1.5336771754359e-05
"log(Species):Terr"	-0.0509251264843802	0.0271997977593701	-1.87226121807604	0.0625155473100908
"log(Species):Latitude"	-0.00109720864194361	0.000919079601250899	-1.19381241891373	0.233854780981299
"log(Species):Lakeweb:Latitude"	0.00335811360033124	0.0016194886881069	2.07356409772562	0.0393002262406791
