"Estimate"	"Std. Error"	"t value"	"Pr(>|t|)"
"(Intercept)"	-1.47902448254339	0.121411409716291	-12.1819233134638	2.21988245433788e-26
"log(Species)"	0.765885198174126	0.0490077368806391	15.6278426004343	1.9555793603168e-37
"log(Species):Latitude"	-0.000769195378067162	0.000833231866726731	-0.92314685597524	0.356951286473831
"log(Species):Lakeweb"	-0.0395560285945932	0.0617171614262839	-0.640924301773658	0.522245050984878
"log(Species):Marine"	0.126188135433166	0.0253063784551319	4.9864161976751	1.25415762322966e-06
"log(Species):Latitude:Lakeweb"	0.00396364585810621	0.00149924924894138	2.64375377269987	0.00879491109629491
