"Estimate"	"Std. Error"	"t value"	"Pr(>|t|)"
"(Intercept)"	-0.869177221158169	0.141157107894632	-6.1575165014501	3.58069756516753e-09
"log(Species)"	0.654922776752612	0.0633765604348466	10.3338327649683	1.39367093825601e-20
"log(Species):Lakeweb"	-0.0733861653138398	0.0750452721960476	-0.97789191998833	0.329226817660792
"log(Species):Stream"	-0.151259578144111	0.087515715441619	-1.72837046901611	0.0853575222885927
"log(Species):Marine"	0.123396686572935	0.0376243564703785	3.27970225005934	0.00121214270669897
"log(Species):Terr"	-0.0545558204648902	0.0364339551366354	-1.4973894615694	0.135758591284621
"log(Species):Latitude"	-0.000998172014834291	0.00107723759440942	-0.926603397444108	0.355171453044518
"log(Species):Lakeweb:Latitude"	0.00446314510644935	0.00167708235688607	2.66125577442501	0.00837259634699417
"log(Species):Stream:Latitude"	0.00500311092346993	0.00189443193754045	2.64095575265981	0.00887403171538683
