"Estimate"	"Std. Error"	"t value"	"Pr(>|t|)"
"(Intercept)"	-0.493523216188975	0.14410310458655	-3.42479239156543	0.000735621927689759
"log(Species)"	0.683801998710252	0.0537945479737523	12.7113624794077	4.91364083917062e-28
"log(Species):Latitude"	-0.00106646099227586	0.000902372128548978	-1.18184167987407	0.23856201698196
"log(Species):Lakeweb"	-0.0620827430270059	0.0679542136501801	-0.91359666593451	0.361942770274746
"log(Species):Marine"	0.124671573801804	0.0284429437883775	4.38321626373807	1.82177600802573e-05
"log(Species):Terr"	-0.0510802766227217	0.0267059544733995	-1.91269241747567	0.0571040314076812
"log(Species):Latitude:Lakeweb"	0.00343579251859681	0.00161369831500767	2.12914178979017	0.0343693507887416
