"Estimate"	"Std. Error"	"t value"	"Pr(>|t|)"
"(Intercept)"	-1.22882770051793	0.142649529554002	-8.61431302549615	1.61939990575539e-15
"log(Species)"	0.73187576314025	0.0543051123823151	13.4771061329871	2.60522230372435e-30
"log(Species):Latitude"	-0.00143623136508846	0.000906691514320666	-1.58403530021404	0.114676261889145
"log(Species):Lakeweb"	-0.0899224748288864	0.067755158646559	-1.32716794743205	0.185880669831967
"log(Species):Marine"	0.0970141850563744	0.0285919023806365	3.39306506313746	0.00082467353307788
"log(Species):Terr"	-0.0787991474326549	0.0268358287024092	-2.93634112463912	0.00368768241278283
"log(Species):Latitude:Lakeweb"	0.00370129049248297	0.00159691402780515	2.31777692977633	0.0214152079636158
