"Estimate"	"Std. Error"	"t value"	"Pr(>|t|)"
"(Intercept)"	-0.519124447611745	0.132035134589679	-3.9317144578601	0.000126222025192818
"log(Species)"	0.673790417186543	0.0370750060921723	18.1737102216903	1.87801426292332e-40
"log(Species):Lakeweb"	0.0532479477306509	0.025529997879928	2.08570122023062	0.0386232767303796
