"Estimate"	"Std. Error"	"t value"	"Pr(>|t|)"
"(Intercept)"	-0.88034594676461	0.128661713617072	-6.8423303406694	1.76078600078997e-10
"log(Species)"	0.700501021964295	0.0561325965197183	12.4793981642774	4.26882381731646e-25
"log(Species):Lakeweb"	-0.0289186633421162	0.0825735567668887	-0.350217000143953	0.726657512648481
"log(Species):Stream"	-0.283105086891066	0.0840163295963216	-3.36964359489778	0.000952650356021105
"log(Species):Latitude"	-0.00173181030615637	0.00107029092918658	-1.61807435616832	0.107706288576061
"log(Species):Lakeweb:Latitude"	0.0030625073488789	0.00187381229408017	1.63437253483399	0.104236567915956
"log(Species):Stream:Latitude"	0.00845532043936477	0.00189013119327801	4.47340399938108	1.49342985687184e-05
