"Estimate"	"Std. Error"	"t value"	"Pr(>|t|)"
"(Intercept)"	-0.660198942750867	0.139248852206923	-4.74114459320508	4.24502476041642e-06
"log(Species)"	0.561031626450381	0.0570045649183268	9.84187191419139	1.25199801553742e-18
"log(Species):Lakeweb"	-0.082578168270029	0.0700370368059481	-1.17906427850208	0.23989495384164
"log(Species):Stream"	-0.192743195768231	0.0902753816992078	-2.13505822008529	0.0340791598383647
"log(Species):Latitude"	-0.000623651596992426	0.00104318727547327	-0.597832826046973	0.550686571772226
"log(Species):Lakeweb:Latitude"	0.00502263402887619	0.00169433291416762	2.9643725780678	0.00343457003529084
"log(Species):Stream:Latitude"	0.00668241884788422	0.00203000761772291	3.29181959197769	0.00119338271843545
