"Estimate"	"Std. Error"	"t value"	"Pr(>|t|)"
"(Intercept)"	-1.03010252252835	0.139136077241018	-7.40356162797339	4.528459940303e-12
"log(Species)"	0.641906056073569	0.0545770577334064	11.7614631995939	3.31097977369256e-24
"log(Species):Lakeweb"	-0.103718827674411	0.0699021513134515	-1.48377161110995	0.139571225083511
"log(Species):Terr"	-0.0599294679728703	0.0259249157957809	-2.31165526032772	0.0218983627266076
"log(Species):Latitude"	-0.000818168236303254	0.000919704987685843	-0.889598563950299	0.37483680511198
"log(Species):Lakeweb:Latitude"	0.00403024769708567	0.00164897626516056	2.44409078665134	0.0154594443349997
