"Estimate"	"Std. Error"	"t value"	"Pr(>|t|)"
"(Intercept)"	-1.002611449173	0.136325939336032	-7.35451707911324	5.65823312570503e-12
"log(Species)"	0.635962781203354	0.0537361451737568	11.8349163146511	1.54199944048525e-24
"log(Species):Lakeweb"	-0.0895640132211671	0.0644911263847148	-1.38878041432991	0.166533907877875
"log(Species):Terr"	-0.0592986831370947	0.0256939916556104	-2.30788131061554	0.0220885074257667
"log(Species):Latitude"	-0.000874875445035073	0.00091356543647282	-0.957649457944551	0.339462942523179
"log(Species):Lakeweb:Latitude"	0.00372378522150483	0.00153475732850046	2.42630229050164	0.0161925478518465
