"Estimate"	"Std. Error"	"t value"	"Pr(>|t|)"
"(Intercept)"	-0.310247561119904	0.135987333892085	-2.28144454516702	0.0236370115811322
"log(Species)"	0.635884623171516	0.0536026757006603	11.86292689422	1.27293132238958e-24
"log(Species):Lakeweb"	-0.0893489279510164	0.0643309437621964	-1.38889502820448	0.166499100449849
"log(Species):Terr"	-0.0593724544969918	0.02563017309332	-2.31650618514419	0.0216029262215741
"log(Species):Latitude"	-0.000874177680991442	0.000911296328834918	-0.959268300914882	0.338649138624047
"log(Species):Lakeweb:Latitude"	0.0036649493740841	0.0015309453086523	2.39391267171417	0.0176478547184886
