"Estimate"	"Std. Error"	"t value"	"Pr(>|t|)"
"(Intercept)"	-1.19939845259243	0.146841275624471	-8.16799259943604	2.56611691210272e-14
"log(Species)"	0.694372456474741	0.0541265842728514	12.8286768101681	2.07829830930545e-28
"log(Species):Lakeweb"	-0.0651096260275024	0.0689925994861821	-0.943718985984035	0.346362788786603
"log(Species):Marine"	0.127395274901652	0.0289332835985525	4.4030700652319	1.675214776048e-05
"log(Species):Terr"	-0.0515922801964156	0.0271227289595908	-1.90217880631706	0.0584720347311147
"log(Species):Latitude"	-0.00120343551440678	0.000914677991487617	-1.31569309156497	0.189665395180307
"log(Species):Lakeweb:Latitude"	0.00363013950171503	0.00164074938881009	2.21248871184873	0.0279752730534322
