"Estimate"	"Std. Error"	"t value"	"Pr(>|t|)"
"(Intercept)"	-0.845888790617749	0.127394069892195	-6.63993850996023	4.92304901273378e-10
"log(Species)"	0.691747715148683	0.0560290506672207	12.3462330150345	7.32009525955606e-25
"log(Species):Lakeweb"	-0.0233255246878392	0.0826482727615577	-0.282226402421426	0.778143997808653
"log(Species):Stream"	-0.288489049493781	0.0844981742971037	-3.41414535750117	0.000815467629219366
"log(Species):Latitude"	-0.00175930587561809	0.00107256808283819	-1.64027431336822	0.102962990666226
"log(Species):Lakeweb:Latitude"	0.00308602730232019	0.00187798046831346	1.64326911508917	0.102341277942593
"log(Species):Stream:Latitude"	0.00864944504519478	0.00190499506726328	4.54040285659142	1.11645509356757e-05
