"Estimate"	"Std. Error"	"t value"	"Pr(>|t|)"
"(Intercept)"	-0.635039154332825	0.136587625815424	-4.64931688022001	6.25898991813532e-06
"log(Species)"	0.554471342304195	0.0563577324937481	9.83842531928877	1.09431592715968e-18
"log(Species):Lakeweb"	-0.0642334493939138	0.0650587192489628	-0.987314999978852	0.324757212652272
"log(Species):Stream"	-0.194925066011505	0.0900715364663527	-2.16411392165294	0.0317167308144183
"log(Species):Latitude"	-0.000639843866364108	0.00103674319490922	-0.617167172647932	0.537871211690135
"log(Species):Lakeweb:Latitude"	0.00461512345938848	0.0015928525995111	2.89739518948899	0.0042095641225556
"log(Species):Stream:Latitude"	0.00676977662577329	0.00202916474444664	3.33623804784733	0.00102333297593609
