"Estimate"	"Std. Error"	"t value"	"Pr(>|t|)"
"(Intercept)"	-1.47770602837239	0.121657939581396	-12.1464002551491	2.87644486142935e-26
"log(Species)"	0.770115446219439	0.0485508456759827	15.8620397955375	3.45930444420536e-38
"log(Species):Latitude"	-0.000876659604262925	0.000831589164567899	-1.05419796410941	0.29295927504013
"log(Species):Lakeweb"	-0.0442303252161413	0.0616308390279091	-0.717665472574727	0.473731901889406
"log(Species):Marine"	0.126103098254303	0.0253110312658978	4.98213987923144	1.27929657255916e-06
"log(Species):Latitude:Lakeweb"	0.00407074910638674	0.00149832967066984	2.71685810277446	0.00711969036831704
