"Estimate"	"Std. Error"	"t value"	"Pr(>|t|)"
"(Intercept)"	-0.49207834783092	0.129852593599782	-3.78951497378291	0.000213370322862812
"log(Species)"	0.666060792461703	0.0366387040655245	18.1791580638476	9.19217748137792e-41
"log(Species):Lakeweb"	0.0568340040333051	0.0249371890140464	2.27908622745298	0.0239839006686581
