"Estimate"	"Std. Error"	"t value"	"Pr(>|t|)"
"(Intercept)"	-1.21351080120094	0.148519547525628	-8.17071437004981	2.65594297771709e-14
"log(Species)"	0.695160570078162	0.0553770913190769	12.5532156622803	1.89705932756065e-27
"log(Species):Lakeweb"	-0.0610021386034409	0.0695083503008466	-0.877623168143266	0.381132466093524
"log(Species):Marine"	0.127281305365379	0.029112742534466	4.37201356810317	1.92097481539695e-05
"log(Species):Terr"	-0.0497093227671361	0.0284148427482579	-1.74941396676157	0.0816530053559898
"log(Species):Latitude"	-0.00111573872014278	0.000927657568487214	-1.20274846887982	0.230402693135108
"log(Species):Lakeweb:Latitude"	0.00353261910177233	0.00165343336446357	2.13653551313114	0.0337710468954414
