"Estimate"	"Std. Error"	"t value"	"Pr(>|t|)"
"(Intercept)"	-0.318392324558728	0.136603533647226	-2.3307766355515	0.0208314264546956
"log(Species)"	0.632530933616415	0.0545060216855562	11.6047899673447	8.42423278406011e-24
"log(Species):Lakeweb"	-0.0831341308926686	0.0647335151036907	-1.28425176293151	0.200642656352487
"log(Species):Terr"	-0.0547414490504402	0.026678914241814	-2.05186195188722	0.0415768659472671
"log(Species):Latitude"	-0.00072324538377885	0.000921734863185736	-0.784656643320555	0.4336477930982
"log(Species):Lakeweb:Latitude"	0.00350673071410432	0.00154004086853183	2.27703743826448	0.0239162478934664
