"Estimate"	"Std. Error"	"t value"	"Pr(>|t|)"
"(Intercept)"	-0.632563120399438	0.13670620343844	-4.62717202650053	6.93314948573088e-06
"log(Species)"	0.550816859450258	0.0565599977971302	9.73862943605359	2.26883612772219e-18
"log(Species):Lakeweb"	-0.0614487523008926	0.065145061235091	-0.943260335256123	0.346771346786543
"log(Species):Stream"	-0.188872542062206	0.0898379747505145	-2.10236865408772	0.0368668646090042
"log(Species):Latitude"	-0.000496764233272418	0.0010467097965177	-0.474595952885034	0.635631724986625
"log(Species):Lakeweb:Latitude"	0.00447425890370181	0.00159948334663741	2.79731509121869	0.00569506032245174
"log(Species):Stream:Latitude"	0.00654019804853818	0.00202400539682318	3.23131453048666	0.00145740911556187
