"Estimate"	"Std. Error"	"t value"	"Pr(>|t|)"
"(Intercept)"	-1.01067438866469	0.136940928123169	-7.38036759730195	5.0204360801836e-12
"log(Species)"	0.632564427284256	0.0546406450743612	11.5768111160362	1.01878902154022e-23
"log(Species):Lakeweb"	-0.083333295065688	0.0648933991844404	-1.28415672646208	0.200675830364615
"log(Species):Terr"	-0.0546327526149228	0.0267448079859143	-2.04274237615377	0.0424813787571037
"log(Species):Latitude"	-0.000723495039099768	0.000924011438636016	-0.78299359601842	0.434621345075489
"log(Species):Lakeweb:Latitude"	0.00356519165308204	0.00154384458625344	2.30929439713485	0.0220199518069098
