"Estimate"	"Std. Error"	"t value"	"Pr(>|t|)"
"(Intercept)"	-0.8614803874583	0.142895909198407	-6.02872673046334	7.24535015567609e-09
"log(Species)"	0.657138566546533	0.062854906638891	10.4548491388568	6.71519160698004e-21
"log(Species):Lakeweb"	-0.084363830488366	0.0749146215654364	-1.12613303952521	0.26138237468236
"log(Species):Stream"	-0.155387441213222	0.0871432533045803	-1.78312646499571	0.0759964476536725
"log(Species):Marine"	0.118991804348625	0.0370718909758199	3.20975815412916	0.00153474144336659
"log(Species):Terr"	-0.0563008847687568	0.0364379987970785	-1.54511462285	0.123809962074152
"log(Species):Latitude"	-0.0010033285211391	0.00109045084980282	-0.920104304857507	0.358564020199813
"log(Species):Lakeweb:Latitude"	0.00470896625262104	0.00171010027632668	2.75361995890438	0.00640571350614523
"log(Species):Stream:Latitude"	0.00500734683704967	0.00190612510711719	2.62697701129531	0.00924376806903082
