"Estimate"	"Std. Error"	"t value"	"Pr(>|t|)"
"(Intercept)"	-1.17647913442902	0.131546469213525	-8.94344896873948	9.91841299950732e-16
"log(Species)"	0.719565690437243	0.0538303604988174	13.3672835137905	1.07248934480861e-27
"log(Species):Lakeweb"	-0.0210652069592465	0.0841667651996493	-0.250279393645204	0.802698499391437
"log(Species):Terr"	-0.0251225373117962	0.0281071351216793	-0.893813517565472	0.37278977455538
"log(Species):Latitude"	-0.00119438684442477	0.000941399054739745	-1.2687359716491	0.206413107971928
"log(Species):Lakeweb:Latitude"	0.00175221344614061	0.00187321191262803	0.935405884581601	0.351015703138785
