"Estimate"	"Std. Error"	"t value"	"Pr(>|t|)"
"(Intercept)"	-0.840293337079478	0.141721301569615	-5.92919573679413	1.20065842181657e-08
"log(Species)"	0.654882781069401	0.0614039915631916	10.6651500073159	1.3699000092172e-21
"log(Species):Lakeweb"	-0.0888341320511097	0.0741299545572257	-1.19835675850216	0.232097433507477
"log(Species):Stream"	-0.158395013941444	0.0862058212656662	-1.83740508025912	0.0675302544349484
"log(Species):Marine"	0.117827115819812	0.0368270977791273	3.1994678626724	0.0015848780122844
"log(Species):Terr"	-0.0593588477345425	0.035387530582752	-1.67739445949004	0.0949185260483749
"log(Species):Latitude"	-0.00107856425718826	0.0010656805441827	-1.01208965770829	0.312632819004786
"log(Species):Lakeweb:Latitude"	0.0046660545192369	0.00169354394145664	2.75520132959973	0.00636866096387398
"log(Species):Stream:Latitude"	0.00508004846034479	0.00188373521342864	2.69679540103646	0.00755583414684265
