"Estimate"	"Std. Error"	"t value"	"Pr(>|t|)"
"(Intercept)"	-0.612814197546804	0.136497571188746	-4.48956118566694	1.24257080730865e-05
"log(Species)"	0.548676300262091	0.0562345422470276	9.75692658529806	1.8664991796511e-18
"log(Species):Lakeweb"	-0.0659884433930218	0.0648521074200766	-1.01752195908738	0.310212857213283
"log(Species):Stream"	-0.191265569840268	0.0894368573508906	-2.13855423262324	0.0337624261505151
"log(Species):Latitude"	-0.000654147344639581	0.00103344244312367	-0.632978981066778	0.527516557783617
"log(Species):Lakeweb:Latitude"	0.0044910323469284	0.00159161319009815	2.82168580586559	0.00529071348974904
"log(Species):Stream:Latitude"	0.0066866236847344	0.00201120009917186	3.32469339449999	0.00106417402500109
