"Estimate"	"Std. Error"	"t value"	"Pr(>|t|)"
"(Intercept)"	-0.483457364770071	0.131082170063472	-3.68820080210737	0.000310774338681258
"log(Species)"	0.719286478525419	0.0536403638324218	13.4094257968224	8.22920660507776e-28
"log(Species):Lakeweb"	-0.0219977541359954	0.083869694835248	-0.262284895386914	0.793445635104082
"log(Species):Terr"	-0.0252430648813499	0.0280079297304175	-0.901282783994388	0.368818499606224
"log(Species):Latitude"	-0.00119326102302194	0.000938076344646573	-1.27202975518108	0.205243436487621
"log(Species):Lakeweb:Latitude"	0.00171916442535011	0.00186660032735247	0.921013673981575	0.358456344053308
