"Estimate"	"Std. Error"	"t value"	"Pr(>|t|)"
"(Intercept)"	-0.815507899470108	0.127704383025272	-6.3859037579683	1.86098576048782e-09
"log(Species)"	0.684029920319256	0.0560117530334978	12.2122569509683	1.69893740610302e-24
"log(Species):Lakeweb"	-0.0292118959068466	0.0826043552018986	-0.353636268153755	0.724088958282708
"log(Species):Stream"	-0.281472944359601	0.0840614419302588	-3.34841917883259	0.00101891321615835
"log(Species):Latitude"	-0.0017835487324371	0.00107079990372777	-1.66562279864617	0.0977954561308642
"log(Species):Lakeweb:Latitude"	0.00306185153566455	0.00187504371820938	1.63294941122149	0.104496403384696
"log(Species):Stream:Latitude"	0.00846730432977707	0.00189116606439786	4.47729286664892	1.45233467455173e-05
