"Estimate"	"Std. Error"	"t value"	"Pr(>|t|)"
"(Intercept)"	-0.497199628404372	0.144911528127322	-3.4310564164883	0.000719703022474029
"log(Species)"	0.688056582317972	0.0533612590976062	12.8943093538968	1.2836628175567e-28
"log(Species):Latitude"	-0.00112448287073358	0.000897015232186619	-1.25358280482314	0.211342581135295
"log(Species):Lakeweb"	-0.0650162514972083	0.067815216197183	-0.958726597702847	0.33876345207169
"log(Species):Marine"	0.124044294913156	0.0284623321624052	4.35819152855653	2.02408786920295e-05
"log(Species):Terr"	-0.0521398150858012	0.026661580880126	-1.95561603493164	0.0517939716858763
"log(Species):Latitude:Lakeweb"	0.00348151390921556	0.00161693769407477	2.15315279121359	0.0324095914391399
