"Estimate"	"Std. Error"	"t value"	"Pr(>|t|)"
"(Intercept)"	-0.857133582779828	0.14169898745504	-6.04897464812011	6.38851910939188e-09
"log(Species)"	0.658855390201085	0.0614706257571584	10.7182151163373	9.42864799301339e-22
"log(Species):Lakeweb"	-0.0811363173937749	0.073860612845451	-1.09850587841111	0.273212286253488
"log(Species):Stream"	-0.158184112683418	0.08634439982444	-1.8320135759244	0.0683328262218018
"log(Species):Marine"	0.118822539620149	0.0368829641465478	3.2216103659139	0.00147259632392556
"log(Species):Terr"	-0.0590053561632497	0.0354440024210441	-1.66474867771188	0.0974194959764006
"log(Species):Latitude"	-0.00107146222141826	0.00106738854235531	-1.00381649127876	0.316595488262014
"log(Species):Lakeweb:Latitude"	0.00441829090893051	0.00167332774766524	2.64042170763932	0.00888758049536865
"log(Species):Stream:Latitude"	0.00507496063045278	0.00188676306855164	2.6897710237399	0.00771132118737564
