"Estimate"	"Std. Error"	"t value"	"Pr(>|t|)"
"(Intercept)"	-1.01577681205623	0.134679240268768	-7.5421929172538	1.88480187523385e-12
"log(Species)"	0.640217491801159	0.0533424732609721	12.0020211411827	4.90774217644131e-25
"log(Species):Lakeweb"	-0.0891939708950738	0.0639861672292128	-1.39395708099785	0.164967283635699
"log(Species):Terr"	-0.0586843863478388	0.0255059166640603	-2.30081463531673	0.0224934675959204
"log(Species):Latitude"	-0.000909523884846046	0.000905689790980421	-1.00423334115478	0.316550124785462
"log(Species):Lakeweb:Latitude"	0.00374665583490631	0.00152246463592525	2.46091485246838	0.014755818865121
