"Estimate"	"Std. Error"	"t value"	"Pr(>|t|)"
"(Intercept)"	-0.624955420985474	0.136079038644172	-4.59259138815382	8.00040632311198e-06
"log(Species)"	0.551842061210339	0.0562283167684039	9.81430874915381	1.28180411656445e-18
"log(Species):Lakeweb"	-0.065146400724308	0.0649654058057165	-1.00278601998012	0.31725305362364
"log(Species):Stream"	-0.191577919627812	0.0896023935821002	-2.13808930731604	0.0338006664406027
"log(Species):Latitude"	-0.000646333528515449	0.00103532737465022	-0.624279377075108	0.533200952401797
"log(Species):Lakeweb:Latitude"	0.00463063410045079	0.00159063876023575	2.91117896546447	0.00403597905806416
"log(Species):Stream:Latitude"	0.00664921305106758	0.00201542036964308	3.29916932031659	0.00115992361153261
