"Estimate"	"Std. Error"	"t value"	"Pr(>|t|)"
"(Intercept)"	-0.497903133979415	0.129515886001187	-3.84434025317057	0.000174088452200697
"log(Species)"	0.668208659372862	0.0365027779568116	18.3056933410234	4.33477332174518e-41
"log(Species):Lakeweb"	0.0565648346261985	0.0249479441845229	2.26731446117673	0.0247097634968434
