"Estimate"	"Std. Error"	"t value"	"Pr(>|t|)"
"(Intercept)"	-0.318484139145539	0.13576625702442	-2.34582690961462	0.0200215091249886
"log(Species)"	0.636856158179931	0.0537043961569283	11.858547972851	1.31167376955746e-24
"log(Species):Lakeweb"	-0.087427102659009	0.064353549575472	-1.35854359605257	0.175910515998103
"log(Species):Terr"	-0.059866846366078	0.0256702751411169	-2.33214665744612	0.0207462204283051
"log(Species):Latitude"	-0.000827558720020642	0.000909978227734012	-0.909426945391202	0.364283069354118
"log(Species):Lakeweb:Latitude"	0.00361096191236975	0.00153093784528591	2.35866003540816	0.0193620164843969
