"Estimate"	"Std. Error"	"t value"	"Pr(>|t|)"
"(Intercept)"	-1.01081942956167	0.136102359146581	-7.42690601323838	3.70909983371355e-12
"log(Species)"	0.63693029847053	0.0538373464342162	11.8306406362133	1.58779363879133e-24
"log(Species):Lakeweb"	-0.0876482160185114	0.0645128628323517	-1.358616129721	0.17588755757085
"log(Species):Terr"	-0.0597911288634769	0.0257338243185082	-2.32344513288972	0.0212190873401427
"log(Species):Latitude"	-0.000828407315446201	0.000912230964313521	-0.908111375137985	0.364975840841238
"log(Species):Lakeweb:Latitude"	0.00366997417481997	0.00153472782572711	2.39128665897567	0.017770760019848
