"Estimate"	"Std. Error"	"t value"	"Pr(>|t|)"
"(Intercept)"	-0.884261396902097	0.138706515731618	-6.37505305528	1.14246502760107e-09
"log(Species)"	0.698685930889519	0.0602836638227752	11.5899712556216	2.46931157436052e-24
"log(Species):Lakeweb"	-0.107862840451982	0.0723632884889678	-1.49057405632452	0.137573842190882
"log(Species):Stream"	-0.169030751789756	0.0862868316320024	-1.95894029938011	0.0514434501931721
"log(Species):Marine"	0.0823706787023991	0.0348864162795672	2.36111035430839	0.0191356886222769
"log(Species):Terr"	-0.0948420411526711	0.0334037744021632	-2.83926121673631	0.00496602061792995
"log(Species):Latitude"	-0.00113351083406312	0.00105950341049179	-1.06985104798953	0.28591449240915
"log(Species):Lakeweb:Latitude"	0.00449420928497218	0.00166106542126937	2.70561847078711	0.00737779383562598
"log(Species):Stream:Latitude"	0.00491854523945956	0.00189809881779051	2.59130093404991	0.0102320532277902
