"Estimate"	"Std. Error"	"t value"	"Pr(>|t|)"
"(Intercept)"	-0.496949835608662	0.144101441246401	-3.44861114025169	0.00067679100136225
"log(Species)"	0.687901728421662	0.0532501124312919	12.9183150422312	1.07617010195998e-28
"log(Species):Latitude"	-0.00112865193182801	0.000897223943465958	-1.25793782037075	0.209766172930302
"log(Species):Lakeweb"	-0.0649937718341831	0.0678012570260291	-0.958592431541967	0.338830908291776
"log(Species):Marine"	0.12429890929869	0.0284586477089424	4.36770258973453	1.94478020896216e-05
"log(Species):Terr"	-0.0518956056871281	0.026680742604766	-1.94505851864326	0.0530598777841637
"log(Species):Latitude:Lakeweb"	0.0034955981884165	0.00161196810992715	2.1685281283725	0.0312059410874992
