"Estimate"	"Std. Error"	"t value"	"Pr(>|t|)"
"(Intercept)"	-0.624955420985472	0.136079038644172	-4.59259138815381	8.00040632311237e-06
"log(Species)"	0.551842061210338	0.0562283167684038	9.81430874915382	1.28180411656443e-18
"log(Species):Lakeweb"	-0.0651464007243082	0.0649654058057164	-1.00278601998013	0.317253053623637
"log(Species):Stream"	-0.191577919627813	0.0896023935821001	-2.13808930731605	0.0338006664406017
"log(Species):Latitude"	-0.000646333528515454	0.00103532737465022	-0.624279377075113	0.533200952401794
"log(Species):Lakeweb:Latitude"	0.0046306341004508	0.00159063876023575	2.91117896546447	0.00403597905806407
"log(Species):Stream:Latitude"	0.0066492130510676	0.00201542036964308	3.2991693203166	0.00115992361153256
