"Estimate"	"Std. Error"	"t value"	"Pr(>|t|)"
"(Intercept)"	-0.633206864862507	0.136025467052395	-4.65506113365233	6.10458707151091e-06
"log(Species)"	0.553993582342004	0.056234576383403	9.85147604855985	1.00451361060142e-18
"log(Species):Lakeweb"	-0.0643993394518894	0.0649923780009749	-0.99087526003316	0.323020088342985
"log(Species):Stream"	-0.187939260464593	0.089811131890313	-2.09260540991872	0.037726704877422
"log(Species):Latitude"	-0.000641023086323247	0.00103578223473648	-0.618878239870889	0.536745743656684
"log(Species):Lakeweb:Latitude"	0.00461794185841962	0.00159132403533996	2.90194941813537	0.0041514697504798
"log(Species):Stream:Latitude"	0.00657237905164572	0.00202219158921197	3.25012678655583	0.00136680552192351
