"Estimate"	"Std. Error"	"t value"	"Pr(>|t|)"
"(Intercept)"	-0.633206864862505	0.136025467052395	-4.65506113365231	6.10458707151137e-06
"log(Species)"	0.553993582342003	0.056234576383403	9.85147604855982	1.00451361060156e-18
"log(Species):Lakeweb"	-0.0643993394518891	0.0649923780009748	-0.990875260033157	0.323020088342986
"log(Species):Stream"	-0.187939260464593	0.089811131890313	-2.09260540991872	0.0377267048774221
"log(Species):Latitude"	-0.000641023086323247	0.00103578223473648	-0.61887823987089	0.536745743656683
"log(Species):Lakeweb:Latitude"	0.00461794185841962	0.00159132403533995	2.90194941813538	0.00415146975047979
"log(Species):Stream:Latitude"	0.00657237905164572	0.00202219158921197	3.25012678655583	0.00136680552192351
