"Estimate"	"Std. Error"	"t value"	"Pr(>|t|)"
"(Intercept)"	-0.837023661538833	0.127091574370336	-6.58598861242999	6.54446955907313e-10
"log(Species)"	0.689495666417296	0.056043981072896	12.302760318195	9.61985024425442e-25
"log(Species):Lakeweb"	-0.0241654901890532	0.0827723903040001	-0.291951097464988	0.770711902652412
"log(Species):Stream"	-0.278995267587935	0.0844819348062249	-3.30242516613597	0.00118850286509056
"log(Species):Latitude"	-0.00176637992930196	0.00107423116653752	-1.64432012803667	0.102123806762829
"log(Species):Lakeweb:Latitude"	0.0030986365507081	0.00188088996974391	1.64743105686825	0.101482281990324
"log(Species):Stream:Latitude"	0.00837383034890183	0.00190331294533497	4.39960773104925	2.00054980807883e-05
