"Estimate"	"Std. Error"	"t value"	"Pr(>|t|)"
"(Intercept)"	-1.23171411722042	0.142571998953599	-8.63924281247746	1.37823773349404e-15
"log(Species)"	0.73445614722667	0.0537017078825828	13.6765882536275	6.07208989683184e-31
"log(Species):Latitude"	-0.00146746926479439	0.000901105305752427	-1.62852138970489	0.104899490159826
"log(Species):Lakeweb"	-0.0915395890480698	0.0675553272275142	-1.35503139137763	0.176849643036272
"log(Species):Marine"	0.0966703623968672	0.0285965606830527	3.38048912483932	0.000861305764438904
"log(Species):Terr"	-0.0794121127726039	0.0267960151120308	-2.96357919043528	0.0033884234892124
"log(Species):Latitude:Lakeweb"	0.00373161083512562	0.00159420831438568	2.34072975372957	0.0201749131463767
