"Estimate"	"Std. Error"	"t value"	"Pr(>|t|)"
"(Intercept)"	-1.23795463295555	0.14147019771728	-8.75063902454936	6.68787300579444e-16
"log(Species)"	0.737543941840688	0.0533205427467925	13.8322662119762	1.94706912746973e-31
"log(Species):Lakeweb"	-0.0925447665685546	0.0671047496189982	-1.37910903615612	0.169314331567436
"log(Species):Marine"	0.0989252804511218	0.0284158848445095	3.4813373221505	0.000605724050555325
"log(Species):Terr"	-0.0777989568597767	0.0266047814370495	-2.92424717127857	0.00382815844931649
"log(Species):Latitude"	-0.00154684739200625	0.000895973884645463	-1.72644249850913	0.0857246210795875
"log(Species):Lakeweb:Latitude"	0.00380900517763783	0.00158396058882836	2.4047348175849	0.0170436164528463
