"Estimate"	"Std. Error"	"t value"	"Pr(>|t|)"
"(Intercept)"	-1.18090148713817	0.129157535489928	-9.14310947989762	2.98387191210538e-16
"log(Species)"	0.723062599546127	0.0531451247018513	13.6054361261277	2.40270632757921e-28
"log(Species):Lakeweb"	-0.0227002084173069	0.0832019598263841	-0.272832616739737	0.785340415827508
"log(Species):Terr"	-0.023860077173758	0.0278278979643938	-0.857415720162812	0.392522116326909
"log(Species):Latitude"	-0.00129119391548673	0.000933280695125064	-1.38350007905575	0.168475589986209
"log(Species):Lakeweb:Latitude"	0.00185341663774649	0.00185431379703954	0.999516177200169	0.319082720572871
