"Estimate"	"Std. Error"	"t value"	"Pr(>|t|)"
"(Intercept)"	-0.562360014466994	0.139163558198702	-4.04100054458251	7.81255024793364e-05
"log(Species)"	0.512231498075837	0.0597901382639557	8.56715694174325	4.20321975822748e-15
"log(Species):Lakeweb"	-0.0475244672908445	0.065707100194165	-0.723277501980902	0.470427846093002
"log(Species):Stream"	-0.166403091839959	0.090520270980606	-1.8382964394308	0.0676309329912503
"log(Species):Latitude"	-0.000298101151015558	0.00105933684386324	-0.281403552366242	0.778717105618263
"log(Species):Lakeweb:Latitude"	0.00433840001472194	0.00160147608096119	2.70900081886835	0.00738584469898968
"log(Species):Stream:Latitude"	0.0063025835360733	0.00202639773508069	3.11024012066532	0.00216701019833928
