"Estimate"	"Std. Error"	"t value"	"Pr(>|t|)"
"(Intercept)"	-0.488319374052559	0.145672322099201	-3.35217676917389	0.000948680678442069
"log(Species)"	0.677001856379605	0.055893436852471	12.1123676500075	4.92785758192515e-26
"log(Species):Latitude"	-0.000998626200641147	0.000923827056584593	-1.080966608981	0.280934334724461
"log(Species):Lakeweb"	-0.0530943883188705	0.0681898489017854	-0.778625985743758	0.4370641923515
"log(Species):Marine"	0.132235421305781	0.0287967221307206	4.59203032572623	7.5036855290008e-06
"log(Species):Terr"	-0.0487059602500994	0.0270880612992618	-1.79806002770035	0.0735835740159806
"log(Species):Latitude:Lakeweb"	0.00321828515687834	0.00160415454103771	2.00621889883282	0.0460976044258257
