"Estimate"	"Std. Error"	"t value"	"Pr(>|t|)"
"(Intercept)"	-0.974605620454277	0.138797849928308	-7.02176309616957	4.04070131300076e-11
"log(Species)"	0.613042314882831	0.0572418004657846	10.709696583518	3.91602269210966e-21
"log(Species):Lakeweb"	-0.0764814859990184	0.0656278875524708	-1.16538088991315	0.245365223619691
"log(Species):Terr"	-0.0550388824348061	0.0263113362770587	-2.09183151533035	0.0378186171431915
"log(Species):Latitude"	-0.000575096698086425	0.000945658065522695	-0.608144443592887	0.54383755917392
"log(Species):Lakeweb:Latitude"	0.00344906068628047	0.001554564345589	2.21866704718078	0.0277255867432051
