"Estimate"	"Std. Error"	"t value"	"Pr(>|t|)"
"(Intercept)"	-0.57108662869045	0.137931867625447	-4.14035304909547	5.25375058107801e-05
"log(Species)"	0.514128904076878	0.0587828161759435	8.74624486411187	1.30335603027554e-15
"log(Species):Lakeweb"	-0.0463563721732576	0.0651819945148024	-0.71118370216073	0.477861314133646
"log(Species):Stream"	-0.16629720557043	0.0899118048702742	-1.84955919648555	0.0659638114882253
"log(Species):Latitude"	-0.000323142762836061	0.00104091605534137	-0.310440751853027	0.756573393068405
"log(Species):Lakeweb:Latitude"	0.00435563473596312	0.00158721526157264	2.7441991275005	0.00666009753993918
"log(Species):Stream:Latitude"	0.00633246701493605	0.0020110309726971	3.14886598014114	0.00190978763892971
