"Estimate"	"Std. Error"	"t value"	"Pr(>|t|)"
"(Intercept)"	-1.18461077120927	0.148478072600831	-7.9783549884432	9.03433690282961e-14
"log(Species)"	0.680510823595275	0.0568930089260657	11.9612380579066	1.46563815254686e-25
"log(Species):Lakeweb"	-0.0563778684212245	0.0697319960626002	-0.808493541051264	0.41970861150176
"log(Species):Marine"	0.134521972915771	0.0292876256490989	4.59313344575988	7.46768193442842e-06
"log(Species):Terr"	-0.0488375293966499	0.027544854678831	-1.77301822667385	0.0776548102190426
"log(Species):Latitude"	-0.00102798322401744	0.000939390550224974	-1.09430867041535	0.275055566119081
"log(Species):Lakeweb:Latitude"	0.00346498091613981	0.00165423673885262	2.09461006079646	0.0373879640153473
