"Estimate"	"Std. Error"	"t value"	"Pr(>|t|)"
"(Intercept)"	-0.830119491526063	0.142892122567366	-5.80941395936439	2.28700615320256e-08
"log(Species)"	0.626368895348592	0.0689873330694903	9.07947687610501	7.92326473291799e-17
"log(Species):Lakeweb"	-0.0644733147455218	0.0779866821631596	-0.826722114048065	0.409328490392153
"log(Species):Stream"	-0.132408549098772	0.0901530033682727	-1.46870924042193	0.143400928178827
"log(Species):Marine"	0.142920123120546	0.039587095555403	3.61027049636733	0.00038214382629845
"log(Species):Terr"	-0.0397089277352734	0.0389564762998822	-1.01931518214324	0.30922066708512
"log(Species):Latitude"	-0.000922469647705948	0.00110826842875711	-0.832352184515863	0.406151255544019
"log(Species):Lakeweb:Latitude"	0.0046499376984292	0.00171439587095972	2.71228937096434	0.00723326722692673
"log(Species):Stream:Latitude"	0.00492273699097337	0.00190963624355961	2.57784015546189	0.0106230054876101
