"Estimate"	"Std. Error"	"t value"	"Pr(>|t|)"
"(Intercept)"	-0.457044972614518	0.132824689524363	-3.44096398230756	0.000743942881851763
"log(Species)"	0.655129080857382	0.037588297656273	17.4290702613942	1.89952343244971e-38
"log(Species):Lakeweb"	0.0564662253388164	0.0251565710557269	2.24459149117471	0.0262007864724226
