"Estimate"	"Std. Error"	"t value"	"Pr(>|t|)"
"(Intercept)"	-0.288499407710208	0.136771337958294	-2.10935574672948	0.0362446934920265
"log(Species)"	0.612900167857469	0.0558272057363885	10.9785213100497	5.82538795260696e-22
"log(Species):Lakeweb"	-0.074004204026301	0.06485316139688	-1.1411040330543	0.255285846960698
"log(Species):Terr"	-0.0545557905816771	0.0258556627806704	-2.11001323170345	0.0361872834870887
"log(Species):Latitude"	-0.000547786327145723	0.000926105255225015	-0.59149467520582	0.554903375476186
"log(Species):Lakeweb:Latitude"	0.00335801407153439	0.00153718048155522	2.18452817468576	0.0301673265107645
