"Estimate"	"Std. Error"	"t value"	"Pr(>|t|)"
"(Intercept)"	-0.296291310948327	0.134457668434658	-2.2036029212593	0.0287604657268048
"log(Species)"	0.623303585345862	0.0534753376741869	11.6559074230351	5.24387122002766e-24
"log(Species):Lakeweb"	-0.0816704673927098	0.0637026265913546	-1.28205808398792	0.201392652399144
"log(Species):Terr"	-0.0566002683007434	0.0254170933222298	-2.22685842095252	0.0271372888640436
"log(Species):Latitude"	-0.000713901239134659	0.000901232148627476	-0.792139117786565	0.429272677519253
"log(Species):Lakeweb:Latitude"	0.00351715829197822	0.00151436449993588	2.32253086501112	0.0212693165923693
