"Estimate"	"Std. Error"	"t value"	"Pr(>|t|)"
"(Intercept)"	-1.2009829687334	0.145403035828284	-8.25968290064952	1.43286810781496e-14
"log(Species)"	0.686959594597124	0.0540383991802496	12.712434213784	4.87518981923204e-28
"log(Species):Lakeweb"	-0.052913337217249	0.0681255477409049	-0.776703292258127	0.438179651441987
"log(Species):Marine"	0.129352640835753	0.0287476733452382	4.49958642851977	1.10978301063868e-05
"log(Species):Terr"	-0.0490148631840164	0.0269786642881131	-1.81680096021702	0.0706271792438952
"log(Species):Latitude"	-0.0010640015375027	0.000907516374364058	-1.17243233021365	0.242309019382712
"log(Species):Lakeweb:Latitude"	0.00332872055185981	0.00160492561990971	2.0740653090497	0.0392531885317366
