"Estimate"	"Std. Error"	"t value"	"Pr(>|t|)"
"(Intercept)"	-0.472563237534142	0.128228419066821	-3.68532374471439	0.000312248448293637
"log(Species)"	0.658825516112152	0.0361684954236915	18.2154526582989	7.40795633139307e-41
"log(Species):Lakeweb"	0.0577749739360306	0.0246493213899756	2.34387685656639	0.0203136049444319
