"Estimate"	"Std. Error"	"t value"	"Pr(>|t|)"
"(Intercept)"	-0.860980249747881	0.140737697994382	-6.11762350825327	4.43322154656886e-09
"log(Species)"	0.659762817835797	0.0612675123040318	10.7685589478778	6.61175319138591e-22
"log(Species):Lakeweb"	-0.0809530807787188	0.0737157757919683	-1.09817850940313	0.273354857854358
"log(Species):Stream"	-0.17011929769541	0.0866792380291949	-1.96263028567592	0.0509789768888172
"log(Species):Marine"	0.119049915391269	0.0368054778067178	3.23457057170822	0.00141034841506362
"log(Species):Terr"	-0.0589246112397508	0.0353773131403544	-1.6656044795142	0.0972485863342863
"log(Species):Latitude"	-0.00106983996679749	0.00106540075212945	-1.00416670877993	0.316427071813921
"log(Species):Lakeweb:Latitude"	0.00453719633685963	0.00166634109417682	2.72284969308822	0.00700352907734642
"log(Species):Stream:Latitude"	0.00529461457567204	0.00189102419940789	2.79986611346902	0.00557779062401937
