"Estimate"	"Std. Error"	"t value"	"Pr(>|t|)"
"(Intercept)"	-0.492874999249651	0.143984409978237	-3.42311365045806	0.000739943765793364
"log(Species)"	0.683812349396163	0.0535298063418383	12.7744222541994	3.09447472207826e-28
"log(Species):Latitude"	-0.00107505731642266	0.000898640973258226	-1.19631459995063	0.23287928503423
"log(Species):Lakeweb"	-0.0623179614229081	0.0678294840841683	-0.918744440774147	0.359249338816358
"log(Species):Marine"	0.124825241804023	0.0284301628883191	4.39059186169167	1.76594805579676e-05
"log(Species):Terr"	-0.0509427116750536	0.0266801517634488	-1.90938612818702	0.0575313179205224
"log(Species):Latitude:Lakeweb"	0.00344484006654646	0.00161127401538398	2.13796041744366	0.0336380443103023
