"Estimate"	"Std. Error"	"t value"	"Pr(>|t|)"
"(Intercept)"	-1.18604887729066	0.129921872082941	-9.12893924845463	3.25022224682787e-16
"log(Species)"	0.728643680421391	0.0537867335909172	13.5469033305349	3.46968777793496e-28
"log(Species):Lakeweb"	-0.0264859625160988	0.0837300539655506	-0.316325635320814	0.752175527386194
"log(Species):Terr"	-0.0276245239815408	0.0280226241110859	-0.985793617044321	0.325751167379847
"log(Species):Latitude"	-0.00130335867913207	0.000940125296756618	-1.38636699132402	0.167600500240212
"log(Species):Lakeweb:Latitude"	0.0018623674824	0.00186449545323124	0.998858688109133	0.319400153876431
