"Estimate"	"Std. Error"	"t value"	"Pr(>|t|)"
"(Intercept)"	-0.325131825559334	0.135296961775921	-2.40309775837995	0.017223851692953
"log(Species)"	0.64255943396228	0.0538422241962083	11.9341175732397	7.81680092182111e-25
"log(Species):Lakeweb"	-0.0907951669130427	0.064342144087865	-1.41113057701425	0.159850087544896
"log(Species):Terr"	-0.0615553990909405	0.02564652557154	-2.40014573978974	0.0173591304102651
"log(Species):Latitude"	-0.000886423961168192	0.000910673055571127	-0.973372337904818	0.331612403001292
"log(Species):Lakeweb:Latitude"	0.00366388008640636	0.00152902053074527	2.39622687382786	0.0175401662167209
