"Estimate"	"Std. Error"	"t value"	"Pr(>|t|)"
"(Intercept)"	-1.01747799099795	0.135631767757282	-7.50176752704992	2.39122563971616e-12
"log(Species)"	0.642646306992891	0.0539754622118595	11.90626778647	9.4600916455758e-25
"log(Species):Lakeweb"	-0.0910251928146252	0.0645013652145734	-1.4112134295424	0.159825696566758
"log(Species):Terr"	-0.0614832277652832	0.0257099904864188	-2.39141386682976	0.0177647889302938
"log(Species):Latitude"	-0.000887438474803235	0.00091292660792047	-0.972080851958851	0.332252755946027
"log(Species):Lakeweb:Latitude"	0.0037230485381943	0.00153280424630398	2.42891324653597	0.0160800005480187
