"Estimate"	"Std. Error"	"t value"	"Pr(>|t|)"
"(Intercept)"	-0.622981430524175	0.13618462310535	-4.5745357759095	8.6723127970125e-06
"log(Species)"	0.551327353450765	0.0562687706366097	9.79810554261619	1.4810544363936e-18
"log(Species):Lakeweb"	-0.0686507360066545	0.0651046773835244	-1.0544670331786	0.293029645128731
"log(Species):Stream"	-0.191582620549274	0.0896633012558376	-2.1366893463205	0.0339229828904059
"log(Species):Latitude"	-0.000647603944019566	0.0010360342709241	-0.625079654403643	0.532680792893744
"log(Species):Lakeweb:Latitude"	0.00459978786478711	0.00159612798264045	2.88184150319685	0.00441614529225141
"log(Species):Stream:Latitude"	0.00668572146281248	0.0020163138507204	3.31581388503767	0.00109764693802062
