"Estimate"	"Std. Error"	"t value"	"Pr(>|t|)"
"(Intercept)"	-0.894910105667153	0.138167616245568	-6.47698881970005	6.52605707617194e-10
"log(Species)"	0.712972139579401	0.0608677462596253	11.713463753665	1.02401959346514e-24
"log(Species):Lakeweb"	-0.118595307137283	0.0726138990969803	-1.63323149716684	0.103918703779284
"log(Species):Stream"	-0.180855101023554	0.0864538063809458	-2.09192756911874	0.0376468895419013
"log(Species):Marine"	0.0754045323505174	0.0351895822134064	2.14280839974821	0.0332790092637815
"log(Species):Terr"	-0.102691210751558	0.0338202464938208	-3.03638268190389	0.00269744837147514
"log(Species):Latitude"	-0.00122701662710695	0.00105857662611924	-1.15911932762507	0.24772386336277
"log(Species):Lakeweb:Latitude"	0.00458432998190923	0.00165731467302657	2.76611922679558	0.00617846417832695
"log(Species):Stream:Latitude"	0.00504741975370395	0.00189286216693427	2.6665543016684	0.00826008567815803
