"Estimate"	"Std. Error"	"t value"	"Pr(>|t|)"
"(Intercept)"	-0.827136998796836	0.127750281466332	-6.47463934562701	1.17321791825109e-09
"log(Species)"	0.683407039408538	0.0568394655673746	12.0234599777942	5.56396714010669e-24
"log(Species):Lakeweb"	-0.0215251719007954	0.0829171186993017	-0.259598647884235	0.795515657396469
"log(Species):Stream"	-0.278188605606804	0.0845856649733682	-3.2888386666274	0.00124342762327269
"log(Species):Latitude"	-0.00172282939961939	0.001077046585103	-1.59958670632118	0.111713624734058
"log(Species):Lakeweb:Latitude"	0.00306125903923688	0.00188222930417665	1.62640069009869	0.105882781617637
"log(Species):Stream:Latitude"	0.00841371521548988	0.00189936813122803	4.42974433294825	1.76764613844572e-05
