"Estimate"	"Std. Error"	"t value"	"Pr(>|t|)"
"(Intercept)"	-0.489456063080263	0.129453597674536	-3.78093828115016	0.000220228547245209
"log(Species)"	0.664981637193338	0.0364989053566578	18.2192213902119	7.24386891423445e-41
"log(Species):Lakeweb"	0.0570673806429562	0.0249130003583126	2.29066671304866	0.0232881138831856
