"Estimate"	"Std. Error"	"t value"	"Pr(>|t|)"
"(Intercept)"	-1.22730069344214	0.142527120482391	-8.61099760725028	1.65447596104542e-15
"log(Species)"	0.730952339233774	0.0540282792804695	13.5290693867795	1.78294054378142e-30
"log(Species):Latitude"	-0.00143141841121078	0.000902924050427872	-1.58531430249584	0.1143854262238
"log(Species):Lakeweb"	-0.089508651598536	0.0676248232822916	-1.32360643997387	0.187059333241462
"log(Species):Marine"	0.0972561162673725	0.0285796973085079	3.4029792274399	0.000796826404228086
"log(Species):Terr"	-0.0784740519067804	0.0268092206379346	-2.92712917568894	0.00379424540783879
"log(Species):Latitude:Lakeweb"	0.00369696295574096	0.00159439480206917	2.31872491740635	0.0213626873707486
