"Estimate"	"Std. Error"	"t value"	"Pr(>|t|)"
"(Intercept)"	-0.636577350772441	0.136280996655914	-4.67106468541383	5.69354940862943e-06
"log(Species)"	0.557862297893171	0.0566360841657291	9.84994471476434	1.01465871791194e-18
"log(Species):Lakeweb"	-0.0670840645042615	0.0650972789311317	-1.03052025531254	0.304089786933003
"log(Species):Stream"	-0.194996468854367	0.0897733136456712	-2.17209837685177	0.0311000492591375
"log(Species):Latitude"	-0.000677680145473346	0.0010371599236577	-0.653399856681125	0.51429685522174
"log(Species):Lakeweb:Latitude"	0.00465158365712342	0.0015920594684466	2.92173989057209	0.00390743972687264
"log(Species):Stream:Latitude"	0.00672334121282627	0.00201682257874652	3.33363047581751	0.00103242775222993
