"Estimate"	"Std. Error"	"t value"	"Pr(>|t|)"
"(Intercept)"	-1.19694335189974	0.129256696083883	-9.26020382822536	1.29683169094314e-16
"log(Species)"	0.671193569550076	0.0364028602388572	18.4379349629684	1.97996849317169e-41
"log(Species):Lakeweb"	0.0579787362907056	0.0249354593944927	2.32515212065878	0.0213198333000428
