"Estimate"	"Std. Error"	"t value"	"Pr(>|t|)"
"(Intercept)"	-1.17307213703873	0.130788602066365	-8.96922299424446	8.49752207573716e-16
"log(Species)"	0.715768889465663	0.0542528212131231	13.1932104812372	3.20505258121255e-27
"log(Species):Lakeweb"	-0.0181372495446384	0.0841132487307701	-0.215628926694915	0.829556883485816
"log(Species):Terr"	-0.0240222344640195	0.0281638661493239	-0.852945200657266	0.394989058144448
"log(Species):Latitude"	-0.00114599794305837	0.000944983686857412	-1.21271717067354	0.227059589315243
"log(Species):Lakeweb:Latitude"	0.00171310914204766	0.00187311515004578	0.914577591241943	0.361815911022593
