"Estimate"	"Std. Error"	"t value"	"Pr(>|t|)"
"(Intercept)"	-0.493317346266093	0.129463325782622	-3.81047947968219	0.00019871089063738
"log(Species)"	0.728422856459281	0.0535968986747561	13.590765034365	2.63448401267525e-28
"log(Species):Lakeweb"	-0.0273261483710483	0.0834345370840905	-0.327516030244253	0.743713929152988
"log(Species):Terr"	-0.0277404571331907	0.0279237210518446	-0.99343698075505	0.322025684285445
"log(Species):Latitude"	-0.00130185372056038	0.000936807218208698	-1.38967088986537	0.166596305643623
"log(Species):Lakeweb:Latitude"	0.00182986753988078	0.00185791490233297	0.98490384978506	0.326186683805376
