"Estimate"	"Std. Error"	"t value"	"Pr(>|t|)"
"(Intercept)"	-0.827136998796834	0.127750281466332	-6.474639345627	1.17321791825117e-09
"log(Species)"	0.683407039408537	0.0568394655673745	12.0234599777942	5.563967140107e-24
"log(Species):Lakeweb"	-0.021525171900795	0.0829171186993018	-0.25959864788423	0.795515657396473
"log(Species):Stream"	-0.278188605606804	0.0845856649733682	-3.2888386666274	0.00124342762327272
"log(Species):Latitude"	-0.00172282939961939	0.001077046585103	-1.59958670632118	0.111713624734058
"log(Species):Lakeweb:Latitude"	0.00306125903923687	0.00188222930417665	1.62640069009868	0.105882781617638
"log(Species):Stream:Latitude"	0.00841371521548987	0.00189936813122803	4.42974433294825	1.76764613844575e-05
