"Estimate"	"Std. Error"	"t value"	"Pr(>|t|)"
"(Intercept)"	-0.868726282452537	0.14106184483823	-6.15847810191901	3.56227167191483e-09
"log(Species)"	0.654697760619457	0.0627705116034637	10.4300211021911	7.12322436086446e-21
"log(Species):Lakeweb"	-0.0733111622943774	0.0746682781269938	-0.981824733787108	0.327289739629365
"log(Species):Stream"	-0.151146585718549	0.0871568218475437	-1.73419111108638	0.0843175223270967
"log(Species):Marine"	0.124176396246597	0.037592162706147	3.30325225545727	0.0011193187464405
"log(Species):Terr"	-0.0538379300272119	0.0363352150094964	-1.48170115446244	0.139883950648254
"log(Species):Latitude"	-0.00101447455579439	0.0010717764521556	-0.946535589351717	0.344938068725486
"log(Species):Lakeweb:Latitude"	0.00447957875833376	0.00167336756930129	2.67698432819766	0.0080017888166199
"log(Species):Stream:Latitude"	0.00501935952914858	0.00189090692959419	2.65447201583095	0.0085372502495998
