"Estimate"	"Std. Error"	"t value"	"Pr(>|t|)"
"(Intercept)"	-1.20137118568526	0.146529865802222	-8.19881448132086	2.11039420980706e-14
"log(Species)"	0.69058180603538	0.0544761432218536	12.6767749182058	6.3312927139682e-28
"log(Species):Lakeweb"	-0.060634630662705	0.0690286205415534	-0.878398411948628	0.380699109742788
"log(Species):Marine"	0.127640688246236	0.0289327709395094	4.41163027603192	1.61557600934153e-05
"log(Species):Terr"	-0.0509479148849711	0.0271518219095525	-1.87640870121672	0.0619414568570316
"log(Species):Latitude"	-0.00110590912077264	0.000914527768914769	-1.20926795048004	0.227875778161707
"log(Species):Lakeweb:Latitude"	0.0035312398886012	0.00163975923004796	2.15351121304432	0.0323810830322041
