"Estimate"	"Std. Error"	"t value"	"Pr(>|t|)"
"(Intercept)"	-0.309738580066148	0.134984529266197	-2.29462281159145	0.0228595136332453
"log(Species)"	0.634727006082846	0.0534057025147429	11.8850043383968	1.16965984380462e-24
"log(Species):Lakeweb"	-0.0932251394870756	0.064152973412267	-1.45316942502387	0.147843863460654
"log(Species):Terr"	-0.0601296645141168	0.0255228671383605	-2.35591339280777	0.0195070303861428
"log(Species):Latitude"	-0.000826937974841548	0.000905414123363379	-0.913325685455058	0.362241067739033
"log(Species):Lakeweb:Latitude"	0.00357692940565848	0.00152816343151424	2.34067203277737	0.0202975249491736
