"Estimate"	"Std. Error"	"t value"	"Pr(>|t|)"
"(Intercept)"	-0.846186197944645	0.126778921142695	-6.67450227780552	4.0996550659269e-10
"log(Species)"	0.699096617705548	0.0563219517894712	12.4125069443392	4.82652108219641e-25
"log(Species):Lakeweb"	-0.0305706963594053	0.0825462728419043	-0.370346174417293	0.711626926640877
"log(Species):Stream"	-0.289518547870719	0.0841648363344803	-3.43989913697616	0.000746666926205977
"log(Species):Latitude"	-0.00186366221515819	0.00107201705644807	-1.73846321189431	0.0841022268218056
"log(Species):Lakeweb:Latitude"	0.003190197947163	0.00187390025195658	1.70243743968338	0.0906651625039403
"log(Species):Stream:Latitude"	0.00856622777929973	0.00189070215527168	4.53071244215556	1.16265787672662e-05
