"Estimate"	"Std. Error"	"t value"	"Pr(>|t|)"
"(Intercept)"	-0.488046813719374	0.130937838289624	-3.72731687107782	0.000268596397404012
"log(Species)"	0.664594807456835	0.0370772332149982	17.9246062834052	5.22357150680347e-40
"log(Species):Lakeweb"	0.0569996781117693	0.0250153240244859	2.2785904374445	0.0240224780393459
