"Estimate"	"Std. Error"	"t value"	"Pr(>|t|)"
"(Intercept)"	-0.46839498443672	0.145004602885496	-3.23020769765904	0.00143008909606581
"log(Species)"	0.689887589390606	0.0529527184962655	13.0283696282611	5.14446452326926e-29
"log(Species):Latitude"	-0.00133569409432361	0.000901943301189609	-1.48090694011687	0.140088579590339
"log(Species):Lakeweb"	-0.0726083386182871	0.0674926028546954	-1.07579698436887	0.283218214607647
"log(Species):Marine"	0.122212275909087	0.0283643197852918	4.30866232062649	2.49434522538021e-05
"log(Species):Terr"	-0.0688352051670698	0.028284980877892	-2.4336309599867	0.0157610440473654
"log(Species):Latitude:Lakeweb"	0.00356114608874111	0.00158696615221525	2.24399624640394	0.0258468778558448
