"Estimate"	"Std. Error"	"t value"	"Pr(>|t|)"
"(Intercept)"	-0.809338741393569	0.129993480439682	-6.22599486263552	4.2881904226885e-09
"log(Species)"	0.683874827281279	0.056366233260741	12.1327040626928	3.06906224280231e-24
"log(Species):Lakeweb"	-0.0282007052802877	0.082982718912676	-0.339838289824701	0.734438378602486
"log(Species):Stream"	-0.282729736600143	0.084456475502455	-3.34763835357923	0.00102301763092237
"log(Species):Latitude"	-0.00191572101175604	0.00108662783363571	-1.76299644869789	0.079871775533678
"log(Species):Lakeweb:Latitude"	0.00326526349803856	0.00189116909044027	1.72658463727238	0.0862346695687719
"log(Species):Stream:Latitude"	0.00859569407667461	0.00190494065910203	4.51231592732475	1.2605210855092e-05
