"Estimate"	"Std. Error"	"t value"	"Pr(>|t|)"
"(Intercept)"	-0.870754566559025	0.139729562279134	-6.23171326350783	2.41776278413316e-09
"log(Species)"	0.666833372070986	0.0609697946995987	10.937110340563	2.09735286737974e-22
"log(Species):Lakeweb"	-0.0847720274656103	0.0734148209665775	-1.15469909685135	0.249501439149282
"log(Species):Stream"	-0.16277832402097	0.0858071024780003	-1.8970262288335	0.0591710563428246
"log(Species):Marine"	0.132069129088939	0.0370441806043318	3.56517884683606	0.000448451225140762
"log(Species):Terr"	-0.0591320006092771	0.0351993444672728	-1.67991766620132	0.0944325463969058
"log(Species):Latitude"	-0.00118091898648525	0.00106277924246497	-1.1111611323404	0.267745846024205
"log(Species):Lakeweb:Latitude"	0.00464543346319132	0.00165970955227816	2.79894362047557	0.00559540247270212
"log(Species):Stream:Latitude"	0.00518604655616745	0.00187530625079289	2.7654398069514	0.00618124116193462
