"Estimate"	"Std. Error"	"t value"	"Pr(>|t|)"
"(Intercept)"	-0.495829733433902	0.143227708678587	-3.46182828733636	0.000646612445044475
"log(Species)"	0.69080623728101	0.052964574825838	13.0427977483548	4.62764472424012e-29
"log(Species):Latitude"	-0.00119608516332148	0.000893978352853313	-1.33793526376106	0.182324401683763
"log(Species):Lakeweb"	-0.0682868463043832	0.0675054267893703	-1.01157565476108	0.312872794741507
"log(Species):Marine"	0.134266044503764	0.0288567992642269	4.65283912031816	5.70670190945048e-06
"log(Species):Terr"	-0.0525581146920748	0.0265245705709533	-1.98148786429856	0.0488048430779716
"log(Species):Latitude:Lakeweb"	0.00356381112301892	0.00160451894490252	2.22110878425025	0.0273818186253455
