"Estimate"	"Std. Error"	"t value"	"Pr(>|t|)"
"(Intercept)"	-1.20462367242937	0.145772595355587	-8.26371835865926	1.42147008131634e-14
"log(Species)"	0.697918839437064	0.0539056555850766	12.9470429746573	9.3413659575589e-29
"log(Species):Lakeweb"	-0.0668433701221091	0.0687048711067195	-0.972905836884274	0.33168835207433
"log(Species):Marine"	0.13723190562369	0.0293695302480982	4.67259450404646	5.23005306980885e-06
"log(Species):Terr"	-0.0526485684818084	0.0269958622426692	-1.95024585651474	0.0524406424180358
"log(Species):Latitude"	-0.00123161308485223	0.000909862664769579	-1.35362525855935	0.177270699500546
"log(Species):Lakeweb:Latitude"	0.00365467979670148	0.00163302822514968	2.23797711540871	0.0262431093435847
