"Estimate"	"Std. Error"	"t value"	"Pr(>|t|)"
"(Intercept)"	-0.608295633194498	0.135492355713079	-4.4895199437128	1.2532773703641e-05
"log(Species)"	0.550054405799301	0.0559293566574815	9.83480659661264	1.25991026069596e-18
"log(Species):Lakeweb"	-0.0777194113525366	0.0648461769883768	-1.19851955754411	0.232247867604305
"log(Species):Stream"	-0.193680962555445	0.0891106854686916	-2.1734875176501	0.0310142005077426
"log(Species):Latitude"	-0.00069070264655866	0.00103007630574247	-0.670535418306519	0.503352750317557
"log(Species):Lakeweb:Latitude"	0.00498368636912168	0.00159574249237576	3.12311440782774	0.00207739289394015
"log(Species):Stream:Latitude"	0.00672067191034009	0.0020032155838865	3.35494190660254	0.000963113105476927
