"Estimate"	"Std. Error"	"t value"	"Pr(>|t|)"
"(Intercept)"	-0.888446327074618	0.138727267223719	-6.40426604556307	9.73635593693021e-10
"log(Species)"	0.69970667367069	0.0603297235325063	11.5980421042984	2.33140559434875e-24
"log(Species):Lakeweb"	-0.107454452919459	0.072436391159202	-1.48343189382936	0.139458959987112
"log(Species):Stream"	-0.16922786643579	0.0863766668660275	-1.95918495788066	0.0514145979569573
"log(Species):Marine"	0.0825807003738095	0.0349216770227026	2.36474039663455	0.0189541153281405
"log(Species):Terr"	-0.0947847587288463	0.0334386320463737	-2.83458840652919	0.0050364675589794
"log(Species):Latitude"	-0.00113183156762365	0.00106060947505263	-1.06715204252488	0.287128453924332
"log(Species):Lakeweb:Latitude"	0.00447692796359887	0.0016656054170084	2.68786827773404	0.00776756451954388
"log(Species):Stream:Latitude"	0.00495187849979493	0.00189945603913423	2.60699821305261	0.00978891156206285
