"Estimate"	"Std. Error"	"t value"	"Pr(>|t|)"
"(Intercept)"	-0.502919075835309	0.143369093925286	-3.50786255298088	0.000548987623714875
"log(Species)"	0.689426740343336	0.0529897550368083	13.0105666626396	5.46354196454217e-29
"log(Species):Latitude"	-0.00112262763109466	0.000893170366035236	-1.25690201308176	0.210140330428771
"log(Species):Lakeweb"	-0.0652621043772839	0.0675170364758002	-0.966602027929283	0.334819044434541
"log(Species):Marine"	0.124385195252513	0.0283241698540392	4.39148599565312	1.75929272489467e-05
"log(Species):Terr"	-0.0520196644235746	0.026545557983435	-1.95963725667533	0.0513185421375029
"log(Species):Latitude:Lakeweb"	0.00364124969314404	0.00160877588923616	2.26336664883316	0.0246022905425823
