"Estimate"	"Std. Error"	"t value"	"Pr(>|t|)"
"(Intercept)"	-0.834249022176661	0.127235594913342	-6.55672669856932	7.63334349748565e-10
"log(Species)"	0.688790812263452	0.0561039051461176	12.2770564806417	1.13063471924833e-24
"log(Species):Lakeweb"	-0.0247661412907287	0.0828873870019078	-0.29879264127555	0.765495916929166
"log(Species):Stream"	-0.281944707232376	0.0844234492043623	-3.33964923122103	0.0010493951446349
"log(Species):Latitude"	-0.00176859399157072	0.00107534655236724	-1.64467351262473	0.102050769380435
"log(Species):Lakeweb:Latitude"	0.00309390416439808	0.00188330552937692	1.64280522524759	0.102437382348577
"log(Species):Stream:Latitude"	0.00846384044444908	0.00189932995944173	4.45622436605847	1.5847226353266e-05
