"Estimate"	"Std. Error"	"t value"	"Pr(>|t|)"
"(Intercept)"	-0.502749156621208	0.12834406771605	-3.91719824350196	0.000132408655135478
"log(Species)"	0.669369905777592	0.0360807422975414	18.5519992980633	1.00888811076029e-41
"log(Species):Lakeweb"	0.0629631562155777	0.0251198702489119	2.50650801901754	0.0131917826762729
