"Estimate"	"Std. Error"	"t value"	"Pr(>|t|)"
"(Intercept)"	-0.323617854335511	0.134814898839975	-2.40046061021524	0.0173446566017831
"log(Species)"	0.638245272047537	0.0533731690327835	11.9581670643447	6.62904001613905e-25
"log(Species):Lakeweb"	-0.0873341309162745	0.0640390398845353	-1.36376390204695	0.174263925719181
"log(Species):Terr"	-0.0600681397334061	0.025518805430147	-2.35387741396561	0.0196055242705263
"log(Species):Latitude"	-0.000822173293414408	0.00090526797899586	-0.908209847791566	0.364923957023532
"log(Species):Lakeweb:Latitude"	0.00375042839877695	0.00152683998417262	2.45633362870653	0.0149392392385584
