"Estimate"	"Std. Error"	"t value"	"Pr(>|t|)"
"(Intercept)"	-0.482331791784332	0.142713690228013	-3.37971634686001	0.000860260165010569
"log(Species)"	0.677714743127421	0.0529231167831434	12.8056468386851	2.46095117994261e-28
"log(Species):Latitude"	-0.0010405648532008	0.000888954273600767	-1.17054935681441	0.243063837774436
"log(Species):Lakeweb"	-0.0598778142158705	0.0671738447875224	-0.891385842291296	0.373709506639404
"log(Species):Marine"	0.126150473028841	0.0281782333712751	4.47687657940398	1.22342766307934e-05
"log(Species):Terr"	-0.0490246442186515	0.0264347791149824	-1.85455093100686	0.0650170697298755
"log(Species):Latitude:Lakeweb"	0.00341768672990095	0.00159616584621487	2.14118522709003	0.0333739855089002
