"Estimate"	"Std. Error"	"t value"	"Pr(>|t|)"
"(Intercept)"	-1.21581463445538	0.141386310983718	-8.59923868156792	1.78506678180822e-15
"log(Species)"	0.724130550840689	0.0534541463245394	13.5467611145491	1.56693218632231e-30
"log(Species):Lakeweb"	-0.0865200500442434	0.0670232057284803	-1.2908969229963	0.198145355964164
"log(Species):Marine"	0.0987489371605429	0.0283505298358054	3.48314256320627	0.000601875383462368
"log(Species):Terr"	-0.076331734013103	0.0265844135855024	-2.87129651243201	0.00450268504768021
"log(Species):Latitude"	-0.00139048074684254	0.000893929847258116	-1.55546965022754	0.12132581560961
"log(Species):Lakeweb:Latitude"	0.00365967657101761	0.00158069279582056	2.3152358134952	0.0215565503349512
