"Estimate"	"Std. Error"	"t value"	"Pr(>|t|)"
"(Intercept)"	-1.20255244851077	0.14500141306985	-8.29338434054765	1.15567782443865e-14
"log(Species)"	0.687344556603101	0.0538437346841412	12.7655438582634	3.30269495397555e-28
"log(Species):Lakeweb"	-0.0527761827019799	0.0679768646017712	-0.776384480384004	0.438367414005045
"log(Species):Marine"	0.129666381017614	0.0286904645802094	4.51949394737434	1.01856923540262e-05
"log(Species):Terr"	-0.0487880269790871	0.026920137562007	-1.81232457920062	0.0713181829153223
"log(Species):Latitude"	-0.00106886152291651	0.000905296264969314	-1.18067594474472	0.239023989927452
"log(Species):Lakeweb:Latitude"	0.00333312420930329	0.00160145991581902	2.08130355082828	0.0385792425633536
