"Estimate"	"Std. Error"	"t value"	"Pr(>|t|)"
"(Intercept)"	-0.281898312170144	0.134517191838528	-2.0956303675186	0.0374468535759548
"log(Species)"	0.61842822540644	0.0534797958280428	11.5637731190095	9.83509191353665e-24
"log(Species):Lakeweb"	-0.0818511065756442	0.0634809338012996	-1.28938094754316	0.198841383153073
"log(Species):Terr"	-0.0558983249249849	0.0253418800945561	-2.20576866106288	0.0286058236379494
"log(Species):Latitude"	-0.000706583605832599	0.000898144255646818	-0.786715053166752	0.432434030178316
"log(Species):Lakeweb:Latitude"	0.00352271673680823	0.0015092850290937	2.33403013274674	0.0206450942730315
