"Estimate"	"Std. Error"	"t value"	"Pr(>|t|)"
"(Intercept)"	-1.17675720256771	0.14575261900976	-8.07366077235912	4.65750171970356e-14
"log(Species)"	0.680210330939017	0.0540967136348465	12.5739677188238	1.34422401235422e-27
"log(Species):Lakeweb"	-0.0588017939165849	0.0683549521462935	-0.860241900114818	0.390605123374519
"log(Species):Marine"	0.128527429589991	0.0286709899528466	4.48283891841097	1.1925529402792e-05
"log(Species):Terr"	-0.0488674847007151	0.0269077379245104	-1.81611270474733	0.0707330617814207
"log(Species):Latitude"	-0.00106419922830064	0.00090489404188793	-1.17604844218042	0.240864105039008
"log(Species):Lakeweb:Latitude"	0.00350666378944993	0.00162442884877481	2.1587056842131	0.0319703438694923
