"Estimate"	"Std. Error"	"t value"	"Pr(>|t|)"
"(Intercept)"	-0.459207454104943	0.128386696126094	-3.57675263840371	0.000460476225598497
"log(Species)"	0.65468842003318	0.0362617851142576	18.0545005705129	1.93113316026439e-40
"log(Species):Lakeweb"	0.0576043621690119	0.0245724549167466	2.34426565697974	0.0202931624495701
