"Estimate"	"Std. Error"	"t value"	"Pr(>|t|)"
"(Intercept)"	-0.813719196505691	0.126928906618043	-6.41082648694321	1.63537805137947e-09
"log(Species)"	0.683575528036189	0.0557720603511605	12.256594497893	1.2857873991488e-24
"log(Species):Lakeweb"	-0.0263735738478289	0.0822329330579779	-0.320717902999208	0.748853402298064
"log(Species):Stream"	-0.300318160778843	0.0845929553028467	-3.55015568026545	0.000509165094236758
"log(Species):Latitude"	-0.00178497605297379	0.00106715940589701	-1.67264238417447	0.0964020460115745
"log(Species):Lakeweb:Latitude"	0.00313178347790278	0.00186851117159521	1.67608496299707	0.0957245680285716
"log(Species):Stream:Latitude"	0.00880921112859501	0.00189765355828641	4.64215983477499	7.26709161788872e-06
