"Estimate"	"Std. Error"	"t value"	"Pr(>|t|)"
"(Intercept)"	-1.1520068848254	0.128844136331868	-8.94108895928444	8.9866020498561e-16
"log(Species)"	0.654874258772874	0.0363909854048243	17.995507719504	2.74569347656647e-40
"log(Species):Lakeweb"	0.0598044628604825	0.0246600062688153	2.42516008343884	0.0164145303830018
