"Estimate"	"Std. Error"	"t value"	"Pr(>|t|)"
"(Intercept)"	-0.846632656566733	0.141282370525879	-5.99248620627902	8.82428617499777e-09
"log(Species)"	0.656432378266792	0.0613000333943002	10.7085158346395	1.19039596673629e-21
"log(Species):Lakeweb"	-0.0823956338586244	0.0736665667556322	-1.1184942842789	0.264627715052672
"log(Species):Stream"	-0.15836977610314	0.0861131018335042	-1.83909036756498	0.0673071547157804
"log(Species):Marine"	0.137440691223061	0.0375079597129892	3.66430731702701	0.000313732390852288
"log(Species):Terr"	-0.0592304687387362	0.0353489906819179	-1.67559151184009	0.0952994471257965
"log(Species):Latitude"	-0.00107720007712402	0.00106453093775756	-1.01190114717863	0.312744280356111
"log(Species):Lakeweb:Latitude"	0.00454872802567349	0.0016649831942008	2.73199635979323	0.00682857141334901
"log(Species):Stream:Latitude"	0.00507944250523766	0.00188170901980699	2.69937724258699	0.00751005369277287
