"Estimate"	"Std. Error"	"t value"	"Pr(>|t|)"
"(Intercept)"	-0.464454354096426	0.143961766123345	-3.22623406619287	0.00145201850816118
"log(Species)"	0.680254008362417	0.0530007609850118	12.8347970051748	2.61350288818942e-28
"log(Species):Latitude"	-0.00113607387406531	0.000890854265302988	-1.27526343905298	0.203605185936342
"log(Species):Lakeweb"	-0.0686187971621781	0.0673652262570149	-1.0186085755933	0.309544406957204
"log(Species):Marine"	0.143110275917394	0.0292321542385808	4.89564589559108	1.9340632506207e-06
"log(Species):Terr"	-0.0528330137673399	0.0264785126898381	-1.99531651895297	0.0472826260868083
"log(Species):Latitude:Lakeweb"	0.00352564023490224	0.00160087554951171	2.20231999669032	0.0287154462804355
