"Estimate"	"Std. Error"	"t value"	"Pr(>|t|)"
"(Intercept)"	-0.466496565654283	0.132297011002055	-3.5261308031142	0.000553881264037075
"log(Species)"	0.661670330668005	0.036897791147478	17.9325187251278	9.720684016972e-40
"log(Species):Lakeweb"	0.0529734452574571	0.0252308480778699	2.09955072037076	0.0373780248696468
