"Estimate"	"Std. Error"	"t value"	"Pr(>|t|)"
"(Intercept)"	-0.477027932407828	0.131221326237071	-3.63529272327277	0.000375877247522685
"log(Species)"	0.660978963342796	0.0373312256004967	17.7057932792327	2.969267059254e-39
"log(Species):Lakeweb"	0.0570615471459169	0.0249812064715506	2.28417899715534	0.0237010362715353
