"Estimate"	"Std. Error"	"t value"	"Pr(>|t|)"
"(Intercept)"	-0.491854629504005	0.14485950815366	-3.395390718725	0.000816752993906761
"log(Species)"	0.677714431018232	0.0552730745250936	12.2612037930069	1.58137721316804e-26
"log(Species):Latitude"	-0.000969791371724889	0.000916256562484408	-1.05842774986006	0.291053717955926
"log(Species):Lakeweb"	-0.0526308947439141	0.068164096233308	-0.772120480608622	0.440894912797562
"log(Species):Marine"	0.12611070368957	0.0285814229008109	4.41233118894133	1.62050668189524e-05
"log(Species):Terr"	-0.0491000625809261	0.026962485394242	-1.82105105901742	0.0699955483617224
"log(Species):Latitude:Lakeweb"	0.00318842244855385	0.00160067568206603	1.99192283875924	0.0476507430720499
