"Estimate"	"Std. Error"	"t value"	"Pr(>|t|)"
"(Intercept)"	-0.8379908311172	0.142475537551784	-5.88164709196218	1.56527821187177e-08
"log(Species)"	0.634513562074658	0.069731630198251	9.09936509831622	6.77473100884528e-17
"log(Species):Lakeweb"	-0.0698873985431903	0.0789809704041505	-0.884863761303162	0.37723259775687
"log(Species):Stream"	-0.138597791210116	0.0910330266189855	-1.52250008988727	0.129374028552487
"log(Species):Marine"	0.129317635247686	0.0405631975350718	3.18805328736413	0.00164895481152285
"log(Species):Terr"	-0.0468385753312822	0.0401171841291896	-1.16754394277643	0.244302229161737
"log(Species):Latitude"	-0.000887434665394191	0.00109740930267744	-0.808663333934786	0.419615379880756
"log(Species):Lakeweb:Latitude"	0.00460942347673274	0.0017109523742184	2.69406883919749	0.00762386874760479
"log(Species):Stream:Latitude"	0.00488864347345699	0.00190657005649721	2.56410377200537	0.0110359024705506
