"Estimate"	"Std. Error"	"t value"	"Pr(>|t|)"
"(Intercept)"	-1.16979960072415	0.131681675661035	-8.88354127369519	1.42002225594179e-15
"log(Species)"	0.661154080904427	0.0374621906554452	17.6485696468027	4.16889637901027e-39
"log(Species):Lakeweb"	0.0592634146679365	0.0250688453054115	2.36402650165716	0.0193009200651783
