"Estimate"	"Std. Error"	"t value"	"Pr(>|t|)"
"(Intercept)"	-1.20018424506898	0.147407575420008	-8.14194414126482	3.18484378079446e-14
"log(Species)"	0.684230130976592	0.0562453235248513	12.165102591583	3.17229498274941e-26
"log(Species):Lakeweb"	-0.0504495838193766	0.0693630972831253	-0.727325996032908	0.467821218322381
"log(Species):Marine"	0.128969971965105	0.0290841678641718	4.434370361477	1.47589389313621e-05
"log(Species):Terr"	-0.0490366217047825	0.0274367533751851	-1.78726035964347	0.0753106299746203
"log(Species):Latitude"	-0.000996946240089805	0.000932373442792785	-1.06925636695915	0.28615875216732
"log(Species):Lakeweb:Latitude"	0.00326189748423026	0.00162883144043838	2.00259977997009	0.0464822189237983
