"Estimate"	"Std. Error"	"t value"	"Pr(>|t|)"
"(Intercept)"	-0.293811017573701	0.137051585201207	-2.14379875389513	0.0333475144919655
"log(Species)"	0.618267533068726	0.0562668803025925	10.9881253366776	5.76463345307012e-22
"log(Species):Lakeweb"	-0.0775056971408523	0.0650549357361631	-1.19138842062937	0.235019166089284
"log(Species):Terr"	-0.0560452610288089	0.0259439789442823	-2.16024154001869	0.0320332766986954
"log(Species):Latitude"	-0.000612633852580812	0.000930374958321737	-0.658480591186499	0.511043614706661
"log(Species):Lakeweb:Latitude"	0.00341810979335554	0.00154035364146609	2.21904223896417	0.0276930226884805
