"Estimate"	"Std. Error"	"t value"	"Pr(>|t|)"
"(Intercept)"	-0.629218771808159	0.136254697945715	-4.6179601972979	7.19255321657074e-06
"log(Species)"	0.552953707792852	0.0563404241073715	9.81451092272669	1.33034775939487e-18
"log(Species):Lakeweb"	-0.0490338506915883	0.0685155063431793	-0.715660633754766	0.475093573433787
"log(Species):Stream"	-0.191777123171649	0.0898222287722246	-2.13507419926048	0.0340565207917796
"log(Species):Latitude"	-0.000643589732589993	0.00103786421992633	-0.620109760249447	0.535940452668528
"log(Species):Lakeweb:Latitude"	0.0042644468635223	0.00166748817920163	2.55740755269645	0.0113387323869303
"log(Species):Stream:Latitude"	0.00668516797239347	0.00201989335933068	3.30966382037549	0.00112066879112245
