"Estimate"	"Std. Error"	"t value"	"Pr(>|t|)"
"(Intercept)"	-0.319241694283662	0.135604428378924	-2.35421289776462	0.0195938623474991
"log(Species)"	0.637135956483361	0.0536887647941883	11.8672120494069	1.32085318624618e-24
"log(Species):Lakeweb"	-0.074923967953611	0.0679953986620819	-1.10189761995458	0.271914856853719
"log(Species):Terr"	-0.0600875386070302	0.0256707005582787	-2.34070505674814	0.0202957821439742
"log(Species):Latitude"	-0.00082367560600774	0.000910656210001015	-0.90448579492674	0.36689545646864
"log(Species):Lakeweb:Latitude"	0.00332017532597748	0.00161152094864356	2.06027438164681	0.0407497267935094
