"Estimate"	"Std. Error"	"t value"	"Pr(>|t|)"
"(Intercept)"	-0.853733462843324	0.141185395122118	-6.04689643787085	6.4995790193762e-09
"log(Species)"	0.658053302883067	0.0614540593268256	10.7080526508981	1.05496334056925e-21
"log(Species):Lakeweb"	-0.0701882718781352	0.078270949441411	-0.896734642661694	0.37086819175908
"log(Species):Stream"	-0.158226694578292	0.0864422933433213	-1.83043147582707	0.0685763014649577
"log(Species):Marine"	0.118621559161252	0.0369158204337158	3.21329873662819	0.00151483020250927
"log(Species):Terr"	-0.0590767276717375	0.0354830730024352	-1.6649270390894	0.0973906597961615
"log(Species):Latitude"	-0.00107289615378725	0.00106858495364156	-1.00403449452568	0.316495913411697
"log(Species):Lakeweb:Latitude"	0.00437081232033996	0.00178830931831001	2.44410308417476	0.0153306451439303
"log(Species):Stream:Latitude"	0.0050759878857647	0.00188890137011797	2.68726994752918	0.00777005371831067
