"Estimate"	"Std. Error"	"t value"	"Pr(>|t|)"
"(Intercept)"	-0.506087369876137	0.143895630648353	-3.5170447330183	0.000531804251784627
"log(Species)"	0.690185740851544	0.0532425502677145	12.9630481143587	8.30691162438435e-29
"log(Species):Latitude"	-0.00112159991910617	0.000898136622751627	-1.24880768771004	0.213087170493742
"log(Species):Lakeweb"	-0.0433746120307367	0.0719017229555654	-0.603248576637611	0.546976245015462
"log(Species):Marine"	0.124574037361256	0.0284769290916551	4.37456008547498	1.89310322012644e-05
"log(Species):Terr"	-0.0519531068353232	0.026692648002164	-1.9463451820558	0.0529102058178156
"log(Species):Latitude:Lakeweb"	0.0029483536916385	0.00169103852111178	1.74351657566032	0.0826662261310015
