"Estimate"	"Std. Error"	"t value"	"Pr(>|t|)"
"(Intercept)"	-1.21506111545777	0.146456652757848	-8.29638731035832	1.15427787781214e-14
"log(Species)"	0.697277335962881	0.0541901492169469	12.8672341013747	1.67673500202095e-28
"log(Species):Lakeweb"	-0.0407982387622063	0.0731814136686906	-0.557494542902785	0.577766863560772
"log(Species):Marine"	0.12735069105733	0.0289837550785572	4.39386444966017	1.74512067579879e-05
"log(Species):Terr"	-0.0520316733465071	0.0271677177550571	-1.91520221962045	0.0567875505371924
"log(Species):Latitude"	-0.00115558797683107	0.000914121456605513	-1.26415146311325	0.20753812465221
"log(Species):Lakeweb:Latitude"	0.00301120845891109	0.00172113524483481	1.7495478452073	0.0816165497501424
