"Estimate"	"Std. Error"	"t value"	"Pr(>|t|)"
"(Intercept)"	-0.514366227623161	0.144658230214801	-3.5557342769878	0.000463074525334208
"log(Species)"	0.69207548374586	0.053411257093789	12.9574835231942	8.65290008202498e-29
"log(Species):Latitude"	-0.00112284957199609	0.000899401184888395	-1.24844128611575	0.213220984860446
"log(Species):Lakeweb"	-0.0595030473486173	0.0675410292787993	-0.88099112471321	0.379301844092178
"log(Species):Marine"	0.123905995248479	0.0286083320962051	4.33111566349986	2.27141915687732e-05
"log(Species):Terr"	-0.0515369731298398	0.0267458482188993	-1.92691488817403	0.0553022458740902
"log(Species):Latitude:Lakeweb"	0.00333493537692872	0.00159185268135617	2.0950025187554	0.0373362102495554
