"Estimate"	"Std. Error"	"t value"	"Pr(>|t|)"
"(Intercept)"	-0.607008253289711	0.136458217821715	-4.44830852241362	1.47909687602874e-05
"log(Species)"	0.538104325872322	0.0570324586814484	9.43505397299936	1.51652580244005e-17
"log(Species):Lakeweb"	-0.0577131795127079	0.064923255934306	-0.888944626731386	0.375168841842568
"log(Species):Stream"	-0.1820264151393	0.0895601756360702	-2.03244817070222	0.0435149568720909
"log(Species):Latitude"	-0.000517968266046164	0.00103551323618346	-0.500204389424527	0.617516174112654
"log(Species):Lakeweb:Latitude"	0.00451832450067289	0.00158677996508291	2.84748018004928	0.0048968135628286
"log(Species):Stream:Latitude"	0.00654722324108144	0.00201030824222275	3.25682554723167	0.00133665325188296
