"Estimate"	"Std. Error"	"t value"	"Pr(>|t|)"
"(Intercept)"	-1.22373711182823	0.142632096737801	-8.57967554159858	2.02535108268986e-15
"log(Species)"	0.728266855570419	0.0542728229412657	13.4186286266803	3.99163016693265e-30
"log(Species):Lakeweb"	-0.0880124247688042	0.0676542905605486	-1.30091416286504	0.194700033637789
"log(Species):Marine"	0.0974353941466381	0.0285617722940156	3.41139174220828	0.000773888955981441
"log(Species):Terr"	-0.0779925957669547	0.0268075344432009	-2.90935355999274	0.00400787576631171
"log(Species):Latitude"	-0.00139880651858304	0.000904870274590517	-1.54586415076575	0.123628820292232
"log(Species):Lakeweb:Latitude"	0.0036654838827361	0.0015947917366873	2.29840912666756	0.0225132930175328
