"Estimate"	"Std. Error"	"t value"	"Pr(>|t|)"
"(Intercept)"	-0.998482724709929	0.13594899264468	-7.34453933998313	5.99636743001135e-12
"log(Species)"	0.62696591066856	0.0544205947493218	11.520747128115	1.31889572318711e-23
"log(Species):Lakeweb"	-0.082017488620773	0.0645025206699716	-1.2715392789131	0.205099371129393
"log(Species):Terr"	-0.0577285372751038	0.0257082278904034	-2.2455276778005	0.0258924729870305
"log(Species):Latitude"	-0.000707167895027998	0.000915171695554913	-0.772716090830592	0.4406556715308
"log(Species):Lakeweb:Latitude"	0.00355977125749687	0.0015324729896991	2.32289331128494	0.021249391567062
