"Estimate"	"Std. Error"	"t value"	"Pr(>|t|)"
"(Intercept)"	-0.47595492682468	0.130443603557848	-3.64874101790362	0.000358206230394978
"log(Species)"	0.711945582385587	0.0544033081853867	13.0864391547576	6.27561862665662e-27
"log(Species):Lakeweb"	-0.0169046065430274	0.0838230316345905	-0.201670187934977	0.840435633153947
"log(Species):Terr"	-0.0234052709966848	0.028065025149262	-0.833965794514894	0.405567318438773
"log(Species):Latitude"	-0.00109844320882735	0.000944580406374879	-1.16289010592859	0.246638585703389
"log(Species):Lakeweb:Latitude"	0.00163729774702346	0.0018664675500542	0.877217365485897	0.381708926102847
