"Estimate"	"Std. Error"	"t value"	"Pr(>|t|)"
"(Intercept)"	-0.488673993298936	0.144035806055686	-3.39272578590639	0.00082239983084388
"log(Species)"	0.680645307258962	0.0537462717681437	12.6640469165043	6.95014907546129e-28
"log(Species):Latitude"	-0.00103549475127786	0.000900305953643145	-1.15015872891617	0.25134443042309
"log(Species):Lakeweb"	-0.0606082563753218	0.0678332477809924	-0.893488935853442	0.372585228788732
"log(Species):Marine"	0.124988675580087	0.0284045772414477	4.40030050500823	1.69495849770368e-05
"log(Species):Terr"	-0.0504164535317946	0.0266696578244249	-1.89040496371204	0.0600364421565662
"log(Species):Latitude:Lakeweb"	0.00340820182158806	0.00161109553867271	2.11545606066037	0.0355313507483975
