"Estimate"	"Std. Error"	"t value"	"Pr(>|t|)"
"(Intercept)"	-0.846674885892937	0.141207984201363	-5.995942019012	8.45615465820891e-09
"log(Species)"	0.645041920133101	0.0632874517985881	10.1922561550739	3.72913635958572e-20
"log(Species):Lakeweb"	-0.0774032412037965	0.0751271779795283	-1.03029613630487	0.304028642331282
"log(Species):Stream"	-0.14696882721842	0.0872284052502517	-1.68487348584189	0.0934639355975387
"log(Species):Marine"	0.125027475772348	0.037554603991252	3.32921832437567	0.0010246663245155
"log(Species):Terr"	-0.0518821118665426	0.0363722373370943	-1.4264206896514	0.155197411823439
"log(Species):Latitude"	-0.000969903033634888	0.00107268718409138	-0.904180685682796	0.366911609335508
"log(Species):Lakeweb:Latitude"	0.00468584687455954	0.00169330912262616	2.76727197175449	0.00614547262759603
"log(Species):Stream:Latitude"	0.00497215051265803	0.00188822149918561	2.63324536597137	0.00907145861026194
