"Estimate"	"Std. Error"	"t value"	"Pr(>|t|)"
"(Intercept)"	-0.306206397382649	0.135614773265523	-2.25791327898415	0.0250943600745701
"log(Species)"	0.626935005833267	0.054286806208218	11.5485704469084	1.09097167376227e-23
"log(Species):Lakeweb"	-0.0818188980541168	0.064343946546008	-1.2715865663542	0.205082596397383
"log(Species):Terr"	-0.0578137585129052	0.0256450263337195	-2.25438483706638	0.0253195123396349
"log(Species):Latitude"	-0.000706791499323842	0.000912921821466404	-0.774208133384894	0.439775111941248
"log(Species):Lakeweb:Latitude"	0.00350117844597327	0.00152870553132204	2.29028964325485	0.0231086660445477
