"Estimate"	"Std. Error"	"t value"	"Pr(>|t|)"
"(Intercept)"	-0.864688202901713	0.141128034316738	-6.1269768766216	4.21704441935076e-09
"log(Species)"	0.6494162768511	0.0633557228709305	10.2503175312845	2.49196000555574e-20
"log(Species):Lakeweb"	-0.0693730204906582	0.0748956275592553	-0.926262623752932	0.355348070770731
"log(Species):Stream"	-0.146868255232867	0.0873820468243986	-1.68076007109344	0.0942617060907357
"log(Species):Marine"	0.126017057805829	0.0376170328740427	3.34999993826696	0.000954344699701434
"log(Species):Terr"	-0.051584903947108	0.0364359622574021	-1.4157689477963	0.158290150925695
"log(Species):Latitude"	-0.000963473922892395	0.00107457128237867	-0.896612387369636	0.370928616812306
"log(Species):Lakeweb:Latitude"	0.00442975220149953	0.00167429425835742	2.6457429328136	0.00875340768163334
"log(Species):Stream:Latitude"	0.00496787591495809	0.00189154633360155	2.62635697931815	0.00925116826792318
