"Estimate"	"Std. Error"	"t value"	"Pr(>|t|)"
"(Intercept)"	-0.306206397382651	0.135614773265523	-2.25791327898416	0.0250943600745692
"log(Species)"	0.626935005833268	0.054286806208218	11.5485704469084	1.09097167376219e-23
"log(Species):Lakeweb"	-0.081818898054117	0.064343946546008	-1.27158656635421	0.205082596397382
"log(Species):Terr"	-0.0578137585129053	0.0256450263337195	-2.25438483706638	0.0253195123396348
"log(Species):Latitude"	-0.000706791499323846	0.000912921821466404	-0.774208133384898	0.439775111941246
"log(Species):Lakeweb:Latitude"	0.00350117844597327	0.00152870553132204	2.29028964325485	0.0231086660445475
