"Estimate"	"Std. Error"	"t value"	"Pr(>|t|)"
"(Intercept)"	-0.656552879734194	0.122681313838266	-5.35169423274798	3.41462003133169e-07
"log(Species)"	0.727733348700003	0.0363709208003837	20.0086589144679	3.70432389574358e-43
"log(Species):Lakeweb"	0.0867203692360933	0.0259380302128099	3.34336757743713	0.00105848167996953
