"Estimate"	"Std. Error"	"t value"	"Pr(>|t|)"
"(Intercept)"	-1.14042714637678	0.156933782892852	-7.26693211209609	8.29065551290076e-12
"log(Species)"	0.67836792314979	0.0574708727406625	11.8036822967858	1.08352481122762e-24
"log(Species):Lakeweb"	-0.0644666818229711	0.0712067537301719	-0.905345047286647	0.366382944645537
"log(Species):Marine"	0.126909224738961	0.0299052485910404	4.24371074370479	3.3760355956332e-05
"log(Species):Terr"	-0.0499345508579335	0.0280964958157428	-1.77725191018143	0.0770619437642735
"log(Species):Latitude"	-0.00124954374568434	0.000971561414791898	-1.28611915485753	0.199903407974308
"log(Species):Lakeweb:Latitude"	0.00353186943195046	0.00165743030753224	2.13093088493663	0.034328288710348
