"Estimate"	"Std. Error"	"t value"	"Pr(>|t|)"
"(Intercept)"	-1.20168488774399	0.146253160873484	-8.21647122405448	1.8864622361312e-14
"log(Species)"	0.696618444986799	0.0540413851857865	12.890462422307	1.32044337213178e-28
"log(Species):Lakeweb"	-0.0665624457632086	0.0689156223789642	-0.96585423544729	0.335192290701037
"log(Species):Marine"	0.127877763411588	0.0288981975990691	4.42511208435044	1.52576037428492e-05
"log(Species):Terr"	-0.051432914845408	0.0270790125370669	-1.89936449030423	0.0588428421428876
"log(Species):Latitude"	-0.00125059240617654	0.000915251018988326	-1.36639280397512	0.173229891199252
"log(Species):Lakeweb:Latitude"	0.00367570480600619	0.00163931354645283	2.24222194342243	0.0259584248866616
