"Estimate"	"Std. Error"	"t value"	"Pr(>|t|)"
"(Intercept)"	-0.491340181716679	0.129149538698125	-3.80442846849913	0.00020192448444573
"log(Species)"	0.665456276628938	0.036379282725871	18.2921769415674	4.69676894693249e-41
"log(Species):Lakeweb"	0.0572004354452782	0.0249065929206712	2.2965981588676	0.0229386350370991
