"Estimate"	"Std. Error"	"t value"	"Pr(>|t|)"
"(Intercept)"	-0.851076260120192	0.14096718433168	-6.0374069621601	6.79238522213501e-09
"log(Species)"	0.656751516744464	0.0613556601437542	10.7040086473802	1.04209324613459e-21
"log(Species):Lakeweb"	-0.0875859925828731	0.0741625720260063	-1.18099993285238	0.238907542722467
"log(Species):Stream"	-0.157585019663575	0.0862569836511846	-1.82692476589298	0.0690975673455046
"log(Species):Marine"	0.124301828060693	0.0374903907613077	3.31556501643563	0.00107346421422835
"log(Species):Terr"	-0.0538882439922558	0.0359888092114013	-1.49736112900295	0.135765955329239
"log(Species):Latitude"	-0.00119496371697948	0.00107730947433355	-1.10921118346121	0.268578247585831
"log(Species):Lakeweb:Latitude"	0.0049078437613631	0.00169732366277811	2.89151908324317	0.0042275047395594
"log(Species):Stream:Latitude"	0.00519773762976122	0.00189099900014228	2.74867285988525	0.00649241058993645
