"Estimate"	"Std. Error"	"t value"	"Pr(>|t|)"
"(Intercept)"	-1.00464904642759	0.135627075861274	-7.40743719532221	4.15612113349446e-12
"log(Species)"	0.638261254527374	0.0536214361574115	11.9030988400551	9.66769363730582e-25
"log(Species):Lakeweb"	-0.0911467156283916	0.0644271109753502	-1.41472610285543	0.158794207360514
"log(Species):Terr"	-0.0592863764442451	0.025646010231995	-2.31171928529771	0.0218712597167541
"log(Species):Latitude"	-0.000921635230370601	0.000914289826383854	-1.00803399947673	0.314726935169022
"log(Species):Lakeweb:Latitude"	0.00376872215797779	0.00153352214653983	2.45755965538638	0.0148899549282335
