"Estimate"	"Std. Error"	"t value"	"Pr(>|t|)"
"(Intercept)"	-0.885599025372825	0.138769528546347	-6.38179746411007	1.10110208990231e-09
"log(Species)"	0.699195876691025	0.0603042069489449	11.5944792588514	2.39131018426315e-24
"log(Species):Lakeweb"	-0.107926385982073	0.0724039948292227	-1.49061369109033	0.137563436391201
"log(Species):Stream"	-0.169438712185882	0.0863312852225972	-1.96265712654457	0.0510065983895978
"log(Species):Marine"	0.0854934089823889	0.0353825039712843	2.41626225921641	0.016535878866536
"log(Species):Terr"	-0.0921504818911173	0.0338363751082203	-2.72341471556538	0.00700483725357097
"log(Species):Latitude"	-0.00120859681151443	0.00107130491459488	-1.12815389442274	0.260542161334546
"log(Species):Lakeweb:Latitude"	0.00456887004646271	0.00166931321190187	2.73697590954627	0.00673217614068436
"log(Species):Stream:Latitude"	0.00502848683964266	0.00190471741051301	2.64001726024456	0.00891254465678725
