"Estimate"	"Std. Error"	"t value"	"Pr(>|t|)"
"(Intercept)"	-0.359158685369369	0.136097863049151	-2.63897373054021	0.00902095146655611
"log(Species)"	0.647254539661711	0.0535459263754535	12.0878390472375	3.36336041215683e-25
"log(Species):Lakeweb"	-0.0227226862199155	0.0723134065966468	-0.314225083415848	0.753702256436178
"log(Species):Terr"	-0.059910592458729	0.0254896137035538	-2.35039232667446	0.0198014358650234
"log(Species):Latitude"	-0.000809972314152396	0.000904252463893822	-0.895736916949671	0.371551050736799
"log(Species):Lakeweb:Latitude"	0.00229456977215731	0.00166829525138438	1.37539789210167	0.170662329642231
