"Estimate"	"Std. Error"	"t value"	"Pr(>|t|)"
"(Intercept)"	-0.866131626227432	0.139154734920538	-6.22423395597732	2.5891659064883e-09
"log(Species)"	0.700655523942185	0.0600743869095638	11.6631323262101	1.46624238550078e-24
"log(Species):Lakeweb"	-0.115882794069621	0.0724108754850329	-1.6003506834215	0.111024106489367
"log(Species):Stream"	-0.175832331503192	0.0861587554702195	-2.04079469977915	0.0425223750782868
"log(Species):Marine"	0.0817206437989154	0.0347818927326985	2.34951687152119	0.0197258860407624
"log(Species):Terr"	-0.103416251914138	0.0339217427173062	-3.04867154898198	0.00259405166895483
"log(Species):Latitude"	-0.00129606633413999	0.00106334090429227	-1.218862482303	0.224263789625685
"log(Species):Lakeweb:Latitude"	0.00466252802052496	0.00166084756222078	2.80731845991364	0.00546604940884051
"log(Species):Stream:Latitude"	0.00511488358742612	0.00189547838459942	2.6984657957506	0.00753268049379063
