"Estimate"	"Std. Error"	"t value"	"Pr(>|t|)"
"(Intercept)"	-0.476617687131587	0.144550409349877	-3.29724204362479	0.0011407574904764
"log(Species)"	0.687395199522773	0.053034911092337	12.9611832162022	7.85423662814897e-29
"log(Species):Latitude"	-0.00122986221119553	0.000898126299559201	-1.36936443326417	0.172300904731807
"log(Species):Lakeweb"	-0.0715405045671092	0.0677907386334591	-1.05531383798493	0.292455335391162
"log(Species):Marine"	0.122761229661167	0.0283694963556715	4.32722626168953	2.30434070262633e-05
"log(Species):Terr"	-0.0604395190399193	0.0274288012380583	-2.20350566965564	0.0286107701949662
"log(Species):Latitude:Lakeweb"	0.00361096167606846	0.00160940658609925	2.24366030762954	0.0258641531385048
