"Estimate"	"Std. Error"	"t value"	"Pr(>|t|)"
"(Intercept)"	-0.995781429892926	0.135842679359695	-7.33040186329231	6.50989568406284e-12
"log(Species)"	0.637883150375579	0.0535370084773142	11.9148075045298	8.92253548978992e-25
"log(Species):Lakeweb"	-0.0938836441468286	0.064427642863589	-1.45719507922408	0.146721993097346
"log(Species):Terr"	-0.0677879116394029	0.026308871280294	-2.57661801288213	0.0107400556028161
"log(Species):Latitude"	-0.000937267911340524	0.00091236993053455	-1.02728934829251	0.30559717792565
"log(Species):Lakeweb:Latitude"	0.00379228787118827	0.00153119393960322	2.47668683443913	0.0141395550164903
