"Estimate"	"Std. Error"	"t value"	"Pr(>|t|)"
"(Intercept)"	-0.821722606161732	0.128545366305833	-6.39247162131621	1.79872177701056e-09
"log(Species)"	0.686298060985629	0.0561639651449623	12.2195443148335	1.62288817666286e-24
"log(Species):Lakeweb"	-0.0263046464197005	0.0827994069433073	-0.317691241891519	0.751143994068953
"log(Species):Stream"	-0.282318775404573	0.084313649853475	-3.34843499119303	0.00101885901170663
"log(Species):Latitude"	-0.00184071376064239	0.00107942461710648	-1.70527309778855	0.0901339316699065
"log(Species):Lakeweb:Latitude"	0.00318252402982237	0.00188425300109668	1.68901099160785	0.0932150872860765
"log(Species):Stream:Latitude"	0.00852827981789585	0.0018992859065902	4.49025593687825	1.37624065568825e-05
