"Estimate"	"Std. Error"	"t value"	"Pr(>|t|)"
"(Intercept)"	-0.871076432655651	0.138844323333992	-6.27376339009742	1.98185379993701e-09
"log(Species)"	0.701271180622479	0.0601006764801109	11.6682743305652	1.41346459858343e-24
"log(Species):Lakeweb"	-0.11484824444827	0.0723874496914591	-1.58657674690563	0.114113113674904
"log(Species):Stream"	-0.175194737217236	0.0861693240414794	-2.03314507994634	0.0432961340523075
"log(Species):Marine"	0.0819447998448662	0.0347904037253068	2.35538513700141	0.0194251746183455
"log(Species):Terr"	-0.102579446729191	0.0338592832086752	-3.02958116676577	0.00275629289378916
"log(Species):Latitude"	-0.00127973805929337	0.00106279848170589	-1.20412108346192	0.229898221521033
"log(Species):Lakeweb:Latitude"	0.00464462785134278	0.00166071236712264	2.79676838885117	0.00564099363518813
"log(Species):Stream:Latitude"	0.00509882780218614	0.00189560049638333	2.68982193870192	0.00772377272560936
