"Estimate"	"Std. Error"	"t value"	"Pr(>|t|)"
"(Intercept)"	-1.21462452632706	0.142581024335487	-8.51883714532099	2.99705354870775e-15
"log(Species)"	0.734289938770958	0.0534645523215159	13.734145464367	3.98789157925923e-31
"log(Species):Latitude"	-0.00156567115949533	0.00090134734131371	-1.73703420172447	0.0838335677140408
"log(Species):Lakeweb"	-0.0970766069964956	0.0674785507568234	-1.43862910373307	0.151730310015467
"log(Species):Marine"	0.0957233424636414	0.0284896505535625	3.3599338919119	0.000924468868082404
"log(Species):Terr"	-0.0870403978918444	0.0274134812313473	-3.17509466080921	0.00172084886521435
"log(Species):Latitude:Lakeweb"	0.00383524530469323	0.00159081886911367	2.41086234212827	0.0167676516090661
