"Estimate"	"Std. Error"	"t value"	"Pr(>|t|)"
"(Intercept)"	-0.613206554421323	0.136797422771866	-4.48258850200676	1.2798166359652e-05
"log(Species)"	0.549703936163351	0.0562484800724524	9.77277849028613	1.68256222764323e-18
"log(Species):Lakeweb"	-0.0671354391651044	0.0649388844167381	-1.03382495354047	0.30254604061387
"log(Species):Stream"	-0.192203135815908	0.0895081216597883	-2.14732621187666	0.0330478859167297
"log(Species):Latitude"	-0.000739136846318584	0.00103844513083992	-0.71177265352552	0.477487859351638
"log(Species):Lakeweb:Latitude"	0.00473394803707456	0.00159262702665607	2.97241473228926	0.00334124457307659
"log(Species):Stream:Latitude"	0.00677183088136026	0.00201457365635181	3.36142134094186	0.000939264032120454
