"Estimate"	"Std. Error"	"t value"	"Pr(>|t|)"
"(Intercept)"	-0.303407238415538	0.135501511344109	-2.23914283616387	0.0263124804359544
"log(Species)"	0.637810599756453	0.0534025506248286	11.9434482490788	7.33263985514018e-25
"log(Species):Lakeweb"	-0.0936777856952532	0.0642658332528816	-1.45766079662638	0.146593644176337
"log(Species):Terr"	-0.0678827506030142	0.0262427967192702	-2.58671937024028	0.0104409153284593
"log(Species):Latitude"	-0.000936689566236003	0.00091007851932161	-1.02924038569137	0.304682088308098
"log(Species):Lakeweb:Latitude"	0.00373358066022263	0.00152734835587126	2.44448533687186	0.0154230364026057
