"Estimate"	"Std. Error"	"t value"	"Pr(>|t|)"
"(Intercept)"	-0.481700615151972	0.144237408054299	-3.3396372109698	0.000987377771318373
"log(Species)"	0.688135298617314	0.053050525765877	12.9713191091488	7.29048244369617e-29
"log(Species):Latitude"	-0.00121717216906091	0.000897954118135205	-1.35549483484593	0.176669072864143
"log(Species):Lakeweb"	-0.0705173261003101	0.0677755682721724	-1.04045348343119	0.299287114327581
"log(Species):Marine"	0.123070489550226	0.0283735484698871	4.3375078616212	2.20739937212358e-05
"log(Species):Terr"	-0.0594526728697602	0.0273353519454484	-2.17493716519204	0.0307157345211711
"log(Species):Latitude:Lakeweb"	0.00359473340780644	0.00160957044453581	2.23334953745572	0.0265465703637296
