"Estimate"	"Std. Error"	"t value"	"Pr(>|t|)"
"(Intercept)"	-0.477913200838871	0.130484698772629	-3.66259956404267	0.00034081851338812
"log(Species)"	0.720764787348249	0.0534373405216888	13.4880362741052	5.02172492917197e-28
"log(Species):Lakeweb"	-0.0250407970713473	0.0838649867884153	-0.298584642176397	0.765651809716663
"log(Species):Terr"	-0.0304226906498726	0.029188652407674	-1.04227801355688	0.298885097584834
"log(Species):Latitude"	-0.00126130525610949	0.00094353302628748	-1.33678972645224	0.183225149416449
"log(Species):Lakeweb:Latitude"	0.00179893709039956	0.00186775839185935	0.963152995719496	0.336951876668927
