"Estimate"	"Std. Error"	"t value"	"Pr(>|t|)"
"(Intercept)"	-1.20273024293096	0.146598907851068	-8.20422375965335	2.03912938876876e-14
"log(Species)"	0.698014262290909	0.0539927446587203	12.9279270150638	1.00280666292293e-28
"log(Species):Lakeweb"	-0.0633867417824196	0.0685922292767461	-0.924109661557665	0.356455669577055
"log(Species):Marine"	0.126567047454853	0.028899340487457	4.37958255517235	1.84989925080008e-05
"log(Species):Terr"	-0.0590923088895215	0.0278467190533402	-2.12205641807678	0.0349667937475892
"log(Species):Latitude"	-0.00124492023415803	0.000914782270280623	-1.36089239440128	0.174959360069229
"log(Species):Lakeweb:Latitude"	0.00350913122662173	0.00161513915856685	2.1726494636756	0.0308899438946873
