"Estimate"	"Std. Error"	"t value"	"Pr(>|t|)"
"(Intercept)"	-1.18627707386006	0.130157616487672	-9.11415794074886	3.15298426278067e-16
"log(Species)"	0.666720482527944	0.0367080603729001	18.1627815731761	1.01327536480448e-40
"log(Species):Lakeweb"	0.0590115751355128	0.0250289833758088	2.35772960689043	0.0195963358767708
