"Estimate"	"Std. Error"	"t value"	"Pr(>|t|)"
"(Intercept)"	-1.2086710503817	0.142834642663962	-8.4620301338609	4.31620874398123e-15
"log(Species)"	0.733488392513723	0.0534312727831635	13.7276982992786	4.18021154216168e-31
"log(Species):Latitude"	-0.00158252757045402	0.000901218704368576	-1.75598615827974	0.0805348191588982
"log(Species):Lakeweb"	-0.0982618854338875	0.0674654201018625	-1.45647778203303	0.146740019527571
"log(Species):Marine"	0.095393717442831	0.028474984393408	3.35008848907095	0.00095622970889779
"log(Species):Terr"	-0.0883417339536641	0.0274932749048641	-3.21321247684592	0.00151725620162237
"log(Species):Latitude:Lakeweb"	0.00385399425386374	0.00159005608606049	2.42381025905342	0.0161974775209913
