"Estimate"	"Std. Error"	"t value"	"Pr(>|t|)"
"(Intercept)"	-0.603277418938114	0.135012706430576	-4.46830105763654	1.35951802085809e-05
"log(Species)"	0.546189634775373	0.0556873369784676	9.8081478557067	1.3346224326404e-18
"log(Species):Lakeweb"	-0.0671090627788952	0.0642704630333109	-1.04416647417202	0.297749134892944
"log(Species):Stream"	-0.220479102779265	0.0895929122596753	-2.4608989396419	0.0147612809752719
"log(Species):Latitude"	-0.000660284999122369	0.00102416370374592	-0.644706502200134	0.519903303538828
"log(Species):Lakeweb:Latitude"	0.00466397886445062	0.00157353534713227	2.96401277095594	0.00342958335784336
"log(Species):Stream:Latitude"	0.00724402761659503	0.0020094113677389	3.6050495846186	0.000399686484341909
