"Estimate"	"Std. Error"	"t value"	"Pr(>|t|)"
"(Intercept)"	-0.279039130216292	0.13377625890626	-2.08586435663312	0.0383334671167193
"log(Species)"	0.616001486000619	0.053213207206556	11.576101466869	9.0417227322992e-24
"log(Species):Lakeweb"	-0.080428745873116	0.0631966271072916	-1.27267465930688	0.204696884320565
"log(Species):Terr"	-0.0552877406185264	0.0252247743180817	-2.19180318211588	0.0296158193790022
"log(Species):Latitude"	-0.000678888510166893	0.000894221563870124	-0.75919496643395	0.44868175582773
"log(Species):Lakeweb:Latitude"	0.00349757948546664	0.00150243636350419	2.32793852067657	0.0209737345080666
