"Estimate"	"Std. Error"	"t value"	"Pr(>|t|)"
"(Intercept)"	-1.1864899212636	0.144922981166507	-8.18703777491581	2.27419009669688e-14
"log(Species)"	0.681042034069167	0.0538808845986226	12.6397708415978	8.30285231215338e-28
"log(Species):Lakeweb"	-0.0518171574017438	0.0677522160179917	-0.764803875757859	0.445219255598523
"log(Species):Marine"	0.129572708023973	0.0285893936047953	4.53219504460701	9.6418898161072e-06
"log(Species):Terr"	-0.0480789822510825	0.0268357465320005	-1.79160218977886	0.0745900989053285
"log(Species):Latitude"	-0.00103680054409596	0.00090266184591984	-1.14860348732191	0.251984049062413
"log(Species):Lakeweb:Latitude"	0.0033057334279347	0.00159627765704887	2.07090127042572	0.039550936299553
