"Estimate"	"Std. Error"	"t value"	"Pr(>|t|)"
"(Intercept)"	-1.13925093941188	0.128952923115092	-8.83462671408454	1.90243539662054e-15
"log(Species)"	0.698623575203481	0.0533402602602153	13.097490934527	5.85388383542606e-27
"log(Species):Lakeweb"	-0.0127882242586138	0.0825040832727204	-0.155001107234193	0.877019536685403
"log(Species):Terr"	-0.0199334046175369	0.0276476224363843	-0.72098078825413	0.471993545961633
"log(Species):Latitude"	-0.00103582588226319	0.000925504745689225	-1.11920104903602	0.264763757005164
"log(Species):Lakeweb:Latitude"	0.00162405430496371	0.00183765858242485	0.883762805831271	0.378175583960374
