"Estimate"	"Std. Error"	"t value"	"Pr(>|t|)"
"(Intercept)"	-0.971292961674153	0.134110144279444	-7.24250180247573	1.08302585380143e-11
"log(Species)"	0.616033696754536	0.0533460193489475	11.5478850019704	1.0960837917846e-23
"log(Species):Lakeweb"	-0.0806365447488428	0.063354356360585	-1.27278610944913	0.204657407016171
"log(Species):Terr"	-0.0552025133139456	0.0252877315517159	-2.18297608866383	0.0302700253167216
"log(Species):Latitude"	-0.000679461754713618	0.000896453406074435	-0.757944305983484	0.449428345770068
"log(Species):Lakeweb:Latitude"	0.00355638927079612	0.00150618621814966	2.36118829660061	0.019234369174936
