"Estimate"	"Std. Error"	"t value"	"Pr(>|t|)"
"(Intercept)"	-0.446617699867165	0.128492531529058	-3.47582613987307	0.000658703249569925
"log(Species)"	0.698465865130504	0.0531498232664083	13.1414522608949	4.43895198159238e-27
"log(Species):Lakeweb"	-0.013657241517698	0.0822095247250378	-0.166127240893032	0.868270562076338
"log(Species):Terr"	-0.0200655124240432	0.0275489140671898	-0.728359469092134	0.46747854577934
"log(Species):Latitude"	-0.00103488393500914	0.00092220048094317	-1.12218975851187	0.263495055992484
"log(Species):Lakeweb:Latitude"	0.0015920560026897	0.00183109771874752	0.86945441872904	0.385925909896447
