"Estimate"	"Std. Error"	"t value"	"Pr(>|t|)"
"(Intercept)"	-0.849132704995946	0.140508916910126	-6.04326560668801	6.58481103193395e-09
"log(Species)"	0.656967985426162	0.0610741873541822	10.756884600302	7.17921796609407e-22
"log(Species):Lakeweb"	-0.0820995535967037	0.0734416964113654	-1.11788748910215	0.264862603551224
"log(Species):Stream"	-0.175733474556662	0.0863997239883259	-2.03395874945627	0.0431839480545573
"log(Species):Marine"	0.118349609218101	0.0366699862864529	3.22742441989466	0.00144436259168339
"log(Species):Terr"	-0.0591733016261528	0.0352436945032908	-1.67897555747533	0.0946095065483863
"log(Species):Latitude"	-0.00107483643110758	0.00106136783647589	-1.01268984622372	0.312346627014009
"log(Species):Lakeweb:Latitude"	0.00454563748782836	0.00166003527876572	2.7382776414295	0.00669395644200129
"log(Species):Stream:Latitude"	0.00539670787232611	0.00188453375464747	2.8636833163732	0.00460211824004544
