"Estimate"	"Std. Error"	"t value"	"Pr(>|t|)"
"(Intercept)"	-0.603277418938117	0.135012706430576	-4.46830105763656	1.35951802085797e-05
"log(Species)"	0.546189634775373	0.0556873369784676	9.80814785570671	1.33462243264031e-18
"log(Species):Lakeweb"	-0.0671090627788948	0.0642704630333108	-1.04416647417201	0.297749134892946
"log(Species):Stream"	-0.220479102779265	0.0895929122596753	-2.4608989396419	0.014761280975272
"log(Species):Latitude"	-0.000660284999122368	0.00102416370374592	-0.644706502200134	0.519903303538829
"log(Species):Lakeweb:Latitude"	0.00466397886445062	0.00157353534713226	2.96401277095594	0.00342958335784336
"log(Species):Stream:Latitude"	0.00724402761659503	0.0020094113677389	3.60504958461861	0.000399686484341909
