"Estimate"	"Std. Error"	"t value"	"Pr(>|t|)"
"(Intercept)"	-0.830983531370718	0.14057721345177	-5.91122494867075	1.31891149021078e-08
"log(Species)"	0.65268660057234	0.0610033946832418	10.6991849217801	1.07809849011601e-21
"log(Species):Lakeweb"	-0.0904912828759902	0.0737005590710503	-1.22782356086	0.220855737625826
"log(Species):Stream"	-0.176076409349523	0.0862403492246198	-2.04169406701866	0.0424030303690264
"log(Species):Marine"	0.117276814930863	0.0366066564906346	3.20370189943098	0.00156281232659513
"log(Species):Terr"	-0.0595542687460277	0.0351791819914324	-1.69288384137334	0.0919260354703067
"log(Species):Latitude"	-0.00108249048096978	0.00105941540107573	-1.0217809556767	0.308032912185335
"log(Species):Lakeweb:Latitude"	0.00480935707356865	0.00167917031066921	2.86412702928981	0.00459591658058801
"log(Species):Stream:Latitude"	0.00540430745830264	0.00188105763763269	2.87301534529477	0.00447328154214516
