"Estimate"	"Std. Error"	"t value"	"Pr(>|t|)"
"(Intercept)"	-0.478180629988925	0.142415639172649	-3.35764128691816	0.00092824948917371
"log(Species)"	0.674349226585708	0.0529486804476113	12.7359024037044	4.10459800634033e-28
"log(Species):Latitude"	-0.00100586435246621	0.000887044709601564	-1.13395000452459	0.258066669817436
"log(Species):Lakeweb"	-0.0538145995495233	0.066580021138812	-0.808269487288473	0.41982066159887
"log(Species):Marine"	0.126735510620225	0.0280947626871365	4.51100128630921	1.0565635331615e-05
"log(Species):Terr"	-0.0481026269439668	0.0263714558192742	-1.82404139057086	0.0695212096517517
"log(Species):Latitude:Lakeweb"	0.00322847115968371	0.00156866013240813	2.05810748484283	0.0407746398113428
