"Estimate"	"Std. Error"	"t value"	"Pr(>|t|)"
"(Intercept)"	-0.313249994379334	0.122671467128952	-2.5535685005711	0.0116213407273996
"log(Species)"	0.601997759994548	0.0351886804235521	17.1077105690961	1.28566655650411e-37
"log(Species):Lakeweb"	0.0632186303378625	0.0229071315681651	2.75977942282916	0.00647689288416065
