"Estimate"	"Std. Error"	"t value"	"Pr(>|t|)"
"(Intercept)"	-0.135952208023354	0.128646591776475	-1.05678826112683	0.291986261629674
"log(Species)"	0.537978264480311	0.0521235642901808	10.3212102204925	5.16388639075564e-20
"log(Species):Lakeweb"	-0.0526693619433972	0.0596492112009878	-0.882985053497657	0.378390286859805
"log(Species):Terr"	-0.036729791254767	0.0239699806527247	-1.53232460997384	0.127150613875038
"log(Species):Latitude"	-0.000128272673542496	0.000847101852723132	-0.151425325219329	0.879805209115387
"log(Species):Lakeweb:Latitude"	0.00307497021774622	0.0014149262894917	2.17323703756391	0.0310333356402068
