"Estimate"	"Std. Error"	"t value"	"Pr(>|t|)"
"(Intercept)"	-0.504126664536595	0.132106805214495	-3.81605371288838	0.000185067210573089
"log(Species)"	0.520336590569475	0.053976847672698	9.63999590573842	4.64311756842106e-18
"log(Species):Lakeweb"	-0.0760858782124567	0.0619359034832768	-1.22846158582317	0.220842691676246
"log(Species):Stream"	-0.338743976382406	0.0905445731289783	-3.74118475217586	0.00024457758914796
"log(Species):Latitude"	-0.000724096176585325	0.00098650269403629	-0.734003242933555	0.463881038739949
"log(Species):Lakeweb:Latitude"	0.00481649100550035	0.00151592155452272	3.1772692928143	0.00174389483211357
"log(Species):Stream:Latitude"	0.00953425851932564	0.00200693151623818	4.75066460523614	4.07085749141863e-06
