"Estimate"	"Std. Error"	"t value"	"Pr(>|t|)"
"(Intercept)"	-1.06728993806801	0.141410944685193	-7.54743517514852	1.27712513762273e-12
"log(Species)"	0.617317686742234	0.0534043302723528	11.5593189464978	2.62648224139798e-24
"log(Species):Lakeweb"	-0.0338835554992086	0.0656593950491347	-0.516050375941671	0.606354507341105
"log(Species):Marine"	0.137380157468331	0.027516863401543	4.99258056645467	1.23795464551404e-06
"log(Species):Terr"	-0.0333437113507211	0.0259649245295195	-1.28418287188983	0.200473016079904
"log(Species):Latitude"	-0.000600887752722888	0.00087179546137817	-0.689253132578804	0.491414136572499
"log(Species):Lakeweb:Latitude"	0.00311955247523441	0.00155760865104085	2.00278322359715	0.046468293178945
