"Estimate"	"Std. Error"	"t value"	"Pr(>|t|)"
"(Intercept)"	-0.827833816424889	0.128963527487098	-6.41913130445126	1.12088006578095e-09
"log(Species)"	0.537803502337082	0.0522519767001825	10.2925006152964	6.24248654106419e-20
"log(Species):Lakeweb"	-0.0528009431228286	0.0597961639097928	-0.883015559367369	0.378373848000323
"log(Species):Terr"	-0.0365943890994705	0.0240290334635834	-1.5229238893412	0.12948526137396
"log(Species):Latitude"	-0.000127357560238413	0.000849188785800453	-0.149975555928196	0.880947282832492
"log(Species):Lakeweb:Latitude"	0.00313262463859408	0.00141841212353399	2.20854333280028	0.0284349013193947
