"Estimate"	"Std. Error"	"t value"	"Pr(>|t|)"
"(Intercept)"	-0.605955815922873	0.138529063645145	-4.37421433436585	2.03218986249951e-05
"log(Species)"	0.546888012877141	0.0567898309204245	9.63003418065211	4.77115068284878e-18
"log(Species):Lakeweb"	-0.0666171233492605	0.065289532874019	-1.02033389452798	0.308902573231345
"log(Species):Stream"	-0.19105170095762	0.0900211283389178	-2.12229844796363	0.0351431402530075
"log(Species):Latitude"	-0.000658561243550948	0.00104023677376392	-0.63308783169437	0.527458095539189
"log(Species):Lakeweb:Latitude"	0.00440844183334117	0.00161497366509453	2.72972985790646	0.00695087267639717
"log(Species):Stream:Latitude"	0.0066872322851534	0.00202430114949806	3.30347699837624	0.0011464403663508
