"Estimate"	"Std. Error"	"t value"	"Pr(>|t|)"
"(Intercept)"	-0.518117534971399	0.131733074683141	-3.93308617609991	0.000125568211849192
"log(Species)"	0.673518601020525	0.0369772700254485	18.2143949663401	1.47901389294328e-40
"log(Species):Lakeweb"	0.0698071017052064	0.0274956458099647	2.53884204748912	0.0120949418997939
