"Estimate"	"Std. Error"	"t value"	"Pr(>|t|)"
"(Intercept)"	-1.02480647582839	0.137838503261408	-7.43483461863239	3.71443010471054e-12
"log(Species)"	0.640563557864351	0.0541387771044009	11.8318808093706	1.9205133047636e-24
"log(Species):Lakeweb"	-0.0868880918373064	0.0646236576587768	-1.34452451292821	0.180416216172316
"log(Species):Terr"	-0.0599529445686581	0.0257407495618559	-2.32910640090682	0.0209275608946797
"log(Species):Latitude"	-0.000819986341116151	0.000913167205259625	-0.897958595526893	0.370368505446642
"log(Species):Lakeweb:Latitude"	0.00391037991710209	0.0015561093090399	2.51292110032729	0.0128233426328872
