"Estimate"	"Std. Error"	"t value"	"Pr(>|t|)"
"(Intercept)"	-0.47720546525031	0.144915849241771	-3.29298325716024	0.00115894986924058
"log(Species)"	0.670556474912915	0.0549684893153684	12.1989249343521	2.3394633204515e-26
"log(Species):Latitude"	-0.000916294445047816	0.000912033096686281	-1.00467236153712	0.316184012417896
"log(Species):Lakeweb"	-0.0544978785910233	0.0683290513673071	-0.797579909284362	0.42599429821397
"log(Species):Marine"	0.126399909985458	0.0285154570386096	4.43268048673791	1.48347327394384e-05
"log(Species):Terr"	-0.0479598240487588	0.0268648746013865	-1.78522419182569	0.0756346413548054
"log(Species):Latitude:Lakeweb"	0.00329698475758013	0.00161981099989584	2.03541324129305	0.0430361827479877
