"Estimate"	"Std. Error"	"t value"	"Pr(>|t|)"
"(Intercept)"	-0.832918487696438	0.142232668701013	-5.85602798079612	1.77764385888826e-08
"log(Species)"	0.621470778031984	0.0678464742720263	9.15995686880109	4.41938707814219e-17
"log(Species):Lakeweb"	-0.0586042202437747	0.0777169336145445	-0.754072729302936	0.451638364133241
"log(Species):Stream"	-0.126815095753944	0.0898261866697486	-1.41178313869861	0.159472998174955
"log(Species):Marine"	0.136816901799843	0.0394914308512874	3.46447061680429	0.000642259281357364
"log(Species):Terr"	-0.0386810064005063	0.0388378711744869	-0.995961035730414	0.320399167248323
"log(Species):Latitude"	-0.00079475564729391	0.00109075451362191	-0.728629253758371	0.467028812485311
"log(Species):Lakeweb:Latitude"	0.00452027531682018	0.00170619804638928	2.6493262762703	0.00866979462687473
"log(Species):Stream:Latitude"	0.0047953577692005	0.00190172633067083	2.52158141361431	0.0124146851030984
