"Estimate"	"Std. Error"	"t value"	"Pr(>|t|)"
"(Intercept)"	-0.889107970361933	0.139771703870617	-6.36114424980434	1.21394871167645e-09
"log(Species)"	0.666398139062883	0.0609046091379422	10.9416700721872	2.21730289146489e-22
"log(Species):Lakeweb"	-0.0782311947009647	0.0733045936500883	-1.06720726226781	0.287092036577856
"log(Species):Stream"	-0.0134091936311766	0.101525476720177	-0.132077130434312	0.895048550856504
"log(Species):Marine"	0.120712539740502	0.0365993488360768	3.29821550326363	0.0011410512272879
"log(Species):Terr"	-0.0583341856406433	0.0351812589214209	-1.65810398573103	0.098775355024275
"log(Species):Latitude"	-0.00105797766493541	0.00105950199221588	-0.998561279458022	0.319145649485993
"log(Species):Lakeweb:Latitude"	0.00451715586931297	0.00165711398569077	2.72591741323696	0.00694857768017015
"log(Species):Stream:Latitude"	0.00154189733878865	0.00229595248030483	0.67157197373002	0.502587353719305
