"Estimate"	"Std. Error"	"t value"	"Pr(>|t|)"
"(Intercept)"	-1.00928087107144	0.136109587798917	-7.41520775569838	4.1644647261378e-12
"log(Species)"	0.658063404959062	0.0556316825569588	11.8289322686816	1.95939566202833e-24
"log(Species):Lakeweb"	-0.109321790167479	0.0662930980467211	-1.6490674502862	0.100821731876013
"log(Species):Terr"	-0.0599051017652001	0.0257624666421165	-2.32528595174451	0.0211355308289129
"log(Species):Latitude"	-0.00139826434387924	0.000992359455663835	-1.40903010083567	0.160495863410502
"log(Species):Lakeweb:Latitude"	0.00424120760852034	0.00158610731544625	2.67397266705569	0.00816306332106368
