"Estimate"	"Std. Error"	"t value"	"Pr(>|t|)"
"(Intercept)"	-0.984281148217583	0.135416671054504	-7.26853747439572	9.45520035570634e-12
"log(Species)"	0.631357999307568	0.0534866043729681	11.804039660193	2.03339501354524e-24
"log(Species):Lakeweb"	-0.0977477830682178	0.0640885503937527	-1.5251988454672	0.128890002231865
"log(Species):Terr"	-0.0622809538183839	0.0257665098173984	-2.41712805730211	0.0165986688181171
"log(Species):Latitude"	-0.000858386062172455	0.000904516713033806	-0.948999669993243	0.343839092403696
"log(Species):Lakeweb:Latitude"	0.00363877056585633	0.00152082636512807	2.39262722510068	0.0177131845471356
