"Estimate"	"Std. Error"	"t value"	"Pr(>|t|)"
"(Intercept)"	-0.29208271398724	0.135085438929765	-2.16220723936873	0.0318655477790386
"log(Species)"	0.631323951307038	0.0533557749745374	11.8323452636255	1.67604108415092e-24
"log(Species):Lakeweb"	-0.0974933104698075	0.0639317884046041	-1.5249582860533	0.128949975605404
"log(Species):Terr"	-0.0623669851539938	0.0257034843735776	-2.42640197132592	0.016193284545772
"log(Species):Latitude"	-0.000857608559076574	0.000902304245466944	-0.950464949472514	0.343096334855242
"log(Species):Lakeweb:Latitude"	0.00358004637224837	0.00151710639073822	2.35978596761847	0.019310549472636
