"Estimate"	"Std. Error"	"t value"	"Pr(>|t|)"
"(Intercept)"	-0.646642413055504	0.137916373987101	-4.6886558452877	5.3069682475351e-06
"log(Species)"	0.557496831747019	0.0566680327203087	9.8379422221803	1.18669041543833e-18
"log(Species):Lakeweb"	-0.0631829247397134	0.0652502579997555	-0.968316856922621	0.334143567332127
"log(Species):Stream"	-0.185571421782664	0.0904513416848844	-2.05161602167451	0.0416085591472061
"log(Species):Latitude"	-0.000632376272133766	0.00103958354644879	-0.608297692180645	0.543732145025296
"log(Species):Lakeweb:Latitude"	0.00459727550813856	0.00159733136962897	2.87809755417652	0.00446918418614027
"log(Species):Stream:Latitude"	0.00650010958111939	0.00204154131987251	3.1839226166264	0.00170352011373691
