"Estimate"	"Std. Error"	"t value"	"Pr(>|t|)"
"(Intercept)"	-0.33323891445425	0.136158210441839	-2.44743900035756	0.0153060605925778
"log(Species)"	0.642269514193899	0.0538466826494636	11.9277452684506	8.73360194562871e-25
"log(Species):Lakeweb"	-0.0876573740245947	0.0643537314738439	-1.36211796918447	0.174790440945276
"log(Species):Terr"	-0.0591752968959908	0.0256567406346418	-2.30642300745295	0.0221773616138998
"log(Species):Latitude"	-0.000883618877299101	0.000911621465631348	-0.969282658002296	0.33364951546514
"log(Species):Lakeweb:Latitude"	0.00365382234368254	0.0015313577280991	2.38600183134093	0.0180257031475453
