"Estimate"	"Std. Error"	"t value"	"Pr(>|t|)"
"(Intercept)"	-0.518523837299333	0.144828657761393	-3.58025714878616	0.000423929697135016
"log(Species)"	0.694837404812363	0.0534247736103549	13.0059026525793	6.06635599234632e-29
"log(Species):Latitude"	-0.00119128268531373	0.000897820327027769	-1.32686089794544	0.185955667050867
"log(Species):Lakeweb"	-0.0644453853113598	0.0677367525168718	-0.951409433088895	0.342459948517168
"log(Species):Marine"	0.126789387240542	0.0284967470753375	4.44925825763009	1.37956751110639e-05
"log(Species):Terr"	-0.0505792365243907	0.0266588476773192	-1.89727767443686	0.0591252174915724
"log(Species):Latitude:Lakeweb"	0.00354321127961229	0.0016107430164709	2.19973716687307	0.0288859846659794
