"Estimate"	"Std. Error"	"t value"	"Pr(>|t|)"
"(Intercept)"	-1.04052176343672	0.136185725462105	-7.64046128847956	1.09129815507601e-12
"log(Species)"	0.648186463266821	0.0538547774907519	12.0358210258715	4.47001067169205e-25
"log(Species):Lakeweb"	-0.088470490260193	0.0642239842857471	-1.37753039217511	0.169994759978264
"log(Species):Terr"	-0.0580919774160129	0.0256119505915081	-2.2681590458508	0.0244626223640361
"log(Species):Latitude"	-0.000958958338796544	0.000910897577753557	-1.0527619813871	0.293808521524804
"log(Species):Lakeweb:Latitude"	0.00377395328097819	0.00152869863751854	2.46873594857404	0.0144569119045189
