"Estimate"	"Std. Error"	"t value"	"Pr(>|t|)"
"(Intercept)"	-0.635538163523054	0.137436523860417	-4.62423048598434	7.00011365306885e-06
"log(Species)"	0.554601456358616	0.0565852283528515	9.80117024358828	1.45166476458152e-18
"log(Species):Lakeweb"	-0.0641882705808294	0.0652354884786382	-0.983947113415855	0.326412858309501
"log(Species):Stream"	-0.191244417872233	0.0902568403105677	-2.11889112464135	0.0354197059032515
"log(Species):Latitude"	-0.000639522715363436	0.00103945101865133	-0.615250458066997	0.539137337624412
"log(Species):Lakeweb:Latitude"	0.0046143558912498	0.00159707201924221	2.88925974261276	0.00431768781236963
"log(Species):Stream:Latitude"	0.00666446312911502	0.00203443988768218	3.27582209209817	0.00125560785935619
