"Estimate"	"Std. Error"	"t value"	"Pr(>|t|)"
"(Intercept)"	-0.577780800735011	0.13897196631076	-4.15753490486718	4.92639416506535e-05
"log(Species)"	0.518659382790512	0.0595763363552661	8.70579519522043	1.77333358265913e-15
"log(Species):Lakeweb"	-0.0524317359931639	0.0665354243600986	-0.788027377858091	0.431694709729975
"log(Species):Stream"	-0.169290961934325	0.0904658934890953	-1.87132360500845	0.0628875501203327
"log(Species):Latitude"	-0.000355892082067758	0.0010472094283204	-0.339848049915448	0.734358584321038
"log(Species):Lakeweb:Latitude"	0.00453343373621403	0.00165337932398646	2.74191993963216	0.00671126698713403
"log(Species):Stream:Latitude"	0.00636893052275999	0.00202082441290121	3.15164963472328	0.00189565284510804
