"Estimate"	"Std. Error"	"t value"	"Pr(>|t|)"
"(Intercept)"	-0.471098636408551	0.131590190308005	-3.5800437350678	0.000458273508623626
"log(Species)"	0.659359327381103	0.0374314362000319	17.6151223227855	6.31121128215595e-39
"log(Species):Lakeweb"	0.0533470839807762	0.0254465215078272	2.09643915237558	0.0376570388414079
