"Estimate"	"Std. Error"	"t value"	"Pr(>|t|)"
"(Intercept)"	-0.839426609287815	0.14283390667324	-5.87694216897787	1.61327224996938e-08
"log(Species)"	0.634888971864889	0.0698856562529673	9.08468212084554	7.65543920682758e-17
"log(Species):Lakeweb"	-0.0744598310110981	0.0802561512860978	-0.927777245954183	0.354583193009317
"log(Species):Stream"	-0.138616520165578	0.0912229757332215	-1.51953517248722	0.130124849453868
"log(Species):Marine"	0.129379792950208	0.0406482316153294	3.18291319963392	0.00167821238630857
"log(Species):Terr"	-0.0468327562528274	0.0402008888622065	-1.16496817802592	0.245347233989245
"log(Species):Latitude"	-0.000887157136391973	0.00109969925237479	-0.806727052397431	0.420732124580526
"log(Species):Lakeweb:Latitude"	0.0047777341017089	0.00178309103370381	2.67946729101355	0.00795562298648536
"log(Species):Stream:Latitude"	0.00488853767311491	0.00191054798112236	2.55870971125421	0.0112066150038047
