"Estimate"	"Std. Error"	"t value"	"Pr(>|t|)"
"(Intercept)"	-0.648564139309284	0.138772595127445	-4.67357505791153	5.63154522876145e-06
"log(Species)"	0.55799791188595	0.0566949987865261	9.84210113465179	1.06824362111633e-18
"log(Species):Lakeweb"	-0.0638359699263174	0.0650146644063014	-0.981870328936593	0.327425611540231
"log(Species):Stream"	-0.192380380960258	0.0896617466798468	-2.14562383718875	0.0331855271869437
"log(Species):Latitude"	-0.000631139492688627	0.00103611426815896	-0.609140817846354	0.54316650083408
"log(Species):Lakeweb:Latitude"	0.00472317014113993	0.00159906165041779	2.95371359816296	0.00354079143300586
"log(Species):Stream:Latitude"	0.00668345129936297	0.00201619323776573	3.31488627884166	0.00110005705032684
