"Estimate"	"Std. Error"	"t value"	"Pr(>|t|)"
"(Intercept)"	-0.315640745008201	0.13807318018744	-2.28603950875692	0.0233612358238194
"log(Species)"	0.636223149586506	0.0540587754489516	11.7691002858047	2.41912635728993e-24
"log(Species):Lakeweb"	-0.0875733602094085	0.0643666922184729	-1.36053845849601	0.175279920720298
"log(Species):Terr"	-0.0601035010853431	0.0256441909105141	-2.34374721725771	0.0201302248953866
"log(Species):Latitude"	-0.000824911792842872	0.000909752335571867	-0.906743253727769	0.36569716468375
"log(Species):Lakeweb:Latitude"	0.00357665051678196	0.00153983518718148	2.32274891920652	0.0212573273742183
