"Estimate"	"Std. Error"	"t value"	"Pr(>|t|)"
"(Intercept)"	-1.19005704818975	0.132978447444361	-8.94924757403016	8.5548455657027e-16
"log(Species)"	0.668078716277417	0.037312599564522	17.9049094427784	4.71750108165454e-40
"log(Species):Lakeweb"	0.0589757295584002	0.0262807349086767	2.24406698531589	0.0261998319953281
