"Estimate"	"Std. Error"	"t value"	"Pr(>|t|)"
"(Intercept)"	-0.746498730739846	0.150599881127464	-4.95683479396659	1.65375687063798e-06
"log(Species)"	0.617952119026888	0.0663578498974154	9.3124192538215	4.54407050386583e-17
"log(Species):Lakeweb"	-0.077226779942531	0.0783185304252255	-0.986060125531379	0.325434582558444
"log(Species):Stream"	-0.144765122986404	0.0886216336906484	-1.63351900611239	0.104117548704702
"log(Species):Terr"	-0.0600458245852943	0.0342596357348907	-1.75266967372167	0.0813708238861373
"log(Species):Latitude"	-0.000760182541036737	0.00127084866600918	-0.598169208788584	0.550483131500115
"log(Species):Lakeweb:Latitude"	0.00426082453858069	0.00177466130930065	2.40092265281863	0.0173781650279624
"log(Species):Stream:Latitude"	0.00475044828273047	0.00196267841845397	2.4203905428748	0.0165033885348863
