"Estimate"	"Std. Error"	"t value"	"Pr(>|t|)"
"(Intercept)"	-0.817757170825586	0.133730958062105	-6.11494288738901	9.76309049344624e-09
"log(Species)"	0.770782709232303	0.0371230999522729	20.7628864567683	7.43897112722468e-44
"log(Species):Lakeweb"	0.10070045850422	0.0271624542956082	3.70734019129125	0.00030476943119617
