"Estimate"	"Std. Error"	"t value"	"Pr(>|t|)"
"(Intercept)"	-0.853012692752578	0.13043789008154	-6.53960817841609	8.471538134411e-10
"log(Species)"	0.693557432144618	0.0564533962375778	12.2854864076885	1.17854265016509e-24
"log(Species):Lakeweb"	-0.0313575548544679	0.0832542551935725	-0.376648073801864	0.706950263812822
"log(Species):Stream"	-0.282417037693751	0.0841472448842387	-3.35622441450427	0.000993878595638173
"log(Species):Latitude"	-0.00175362125831677	0.0010720605670988	-1.63574830763751	0.10392132568309
"log(Species):Lakeweb:Latitude"	0.00330870921757743	0.00188219233303409	1.75790176142297	0.0807381789731774
"log(Species):Stream:Latitude"	0.00846037239164216	0.00189304545036478	4.4691860884861	1.50778248729365e-05
