"Estimate"	"Std. Error"	"t value"	"Pr(>|t|)"
"(Intercept)"	-0.302072138694906	0.137731512595033	-2.193195536762	0.0295268773691794
"log(Species)"	0.632783635037412	0.0538746201716584	11.7454867063786	3.23560435702861e-24
"log(Species):Lakeweb"	-0.0924788004491768	0.0642185558760063	-1.44006353284766	0.151521474018378
"log(Species):Terr"	-0.0601636487207147	0.0255395913188844	-2.35570130976327	0.0195233979650876
"log(Species):Latitude"	-0.000829569823604312	0.000906044699438514	-0.915594809084371	0.361058630268739
"log(Species):Lakeweb:Latitude"	0.00340690615991125	0.00154093420434129	2.21093551581433	0.0282527045108634
