"Estimate"	"Std. Error"	"t value"	"Pr(>|t|)"
"(Intercept)"	-0.498447538494684	0.147061835713035	-3.38937383773255	0.000833291375934491
"log(Species)"	0.688355533229896	0.0536709759366842	12.8254707729174	2.43743082833673e-28
"log(Species):Latitude"	-0.00112407808123367	0.000896266998681877	-1.25417769803734	0.21113927339935
"log(Species):Lakeweb"	-0.0645716246234881	0.0674703645914099	-0.957036841501063	0.339623559174012
"log(Species):Marine"	0.12411867499592	0.0284788405298551	4.358276976403	2.03110769442291e-05
"log(Species):Terr"	-0.0521135997519668	0.0266436870328611	-1.95594549987366	0.0517668376800919
"log(Species):Latitude:Lakeweb"	0.00321558046842516	0.00160232157959496	2.00682591395793	0.0460205868533362
