"Estimate"	"Std. Error"	"t value"	"Pr(>|t|)"
"(Intercept)"	-0.481724466026038	0.132106930458725	-3.64647384019377	0.0003598108979186
"log(Species)"	0.663694288489368	0.0370617484937993	17.9077975395686	5.77330109422809e-40
"log(Species):Lakeweb"	0.0480195032909817	0.026560385087585	1.80793701343687	0.072506247776521
