"Estimate"	"Std. Error"	"t value"	"Pr(>|t|)"
"(Intercept)"	-0.995046265617751	0.13809097796525	-7.20572973180153	1.37759039571146e-11
"log(Species)"	0.633019623458701	0.0540152275019667	11.7192808904795	3.86734589549315e-24
"log(Species):Lakeweb"	-0.0927094539689145	0.0643861598362608	-1.43989724196446	0.151568468529242
"log(Species):Terr"	-0.0600848672017569	0.0256062470788892	-2.34649251866718	0.0199979960939575
"log(Species):Latitude"	-0.000830202863832438	0.00090840938481211	-0.913908285969714	0.361941883398706
"log(Species):Lakeweb:Latitude"	0.00347321000410898	0.00154495588735201	2.24809655249246	0.025737576072165
