"Estimate"	"Std. Error"	"t value"	"Pr(>|t|)"
"(Intercept)"	-0.638234483317848	0.138130721442232	-4.62051074991863	7.11366745314332e-06
"log(Species)"	0.554696449719841	0.0565859205673445	9.80272909158881	1.4369392793614e-18
"log(Species):Lakeweb"	-0.0633360957579834	0.0653163726954388	-0.969681768050882	0.333457657887634
"log(Species):Stream"	-0.191450207300256	0.0899706624128619	-2.12791816983318	0.0346536332750777
"log(Species):Latitude"	-0.000638369917118282	0.00103957708463899	-0.614066937941369	0.539917419519722
"log(Species):Lakeweb:Latitude"	0.0046107909463157	0.00159734566139837	2.88653298890814	0.00435364266164943
"log(Species):Stream:Latitude"	0.00668495042645074	0.00202308863620865	3.30432898826352	0.00114100262189878
