"Estimate"	"Std. Error"	"t value"	"Pr(>|t|)"
"(Intercept)"	-0.584526970444313	0.136870622360528	-4.27065326629862	3.09778210850594e-05
"log(Species)"	0.541761125677072	0.056077890137888	9.66086855880195	3.62668397089912e-18
"log(Species):Lakeweb"	-0.0748276295403777	0.0646678691914484	-1.15710677460009	0.248704656798227
"log(Species):Stream"	-0.190844045823415	0.0889471381688782	-2.1455895012729	0.0331951981619623
"log(Species):Latitude"	-0.000746139189359312	0.00103110158619012	-0.723633053573575	0.470195275156051
"log(Species):Lakeweb:Latitude"	0.0046922373825397	0.00158205277745115	2.96591709797406	0.00341153583721358
"log(Species):Stream:Latitude"	0.00676292066898285	0.00200151963886825	3.37889298593489	0.000885667237548134
