"Estimate"	"Std. Error"	"t value"	"Pr(>|t|)"
"(Intercept)"	-1.15506137696429	0.147633367759075	-7.82385035644013	2.32075978492617e-13
"log(Species)"	0.686918033377249	0.0541152746800795	12.693607071907	6.8266972150036e-28
"log(Species):Lakeweb"	-0.0787224678990287	0.0690251265782928	-1.14049001865627	0.25535697735971
"log(Species):Marine"	0.127426853090367	0.0288547325923603	4.41615089249189	1.59450499613405e-05
"log(Species):Terr"	-0.0505205201417388	0.0270367062816686	-1.86859004256715	0.0630463058032148
"log(Species):Latitude"	-0.00135466921771824	0.000919192498914713	-1.47376008759611	0.142015641806026
"log(Species):Lakeweb:Latitude"	0.00375053875756075	0.00163891017730881	2.28843460092448	0.0230885399468728
