"Estimate"	"Std. Error"	"t value"	"Pr(>|t|)"
"(Intercept)"	-0.969997829619789	0.135679185626543	-7.14920144265686	1.87824680341963e-11
"log(Species)"	0.626167288540131	0.0534336508867902	11.7185945213961	3.64277969026465e-24
"log(Species):Lakeweb"	-0.0976099962922456	0.0639706760789471	-1.52585531801765	0.128726449552857
"log(Species):Terr"	-0.0589724410373191	0.0254561795245167	-2.31662575212919	0.0216020083039436
"log(Species):Latitude"	-0.000857960410192628	0.0009023374893864	-0.950819865387673	0.342916581779954
"log(Species):Lakeweb:Latitude"	0.00365064868158241	0.00151824218385093	2.40452328384314	0.0171640455108858
