"Estimate"	"Std. Error"	"t value"	"Pr(>|t|)"
"(Intercept)"	-0.343751335687753	0.135905320230082	-2.52934421629556	0.0122534014331281
"log(Species)"	0.637175268093521	0.0535125570333347	11.9070233869894	1.076433631855e-24
"log(Species):Lakeweb"	-0.0788703052296847	0.0643676742689238	-1.22530922742633	0.221999788531577
"log(Species):Terr"	-0.0568041599034217	0.0256438481905949	-2.2151183972558	0.0279593222029208
"log(Species):Latitude"	-0.000735537279185756	0.000908813106713855	-0.809338326826469	0.419349155422329
"log(Species):Lakeweb:Latitude"	0.00349633625945438	0.00152791790496214	2.28830112409803	0.0232384576129174
