"Estimate"	"Std. Error"	"t value"	"Pr(>|t|)"
"(Intercept)"	-1.03603699339077	0.13625184411604	-7.60383831949034	1.35507945807462e-12
"log(Species)"	0.637249672363105	0.0536490003983139	11.8781276003631	1.31083600875394e-24
"log(Species):Lakeweb"	-0.0791091176390559	0.0645317954128205	-1.22589364100258	0.221780271161994
"log(Species):Terr"	-0.0567351818677244	0.0257092334596255	-2.20680176858726	0.0285452639835721
"log(Species):Latitude"	-0.000736571084454671	0.000911130348222984	-0.808414609272139	0.419879200540977
"log(Species):Lakeweb:Latitude"	0.00355557813352286	0.00153181370572224	2.32115571249993	0.0213565615269734
