"Estimate"	"Std. Error"	"t value"	"Pr(>|t|)"
"(Intercept)"	-1.21398951422236	0.129845882711226	-9.34946483380025	8.1918602799258e-17
"log(Species)"	0.672082309589079	0.0363974344428496	18.465101177512	2.69200771956117e-41
"log(Species):Lakeweb"	0.0625879805197498	0.0249977320887325	2.50374635177248	0.0133040623464791
