"Estimate"	"Std. Error"	"t value"	"Pr(>|t|)"
"(Intercept)"	-0.329750400283511	0.136742143501744	-2.41147602223528	0.016850115148124
"log(Species)"	0.639250768183855	0.0537817604970274	11.8860141854075	1.16161646901701e-24
"log(Species):Lakeweb"	-0.0858640796982069	0.0644127182282235	-1.33302990558445	0.184135135494333
"log(Species):Terr"	-0.0593565296734396	0.0256705590880768	-2.31224140735637	0.0218476257944123
"log(Species):Latitude"	-0.000823666970730784	0.000909803504749337	-0.905324024837335	0.366452504726566
"log(Species):Lakeweb:Latitude"	0.00359699128647436	0.00153090294631222	2.34958806182922	0.0198317428195121
