"Estimate"	"Std. Error"	"t value"	"Pr(>|t|)"
"(Intercept)"	-1.20813811794934	0.146197604549272	-8.2637340172162	1.39634446854894e-14
"log(Species)"	0.693588862824561	0.0540747576269739	12.8264812134559	2.11205797555035e-28
"log(Species):Lakeweb"	-0.0612942255613174	0.0689015975012915	-0.889590775600935	0.374670788982078
"log(Species):Marine"	0.128098012631987	0.0289171580321402	4.42982718044461	1.49549519168238e-05
"log(Species):Terr"	-0.0509171966291759	0.0271085846713476	-1.8782683510214	0.0616854761139259
"log(Species):Latitude"	-0.00113745003560999	0.000911273423609208	-1.24819840691171	0.213303501436371
"log(Species):Lakeweb:Latitude"	0.00355807034197952	0.00163719955136527	2.17326613546432	0.0308429002125113
