"Estimate"	"Std. Error"	"t value"	"Pr(>|t|)"
"(Intercept)"	-0.510643105028321	0.14340475152854	-3.56085206093532	0.000454217211144318
"log(Species)"	0.689290209377429	0.0531131198505344	12.9777767022001	6.95257964052555e-29
"log(Species):Latitude"	-0.00110017117216907	0.000895929030947146	-1.22796687479365	0.220789681448817
"log(Species):Lakeweb"	-0.0579563386791013	0.0673090401974697	-0.861048360057882	0.390161807463731
"log(Species):Marine"	0.125980916582761	0.0284244493807795	4.43213217238074	1.4809105189069e-05
"log(Species):Terr"	-0.0506242306938299	0.0266514929123591	-1.89948949052508	0.0588263307982395
"log(Species):Latitude:Lakeweb"	0.00331333947908833	0.00158573428424891	2.08946701348372	0.0378310549057507
