"Estimate"	"Std. Error"	"t value"	"Pr(>|t|)"
"(Intercept)"	-0.495104376061137	0.128891742144306	-3.84124202081793	0.000176111672366614
"log(Species)"	0.666452693769891	0.0362625395175027	18.3785444328359	2.81438088916716e-41
"log(Species):Lakeweb"	0.0574181027941957	0.0248970614049368	2.30622007394055	0.0223814910657505
