"Estimate"	"Std. Error"	"t value"	"Pr(>|t|)"
"(Intercept)"	-1.23192804928595	0.142155872309046	-8.66603700062245	1.15865592859967e-15
"log(Species)"	0.732759538168106	0.0536050499256475	13.6695990244291	6.39010804609997e-31
"log(Species):Latitude"	-0.00145088664004874	0.000899644776217923	-1.6127328012154	0.108290165913016
"log(Species):Lakeweb"	-0.0897715854773467	0.0674858808623446	-1.33022766140461	0.184872495754593
"log(Species):Marine"	0.0977232507083133	0.0285612882671828	3.42152811155224	0.000747071414861101
"log(Species):Terr"	-0.0782836241579445	0.026761386148717	-2.92524549075712	0.0038163797799102
"log(Species):Latitude:Lakeweb"	0.00371496020395609	0.00159166776430184	2.33400480130073	0.0205315996134088
