"Estimate"	"Std. Error"	"t value"	"Pr(>|t|)"
"(Intercept)"	-0.888761298150005	0.138480419161232	-6.41795644130181	9.03196357300162e-10
"log(Species)"	0.695404429716513	0.0605009324858563	11.4941109358783	4.88353987872327e-24
"log(Species):Lakeweb"	-0.103079609028485	0.0725460197297107	-1.42088579652661	0.156833109469631
"log(Species):Stream"	-0.164845793713733	0.0864338638891118	-1.90718991719747	0.0578606968403624
"log(Species):Marine"	0.0866383143376473	0.0352469068081846	2.4580402135466	0.0147796692508968
"log(Species):Terr"	-0.090698831593851	0.0337921942586835	-2.68401722893577	0.00785454345792976
"log(Species):Latitude"	-0.00112383165478097	0.00105915095921123	-1.06106843883511	0.289877578359557
"log(Species):Lakeweb:Latitude"	0.00448309964134629	0.00166046746891797	2.69990212109826	0.0075013441601621
"log(Species):Stream:Latitude"	0.00494389594381862	0.00189678840894966	2.60645621857015	0.0098039205276963
