"Estimate"	"Std. Error"	"t value"	"Pr(>|t|)"
"(Intercept)"	-0.874465642765506	0.140621979508328	-6.21855591723992	2.57803672119817e-09
"log(Species)"	0.655890331581169	0.0616597401593709	10.6372542259487	1.66679627764682e-21
"log(Species):Lakeweb"	-0.0725944287311148	0.0741315828712594	-0.979264517488934	0.32854990687188
"log(Species):Stream"	-0.150913365517422	0.0865726628916739	-1.7431988398723	0.0827284472549512
"log(Species):Marine"	0.126359912265011	0.0373844975367802	3.38000830800772	0.000860710573508752
"log(Species):Terr"	-0.052066532930017	0.0359831061334137	-1.44697160764752	0.149361283602306
"log(Species):Latitude"	-0.0010514824280538	0.00106700938673335	-0.985448151747674	0.32551166071809
"log(Species):Lakeweb:Latitude"	0.00451491790527387	0.00166878955551178	2.70550465177692	0.00736698495332583
"log(Species):Stream:Latitude"	0.00505705386724015	0.00188603977664089	2.68130817275072	0.00790248084857577
