"Estimate"	"Std. Error"	"t value"	"Pr(>|t|)"
"(Intercept)"	-0.829885704843866	0.126748892531864	-6.54747894254962	8.01320135261633e-10
"log(Species)"	0.685057001864842	0.0559785226257207	12.2378542650226	1.44649303730675e-24
"log(Species):Lakeweb"	-0.0222164299611465	0.0825493486559782	-0.269129076399292	0.788185976445822
"log(Species):Stream"	-0.279209493956947	0.084122284064566	-3.31909073869947	0.00112422146407159
"log(Species):Latitude"	-0.00176512486320808	0.00107106262200354	-1.64801275569325	0.101362686439543
"log(Species):Lakeweb:Latitude"	0.00310183827026776	0.00187533652733052	1.65401687913749	0.100134867374973
"log(Species):Stream:Latitude"	0.00845769600949332	0.00189177321999427	4.47077689868078	1.49209782119422e-05
