"Estimate"	"Std. Error"	"t value"	"Pr(>|t|)"
"(Intercept)"	-0.624202855786343	0.135574782409969	-4.60412212869203	7.6123351052188e-06
"log(Species)"	0.549221363060919	0.0561097707425257	9.78833732151864	1.51958743954297e-18
"log(Species):Lakeweb"	-0.0627900650642462	0.0647788478119542	-0.969298886675458	0.33364144207412
"log(Species):Stream"	-0.189196238277293	0.0893495625453589	-2.11748365506821	0.0355333943023931
"log(Species):Latitude"	-0.000650733916454967	0.00103217517785144	-0.630449104394785	0.529166382756573
"log(Species):Lakeweb:Latitude"	0.00463570773852065	0.00158578182901405	2.92329477719068	0.00388883462216261
"log(Species):Stream:Latitude"	0.00668952912977752	0.00200879241167232	3.33012465146086	0.00104477434619917
