"Estimate"	"Std. Error"	"t value"	"Pr(>|t|)"
"(Intercept)"	-1.18792043882257	0.129326331702363	-9.1854491129966	2.04455106954103e-16
"log(Species)"	0.666620494473326	0.036384807404962	18.3213968141663	3.94919828354642e-41
"log(Species):Lakeweb"	0.0596416059375581	0.0249810078450491	2.38747797156544	0.0181310486298333
