"Estimate"	"Std. Error"	"t value"	"Pr(>|t|)"
"(Intercept)"	-0.32009373276633	0.13610156398782	-2.35187402251289	0.0197194289231403
"log(Species)"	0.636800120201511	0.0539066368239615	11.813018910474	2.04286425833563e-24
"log(Species):Lakeweb"	-0.086805643668645	0.0646691419921155	-1.34230393344678	0.181124804104242
"log(Species):Terr"	-0.059270896516304	0.0258233318344572	-2.29524589995844	0.0228289868672147
"log(Species):Latitude"	-0.000830322811689219	0.000914770847861916	-0.90768394470585	0.365213448405286
"log(Species):Lakeweb:Latitude"	0.00361228605024261	0.00153831583516888	2.3482083247528	0.0199088057544514
