"Estimate"	"Std. Error"	"t value"	"Pr(>|t|)"
"(Intercept)"	-0.480729538400627	0.13092986978696	-3.6716567364104	0.000329267668380633
"log(Species)"	0.661435313151611	0.0371228745144521	17.8174594991051	1.23045639637045e-39
"log(Species):Lakeweb"	0.0577990948918551	0.0250335151783143	2.30886851008142	0.0222465769485477
