"Estimate"	"Std. Error"	"t value"	"Pr(>|t|)"
"(Intercept)"	-0.985952465418077	0.137065049314846	-7.19331784686619	1.47933343495626e-11
"log(Species)"	0.631789157935508	0.0538849384304026	11.7247820325808	3.72524680284435e-24
"log(Species):Lakeweb"	-0.0912423884521971	0.0646179718534803	-1.41202804475335	0.159603596823106
"log(Species):Terr"	-0.0571861751429593	0.0257550155418796	-2.22038985183178	0.0275933618780653
"log(Species):Latitude"	-0.000940027032527912	0.000918375742132981	-1.02357563402605	0.307358056619521
"log(Species):Lakeweb:Latitude"	0.00380384005325797	0.0015387223185559	2.47207700011	0.0143268332363878
