"Estimate"	"Std. Error"	"t value"	"Pr(>|t|)"
"(Intercept)"	-1.17354305584513	0.131392896390997	-8.93155633279376	1.02558094274371e-15
"log(Species)"	0.661626310235199	0.0372541576093373	17.7597979042578	1.7333186348364e-39
"log(Species):Lakeweb"	0.05999858070122	0.0251220448892122	2.38828411324845	0.0181076447133326
