"Estimate"	"Std. Error"	"t value"	"Pr(>|t|)"
"(Intercept)"	-1.19159355068595	0.148792375904568	-8.00843150357524	7.13196627609359e-14
"log(Species)"	0.692443415985675	0.0544078007856595	12.7269142657239	4.68462658220007e-28
"log(Species):Lakeweb"	-0.0658881211055263	0.0692191664240388	-0.951876835700298	0.342223368955672
"log(Species):Marine"	0.125393524529578	0.029097530196287	4.30942157920946	2.48647603751175e-05
"log(Species):Terr"	-0.0531094538752666	0.0272154895805097	-1.95144216377797	0.0522973357802431
"log(Species):Latitude"	-0.0011685791243045	0.000914194099745248	-1.27826150336142	0.20252910236793
"log(Species):Lakeweb:Latitude"	0.00360071610372603	0.0016428065163447	2.19180778010166	0.0294620130905044
