"Estimate"	"Std. Error"	"t value"	"Pr(>|t|)"
"(Intercept)"	-1.20040854092601	0.148330852480713	-8.09277719941704	4.19762063587997e-14
"log(Species)"	0.69561353155029	0.0542024584812425	12.8336158735497	2.14498591282127e-28
"log(Species):Lakeweb"	-0.066000299506484	0.0695270594983393	-0.94927500145552	0.343541646100858
"log(Species):Marine"	0.126106095819193	0.0290881002153936	4.33531564060196	2.23189680834822e-05
"log(Species):Terr"	-0.0528802026183363	0.0272445927908307	-1.94094303498393	0.0535663553075416
"log(Species):Latitude"	-0.00119490116401811	0.000920159368247826	-1.29858066466622	0.19547254090505
"log(Species):Lakeweb:Latitude"	0.00362090202885077	0.00164657670479654	2.19904849759075	0.0289356228040218
