"Estimate"	"Std. Error"	"t value"	"Pr(>|t|)"
"(Intercept)"	-0.825012556825848	0.12834273991183	-6.42819809981168	1.51460746808513e-09
"log(Species)"	0.691408893260585	0.0562740150005159	12.2864681550489	1.17131654845515e-24
"log(Species):Lakeweb"	-0.0302679968940588	0.0834689277729688	-0.362625922024375	0.717378329519461
"log(Species):Stream"	-0.28667666329845	0.0848341479371863	-3.37926024212224	0.000919488064808447
"log(Species):Latitude"	-0.00186765077832563	0.00108758119835088	-1.71725180718238	0.0879304903711843
"log(Species):Lakeweb:Latitude"	0.00320740687352456	0.00189200982302959	1.6952379604397	0.0920382058859847
"log(Species):Stream:Latitude"	0.00855723402251082	0.00190682183216819	4.48769459115152	1.39643281276167e-05
