"Estimate"	"Std. Error"	"t value"	"Pr(>|t|)"
"(Intercept)"	-1.18189775554692	0.13075901522982	-9.0387477564712	5.1755546917699e-16
"log(Species)"	0.666310891106025	0.03663007626686	18.1902676437737	1.07896735675376e-40
"log(Species):Lakeweb"	0.0580086830473782	0.0250999644299103	2.31110618540368	0.0221112392029648
