"Estimate"	"Std. Error"	"t value"	"Pr(>|t|)"
"(Intercept)"	-0.310551157828996	0.136699229360555	-2.27178426156224	0.0242321255888525
"log(Species)"	0.638248488849538	0.0536632204388895	11.8935927368795	1.10299013657414e-24
"log(Species):Lakeweb"	-0.0916061456178528	0.064824769225423	-1.41313492839904	0.159269559162647
"log(Species):Terr"	-0.0610854780346725	0.0257174366126107	-2.37525531625959	0.0185429722977132
"log(Species):Latitude"	-0.000889293976119939	0.000917303591486161	-0.969465272319666	0.333558676377387
"log(Species):Lakeweb:Latitude"	0.00367979406945725	0.00153677775838626	2.39448680811292	0.0176263329953777
