"Estimate"	"Std. Error"	"t value"	"Pr(>|t|)"
"(Intercept)"	-1.00282944281208	0.137038015821131	-7.31789231479405	7.10606807837909e-12
"log(Species)"	0.638325981661947	0.0537962158668859	11.8656297915346	1.33520846815016e-24
"log(Species):Lakeweb"	-0.0918506364726882	0.0649854267084699	-1.41340360639221	0.159190696245375
"log(Species):Terr"	-0.0610151370065163	0.0257811730313588	-2.36665480396493	0.018966333936744
"log(Species):Latitude"	-0.000890499206125279	0.000919576976921372	-0.968379187902852	0.334099171421097
"log(Species):Lakeweb:Latitude"	0.00373921396394936	0.00154058640822204	2.42713679933391	0.0161615416870754
