"Estimate"	"Std. Error"	"t value"	"Pr(>|t|)"
"(Intercept)"	-0.489078368608536	0.130299701528104	-3.753488019334	0.000244095265207085
"log(Species)"	0.666111457352347	0.0365014067759289	18.2489256220015	7.62512865146823e-41
"log(Species):Lakeweb"	0.0558157407907887	0.0250117964549912	2.23157664389399	0.0270411342495814
