"Estimate"	"Std. Error"	"t value"	"Pr(>|t|)"
"(Intercept)"	-1.19850894080834	0.146619451853974	-8.17428332771288	2.46580534734396e-14
"log(Species)"	0.692849217431377	0.0541509186579046	12.7947823343204	2.66515019316424e-28
"log(Species):Lakeweb"	-0.0638949603424737	0.0689010084880367	-0.927344341462982	0.354778052438682
"log(Species):Marine"	0.127618197823621	0.0289163634112766	4.4133557186466	1.60380419033518e-05
"log(Species):Terr"	-0.0512162117849666	0.0271135576323787	-1.8889521057836	0.0602318858774547
"log(Species):Latitude"	-0.00117949415804067	0.000911801425307287	-1.29358665747114	0.197183475985334
"log(Species):Lakeweb:Latitude"	0.00360681733448997	0.00163814734493071	2.20176612662552	0.0287352690741042
