"Estimate"	"Std. Error"	"t value"	"Pr(>|t|)"
"(Intercept)"	-1.2102701091515	0.146382045508205	-8.26788630360859	1.35986582688733e-14
"log(Species)"	0.695669782757383	0.0541360156906273	12.8504060352898	1.77191538472301e-28
"log(Species):Lakeweb"	-0.0585339860808963	0.0685079794044148	-0.854411217346812	0.39381944454221
"log(Species):Marine"	0.128310956928334	0.0289307203743627	4.43511102620308	1.46226421814869e-05
"log(Species):Terr"	-0.0509767926096769	0.0271318686589174	-1.87885299204861	0.0616051826980283
"log(Species):Latitude"	-0.00117555719068256	0.000912436711471191	-1.28837121074087	0.198988776492163
"log(Species):Lakeweb:Latitude"	0.00343757595875533	0.00161488431681296	2.12868248391906	0.0344078117951493
