"Estimate"	"Std. Error"	"t value"	"Pr(>|t|)"
"(Intercept)"	-0.489954450569821	0.144064657312081	-3.40093441175135	0.000799317976459632
"log(Species)"	0.685873789693654	0.0532073571476386	12.8905818003797	1.31928632673394e-28
"log(Species):Latitude"	-0.00114474013064531	0.000895913592722934	-1.27773497348793	0.202708098808201
"log(Species):Lakeweb"	-0.0653925457061667	0.0677004316328489	-0.965910321824855	0.335164286904254
"log(Species):Marine"	0.124823914058143	0.0284125055228424	4.39327372792908	1.74605813142186e-05
"log(Species):Terr"	-0.0511683679216071	0.0266411130271465	-1.92065428608287	0.0560859806424294
"log(Species):Latitude:Lakeweb"	0.00351655587466628	0.00160960317945522	2.18473467221684	0.0299792264563413
