"Estimate"	"Std. Error"	"t value"	"Pr(>|t|)"
"(Intercept)"	-0.86793327810535	0.141261542104767	-6.14415831211616	3.84653409995055e-09
"log(Species)"	0.658399341437658	0.0619537260832045	10.6272759212807	1.78788818376048e-21
"log(Species):Lakeweb"	-0.0772765506984139	0.0740983012223128	-1.04289233928003	0.298169381473397
"log(Species):Stream"	-0.155045167339742	0.0866444453502384	-1.78944151252871	0.0749512285196279
"log(Species):Marine"	0.123744625308541	0.0376528599463799	3.28646019146386	0.0011847984460235
"log(Species):Terr"	-0.0546419975652	0.0362770117665864	-1.50624306976489	0.133472587489711
"log(Species):Latitude"	-0.0010968967200468	0.00107063770701098	-1.02452651617243	0.306737989638311
"log(Species):Lakeweb:Latitude"	0.00456223148947172	0.00167307209875881	2.72685886810035	0.00692186097207469
"log(Species):Stream:Latitude"	0.00510168684478382	0.00189046374636536	2.69864304702612	0.00751540881385659
