"Estimate"	"Std. Error"	"t value"	"Pr(>|t|)"
"(Intercept)"	-0.82491327950503	0.128169599040153	-6.43610720235305	1.43405781081136e-09
"log(Species)"	0.686668418343652	0.0561722249733219	12.2243407425961	1.57470082451598e-24
"log(Species):Lakeweb"	-0.0255621483075735	0.082797857515022	-0.308729586426023	0.757939141499993
"log(Species):Stream"	-0.281958909178427	0.0843372947162651	-3.3432292336032	0.00103685056252466
"log(Species):Latitude"	-0.00182039475162911	0.00107786569167464	-1.6888882962782	0.0932386545364099
"log(Species):Lakeweb:Latitude"	0.00316021283343822	0.00188350977966384	1.67783192185083	0.0953822522725812
"log(Species):Stream:Latitude"	0.00850991712532273	0.00189899079463473	4.48128403221649	1.42848485759957e-05
