"Estimate"	"Std. Error"	"t value"	"Pr(>|t|)"
"(Intercept)"	-0.992898074109691	0.137360749358506	-7.22839733145507	1.19186428003918e-11
"log(Species)"	0.633780363048103	0.0538961091709793	11.759297151442	2.75959313164264e-24
"log(Species):Lakeweb"	-0.0907937273499592	0.0646154901193229	-1.40513872420211	0.161630283230926
"log(Species):Terr"	-0.0609932925578736	0.0257364854658514	-2.36991537320832	0.0188048394391521
"log(Species):Latitude"	-0.000841743749621401	0.000912228405812436	-0.922733543768284	0.35732878011344
"log(Species):Lakeweb:Latitude"	0.00369934317987137	0.00153499554504132	2.4100025513571	0.0169162178995942
