"Estimate"	"Std. Error"	"t value"	"Pr(>|t|)"
"(Intercept)"	-1.16986185191559	0.131212719924744	-8.91576557963707	1.08633087585255e-15
"log(Species)"	0.6633736627039	0.0367368744360815	18.0574333795899	2.37167845916113e-40
"log(Species):Lakeweb"	0.0570639110576032	0.0251006498635461	2.27340373129055	0.0243403602398963
