"Estimate"	"Std. Error"	"t value"	"Pr(>|t|)"
"(Intercept)"	-0.300623414070312	0.137021636573112	-2.19398499090256	0.0294625413979871
"log(Species)"	0.633717028985879	0.0537630518035127	11.7872220368352	2.28076060851312e-24
"log(Species):Lakeweb"	-0.0905621218684079	0.0644559690120466	-1.40502304528976	0.161664629550074
"log(Species):Terr"	-0.0610657685997217	0.0256729478736838	-2.37860369211116	0.0183804158432744
"log(Species):Latitude"	-0.000840832062830784	0.000909976319120602	-0.924015323435407	0.356662790049619
"log(Species):Lakeweb:Latitude"	0.0036402135856938	0.00153120598639901	2.37735067523777	0.0184410993124863
