"Estimate"	"Std. Error"	"t value"	"Pr(>|t|)"
"(Intercept)"	-0.501513525545095	0.142625842251052	-3.51628791549799	0.000533712528596756
"log(Species)"	0.68105282514397	0.0529265580366555	12.8678842986973	1.78757901013553e-28
"log(Species):Latitude"	-0.000937267323151649	0.00089443135557933	-1.04789184469564	0.295865001548386
"log(Species):Lakeweb"	-0.0440923466618663	0.0678996742119542	-0.649374936972872	0.51678918081875
"log(Species):Marine"	0.137447064354747	0.0287726580579418	4.77700266961639	3.29233354917959e-06
"log(Species):Terr"	-0.051032025072949	0.0264478559011023	-1.92953354191642	0.0549807688319102
"log(Species):Latitude:Lakeweb"	0.00296636047417528	0.00159815443027274	1.85611629138309	0.0648052895194221
