"Estimate"	"Std. Error"	"t value"	"Pr(>|t|)"
"(Intercept)"	-0.996164610888512	0.13608101847556	-7.32037885994674	7.1112143379455e-12
"log(Species)"	0.630577019317083	0.0539589839530314	11.6862285595661	4.84253450506521e-24
"log(Species):Lakeweb"	-0.0786275626036973	0.0652708071465931	-1.20463597802776	0.22986624926988
"log(Species):Terr"	-0.0611889599022312	0.0256978968854724	-2.38108823359871	0.018266003059068
"log(Species):Latitude"	-0.000727864235301765	0.00091539973678273	-0.795132668335608	0.427544390643275
"log(Species):Lakeweb:Latitude"	0.00341595535158956	0.00155068162591581	2.20287342965848	0.0288257198967402
