"Estimate"	"Std. Error"	"t value"	"Pr(>|t|)"
"(Intercept)"	-0.618173807538192	0.135974410398267	-4.5462510609722	9.8182306404498e-06
"log(Species)"	0.544520843618323	0.0564316297200231	9.64921350526078	4.05950934416714e-18
"log(Species):Lakeweb"	-0.0526584868501157	0.0657523798620108	-0.800860546198112	0.424234183634527
"log(Species):Stream"	-0.185879754549482	0.0896207827126453	-2.07406975171681	0.0394501081318347
"log(Species):Latitude"	-0.000424780894805522	0.0010459993978035	-0.406100515638463	0.685135565819097
"log(Species):Lakeweb:Latitude"	0.0042542405109399	0.00161016757192376	2.64211041454344	0.00894088065622375
"log(Species):Stream:Latitude"	0.00646023095624427	0.0020191265495561	3.19951761204097	0.00161857142192105
