"Estimate"	"Std. Error"	"t value"	"Pr(>|t|)"
"(Intercept)"	-1.21553446288109	0.14699869542019	-8.26901530932999	1.37431955286292e-14
"log(Species)"	0.700890312802411	0.0549061746113864	12.7652366562259	3.53893906185242e-28
"log(Species):Lakeweb"	-0.0690378032525566	0.0692832820342167	-0.996456882895085	0.320143175511191
"log(Species):Marine"	0.125611967848505	0.0290555369192286	4.32316801433383	2.34805035286337e-05
"log(Species):Terr"	-0.0524646270865467	0.0271411868929116	-1.9330262634995	0.0545402841766018
"log(Species):Latitude"	-0.00123634308447303	0.000923618396974857	-1.33858646441262	0.18211253412503
"log(Species):Lakeweb:Latitude"	0.00366742546590983	0.00164600223602351	2.22808048837757	0.026906085419542
