"Estimate"	"Std. Error"	"t value"	"Pr(>|t|)"
"(Intercept)"	-0.336999475189224	0.13601775527971	-2.47761385633964	0.0141087797451947
"log(Species)"	0.647336997026883	0.054362634814753	11.9077561128661	1.00122937513154e-24
"log(Species):Lakeweb"	-0.0944098597145028	0.0644460156477575	-1.46494486533533	0.144606274117464
"log(Species):Terr"	-0.0602048190260669	0.025593674508164	-2.3523319797969	0.0196903034134848
"log(Species):Latitude"	-0.000963889224277659	0.000918919589438815	-1.04893750808633	0.295553456562083
"log(Species):Lakeweb:Latitude"	0.00373892667394945	0.00153303701887509	2.43890175378347	0.0156607769920426
