"Estimate"	"Std. Error"	"t value"	"Pr(>|t|)"
"(Intercept)"	-0.850619411616369	0.142655696363386	-5.96274409855736	1.02521486538928e-08
"log(Species)"	0.647444983418299	0.0628179486008086	10.3066877833378	1.87891990076096e-20
"log(Species):Lakeweb"	-0.0720819710915565	0.0745019735445394	-0.967517606073399	0.334387791867493
"log(Species):Stream"	-0.148391978176915	0.0871132781285898	-1.70343696580756	0.0899517176529542
"log(Species):Marine"	0.142361233188885	0.0406993919324832	3.49787125628438	0.000571320235525842
"log(Species):Terr"	-0.0368324722532002	0.0391724789621368	-0.940264012619717	0.348152260995952
"log(Species):Latitude"	-0.00140338070166025	0.00110909045025607	-1.26534377907252	0.207137076943049
"log(Species):Lakeweb:Latitude"	0.00487374949679707	0.00170171527184745	2.86402171821961	0.00460339004829821
"log(Species):Stream:Latitude"	0.00540609997230921	0.00191614691559803	2.82133897369866	0.00523676827119434
