"Estimate"	"Std. Error"	"t value"	"Pr(>|t|)"
"(Intercept)"	-0.976740011225834	0.137251544261171	-7.11642274397459	2.32910301860513e-11
"log(Species)"	0.632510288481098	0.0538606362758805	11.7434611288531	3.50212249133201e-24
"log(Species):Lakeweb"	-0.0951996868755574	0.0646852129935435	-1.47173801352497	0.142781561869508
"log(Species):Terr"	-0.0563455517854267	0.025752938001826	-2.18792713209777	0.0299214514106712
"log(Species):Latitude"	-0.00104787500918903	0.00092317146579564	-1.13508167010547	0.257801696394171
"log(Species):Lakeweb:Latitude"	0.00391992955635812	0.00154156976066073	2.54281684578323	0.0118107842822037
