"Estimate"	"Std. Error"	"t value"	"Pr(>|t|)"
"(Intercept)"	-1.18136310206085	0.147409989820435	-8.01413190177891	7.10843711506326e-14
"log(Species)"	0.692771451603269	0.0542434502199771	12.7715226224332	3.86892867194873e-28
"log(Species):Lakeweb"	-0.0697651191382346	0.0691754573283609	-1.00852414761893	0.314341861621686
"log(Species):Marine"	0.130315430602782	0.029001464776117	4.49340857811079	1.14699710151631e-05
"log(Species):Terr"	-0.0487474369999492	0.02719264196168	-1.79267012998018	0.0744380443686429
"log(Species):Latitude"	-0.00136660103903562	0.000923997600258222	-1.47900929467101	0.140608291230917
"log(Species):Lakeweb:Latitude"	0.00380585943360901	0.00164710171052266	2.31064020472745	0.0218051991767275
