"Estimate"	"Std. Error"	"t value"	"Pr(>|t|)"
"(Intercept)"	-0.485074425897775	0.144688167584067	-3.35255075793213	0.000946743945674703
"log(Species)"	0.688838909979287	0.0533147057012691	12.9202421905686	1.30723626657409e-28
"log(Species):Latitude"	-0.00132409635830561	0.00090905492287466	-1.45656365197219	0.1467025082148
"log(Species):Lakeweb"	-0.0660109340322008	0.0676106426395501	-0.976339396507769	0.329998678268197
"log(Species):Marine"	0.127986764734232	0.0285270562580201	4.48650444604672	1.18147002373979e-05
"log(Species):Terr"	-0.0486888945549478	0.0267524767989859	-1.81997707803987	0.070159578364883
"log(Species):Latitude:Lakeweb"	0.00354469878678542	0.00159607291197826	2.22088775530432	0.0274067751286961
