"Estimate"	"Std. Error"	"t value"	"Pr(>|t|)"
"(Intercept)"	-0.565586471455615	0.139424583090705	-4.05657638644444	7.33508752468636e-05
"log(Species)"	0.547395238246211	0.0562688732330589	9.72820685388466	2.52255494928212e-18
"log(Species):Lakeweb"	-0.0815548117072	0.0654995821771037	-1.24511957170482	0.214662641048278
"log(Species):Stream"	-0.200826162584468	0.0896012841025633	-2.24133130005804	0.0261931656501336
"log(Species):Latitude"	-0.00122242688082733	0.00107651361863889	-1.13554242107306	0.257617096401328
"log(Species):Lakeweb:Latitude"	0.00525983933337537	0.0016210691526752	3.24467301391506	0.00139549713573846
"log(Species):Stream:Latitude"	0.00722869943047312	0.00203057673960765	3.55992427642495	0.000471547686308828
