"Estimate"	"Std. Error"	"t value"	"Pr(>|t|)"
"(Intercept)"	-0.289566514671209	0.134759103443037	-2.14877145419425	0.0329246239001784
"log(Species)"	0.629613576537531	0.0531670600126503	11.8421740150334	1.46726522756965e-24
"log(Species):Lakeweb"	-0.0966730764476502	0.0637965332764407	-1.51533432120441	0.131358402321096
"log(Species):Terr"	-0.0602190843119983	0.0253590289604353	-2.37466049689643	0.0185666058058331
"log(Species):Latitude"	-0.000833862938169539	0.000899610951912729	-0.926915058555703	0.355152770375527
"log(Species):Lakeweb:Latitude"	0.00355846822605489	0.00151380265336045	2.35068172073523	0.0197697323006726
