"Estimate"	"Std. Error"	"t value"	"Pr(>|t|)"
"(Intercept)"	-0.981777405285104	0.135087934403115	-7.26769129769493	9.36337162209582e-12
"log(Species)"	0.629656091706784	0.0532967950356788	11.8141455088485	1.77754856438359e-24
"log(Species):Lakeweb"	-0.0969316095946506	0.0639522056930045	-1.51568829478627	0.131268869690034
"log(Species):Terr"	-0.0601436861072993	0.0254209085190451	-2.36591410815393	0.0189977582950946
"log(Species):Latitude"	-0.000834757993384554	0.000901806127789209	-0.925651276545409	0.355807652894896
"log(Species):Lakeweb:Latitude"	0.0036172992417511	0.00151749654243477	2.38372816055797	0.0181287502573052
