"Estimate"	"Std. Error"	"t value"	"Pr(>|t|)"
"(Intercept)"	-0.602340249556764	0.135800014624629	-4.43549473261635	1.56098671477337e-05
"log(Species)"	0.545945272726988	0.0559405308532186	9.75938669869766	1.83669385538246e-18
"log(Species):Lakeweb"	-0.0727100796297663	0.0646462921782388	-1.12473704492277	0.262134429895523
"log(Species):Stream"	-0.190938954659548	0.088962246267505	-2.14629196845372	0.0331314482510726
"log(Species):Latitude"	-0.000660888140087528	0.00102795932296229	-0.642912735285123	0.521064067268604
"log(Species):Lakeweb:Latitude"	0.0045916418286432	0.00157931333972355	2.90736595022172	0.00408333078403841
"log(Species):Stream:Latitude"	0.00668755312399351	0.00200052646020068	3.34289661098642	0.0010004470031299
