"Estimate"	"Std. Error"	"t value"	"Pr(>|t|)"
"(Intercept)"	-0.981777405285104	0.135087934403115	-7.26769129769492	9.36337162209631e-12
"log(Species)"	0.629656091706783	0.0532967950356788	11.8141455088485	1.77754856438379e-24
"log(Species):Lakeweb"	-0.0969316095946505	0.0639522056930045	-1.51568829478627	0.131268869690035
"log(Species):Terr"	-0.0601436861072994	0.0254209085190451	-2.36591410815394	0.0189977582950945
"log(Species):Latitude"	-0.000834757993384551	0.000901806127789209	-0.925651276545407	0.355807652894898
"log(Species):Lakeweb:Latitude"	0.0036172992417511	0.00151749654243476	2.38372816055797	0.0181287502573052
