"Estimate"	"Std. Error"	"t value"	"Pr(>|t|)"
"(Intercept)"	-0.84759025720575	0.141129457010217	-6.00576431853197	8.02920937378478e-09
"log(Species)"	0.656604122434759	0.0612420996399879	10.7214502163481	9.21618184368833e-22
"log(Species):Lakeweb"	-0.0877525709258927	0.0737565300288713	-1.18976002384525	0.235452898888338
"log(Species):Stream"	-0.158303629904553	0.0860343192052542	-1.84000560900452	0.0671459443484268
"log(Species):Marine"	0.118258435415268	0.0367497020182849	3.21794270213205	0.00149066946129766
"log(Species):Terr"	-0.0592056789621309	0.0353166152038432	-1.67642563196962	0.0951082816709255
"log(Species):Latitude"	-0.00107548692751804	0.00106355408958897	-1.01121977532302	0.31304791959893
"log(Species):Lakeweb:Latitude"	0.00451186719851275	0.00166344821318684	2.71235807808461	0.00722138630021262
"log(Species):Stream:Latitude"	0.00507784389106484	0.00187998723700594	2.70099912973441	0.00746414254277745
