"Estimate"	"Std. Error"	"t value"	"Pr(>|t|)"
"(Intercept)"	-0.470999102151639	0.144015833642939	-3.27046749123014	0.00124875687223684
"log(Species)"	0.681779951271456	0.0530317049932375	12.8560820618231	1.69960287903602e-28
"log(Species):Latitude"	-0.00113298163839455	0.000891478665688561	-1.2709015728598	0.205124385496167
"log(Species):Lakeweb"	-0.0730678199788601	0.067568243712188	-1.08139291425271	0.280722664790584
"log(Species):Marine"	0.122482646100271	0.0282866343187276	4.33005371795608	2.27728250445215e-05
"log(Species):Terr"	-0.0526902197565256	0.0264970175892943	-1.98853397666213	0.0480091435015459
"log(Species):Latitude:Lakeweb"	0.00346164551068097	0.00160199859938287	2.16082929911081	0.031803724118884
