"Estimate"	"Std. Error"	"t value"	"Pr(>|t|)"
"(Intercept)"	-1.17755226522501	0.146454894834199	-8.04037493289731	5.74294621304919e-14
"log(Species)"	0.688291668590437	0.0539298532751553	12.7627209567715	3.37178664312052e-28
"log(Species):Lakeweb"	-0.0722371554474359	0.0687125837255827	-1.05129441407602	0.294292702959591
"log(Species):Marine"	0.125115024075924	0.0287656985316893	4.34945196752629	2.09968881962472e-05
"log(Species):Terr"	-0.0528196363882594	0.0269457727410814	-1.96021976789446	0.051249977744898
"log(Species):Latitude"	-0.00116775486997984	0.000906576804284268	-1.28809259674558	0.199085558459663
"log(Species):Lakeweb:Latitude"	0.00354858491944604	0.00162913014813948	2.17820836689974	0.0304681073104314
