"Estimate"	"Std. Error"	"t value"	"Pr(>|t|)"
"(Intercept)"	-1.46115673103405	0.12196632054944	-11.9800017287704	9.66385931063019e-26
"log(Species)"	0.764659997144537	0.0485790777015479	15.7405210910411	8.49630103077267e-38
"log(Species):Lakeweb"	-0.0489077337074001	0.0615399758631932	-0.794731116179257	0.42763427746238
"log(Species):Marine"	0.124558482743297	0.0252287607603297	4.93716215103024	1.57506751435875e-06
"log(Species):Latitude"	-0.000834920310024141	0.000825991404077882	-1.01080992598976	0.313228005028205
"log(Species):Lakeweb:Latitude"	0.00397248011461767	0.0014923792834115	2.66184351308924	0.00835026222419031
