"Estimate"	"Std. Error"	"t value"	"Pr(>|t|)"
"(Intercept)"	-0.72092641053513	0.12614128482515	-5.71522964534917	4.3200460022046e-08
"log(Species)"	0.61889319083388	0.0528421286386634	11.7121169562622	4.62543709081554e-24
"log(Species):Lakeweb"	-0.0984846643626023	0.06004995423844	-1.64004561887841	0.102694916818433
"log(Species):Stream"	-0.236664088121499	0.0827892244859389	-2.85863395376646	0.00474291579021167
"log(Species):Latitude"	-0.0010377477264012	0.00095506249138016	-1.08657573275813	0.278638073562922
"log(Species):Lakeweb:Latitude"	0.00493619197479352	0.00146487181786471	3.36970915447662	0.000915798450500521
"log(Species):Stream:Latitude"	0.00713020895267614	0.00185587049088566	3.84197549758628	0.00016760043042147
