"Estimate"	"Std. Error"	"t value"	"Pr(>|t|)"
"(Intercept)"	-0.485443739118352	0.128278451859897	-3.78429683302183	0.000217518411756303
"log(Species)"	0.664698306625416	0.0360596901964998	18.4332783505149	2.03529054463192e-41
"log(Species):Lakeweb"	0.0490504232186805	0.0251549836109374	1.94992864942092	0.0529325998195296
