"Estimate"	"Std. Error"	"t value"	"Pr(>|t|)"
"(Intercept)"	-0.865877074905354	0.140786388796448	-6.15028968572565	3.7221970582436e-09
"log(Species)"	0.660917977486256	0.0613324319772571	10.7759949537193	6.2738360732196e-22
"log(Species):Lakeweb"	-0.0839773041370329	0.0739166669738054	-1.13610783027856	0.257176223967455
"log(Species):Stream"	-0.158074612292414	0.0863015956459419	-1.83165341392905	0.0683867196133829
"log(Species):Marine"	0.119339365818215	0.0368534922307574	3.23821050854486	0.00139331038258427
"log(Species):Terr"	-0.058821822572052	0.0354250402113704	-1.66045887939944	0.098279845368951
"log(Species):Latitude"	-0.00106777482902893	0.00106684223286559	-1.00087416502141	0.318012765132108
"log(Species):Lakeweb:Latitude"	0.00452406300200067	0.00166859175877839	2.71130609281736	0.00724356506110079
"log(Species):Stream:Latitude"	0.00507231901812788	0.00188582669479475	2.68970581025736	0.00771277814049269
