"Estimate"	"Std. Error"	"t value"	"Pr(>|t|)"
"(Intercept)"	-0.47329792701082	0.129091128240988	-3.6663861681282	0.000336208134341148
"log(Species)"	0.71674782913694	0.0530398247298598	13.5133898497488	4.28245221054216e-28
"log(Species):Lakeweb"	-0.0381807087884855	0.0836158228686164	-0.456620618904606	0.648574849170515
"log(Species):Terr"	-0.0252203118009356	0.027760636230485	-0.908491851250882	0.365010865708592
"log(Species):Latitude"	-0.00119812841101492	0.000929767680521909	-1.28863202724187	0.199421717435415
"log(Species):Lakeweb:Latitude"	0.00193782806294551	0.00185398379158893	1.0452238426986	0.297526134029611
