"Estimate"	"Std. Error"	"t value"	"Pr(>|t|)"
"(Intercept)"	-0.499378448024205	0.143221787259967	-3.48674917118416	0.000591681464583268
"log(Species)"	0.68857854308848	0.0529754150066094	12.9980773723542	5.98888484450045e-29
"log(Species):Latitude"	-0.00112377611845137	0.00089341490794226	-1.25784348174768	0.209800230102472
"log(Species):Lakeweb"	-0.065744910424031	0.0672237725187074	-0.978000905940457	0.329162917876332
"log(Species):Marine"	0.124174160666232	0.0283286629878389	4.38333996629275	1.82082586226783e-05
"log(Species):Terr"	-0.0520940437725134	0.0265524741757597	-1.96192804586441	0.0510493503021452
"log(Species):Latitude:Lakeweb"	0.00332711574904165	0.00158158160055263	2.10366366672393	0.0365595082233424
