"Estimate"	"Std. Error"	"t value"	"Pr(>|t|)"
"(Intercept)"	-1.17829339429128	0.128732971797029	-9.15300391067702	2.49039068318284e-16
"log(Species)"	0.664903116753771	0.0361874579383417	18.3738553254189	2.89366798407441e-41
"log(Species):Lakeweb"	0.0512358581590099	0.0252441134796224	2.02961606080438	0.0440526389853487
