"Estimate"	"Std. Error"	"t value"	"Pr(>|t|)"
"(Intercept)"	-0.872214599985308	0.140865217385646	-6.19183795810608	2.9775198489677e-09
"log(Species)"	0.659053326971379	0.0616969809196445	10.6821001149107	1.21588226438826e-21
"log(Species):Lakeweb"	-0.0765062752008486	0.0741214273589652	-1.03217487745256	0.303149872129921
"log(Species):Stream"	-0.15463557251453	0.0866187519048403	-1.78524360042054	0.0756314845199506
"log(Species):Marine"	0.119606561093189	0.036916381001176	3.23993191774077	0.00138531945417553
"log(Species):Terr"	-0.0612090944980477	0.0357218366227558	-1.71349237007192	0.0880633757885468
"log(Species):Latitude"	-0.000983873455630086	0.00107654129218849	-0.913920778301012	0.361782237846104
"log(Species):Lakeweb:Latitude"	0.00444796342601268	0.00167647316815424	2.65316708343731	0.00856925560653183
"log(Species):Stream:Latitude"	0.00498917565506305	0.00189357420148816	2.63479279087244	0.00903152243452466
