"Estimate"	"Std. Error"	"t value"	"Pr(>|t|)"
"(Intercept)"	-1.01113730798517	0.135404688108828	-7.46752067529968	2.92386690778144e-12
"log(Species)"	0.63273153665594	0.0537949587825522	11.7619113570389	2.54103996967113e-24
"log(Species):Lakeweb"	-0.0833377892857883	0.064451447136019	-1.29303208832397	0.197578265784355
"log(Species):Terr"	-0.0640911556080127	0.025922829051394	-2.47238275887817	0.0143054167517771
"log(Species):Latitude"	-0.000724477946097226	0.000914216379892303	-0.792457849182894	0.42908733077884
"log(Species):Lakeweb:Latitude"	0.00356576042919329	0.00153286045952606	2.32621332687763	0.0210676391530355
