"Estimate"	"Std. Error"	"t value"	"Pr(>|t|)"
"(Intercept)"	-0.835601463106328	0.127225578937602	-6.56787314378149	7.19900407025915e-10
"log(Species)"	0.690883897448307	0.0570704649562506	12.1058046044995	3.31659178156677e-24
"log(Species):Lakeweb"	-0.0260497611260543	0.0833746463326968	-0.312442238400698	0.755121708937348
"log(Species):Stream"	-0.283728270207722	0.0849782795475663	-3.33883283726527	0.00105227563084236
"log(Species):Latitude"	-0.00180090306164598	0.00109038587291834	-1.65161995067488	0.100623586183745
"log(Species):Lakeweb:Latitude"	0.00313404767296876	0.0018912576458224	1.65712359703691	0.0995042722365656
"log(Species):Stream:Latitude"	0.00849697874463986	0.00190809417146285	4.45312336870962	1.60516320268678e-05
