"Estimate"	"Std. Error"	"t value"	"Pr(>|t|)"
"(Intercept)"	-0.503532860091468	0.143543810385514	-3.50786884324121	0.000548975345930181
"log(Species)"	0.685605286972397	0.0533827006079077	12.8432109871721	1.86801262923182e-28
"log(Species):Latitude"	-0.00103067888345959	0.000900530459317108	-1.14452417771762	0.253667159178218
"log(Species):Lakeweb"	-0.0566367709636733	0.0673664156846084	-0.840727095068136	0.401426260091039
"log(Species):Marine"	0.124474117499216	0.028398947791046	4.38305385168044	1.82302419936303e-05
"log(Species):Terr"	-0.0563199616410793	0.0270178536416607	-2.08454610747597	0.0382805573104247
"log(Species):Latitude:Lakeweb"	0.00324591450190933	0.00158821746655699	2.04374688621576	0.0421865526375031
