"Estimate"	"Std. Error"	"t value"	"Pr(>|t|)"
"(Intercept)"	-0.872340326312084	0.140807999276076	-6.19524693765249	2.92335527281139e-09
"log(Species)"	0.658503588897806	0.0616587418843016	10.6798090388131	1.23564624315504e-21
"log(Species):Lakeweb"	-0.0759147119356986	0.0740940656883113	-1.02457209265646	0.306716524525201
"log(Species):Stream"	-0.154054601084646	0.0865843888283675	-1.77924223025957	0.0766127882127505
"log(Species):Marine"	0.119595468403623	0.0369027747014211	3.24082591000988	0.00138118627631533
"log(Species):Terr"	-0.0616378463506769	0.0357025929217298	-1.72642492621767	0.0857074609092638
"log(Species):Latitude"	-0.0009698120293526	0.00107601840329217	-0.901296879668018	0.368439009068913
"log(Species):Lakeweb:Latitude"	0.0044338654446675	0.00167579161197812	2.64583341566779	0.00875114203288913
"log(Species):Stream:Latitude"	0.00497512926649408	0.00189280844882807	2.62843779547499	0.00919654794527131
