"Estimate"	"Std. Error"	"t value"	"Pr(>|t|)"
"(Intercept)"	-0.507545230016768	0.143536089321186	-3.53601127365989	0.000496550103846657
"log(Species)"	0.687636307635463	0.0533057764789817	12.8998460027422	1.23251563973667e-28
"log(Species):Latitude"	-0.00105411092553854	0.000900475499933758	-1.17061588640233	0.243037140052153
"log(Species):Lakeweb"	-0.0573330024452806	0.0674157089216666	-0.850439806424026	0.396017995898006
"log(Species):Marine"	0.124699160461279	0.0284187997929738	4.38791086779496	1.78604866880503e-05
"log(Species):Terr"	-0.0551316130522998	0.0269722782724637	-2.04401024249347	0.0421602896375465
"log(Species):Latitude:Lakeweb"	0.00326817994302239	0.00158906745926662	2.05666532529128	0.0409145852016182
