"Estimate"	"Std. Error"	"t value"	"Pr(>|t|)"
"(Intercept)"	-1.01084186483932	0.135486933508465	-7.46080702148419	3.0412698508466e-12
"log(Species)"	0.633059199653574	0.0538389024092079	11.7583972058335	2.60284764999257e-24
"log(Species):Lakeweb"	-0.0837692360958965	0.06448790541011	-1.29899142425494	0.195529354323103
"log(Species):Terr"	-0.063720831183045	0.0259443840490927	-2.4560548850368	0.0149504644784538
"log(Species):Latitude"	-0.00073381597616605	0.000914819166653721	-0.802143202629045	0.42347756107707
"log(Species):Lakeweb:Latitude"	0.00357536276478232	0.00153375592395972	2.33111586330618	0.0208017491389307
