"Estimate"	"Std. Error"	"t value"	"Pr(>|t|)"
"(Intercept)"	-0.834369548433877	0.127232715003029	-6.55782239979718	7.58952881271353e-10
"log(Species)"	0.687228922197989	0.0571489819799843	12.0252172197692	5.502878939252e-24
"log(Species):Lakeweb"	-0.0228244578711073	0.0834177438979008	-0.273616341135327	0.784741404047282
"log(Species):Stream"	-0.280355233297911	0.0850244470568611	-3.29734850390053	0.00120875544271061
"log(Species):Latitude"	-0.00173783013393895	0.00109190075117936	-1.59156418938435	0.113507024637938
"log(Species):Lakeweb:Latitude"	0.0030717439261174	0.00189214370862762	1.62341999294829	0.10651866053691
"log(Species):Stream:Latitude"	0.00843315048579508	0.00190901064964775	4.41755025690986	1.85855914396892e-05
