"Estimate"	"Std. Error"	"t value"	"Pr(>|t|)"
"(Intercept)"	-0.627470002433171	0.136199847003691	-4.60698022969268	7.51898760742247e-06
"log(Species)"	0.548430305674862	0.0571246473848863	9.60058977659375	5.17803044219928e-18
"log(Species):Lakeweb"	-0.0608513183860864	0.0654928307853991	-0.929129458237626	0.354013430823446
"log(Species):Stream"	-0.187655170697498	0.0901016559218851	-2.08270501554586	0.0386312990155384
"log(Species):Latitude"	-0.000568163513843652	0.00104755731842699	-0.542369857810555	0.588206067869752
"log(Species):Lakeweb:Latitude"	0.00455021452349603	0.00159910733120398	2.84547161701157	0.00492649774772123
"log(Species):Stream:Latitude"	0.00660877146796881	0.002023168515623	3.26654523186554	0.00129400181061266
