"Estimate"	"Std. Error"	"t value"	"Pr(>|t|)"
"(Intercept)"	-1.22738297396237	0.142212272234057	-8.63064034264429	1.45713450459811e-15
"log(Species)"	0.729808210781339	0.0538224457264918	13.559551241688	1.42724943680078e-30
"log(Species):Lakeweb"	-0.0883370640665692	0.0675395645902578	-1.30793061226384	0.19231329406487
"log(Species):Marine"	0.0964827485138349	0.0285277580660467	3.38206557593697	0.000856631844710666
"log(Species):Terr"	-0.0832055279411785	0.0270836117664934	-3.0721725247929	0.00240367009803467
"log(Species):Latitude"	-0.00138605560025059	0.000904206658096817	-1.53289691890566	0.126792176259083
"log(Species):Lakeweb:Latitude"	0.00365157398879559	0.00159394153637768	2.29090835859262	0.0229516206995092
