"Estimate"	"Std. Error"	"t value"	"Pr(>|t|)"
"(Intercept)"	-0.871236081001926	0.140780902194419	-6.18859566476385	3.0299483667834e-09
"log(Species)"	0.657628984434993	0.061682692097857	10.6614831822141	1.40569488463957e-21
"log(Species):Lakeweb"	-0.0754074551305324	0.0740748507191049	-1.01798997093468	0.309826879237875
"log(Species):Stream"	-0.153454316950053	0.0865668669755406	-1.77266802312958	0.0776997311046771
"log(Species):Marine"	0.119510562372548	0.0368916249370014	3.2395038867665	0.00138730242528493
"log(Species):Terr"	-0.0621002361522202	0.0357062794995553	-1.73919649491887	0.0834314672868818
"log(Species):Latitude"	-0.000955429960243862	0.00107613120165476	-0.887837801538236	0.37562014873904
"log(Species):Lakeweb:Latitude"	0.0044198044360964	0.00167552239411643	2.63786652545885	0.00895266357741387
"log(Species):Stream:Latitude"	0.00496061512226993	0.00189247458361293	2.62123209750041	0.00938693887924425
