"Estimate"	"Std. Error"	"t value"	"Pr(>|t|)"
"(Intercept)"	-0.886638250103957	0.13845862624221	-6.40363315863709	9.77019184471915e-10
"log(Species)"	0.694509254698894	0.0605251061720029	11.4747300521078	5.60464923006579e-24
"log(Species):Lakeweb"	-0.102892948553375	0.0724959723923515	-1.41929192971596	0.157296533517967
"log(Species):Stream"	-0.164488700834157	0.0863948901016116	-1.90391700991456	0.0582881448112771
"log(Species):Marine"	0.0822966188078144	0.0348615000835842	2.36067348250934	0.019157643691063
"log(Species):Terr"	-0.0983873938906317	0.0336348412154036	-2.92516302546341	0.0038210136149436
"log(Species):Latitude"	-0.00101700265855167	0.00106684869403601	-0.953277314990405	0.341545544747272
"log(Species):Lakeweb:Latitude"	0.00437694553648963	0.00166498422732097	2.62882102104493	0.00920146450371993
"log(Species):Stream:Latitude"	0.00483694995442987	0.0019006602464663	2.54487879326287	0.0116496901617567
