"Estimate"	"Std. Error"	"t value"	"Pr(>|t|)"
"(Intercept)"	-0.318528190737316	0.135158426154596	-2.35670242544094	0.019461364566888
"log(Species)"	0.633037296650743	0.0537083623275358	11.7865685941087	2.14667170628402e-24
"log(Species):Lakeweb"	-0.0835927666055194	0.0643315453050114	-1.29940554372176	0.195387559259236
"log(Species):Terr"	-0.0637530607982738	0.0258814781973545	-2.46326969086295	0.0146623178824966
"log(Species):Latitude"	-0.000734026973786987	0.000912601057379826	-0.804324044829025	0.422220407284679
"log(Species):Lakeweb:Latitude"	0.00351739075727166	0.00153003711442573	2.29889244130646	0.0226047393590171
