"Estimate"	"Std. Error"	"t value"	"Pr(>|t|)"
"(Intercept)"	-1.00957367716782	0.135288585283607	-7.46237145618336	3.01350270454568e-12
"log(Species)"	0.63150460327999	0.0537789109490266	11.7426067604558	2.89962558962625e-24
"log(Species):Lakeweb"	-0.0826601310235286	0.0643905981161454	-1.2837298214629	0.200808113444925
"log(Species):Terr"	-0.064842573347999	0.0259136898914531	-2.50225165229694	0.0131891831597171
"log(Species):Latitude"	-0.000705957399590397	0.000913614955050423	-0.772707797401845	0.44066056891388
"log(Species):Lakeweb:Latitude"	0.00354863871783431	0.00153147959943887	2.31713090996088	0.0215681207354576
