"Estimate"	"Std. Error"	"t value"	"Pr(>|t|)"
"(Intercept)"	-1.00840321870889	0.135518151158293	-7.44109338926131	3.4136043963479e-12
"log(Species)"	0.632062600113046	0.0539110843931528	11.7241678075636	3.28919061891168e-24
"log(Species):Lakeweb"	-0.0836292886599955	0.0644780516931684	-1.29701947350956	0.196205596099876
"log(Species):Terr"	-0.0640803168087603	0.0259770869476544	-2.46680149078634	0.0145230713113879
"log(Species):Latitude"	-0.000725970193914001	0.000915189219521245	-0.793246006868144	0.428629207517884
"log(Species):Lakeweb:Latitude"	0.00356969861254331	0.00153367182717168	2.32755048981135	0.0209948234506607
