"Estimate"	"Std. Error"	"t value"	"Pr(>|t|)"
"(Intercept)"	-0.472230256069096	0.143825633848013	-3.28335251119507	0.00119984053848754
"log(Species)"	0.653230259728994	0.0547680844129001	11.9272066337805	1.98193946136933e-25
"log(Species):Latitude"	-0.000465708214224533	0.000929967786833518	-0.500778866556486	0.617046273472847
"log(Species):Lakeweb"	-0.0388975730947921	0.0683192827706039	-0.569349845568472	0.569721490814825
"log(Species):Marine"	0.122936444553462	0.0283450745262203	4.337136049501	2.23196653767293e-05
"log(Species):Terr"	-0.0834132001891976	0.0292431691690255	-2.85239946830213	0.00476854608997524
"log(Species):Latitude:Lakeweb"	0.00284986176980172	0.00162529022056854	1.75344792809054	0.0809703647118402
