"Estimate"	"Std. Error"	"t value"	"Pr(>|t|)"
"(Intercept)"	-0.495763713949859	0.129090554005613	-3.84043369996153	0.000176643184822182
"log(Species)"	0.666980084582719	0.0363184734575461	18.3647609903642	3.05388772633855e-41
"log(Species):Lakeweb"	0.0571033715390391	0.0249354644169268	2.29004644085457	0.0233249282160795
