"Estimate"	"Std. Error"	"t value"	"Pr(>|t|)"
"(Intercept)"	-0.316084846020158	0.135184409111046	-2.33817529771878	0.0204240597213567
"log(Species)"	0.632008787144249	0.0537783169703326	11.7521116827234	2.71716525442069e-24
"log(Species):Lakeweb"	-0.083422559731851	0.0643192608832981	-1.29700743737112	0.196209728953703
"log(Species):Terr"	-0.0641413019897697	0.0259131128887899	-2.47524495667664	0.0141949276671129
"log(Species):Latitude"	-0.000725477960481673	0.000912935372924829	-0.794665188793609	0.427805019577675
"log(Species):Lakeweb:Latitude"	0.00351102757736817	0.00152989483662813	2.29494700766913	0.0228346437623574
