"Estimate"	"Std. Error"	"t value"	"Pr(>|t|)"
"(Intercept)"	-0.835155398732154	0.127223695300153	-6.56446424356573	7.32918758737573e-10
"log(Species)"	0.689666613946101	0.0570835927572806	12.0816959941285	3.85904782058976e-24
"log(Species):Lakeweb"	-0.0249880576928272	0.0834079273099551	-0.299588522323163	0.764889829458588
"log(Species):Stream"	-0.282613073848584	0.0850049714082095	-3.32466524212359	0.00110345441381145
"log(Species):Latitude"	-0.00178028800914788	0.00109137294020578	-1.6312370808939	0.104857494450899
"log(Species):Lakeweb:Latitude"	0.00311371113341047	0.0018919694208055	1.64575129976721	0.101828271981173
"log(Species):Stream:Latitude"	0.0084760901940507	0.00190875110222986	4.44064717717709	1.68999481043966e-05
