"Estimate"	"Std. Error"	"t value"	"Pr(>|t|)"
"(Intercept)"	-1.01084186483932	0.135486933508466	-7.4608070214842	3.04126985084643e-12
"log(Species)"	0.633059199653574	0.0538389024092079	11.7583972058335	2.60284764999265e-24
"log(Species):Lakeweb"	-0.0837692360958966	0.06448790541011	-1.29899142425494	0.195529354323102
"log(Species):Terr"	-0.0637208311830449	0.0259443840490927	-2.4560548850368	0.0149504644784539
"log(Species):Latitude"	-0.000733815976166049	0.000914819166653721	-0.802143202629044	0.423477561077071
"log(Species):Lakeweb:Latitude"	0.00357536276478233	0.00153375592395972	2.33111586330618	0.0208017491389306
