"Estimate"	"Std. Error"	"t value"	"Pr(>|t|)"
"(Intercept)"	-1.2296124205206	0.142147027477937	-8.65028585076427	1.28313949980003e-15
"log(Species)"	0.730560422285922	0.053743365210303	13.5934997636856	1.11392772787499e-30
"log(Species):Lakeweb"	-0.0883452531684597	0.0675396728570491	-1.30804976440213	0.19227295074836
"log(Species):Marine"	0.0966023204115386	0.0285271089327525	3.38633405296208	0.000844095132189833
"log(Species):Terr"	-0.0829560738187319	0.0270389479739056	-3.06802150360252	0.00243585205035217
"log(Species):Latitude"	-0.00139020632642294	0.000903731950689094	-1.53829498377578	0.125467693177213
"log(Species):Lakeweb:Latitude"	0.00365501600079131	0.00159372814128194	2.29337482730985	0.0228066691116077
