"Estimate"	"Std. Error"	"t value"	"Pr(>|t|)"
"(Intercept)"	-1.18763076274381	0.129495514001669	-9.17121161995236	2.22947161584387e-16
"log(Species)"	0.666757851552911	0.0364412650368425	18.2967811594579	4.57017398242669e-41
"log(Species):Lakeweb"	0.0594108181787531	0.0250085858402445	2.37561686047628	0.0187032540424381
