"Estimate"	"Std. Error"	"t value"	"Pr(>|t|)"
"(Intercept)"	-0.313857825193045	0.13511814692908	-2.32283991696379	0.0212523258226786
"log(Species)"	0.63075465973772	0.0537700002356547	11.730605485835	3.14757672290958e-24
"log(Species):Lakeweb"	-0.0829507443035887	0.0642560154344175	-1.29094130320377	0.198300849758516
"log(Species):Terr"	-0.0649509467109457	0.0259154633280058	-2.50626222224458	0.0130453714348298
"log(Species):Latitude"	-0.000710419681715938	0.000912118823426036	-0.778867471507178	0.437031869186696
"log(Species):Lakeweb:Latitude"	0.00349796160712782	0.00152848120030609	2.28852118457678	0.0232134671918425
