"Estimate"	"Std. Error"	"t value"	"Pr(>|t|)"
"(Intercept)"	-1.21469708899827	0.146122571345065	-8.312864178456	1.02042916345309e-14
"log(Species)"	0.693717542119934	0.0543253866737172	12.7696751849455	3.20411962738219e-28
"log(Species):Lakeweb"	-0.0551090285913086	0.0686122174269325	-0.803195562801861	0.422740590596595
"log(Species):Marine"	0.12737479190907	0.0289202251713551	4.40434993691656	1.66616552553082e-05
"log(Species):Terr"	-0.0556961125995935	0.0274835235815971	-2.02652736408542	0.0439342665366988
"log(Species):Latitude"	-0.00107542149509893	0.000917116062981121	-1.17261221181018	0.242236998091429
"log(Species):Lakeweb:Latitude"	0.00333615311391543	0.00161746192718031	2.06258525029475	0.0403427233616988
