"Estimate"	"Std. Error"	"t value"	"Pr(>|t|)"
"(Intercept)"	-0.507849521163282	0.143507136680629	-3.5388450561416	0.000491540053763916
"log(Species)"	0.687461460180931	0.0532989396386113	12.8982202055463	1.24731984516382e-28
"log(Species):Latitude"	-0.00104828450218428	0.000900655896292597	-1.16391232933618	0.245737656526288
"log(Species):Lakeweb"	-0.0570569269041215	0.0674157124576329	-0.846344640205036	0.398292856638132
"log(Species):Marine"	0.124720564712394	0.0284147369286117	4.38929155056891	1.77566981605913e-05
"log(Species):Terr"	-0.0552334186072164	0.0269570960922842	-2.04893800200629	0.0416714354876128
"log(Species):Latitude:Lakeweb"	0.00326226504668283	0.00158902642006491	2.05299610219795	0.0412724911205909
