"Estimate"	"Std. Error"	"t value"	"Pr(>|t|)"
"(Intercept)"	-0.625142215302101	0.136186160149479	-4.5903505511569	8.07800341541129e-06
"log(Species)"	0.546030124920176	0.0571742527080762	9.550280048401	7.18259161533899e-18
"log(Species):Lakeweb"	-0.0592688469825302	0.0654454345393695	-0.905622331025646	0.366294949826491
"log(Species):Stream"	-0.185789359613316	0.0900562531290217	-2.06303674823268	0.040483592600721
"log(Species):Latitude"	-0.000536589849856744	0.00104685941678826	-0.512571068523209	0.608853084830735
"log(Species):Lakeweb:Latitude"	0.00452072331428011	0.00159792640688374	2.8291185969549	0.00517434905028746
"log(Species):Stream:Latitude"	0.00657590625659563	0.00202189604197952	3.25234637195172	0.00135674543134928
