"Estimate"	"Std. Error"	"t value"	"Pr(>|t|)"
"(Intercept)"	-1.17835505258391	0.13037923937161	-9.03790402723038	5.62438412837675e-16
"log(Species)"	0.717584880550516	0.053831573363063	13.3301859061562	1.35419218324777e-27
"log(Species):Lakeweb"	-0.0181106447789473	0.0841135295347675	-0.215311910927022	0.829803592523112
"log(Species):Terr"	-0.0279520896201053	0.0285952150364475	-0.977509334498011	0.329820868569755
"log(Species):Latitude"	-0.00113755595229738	0.00094659370377143	-1.20173623357636	0.231275319003849
"log(Species):Lakeweb:Latitude"	0.00170136861317319	0.00187420774767974	0.907780162193586	0.365385654093654
