"Estimate"	"Std. Error"	"t value"	"Pr(>|t|)"
"(Intercept)"	-0.485491296352164	0.129975136984229	-3.73526281731153	0.000261962925181538
"log(Species)"	0.71798584132929	0.0536785169428508	13.375664646132	1.01744971013703e-27
"log(Species):Lakeweb"	-0.0196187333972997	0.0838520311940736	-0.23396849328423	0.815314251964652
"log(Species):Terr"	-0.0273364712245529	0.0285177204799574	-0.958578412456398	0.339245013631352
"log(Species):Latitude"	-0.00115098357291471	0.000943747738370188	-1.21958816547991	0.224450018223935
"log(Species):Lakeweb:Latitude"	0.00168388380840024	0.00186841119167859	0.901238344053927	0.368842048678952
