"Estimate"	"Std. Error"	"t value"	"Pr(>|t|)"
"(Intercept)"	-0.628888475150373	0.136122402739597	-4.62002185160837	7.10686096281459e-06
"log(Species)"	0.549356483850943	0.0569455490632834	9.64704867873773	3.82571808987488e-18
"log(Species):Lakeweb"	-0.0612792128532759	0.0654734922978467	-0.935939274088351	0.350505141312414
"log(Species):Stream"	-0.188255722535846	0.0900619621519062	-2.09029115108905	0.0379365147022991
"log(Species):Latitude"	-0.000577736354971232	0.00104667226674763	-0.55197445592636	0.581621406644078
"log(Species):Lakeweb:Latitude"	0.00455851838893506	0.00159885155087616	2.85112047233968	0.00484342965366032
"log(Species):Stream:Latitude"	0.00661913133326452	0.00202275037439675	3.27234216196279	0.00126917035219523
