"Estimate"	"Std. Error"	"t value"	"Pr(>|t|)"
"(Intercept)"	-0.318806150798494	0.135069776644448	-2.36030708511281	0.019278775525596
"log(Species)"	0.632665951782062	0.0536619017320634	11.7898533477437	2.09897106382328e-24
"log(Species):Lakeweb"	-0.0831237794145526	0.0642920322084917	-1.29290950307795	0.197620578083581
"log(Species):Terr"	-0.0641601616922338	0.0258587112371608	-2.48118172262318	0.0139681681049816
"log(Species):Latitude"	-0.00072379435459576	0.000911955146911185	-0.793673194396972	0.428381021067956
"log(Species):Lakeweb:Latitude"	0.00350690947305097	0.00152906906538484	2.29349317989659	0.0229198746002699
