"Estimate"	"Std. Error"	"t value"	"Pr(>|t|)"
"(Intercept)"	-0.318170901979546	0.135190647368715	-2.3534978800107	0.0196249632654381
"log(Species)"	0.63323255708726	0.0537166115354741	11.7883935525061	2.1200379185537e-24
"log(Species):Lakeweb"	-0.0839135360949841	0.0643322765545929	-1.30437690983583	0.193691284780882
"log(Species):Terr"	-0.0636637320833361	0.025896398775797	-2.45840097824092	0.0148562186880379
"log(Species):Latitude"	-0.000740707979421881	0.000912426405925764	-0.811800244503386	0.417927493404501
"log(Species):Lakeweb:Latitude"	0.00352439139594701	0.0015300957716437	2.30337960620658	0.0223457344491264
