"Estimate"	"Std. Error"	"t value"	"Pr(>|t|)"
"(Intercept)"	-0.318170901979547	0.135190647368715	-2.35349788001071	0.0196249632654377
"log(Species)"	0.633232557087261	0.0537166115354741	11.7883935525062	2.12003791855355e-24
"log(Species):Lakeweb"	-0.083913536094984	0.0643322765545929	-1.30437690983583	0.193691284780882
"log(Species):Terr"	-0.0636637320833361	0.025896398775797	-2.45840097824092	0.0148562186880379
"log(Species):Latitude"	-0.00074070797942188	0.000912426405925764	-0.811800244503385	0.417927493404502
"log(Species):Lakeweb:Latitude"	0.00352439139594701	0.0015300957716437	2.30337960620658	0.0223457344491264
