"Estimate"	"Std. Error"	"t value"	"Pr(>|t|)"
"(Intercept)"	-1.20546134079873	0.146224338950307	-8.24391718541733	1.58423798074249e-14
"log(Species)"	0.691320618615634	0.054224573831656	12.7492125758681	3.72292199989034e-28
"log(Species):Lakeweb"	-0.0599545605231874	0.0689751710881714	-0.869219453570433	0.385687495383479
"log(Species):Marine"	0.126826738871043	0.0288932772261268	4.38948956459529	1.77418605972428e-05
"log(Species):Terr"	-0.0560847013077785	0.0273975218011169	-2.04707205691473	0.0418559735633022
"log(Species):Latitude"	-0.00107415418238478	0.000915565433800831	-1.17321399730611	0.24199616443606
"log(Species):Lakeweb:Latitude"	0.00349663779329326	0.00163965831780024	2.13254051489479	0.0340858987719448
