"Estimate"	"Std. Error"	"t value"	"Pr(>|t|)"
"(Intercept)"	-1.1775836153097	0.130311033437268	-9.03671457625723	5.66476858808973e-16
"log(Species)"	0.716587906400249	0.053840430423896	13.3094758113636	1.54253089198335e-27
"log(Species):Lakeweb"	-0.0173827355244287	0.0840681704982273	-0.206769523131174	0.836457778960575
"log(Species):Terr"	-0.0288531076255091	0.0286059737299805	-1.00863924080548	0.314699660446885
"log(Species):Latitude"	-0.00111956270238276	0.000946402501694567	-1.18296676137071	0.238610596635034
"log(Species):Lakeweb:Latitude"	0.00168385703199421	0.00187327355236472	0.898884751705697	0.370090584844767
