"Estimate"	"Std. Error"	"t value"	"Pr(>|t|)"
"(Intercept)"	-0.494237188423221	0.143803246531535	-3.43689868166391	0.000705146912686385
"log(Species)"	0.683934962627664	0.0533912645827188	12.809866332498	2.38592605464833e-28
"log(Species):Latitude"	-0.00104656152355193	0.000900476804476414	-1.16223040765659	0.246418528040299
"log(Species):Lakeweb"	-0.0619680285954402	0.0677950236858183	-0.914049811127996	0.36170516432893
"log(Species):Marine"	0.123912720728333	0.0284013455498066	4.36291726076959	1.98430258570914e-05
"log(Species):Terr"	-0.0557949694759851	0.0269856047042003	-2.06758270150235	0.0398652978543717
"log(Species):Latitude:Lakeweb"	0.00341539605381012	0.0016118559573791	2.11892138262999	0.0352339780196285
