"Estimate"	"Std. Error"	"t value"	"Pr(>|t|)"
"(Intercept)"	-1.21691103795149	0.14605652432692	-8.33178143571088	9.04129368919838e-15
"log(Species)"	0.694449846053218	0.0542457891223236	12.8019125039778	2.52931265752927e-28
"log(Species):Lakeweb"	-0.0551048213937445	0.068613344773912	-0.803121048468348	0.422783560964951
"log(Species):Marine"	0.127504088381733	0.0289195214360166	4.40892801991316	1.63417892675928e-05
"log(Species):Terr"	-0.0554411252829333	0.0274359857792166	-2.02074478858096	0.0445348168500779
"log(Species):Latitude"	-0.00107937181623078	0.000916655943876832	-1.17751030082865	0.240281718125243
"log(Species):Lakeweb:Latitude"	0.0033394597269557	0.00161725529020089	2.06489337038489	0.0401216165481703
