"Estimate"	"Std. Error"	"t value"	"Pr(>|t|)"
"(Intercept)"	-0.62766352721999	0.136054987842313	-4.61330773074963	7.3162358053165e-06
"log(Species)"	0.54724217023193	0.0569617726307634	9.60718293967524	4.96046237020465e-18
"log(Species):Lakeweb"	-0.0595952011995721	0.065442465998156	-0.910650298557687	0.363645765015723
"log(Species):Stream"	-0.186422609467007	0.0900201996060004	-2.07089753503035	0.0397343760579921
"log(Species):Latitude"	-0.000544610307273264	0.00104638213900841	-0.520469804453426	0.603348570574326
"log(Species):Lakeweb:Latitude"	0.00452648818828762	0.00159801588031027	2.83256771353785	0.00512114717580542
"log(Species):Stream:Latitude"	0.00658532563652275	0.00202168325997483	3.25734785804415	0.00133432842949022
