"Estimate"	"Std. Error"	"t value"	"Pr(>|t|)"
"(Intercept)"	-0.854258276299091	0.140992879729966	-6.05887529877532	6.06160856627149e-09
"log(Species)"	0.655421998151509	0.0616425677137056	10.6326199972001	1.72198400202989e-21
"log(Species):Lakeweb"	-0.085152626423009	0.0743874930655533	-1.14471698015107	0.253599148271511
"log(Species):Stream"	-0.155465013925627	0.0864805364516041	-1.79768789954983	0.0736295816848662
"log(Species):Marine"	0.118564495078464	0.0368668192798515	3.21602181567267	0.0015002169168321
"log(Species):Terr"	-0.0612355380731381	0.0356783055118082	-1.71632416939956	0.0875430619933911
"log(Species):Latitude"	-0.00100606302897617	0.001074431874549	-0.936367444793523	0.350134611987164
"log(Species):Lakeweb:Latitude"	0.00471672807193996	0.00169584769141069	2.78133944211484	0.00589432802990364
"log(Species):Stream:Latitude"	0.00500921753214865	0.00189049783215253	2.64968171185107	0.00865526959375638
