"Estimate"	"Std. Error"	"t value"	"Pr(>|t|)"
"(Intercept)"	-1.01113730798517	0.135404688108827	-7.46752067529965	2.92386690778193e-12
"log(Species)"	0.632731536655939	0.0537949587825522	11.7619113570389	2.54103996967157e-24
"log(Species):Lakeweb"	-0.0833377892857883	0.064451447136019	-1.29303208832397	0.197578265784356
"log(Species):Terr"	-0.0640911556080127	0.025922829051394	-2.47238275887817	0.0143054167517771
"log(Species):Latitude"	-0.000724477946097228	0.000914216379892304	-0.792457849182895	0.429087330778839
"log(Species):Lakeweb:Latitude"	0.00356576042919328	0.00153286045952606	2.32621332687763	0.0210676391530356
