"Estimate"	"Std. Error"	"t value"	"Pr(>|t|)"
"(Intercept)"	-0.870514442158491	0.140916563879622	-6.17751680989131	3.21601700071968e-09
"log(Species)"	0.658324917604449	0.0617885214349417	10.6544856927449	1.47660849404433e-21
"log(Species):Lakeweb"	-0.0763434548290157	0.0741218969428938	-1.02997168148346	0.304180576536378
"log(Species):Stream"	-0.154329522064399	0.0866316908727245	-1.78144418641364	0.0762515318891815
"log(Species):Marine"	0.119495599353059	0.036915628387575	3.23699215135882	0.00139899194488427
"log(Species):Terr"	-0.0614870191469722	0.0357540896605492	-1.71971989024843	0.0869224294519849
"log(Species):Latitude"	-0.000976676116642681	0.00107730378646002	-0.906593041738028	0.365636969493052
"log(Species):Lakeweb:Latitude"	0.00444126040978213	0.0016768362253176	2.64859521921465	0.00868224111034179
"log(Species):Stream:Latitude"	0.00498177496584255	0.00189394772699639	2.63036560873997	0.0091462027017352
