"Estimate"	"Std. Error"	"t value"	"Pr(>|t|)"
"(Intercept)"	-0.628888475150372	0.136122402739597	-4.62002185160836	7.10686096281485e-06
"log(Species)"	0.549356483850942	0.0569455490632834	9.64704867873772	3.82571808987513e-18
"log(Species):Lakeweb"	-0.0612792128532759	0.0654734922978468	-0.93593927408835	0.350505141312415
"log(Species):Stream"	-0.188255722535846	0.0900619621519062	-2.09029115108904	0.0379365147022996
"log(Species):Latitude"	-0.000577736354971225	0.00104667226674763	-0.551974455926352	0.581621406644083
"log(Species):Lakeweb:Latitude"	0.00455851838893505	0.00159885155087616	2.85112047233967	0.00484342965366043
"log(Species):Stream:Latitude"	0.0066191313332645	0.00202275037439675	3.27234216196279	0.00126917035219527
