"Estimate"	"Std. Error"	"t value"	"Pr(>|t|)"
"(Intercept)"	-1.21660952887478	0.146089610904153	-8.32783057840422	9.27280048584428e-15
"log(Species)"	0.694655047213079	0.0542540916475195	12.803735646818	2.4957041316097e-28
"log(Species):Lakeweb"	-0.0554103251331776	0.0686150412190464	-0.807553623064744	0.420231900655617
"log(Species):Marine"	0.127482458422592	0.028924373122835	4.40744066885057	1.64450571016299e-05
"log(Species):Terr"	-0.0553129521309154	0.027452117837804	-2.0148883396801	0.045150133118845
"log(Species):Latitude"	-0.00108588369175469	0.000916495050381927	-1.18482221077154	0.237383738892425
"log(Species):Lakeweb:Latitude"	0.00334605926657507	0.00161733713049159	2.06886938010137	0.0397431608237209
