"Estimate"	"Std. Error"	"t value"	"Pr(>|t|)"
"(Intercept)"	-0.483493150017397	0.130005473700782	-3.71902148620446	0.000277923972451372
"log(Species)"	0.716774073745377	0.053787190365947	13.3261110846045	1.38933513260942e-27
"log(Species):Lakeweb"	-0.0191038870709253	0.0838189622013631	-0.227918439565392	0.820006206591483
"log(Species):Terr"	-0.0282512961295702	0.0286118187293499	-0.987399521743444	0.32496608818949
"log(Species):Latitude"	-0.00113567273181342	0.000943991852597666	-1.203053531329	0.230766647626454
"log(Species):Lakeweb:Latitude"	0.00166982056661889	0.00186791992460482	0.893946546971043	0.372718812115369
