"Estimate"	"Std. Error"	"t value"	"Pr(>|t|)"
"(Intercept)"	-1.22526382611483	0.142189697356923	-8.61710692750958	1.5904146971689e-15
"log(Species)"	0.728734242246026	0.0538300178676124	13.537692743076	1.67416977897478e-30
"log(Species):Lakeweb"	-0.087970308479404	0.0674942195261688	-1.30337544603055	0.193860315409132
"log(Species):Marine"	0.0963721618213456	0.0285121544902651	3.38003786610548	0.000862648050494278
"log(Species):Terr"	-0.0839596305659862	0.0270972927570474	-3.09845087916209	0.00220886797094155
"log(Species):Latitude"	-0.00137380151954383	0.000903669043691444	-1.5202485125881	0.129938544526318
"log(Species):Lakeweb:Latitude"	0.00363999355963538	0.00159298881682595	2.28500885956507	0.0233016009693814
