"Estimate"	"Std. Error"	"t value"	"Pr(>|t|)"
"(Intercept)"	-0.885856693704034	0.138600125166841	-6.39145666454252	1.04441272249167e-09
"log(Species)"	0.695170913243582	0.060634729331683	11.4648967828465	6.01018445274661e-24
"log(Species):Lakeweb"	-0.10381543213034	0.0725474572954229	-1.43100028588996	0.153916542612009
"log(Species):Stream"	-0.165348443232602	0.0864649105550697	-1.91231844422358	0.057196180429814
"log(Species):Marine"	0.0822920407420384	0.0348862522518513	2.35886733111813	0.0192486476835156
"log(Species):Terr"	-0.0977747294450352	0.0336828310471904	-2.9028061598519	0.00409311398661357
"log(Species):Latitude"	-0.00103802212171514	0.0010680821787018	-0.971856044800605	0.332240235575275
"log(Species):Lakeweb:Latitude"	0.00439821344700807	0.00166638933593109	2.63936725480218	0.00892909229700094
"log(Species):Stream:Latitude"	0.00485792634897194	0.00190224084773434	2.55379141645389	0.011364620052148
