"Estimate"	"Std. Error"	"t value"	"Pr(>|t|)"
"(Intercept)"	-0.317251438696673	0.134956014726812	-2.35077657960541	0.0197648406781033
"log(Species)"	0.631453709720245	0.0536467099778903	11.7705952514234	2.39451684040917e-24
"log(Species):Lakeweb"	-0.0824576794836055	0.0642323111695935	-1.28374143763707	0.200804056109091
"log(Species):Terr"	-0.0649000516795198	0.0258499880628195	-2.51064145646035	0.0128899381488019
"log(Species):Latitude"	-0.00070555596362219	0.000911369078699062	-0.774171496611822	0.439796721688942
"log(Species):Lakeweb:Latitude"	0.00349006193847949	0.00152771486923611	2.28449824555586	0.0234534223580496
