"Estimate"	"Std. Error"	"t value"	"Pr(>|t|)"
"(Intercept)"	-0.834764069543918	0.127212696551717	-6.56195562370264	7.42646812199834e-10
"log(Species)"	0.688185005808041	0.0570424957727641	12.0644266434188	4.30133788820911e-24
"log(Species):Lakeweb"	-0.0236429388725061	0.0834011236195624	-0.283484656398088	0.777181206574677
"log(Species):Stream"	-0.281221026054588	0.0849914488125547	-3.30881553360516	0.00116345939382071
"log(Species):Latitude"	-0.00175401099864805	0.00109110604608611	-1.60755318416559	0.10995515949966
"log(Species):Lakeweb:Latitude"	0.00308767846038513	0.00189183999728314	1.63210338338302	0.104674686387936
"log(Species):Stream:Latitude"	0.00844957324556849	0.00190856255474578	4.42719219475306	1.78631238563228e-05
