"Estimate"	"Std. Error"	"t value"	"Pr(>|t|)"
"(Intercept)"	-1.18663646290598	0.129684459328791	-9.15018244319838	2.5334552762707e-16
"log(Species)"	0.66662982449505	0.0365205826226385	18.2535375019405	5.90781565742742e-41
"log(Species):Lakeweb"	0.0592181487207278	0.0250211875415738	2.36672014956661	0.0191428583997142
