"Estimate"	"Std. Error"	"t value"	"Pr(>|t|)"
"(Intercept)"	-1.20389151299785	0.146150962515161	-8.23731498089157	1.65223744571592e-14
"log(Species)"	0.690263340350134	0.0542252852023786	12.7295474385049	4.30037335048762e-28
"log(Species):Lakeweb"	-0.059441858558067	0.0689307187891903	-0.862342067545487	0.389451292210044
"log(Species):Marine"	0.126742155405015	0.0288749611992175	4.38934461350721	1.77527208876754e-05
"log(Species):Terr"	-0.0568069018817178	0.0274007077651586	-2.07319104194639	0.0393352680758869
"log(Species):Latitude"	-0.00105891418115623	0.000915233615796588	-1.15698785848746	0.248549341851781
"log(Species):Lakeweb:Latitude"	0.00348249054917601	0.00163869948025181	2.12515509472236	0.0347044216572804
