"Estimate"	"Std. Error"	"t value"	"Pr(>|t|)"
"(Intercept)"	-1.01049081169197	0.135522756200205	-7.45624454537508	3.12370139418846e-12
"log(Species)"	0.633278278499141	0.0538485715596018	11.7603542704601	2.56824349472177e-24
"log(Species):Lakeweb"	-0.0841116335376961	0.0644903149811367	-1.30425217433499	0.193733711918548
"log(Species):Terr"	-0.0636118726462847	0.0259600157707934	-2.45037881363123	0.0151806794564647
"log(Species):Latitude"	-0.000741005084993825	0.000914667869173333	-0.810135689650427	0.418881049554602
"log(Species):Lakeweb:Latitude"	0.00358286592822954	0.001533854599112	2.33585760365015	0.0205473893963325
