"Estimate"	"Std. Error"	"t value"	"Pr(>|t|)"
"(Intercept)"	-1.17819920781043	0.130430162769828	-9.03318053730881	5.78646626604813e-16
"log(Species)"	0.718131531352042	0.0538664383400382	13.3317062252892	1.34130943519878e-27
"log(Species):Lakeweb"	-0.0187116517272809	0.0841455860789033	-0.222372350104437	0.824313051577438
"log(Species):Terr"	-0.0272788628741583	0.0286175572523276	-0.953221221281547	0.341943272160656
"log(Species):Latitude"	-0.00115100175907954	0.000947051674538465	-1.21535264656014	0.226056077707864
"log(Species):Lakeweb:Latitude"	0.00171491172605854	0.00187495225245407	0.914642878939417	0.361781731821186
