"Estimate"	"Std. Error"	"t value"	"Pr(>|t|)"
"(Intercept)"	-1.00617971088017	0.135453148340633	-7.42824897912201	3.68007840033975e-12
"log(Species)"	0.630816101288031	0.0539033133870524	11.7027333135991	3.80815518071044e-24
"log(Species):Lakeweb"	-0.0831638677607002	0.0644153267953303	-1.29105714273469	0.198260764232863
"log(Species):Terr"	-0.0648839413687085	0.0259797161096879	-2.49748461818307	0.0133619568426059
"log(Species):Latitude"	-0.000711065313820764	0.000914380259808167	-0.777647271136346	0.437749315712827
"log(Species):Lakeweb:Latitude"	0.00355678289822234	0.00153227079756798	2.32124954927527	0.0213398868500788
