"Estimate"	"Std. Error"	"t value"	"Pr(>|t|)"
"(Intercept)"	-1.00562342733987	0.134281627427358	-7.48891301517686	2.57885127391577e-12
"log(Species)"	0.63570083483674	0.0531580031071386	11.9587041965347	6.60467982560428e-25
"log(Species):Lakeweb"	-0.0794253156737714	0.0638952988300398	-1.24305413900702	0.21538773391112
"log(Species):Terr"	-0.0600379802001121	0.025414588441175	-2.36234320060217	0.0191763072518775
"log(Species):Latitude"	-0.000826571780172641	0.000901571168970949	-0.916812569678873	0.360409241629949
"log(Species):Lakeweb:Latitude"	0.00319311491447747	0.00153345703287718	2.08229826204281	0.038661670684692
