"Estimate"	"Std. Error"	"t value"	"Pr(>|t|)"
"(Intercept)"	-1.00562342733986	0.134281627427358	-7.48891301517684	2.57885127391611e-12
"log(Species)"	0.635700834836739	0.0531580031071385	11.9587041965346	6.60467982560457e-25
"log(Species):Lakeweb"	-0.0794253156737716	0.0638952988300399	-1.24305413900702	0.215387733911119
"log(Species):Terr"	-0.0600379802001121	0.025414588441175	-2.36234320060217	0.0191763072518775
"log(Species):Latitude"	-0.00082657178017264	0.000901571168970949	-0.916812569678873	0.360409241629949
"log(Species):Lakeweb:Latitude"	0.00319311491447748	0.00153345703287718	2.08229826204281	0.038661670684692
