"Estimate"	"Std. Error"	"t value"	"Pr(>|t|)"
"(Intercept)"	-0.489688472276894	0.142845030702112	-3.42810995853322	0.000727150352688859
"log(Species)"	0.686257200302122	0.0527888675495308	13.000036412189	5.90326219401361e-29
"log(Species):Latitude"	-0.00112691929396328	0.000889697038276034	-1.26663262378271	0.206644544668904
"log(Species):Lakeweb"	-0.055974966871229	0.0674207107118466	-0.830234007921746	0.407318948812897
"log(Species):Marine"	0.123596602071542	0.0282146093805889	4.3805888078881	1.84206989837869e-05
"log(Species):Terr"	-0.0522976048712133	0.0264423917462655	-1.97779404272685	0.0492174218919518
"log(Species):Latitude:Lakeweb"	0.0030263237841025	0.00161740388268586	1.87109961618058	0.0626771270998869
