"Estimate"	"Std. Error"	"t value"	"Pr(>|t|)"
"(Intercept)"	-0.826315829207103	0.126151900904158	-6.55016550115155	7.90097102867782e-10
"log(Species)"	0.68677550746598	0.0556126572211967	12.3492661883492	7.18188064889664e-25
"log(Species):Lakeweb"	-0.0138471140214873	0.0823589328301525	-0.1681312948778	0.86669776812334
"log(Species):Stream"	-0.281745008102062	0.0836742597082278	-3.36716463443485	0.000956512423334157
"log(Species):Latitude"	-0.00177492439380758	0.0010658065997107	-1.66533439958934	0.097853049959855
"log(Species):Lakeweb:Latitude"	0.00268167786872169	0.00188268582580511	1.42438947166073	0.156331092995983
"log(Species):Stream:Latitude"	0.00846530672110505	0.00188247407644072	4.49690480578133	1.33871585823129e-05
