"Estimate"	"Std. Error"	"t value"	"Pr(>|t|)"
"(Intercept)"	-1.22047512652701	0.141160791202805	-8.64599239015007	1.31931393680636e-15
"log(Species)"	0.731697250799746	0.0531668696740023	13.7622781872662	3.24699276688112e-31
"log(Species):Lakeweb"	-0.0829467334540578	0.0670642184181634	-1.23682546983345	0.217520241550063
"log(Species):Marine"	0.0960761771335165	0.0283123971089686	3.39343139204141	0.000823628603877586
"log(Species):Terr"	-0.0795904665191435	0.0265186384600931	-3.00130290018155	0.00301066493226566
"log(Species):Latitude"	-0.00147086415371979	0.000892416910318477	-1.64818050477649	0.100796832554287
"log(Species):Lakeweb:Latitude"	0.00327341210422506	0.0015957079443751	2.05138547800297	0.0414588409690462
