"Estimate"	"Std. Error"	"t value"	"Pr(>|t|)"
"(Intercept)"	-1.1657745163659	0.12809124573205	-9.10112560544968	3.84370996675898e-16
"log(Species)"	0.716890810907115	0.0526573363753582	13.6142627077999	2.27321472791346e-28
"log(Species):Lakeweb"	-0.00441847930172964	0.0827000546855482	-0.0534277675937471	0.957459004361257
"log(Species):Terr"	-0.0250985632453798	0.0275691435585498	-0.910386033286704	0.364014536808579
"log(Species):Latitude"	-0.00119951542837445	0.000923350749274103	-1.29908967888687	0.195817721098666
"log(Species):Lakeweb:Latitude"	0.0011081573261113	0.00185529463140273	0.597294525276266	0.551171217344579
