"Estimate"	"Std. Error"	"t value"	"Pr(>|t|)"
"(Intercept)"	-0.882080907364155	0.138267291903028	-6.3795341271513	1.11481631979045e-09
"log(Species)"	0.698154089529324	0.0601125104100909	11.6141229964691	2.07911807749377e-24
"log(Species):Lakeweb"	-0.102132824009559	0.0722880961128667	-1.41285812604739	0.159177821350896
"log(Species):Stream"	-0.169288584760058	0.0860543915264675	-1.96722772373552	0.0504736933390218
"log(Species):Marine"	0.0822612503395895	0.0347919559906047	2.36437555743642	0.0189722956024092
"log(Species):Terr"	-0.0948718872243399	0.0333139125110697	-2.8478158244792	0.00483937309525376
"log(Species):Latitude"	-0.00113438578842359	0.00105665340269751	-1.07356469541255	0.284249881417546
"log(Species):Lakeweb:Latitude"	0.00420818232986238	0.0016716237785571	2.51742191265953	0.0125684809029368
"log(Species):Stream:Latitude"	0.00495408194635564	0.00189236940004395	2.61792541468943	0.00949068125418417
