"Estimate"	"Std. Error"	"t value"	"Pr(>|t|)"
"(Intercept)"	-1.2263859244216	0.146681714391272	-8.36086440297688	7.64411795059511e-15
"log(Species)"	0.686573039672889	0.0545690840891463	12.5817218876402	1.35425642751658e-27
"log(Species):Lakeweb"	-0.0440760185147591	0.0691379671459054	-0.637508164244159	0.524469068227246
"log(Species):Marine"	0.13470345951454	0.0292798221241887	4.60055593723224	7.17889458123676e-06
"log(Species):Terr"	-0.0498394461168371	0.0271380022224627	-1.83651860989177	0.067655277972369
"log(Species):Latitude"	-0.000848496594960232	0.000933914293674323	-0.90853796832038	0.364606634524873
"log(Species):Lakeweb:Latitude"	0.00310582967202985	0.00162598328510014	1.91012398496985	0.0574418417434232
