"Estimate"	"Std. Error"	"t value"	"Pr(>|t|)"
"(Intercept)"	-0.835039413040754	0.127932986140919	-6.52716268282014	9.04199932938811e-10
"log(Species)"	0.681075138099909	0.0576200896035348	11.8200985591339	2.17370298340747e-23
"log(Species):Lakeweb"	-0.0164370357876196	0.0841971271590311	-0.195220862542892	0.845475717401785
"log(Species):Stream"	-0.274048142708845	0.0856535009155934	-3.19949727424339	0.00166978440748537
"log(Species):Latitude"	-0.00154566333762313	0.00113781471255439	-1.35844906957928	0.176295039553525
"log(Species):Lakeweb:Latitude"	0.00287915888084081	0.00192213090843381	1.49789947615316	0.136193104100276
"log(Species):Stream:Latitude"	0.00824139440753219	0.00193758488514849	4.25343656977412	3.62770821890597e-05
