"Estimate"	"Std. Error"	"t value"	"Pr(>|t|)"
"(Intercept)"	-1.2080052366958	0.14673509607509	-8.23255832454439	1.73310368977458e-14
"log(Species)"	0.695587020765752	0.0542410131979782	12.8240049319668	2.30142267724595e-28
"log(Species):Lakeweb"	-0.0630963784064807	0.0691198528755872	-0.912854639897043	0.362336748068669
"log(Species):Marine"	0.126930134440024	0.0289951694525715	4.37763037210902	1.86878799225911e-05
"log(Species):Terr"	-0.0521798989427866	0.0271749063230192	-1.92015009444895	0.056156072844879
"log(Species):Latitude"	-0.00115787671995262	0.000914347977176083	-1.26634142455115	0.206754816769822
"log(Species):Lakeweb:Latitude"	0.00349610062901378	0.00164917851030919	2.1199043082112	0.035155297397127
