"Estimate"	"Std. Error"	"t value"	"Pr(>|t|)"
"(Intercept)"	-0.499151419488747	0.144167578537227	-3.4623000854513	0.000645539910498084
"log(Species)"	0.688524155846776	0.0532919236046744	12.9198593196659	1.14015598049385e-28
"log(Species):Latitude"	-0.00112384976058957	0.000898349047609101	-1.25101681087171	0.212281665029076
"log(Species):Lakeweb"	-0.0646118075858833	0.067910418737337	-0.951427023823663	0.342451042919921
"log(Species):Marine"	0.124160628921127	0.0284878224846402	4.35837554758953	2.02637543995246e-05
"log(Species):Terr"	-0.0520988130494774	0.0266994096597093	-1.95130955004211	0.052313205421072
"log(Species):Latitude:Lakeweb"	0.00340726656152388	0.0016203217823583	2.10283327584769	0.0366382144994648
