"Estimate"	"Std. Error"	"t value"	"Pr(>|t|)"
"(Intercept)"	-0.835050072127751	0.127573890832446	-6.54561890900148	8.20886593815854e-10
"log(Species)"	0.688994306596142	0.0562704327427007	12.2443399315339	1.52507624461866e-24
"log(Species):Lakeweb"	-0.0251249682512691	0.0831734151876219	-0.302079314581377	0.762996550232713
"log(Species):Stream"	-0.281964871746107	0.0846869516365018	-3.32949605927928	0.00108723317971609
"log(Species):Latitude"	-0.0017679547825635	0.00107869920229356	-1.63896921292278	0.103247865542447
"log(Species):Lakeweb:Latitude"	0.00309020743776646	0.00188927019816951	1.63566198247372	0.103939423817815
"log(Species):Stream:Latitude"	0.00846369238794169	0.00190525927801111	4.44227853165313	1.68502863294498e-05
