"Estimate"	"Std. Error"	"t value"	"Pr(>|t|)"
"(Intercept)"	-0.32003702174061	0.135838950338366	-2.35600334766589	0.0194969511637634
"log(Species)"	0.63733756454069	0.0536962227144981	11.8693184049352	1.21842406847478e-24
"log(Species):Lakeweb"	-0.0873637051916834	0.0643661712393282	-1.35729224699175	0.176306948930151
"log(Species):Terr"	-0.0600840130374339	0.0256459012962731	-2.34283101784242	0.0201782836888839
"log(Species):Latitude"	-0.000823402574299526	0.000909781545894263	-0.905055260810076	0.36658837153249
"log(Species):Lakeweb:Latitude"	0.00360355743188411	0.0015344932974459	2.34836961352786	0.0198892915418213
