"Estimate"	"Std. Error"	"t value"	"Pr(>|t|)"
"(Intercept)"	-1.17940147560416	0.131023958732335	-9.00141842007326	7.00376334297952e-16
"log(Species)"	0.720295927662274	0.0537515551583259	13.4004667500435	8.70584586446898e-28
"log(Species):Lakeweb"	-0.020213710644085	0.0841616961836218	-0.240177082457835	0.810506292446577
"log(Species):Terr"	-0.0251290821881301	0.0281078075266756	-0.894024984491639	0.372676974815713
"log(Species):Latitude"	-0.00119298675037584	0.000941405159846502	-1.26724050521495	0.206945780446014
"log(Species):Lakeweb:Latitude"	0.00175945370112353	0.00187300060515463	0.939377006222739	0.348980190378228
