"Estimate"	"Std. Error"	"t value"	"Pr(>|t|)"
"(Intercept)"	-0.32003702174061	0.135838950338366	-2.35600334766589	0.0194969511637635
"log(Species)"	0.637337564540689	0.0536962227144982	11.8693184049351	1.21842406847489e-24
"log(Species):Lakeweb"	-0.0873637051916831	0.0643661712393282	-1.35729224699174	0.176306948930153
"log(Species):Terr"	-0.0600840130374339	0.0256459012962732	-2.34283101784242	0.020178283688884
"log(Species):Latitude"	-0.00082340257429952	0.000909781545894262	-0.90505526081007	0.366588371532493
"log(Species):Lakeweb:Latitude"	0.00360355743188411	0.0015344932974459	2.34836961352786	0.0198892915418215
