"Estimate"	"Std. Error"	"t value"	"Pr(>|t|)"
"(Intercept)"	-0.499474684114152	0.144413917754386	-3.45863260190503	0.00065337995604
"log(Species)"	0.688601597527316	0.0532834078099979	12.9233775734237	1.03688593997236e-28
"log(Species):Latitude"	-0.0011237449019727	0.000896995903044378	-1.25278710656174	0.211631533724548
"log(Species):Lakeweb"	-0.0648504510205313	0.0678115154040082	-0.956333900432168	0.339967757973353
"log(Species):Marine"	0.124179896695127	0.0284530311128118	4.36438199511233	1.97212417206157e-05
"log(Species):Terr"	-0.0520920221034488	0.0266600691138084	-1.95393424829751	0.0519939071829583
"log(Species):Latitude:Lakeweb"	0.00350122221556305	0.00161574429043532	2.16694079396668	0.0313283905152239
