"Estimate"	"Std. Error"	"t value"	"Pr(>|t|)"
"(Intercept)"	-0.827750315580331	0.127579808315822	-6.48809812859451	1.09360256691805e-09
"log(Species)"	0.687139916510481	0.0561132991963303	12.2455803945211	1.37793809997237e-24
"log(Species):Lakeweb"	-0.0268143048952753	0.0828635098435117	-0.323596055077975	0.746677275946629
"log(Species):Stream"	-0.281781117860426	0.0843314031243558	-3.34135455382984	0.00104340199418374
"log(Species):Latitude"	-0.00177377972535181	0.00107420472387176	-1.65124923204449	0.100699344498708
"log(Species):Lakeweb:Latitude"	0.00308773188059939	0.00188090732985651	1.64161829324943	0.102683610011869
"log(Species):Stream:Latitude"	0.00846504158777345	0.00189724983629897	4.46174321684829	1.54896255139042e-05
