"Estimate"	"Std. Error"	"t value"	"Pr(>|t|)"
"(Intercept)"	-0.510707790649729	0.144222084165348	-3.54112058222796	0.000487551386227267
"log(Species)"	0.691292614667579	0.053273510672439	12.9762917056116	7.02887220652061e-29
"log(Species):Latitude"	-0.00112010117506294	0.000897570700211401	-1.24792528855847	0.213403318419228
"log(Species):Lakeweb"	-0.0599287581367289	0.0674270431291011	-0.88879410034316	0.375097912010749
"log(Species):Marine"	0.1248494316242	0.0284662799154414	4.38587100228982	1.80148929400576e-05
"log(Species):Terr"	-0.0518560438546041	0.0266766153822711	-1.94387642928147	0.0532032239668678
"log(Species):Latitude:Lakeweb"	0.00334231951330808	0.00159222565291395	2.09914939329816	0.036959801312758
