"Estimate"	"Std. Error"	"t value"	"Pr(>|t|)"
"(Intercept)"	-1.19052269586831	0.130175390594629	-9.14552812501739	2.6061197935119e-16
"log(Species)"	0.668204417913914	0.0365851398632053	18.2643669099635	5.53983512571415e-41
"log(Species):Lakeweb"	0.0592736023003236	0.0255984173140102	2.31551824369559	0.0218544119154833
