"Estimate"	"Std. Error"	"t value"	"Pr(>|t|)"
"(Intercept)"	-0.82775031558033	0.127579808315822	-6.4880981285945	1.09360256691811e-09
"log(Species)"	0.68713991651048	0.0561132991963303	12.2455803945211	1.37793809997247e-24
"log(Species):Lakeweb"	-0.026814304895275	0.0828635098435117	-0.32359605507797	0.746677275946632
"log(Species):Stream"	-0.281781117860425	0.0843314031243557	-3.34135455382983	0.00104340199418377
"log(Species):Latitude"	-0.0017737797253518	0.00107420472387176	-1.65124923204448	0.100699344498708
"log(Species):Lakeweb:Latitude"	0.00308773188059938	0.00188090732985651	1.64161829324943	0.10268361001187
"log(Species):Stream:Latitude"	0.00846504158777343	0.00189724983629897	4.46174321684828	1.54896255139049e-05
