"Estimate"	"Std. Error"	"t value"	"Pr(>|t|)"
"(Intercept)"	-1.3877603706928	0.169486502895004	-8.18802882228624	1.84255266694405e-13
"log(Species)"	0.757122982936551	0.0658383799207934	11.4997207380772	1.02016471492995e-21
"log(Species):Lakeweb"	-0.0625170387829289	0.0759521627103568	-0.823110712743458	0.411907480941197
"log(Species):Marine"	0.120003692069467	0.0377737498166882	3.17690704925595	0.00184800407650324
"log(Species):Terr"	-0.0661399371001927	0.0359885382396276	-1.83780559965519	0.0683059256741
"log(Species):Latitude"	-0.00111908664306993	0.00108295999876847	-1.03335916778324	0.3032972319557
"log(Species):Lakeweb:Latitude"	0.00341467190169388	0.00171838162379455	1.98714409791788	0.0489455411493245
