"Estimate"	"Std. Error"	"t value"	"Pr(>|t|)"
"(Intercept)"	-1.52481802793342	0.152042425743015	-10.0288983188856	4.07077724841529e-18
"log(Species)"	0.790792241980861	0.0465246229808176	16.9972842618609	1.18343770712181e-35
"log(Species):Lakeweb"	0.0642011425780341	0.027925459148293	2.29901833438462	0.0230056369434789
