"Estimate"	"Std. Error"	"t value"	"Pr(>|t|)"
"(Intercept)"	-0.911507181437286	0.170994270859156	-5.33062994951494	4.03759915241035e-07
"log(Species)"	0.671682106532468	0.066424084377258	10.1120265763488	3.27392066461182e-18
"log(Species):Lakeweb"	-0.0815529788844206	0.0766278403353394	-1.06427348764532	0.289118874029715
"log(Species):Marine"	0.12203655295325	0.0381097886686714	3.2022364126509	0.00170356597865326
"log(Species):Terr"	-0.0578640064960133	0.03630869568053	-1.59366800187874	0.113366489989183
"log(Species):Latitude"	-0.00104853124704415	0.00109259411337175	-0.959671331020055	0.338949051903006
"log(Species):Lakeweb:Latitude"	0.00471934532790271	0.0017336685092886	2.72217283905056	0.007348099027678
