"Estimate"	"Std. Error"	"t value"	"Pr(>|t|)"
"(Intercept)"	-0.936217334986189	0.170824632307192	-5.48057573630598	2.03210610144711e-07
"log(Species)"	0.677511224668889	0.0664945561185056	10.1889728154804	2.09656666966057e-18
"log(Species):Lakeweb"	-0.0736724775030061	0.0762308055134183	-0.966439709075856	0.335565198601199
"log(Species):Marine"	0.123497165547047	0.0381871563323971	3.23399743285611	0.00153728559403866
"log(Species):Terr"	-0.0573453186359716	0.0363895446246472	-1.5758734885935	0.117412949352258
"log(Species):Latitude"	-0.00103811023552751	0.00109504620851527	-0.948005871765944	0.344832981398785
"log(Species):Lakeweb:Latitude"	0.0044835913403612	0.00171288349747553	2.61756934839362	0.00987411349392968
