"Estimate"	"Std. Error"	"t value"	"Pr(>|t|)"
"(Intercept)"	-0.692172409826342	0.165725850113848	-4.17661100758175	5.29900594507858e-05
"log(Species)"	0.752060529647303	0.0645098232722399	11.6580776616533	4.05259296300354e-22
"log(Species):Latitude"	-0.00110144063211309	0.00106236121435807	-1.03678543345414	0.301703186611469
"log(Species):Lakeweb"	-0.0603375730288799	0.0739554646068615	-0.81586361940429	0.41602603523499
"log(Species):Marine"	0.120085312476162	0.0370473441747925	3.24140137845211	0.00150075927286236
"log(Species):Terr"	-0.0638211648530514	0.0353033876714603	-1.80779151981058	0.0728818707672951
"log(Species):Latitude:Lakeweb"	0.00326182909413781	0.0016617572649279	1.96287939459037	0.0517315211087924
