"Estimate"	"Std. Error"	"t value"	"Pr(>|t|)"
"(Intercept)"	-1.01079873546831	0.138116065766602	-7.31847326998458	7.19012316983312e-12
"log(Species)"	0.636563651465923	0.0580379853911651	10.9680521674831	6.25057320591764e-22
"log(Species):Lakeweb"	-0.0872888384731381	0.0664886505992815	-1.31283817142292	0.19084633008744
"log(Species):Terr"	-0.0598481906764488	0.0270694297137059	-2.21091435281129	0.0282541956315887
"log(Species):Latitude"	-0.000814491109614051	0.000989038846272678	-0.823517814981249	0.411262610499103
"log(Species):Lakeweb:Latitude"	0.00365607648206956	0.00158249425562262	2.31032527864129	0.0219615871362573
