"Estimate"	"Std. Error"	"t value"	"Pr(>|t|)"
"(Intercept)"	-1.01079873546831	0.138116065766602	-7.31847326998457	7.19012316983352e-12
"log(Species)"	0.636563651465923	0.0580379853911652	10.9680521674831	6.25057320591809e-22
"log(Species):Lakeweb"	-0.0872888384731383	0.0664886505992816	-1.31283817142292	0.19084633008744
"log(Species):Terr"	-0.0598481906764488	0.0270694297137059	-2.21091435281129	0.0282541956315886
"log(Species):Latitude"	-0.000814491109614054	0.000989038846272679	-0.823517814981251	0.411262610499101
"log(Species):Lakeweb:Latitude"	0.00365607648206957	0.00158249425562262	2.31032527864129	0.0219615871362573
