"Estimate"	"Std. Error"	"t value"	"Pr(>|t|)"
"(Intercept)"	-0.318549184985671	0.137774760027065	-2.31210117820633	0.0218613604452041
"log(Species)"	0.636584995963901	0.0578945647295989	10.9955917094657	5.1930899147513e-22
"log(Species):Lakeweb"	-0.0871330910204453	0.0663243470627042	-1.31374216074933	0.190542433964296
"log(Species):Terr"	-0.0599601759740734	0.0270025370486419	-2.22053860591182	0.0275830956225246
"log(Species):Latitude"	-0.000815299441569174	0.000986594781326401	-0.826377208759473	0.409643278963308
"log(Species):Lakeweb:Latitude"	0.00359864444345133	0.00157858367238069	2.27966658113482	0.0237565119654184
