"Estimate"	"Std. Error"	"t value"	"Pr(>|t|)"
"(Intercept)"	-0.833147473494452	0.128592243579451	-6.47898699255286	1.16292483638871e-09
"log(Species)"	0.685622892137051	0.0591117774213799	11.5987527705278	8.68379596725679e-23
"log(Species):Lakeweb"	-0.02164466786515	0.0840083941135508	-0.257648870610404	0.797019655839456
"log(Species):Stream"	-0.27902888963742	0.0858672958241583	-3.24953624030299	0.00141770178637665
"log(Species):Latitude"	-0.00168881967841507	0.0011428397737668	-1.4777396772329	0.141506557404539
"log(Species):Lakeweb:Latitude"	0.00302349650773292	0.00192344491895069	1.57191738528304	0.118008781259148
"log(Species):Stream:Latitude"	0.00838339073222722	0.00194360357363247	4.31332337826443	2.85178271983158e-05
