"Estimate"	"Std. Error"	"t value"	"Pr(>|t|)"
"(Intercept)"	-0.514745509779006	0.146115185210309	-3.52287484040837	0.000521333178023452
"log(Species)"	0.694386557651736	0.0569061902770753	12.2023026716563	2.2828176322159e-26
"log(Species):Latitude"	-0.00116795885474361	0.000960863338928938	-1.21553066645827	0.225496795136705
"log(Species):Lakeweb"	-0.0616879460194642	0.0689115049802119	-0.895176299475363	0.371693937225066
"log(Species):Marine"	0.125062047241965	0.0286010252321005	4.37264210730462	1.91215560989232e-05
"log(Species):Terr"	-0.0528821612884041	0.0277759199839003	-1.90388513932414	0.0582604874353267
"log(Species):Latitude:Lakeweb"	0.00337993438297253	0.0016287774028471	2.07513585162983	0.0391638812445455
