"Estimate"	"Std. Error"	"t value"	"Pr(>|t|)"
"(Intercept)"	-1.22431181686965	0.148720208792217	-8.23231642029354	1.76667803022701e-14
"log(Species)"	0.701858859902446	0.0579207457965099	12.1175729050218	4.22033189820599e-26
"log(Species):Lakeweb"	-0.0600518290425864	0.0701400979924977	-0.856169734023036	0.392857096881567
"log(Species):Marine"	0.127870871024742	0.0291109403726051	4.39253659923248	1.75840067198541e-05
"log(Species):Terr"	-0.0530721491319981	0.0282711246846514	-1.87725637815928	0.0618371575968871
"log(Species):Latitude"	-0.00120727454178737	0.000977994150167332	-1.23443943052298	0.218386715912938
"log(Species):Lakeweb:Latitude"	0.00346521066790742	0.00165781616112529	2.09022613554165	0.0377729850811203
