"Estimate"	"Std. Error"	"t value"	"Pr(>|t|)"
"(Intercept)"	-0.623177931764584	0.137870869233651	-4.52001162557754	1.0980367712567e-05
"log(Species)"	0.544283357619174	0.0598324574130013	9.09679095849577	1.42034688018074e-16
"log(Species):Lakeweb"	-0.0582120968207497	0.0670419537754682	-0.868293561606351	0.386352584391806
"log(Species):Stream"	-0.184493515651784	0.0916321973988429	-2.01341363504302	0.045512594394508
"log(Species):Latitude"	-0.000441395263292247	0.00113836468730871	-0.387745041824672	0.698648086492916
"log(Species):Lakeweb:Latitude"	0.00442728598961027	0.00166194748612404	2.66391448982271	0.00840174161875965
"log(Species):Stream:Latitude"	0.0064796218086624	0.00208013527780649	3.11500020109038	0.00213078737948797
