"Estimate"	"Std. Error"	"t value"	"Pr(>|t|)"
"(Intercept)"	-0.50312280718655	0.14400514153294	-3.4937836373812	0.000577122708571251
"log(Species)"	0.691149849108264	0.0531500334235115	13.0037519186682	5.74421492006528e-29
"log(Species):Latitude"	-0.00118181341296702	0.00090266646332929	-1.3092470596594	0.191835294689085
"log(Species):Lakeweb"	-0.0623177447942502	0.0674689792040367	-0.923650328335213	0.356694303260964
"log(Species):Marine"	0.125252085460064	0.0284443626512661	4.40340629163257	1.67283295200019e-05
"log(Species):Terr"	-0.0514511847263137	0.0266632355406054	-1.9296677122309	0.0549518821638791
"log(Species):Latitude:Lakeweb"	0.00339716825474957	0.00159114372497066	2.13504801699307	0.0338780662400507
