"Estimate"	"Std. Error"	"t value"	"Pr(>|t|)"
"(Intercept)"	-0.852183382460761	0.141512946341684	-6.02194643310695	7.37141388466616e-09
"log(Species)"	0.657428436189263	0.0615023565361989	10.6894836753502	1.15430573642308e-21
"log(Species):Lakeweb"	-0.087878849146404	0.0742582270562097	-1.18342239816585	0.237948632801475
"log(Species):Stream"	-0.157986904058596	0.0863669453364802	-1.82925196026199	0.0687469649281011
"log(Species):Marine"	0.120959377457063	0.0376534501422865	3.21243809000175	0.00151818105840567
"log(Species):Terr"	-0.0569291477247338	0.0361702070904588	-1.57392374288481	0.116975439466578
"log(Species):Latitude"	-0.00112439536155742	0.00108235426784216	-1.03884226723573	0.300044975230477
"log(Species):Lakeweb:Latitude"	0.00483650473809447	0.00170232839339168	2.84111147817862	0.00492785011202548
"log(Species):Stream:Latitude"	0.00512730169356662	0.00189543362078489	2.70508111565703	0.00737606924163477
