"Estimate"	"Std. Error"	"t value"	"Pr(>|t|)"
"(Intercept)"	-0.494188282379599	0.129787298430877	-3.8076783194836	0.000199508745488691
"log(Species)"	0.666812372837063	0.0366108744963658	18.2135057413953	7.49417905521605e-41
"log(Species):Lakeweb"	0.0567629514351482	0.0249437337261209	2.27563972813366	0.0241944591332847
