"Estimate"	"Std. Error"	"t value"	"Pr(>|t|)"
"(Intercept)"	-1.20059522304386	0.146819670257236	-8.17734586203845	2.41838570335412e-14
"log(Species)"	0.695477858062458	0.0541153555940252	12.8517654633918	1.7543212698426e-28
"log(Species):Lakeweb"	-0.0657998656309031	0.069077105105189	-0.952556791873438	0.341874490658056
"log(Species):Marine"	0.127338973196117	0.0289389070995338	4.4002689098846	1.69518501689945e-05
"log(Species):Terr"	-0.0517741654816375	0.0271219762991576	-1.90893778943556	0.0575894643071536
"log(Species):Latitude"	-0.00121923800891873	0.000918178300269995	-1.32788806766638	0.185610160614375
"log(Species):Lakeweb:Latitude"	0.00364510892433163	0.00164307225941124	2.21847146615316	0.0275588577441542
