"Estimate"	"Std. Error"	"t value"	"Pr(>|t|)"
"(Intercept)"	-0.827586376787183	0.128555777511551	-6.43756657854467	1.42321190228527e-09
"log(Species)"	0.689395860526794	0.0560852670591319	12.2919243622385	1.02977695182245e-24
"log(Species):Lakeweb"	-0.0273572572141242	0.0831899333006731	-0.328852976901026	0.742707869175127
"log(Species):Stream"	-0.284074581221478	0.0845693816413128	-3.35907128216136	0.000983002343725802
"log(Species):Latitude"	-0.00185588956562354	0.00109878912318798	-1.68903161349007	0.0932111267202591
"log(Species):Lakeweb:Latitude"	0.00319403862335101	0.00189732599743238	1.68344218530365	0.0942896123660573
"log(Species):Stream:Latitude"	0.00854705091128218	0.00191086872846486	4.47286136612253	1.4792648908021e-05
