"Estimate"	"Std. Error"	"t value"	"Pr(>|t|)"
"(Intercept)"	-1.22685026711981	0.142773808683539	-8.59296448299664	1.8588768028046e-15
"log(Species)"	0.734408066721576	0.0536265617857664	13.6948564716022	5.31359161499262e-31
"log(Species):Lakeweb"	-0.0931146976814797	0.0676320220323038	-1.37678417535712	0.170031165797473
"log(Species):Marine"	0.097072028258144	0.0285800785231994	3.39649270660146	0.000814944642235634
"log(Species):Terr"	-0.0790435061570502	0.0267699198642635	-2.95269864675872	0.00350518901851885
"log(Species):Latitude"	-0.00151106968138035	0.000906359352129585	-1.66718606458899	0.0969539636652308
"log(Species):Lakeweb:Latitude"	0.00377675741100684	0.00159693999258019	2.36499644855452	0.0189327014180809
