"Estimate"	"Std. Error"	"t value"	"Pr(>|t|)"
"(Intercept)"	-1.17362965627681	0.131223583934552	-8.94374030252181	9.90110102949081e-16
"log(Species)"	0.720106291399069	0.0536522249241132	13.4217414546666	7.61632464846196e-28
"log(Species):Lakeweb"	-0.0222801977477322	0.0841834039575058	-0.264662590253286	0.791616533368006
"log(Species):Terr"	-0.0248779376448062	0.0281077760859201	-0.885090928885984	0.377461129710037
"log(Species):Latitude"	-0.00123600173840778	0.000949439148806647	-1.30182301831698	0.194883729661676
"log(Species):Lakeweb:Latitude"	0.00180276483445275	0.00187698580769288	0.960457360446771	0.338301918369815
