"Estimate"	"Std. Error"	"t value"	"Pr(>|t|)"
"(Intercept)"	-0.312043393240069	0.135975414644855	-2.29485156603548	0.0228402305162291
"log(Species)"	0.6372096125226	0.0535823173904058	11.8921622571833	1.04197292822595e-24
"log(Species):Lakeweb"	-0.0900430740870501	0.0644429124336209	-1.39725333146292	0.163975576617871
"log(Species):Terr"	-0.0596221508353383	0.0256312385854713	-2.32615176346313	0.0210709969456782
"log(Species):Latitude"	-0.000889833596482665	0.000915275596668829	-0.97220290775941	0.332192203016276
"log(Species):Lakeweb:Latitude"	0.00367899872550569	0.00153393204217586	2.39841050603982	0.0174390864725637
