"Estimate"	"Std. Error"	"t value"	"Pr(>|t|)"
"(Intercept)"	-0.92144750536299	0.151676301862802	-6.0750921142347	6.90172179360244e-09
"log(Species)"	0.700464200822843	0.08080130122356	8.66897178901622	2.17212790827744e-15
"log(Species):Lakeweb"	-0.101538911079898	0.0848801052663717	-1.19626278456238	0.233124931047469
"log(Species):Stream"	-0.183815842678371	0.0965902439999059	-1.90304771026927	0.0585872116183967
"log(Species):Marine"	0.12346936718716	0.0367018457977354	3.36411873853981	0.000933448929139123
"log(Species):Latitude"	-0.00168352553591908	0.00151781697021941	-1.10917559162335	0.268794214714022
"log(Species):Lakeweb:Latitude"	0.0051333009849497	0.00197408248019168	2.60034777495784	0.0100653435815025
"log(Species):Stream:Latitude"	0.00569471631970923	0.00216200616344878	2.63399633913399	0.00915324330746821
