"Estimate"	"Std. Error"	"t value"	"Pr(>|t|)"
"(Intercept)"	-0.900415795155528	0.151817966034781	-5.93089091280043	1.45153534826026e-08
"log(Species)"	0.69439676016034	0.0807195493999698	8.6025846938214	3.28572272557698e-15
"log(Species):Lakeweb"	-0.108115255865672	0.0849178205456696	-1.27317511413905	0.204553421580236
"log(Species):Stream"	-0.18297317009419	0.0964154769429439	-1.8977572470286	0.0592854004104783
"log(Species):Marine"	0.122190823790296	0.0366414265112059	3.33477256276927	0.0010314306468877
"log(Species):Latitude"	-0.00166565325270388	0.00151508430067719	-1.09937991698507	0.273030980592645
"log(Species):Lakeweb:Latitude"	0.00534418804740566	0.00198364176519548	2.69412962621253	0.00770662957783151
"log(Species):Stream:Latitude"	0.00567432850346215	0.0021580982780811	2.6293188596154	0.00927541571026494
