"Estimate"	"Std. Error"	"t value"	"Pr(>|t|)"
"(Intercept)"	-1.29265226270044	0.139470032658427	-9.26831548011639	4.17282951220473e-17
"log(Species)"	0.712273294889009	0.039697636583947	17.9424609669846	9.28590576152598e-43
"log(Species):Lakeweb"	0.0622833491254026	0.0275581213049251	2.26007239159193	0.0249514060461195
