"Estimate"	"Std. Error"	"t value"	"Pr(>|t|)"
"(Intercept)"	-0.838120768887148	0.142512267492019	-5.88104297010141	1.56121883728824e-08
"log(Species)"	0.649428271755887	0.0623028597817738	10.4237313348154	8.02631799914531e-21
"log(Species):Lakeweb"	-0.0847570325607064	0.0745426603518212	-1.13702720241907	0.256804423517006
"log(Species):Stream"	-0.153480221314177	0.0867328268093885	-1.76957476148539	0.0782288244726193
"log(Species):Marine"	0.133506548103255	0.0395845938106423	3.37268960600934	0.000884088630814817
"log(Species):Terr"	-0.0448449114250737	0.0380618537460954	-1.17821143773572	0.240026951099322
"log(Species):Latitude"	-0.00133405120458307	0.00110276389974006	-1.20973420049163	0.227721814984338
"log(Species):Lakeweb:Latitude"	0.00505594956624168	0.00171842140819582	2.94220587693327	0.00361952713566118
"log(Species):Stream:Latitude"	0.00533527555407113	0.00190957597189151	2.79395825701887	0.00568151772997395
