"Estimate"	"Std. Error"	"t value"	"Pr(>|t|)"
"(Intercept)"	-0.983459199648489	0.13713299385661	-7.17157244212737	1.67577008755453e-11
"log(Species)"	0.63458132940423	0.053836845972758	11.7871193592086	2.43697751261808e-24
"log(Species):Lakeweb"	-0.0949103989129949	0.0646999892513389	-1.4669306751242	0.144074649132478
"log(Species):Terr"	-0.0575519566257074	0.0257330874422997	-2.23649636891624	0.0265008825530427
"log(Species):Latitude"	-0.00102248251304986	0.000923069983338913	-1.10769771686363	0.269415125813414
"log(Species):Lakeweb:Latitude"	0.00388852602690703	0.00154164221637726	2.52232715580711	0.0124921696572936
