"Estimate"	"Std. Error"	"t value"	"Pr(>|t|)"
"(Intercept)"	-1.19726834880811	0.147125197033514	-8.13775188036202	3.21463983374088e-14
"log(Species)"	0.696947590703312	0.054215859817975	12.855050035972	1.9634546894222e-28
"log(Species):Lakeweb"	-0.0641370704518245	0.0687742311185114	-0.93257415471943	0.352085957813547
"log(Species):Marine"	0.129864386422054	0.0289958460281039	4.47872382465354	1.21890737434617e-05
"log(Species):Terr"	-0.0496936674666184	0.027187571593605	-1.82780824302481	0.0689642937187723
"log(Species):Latitude"	-0.00133723550447403	0.00092438041943369	-1.44662898127296	0.149457181928217
"log(Species):Lakeweb:Latitude"	0.0036030345486573	0.00162334204333536	2.21951656057303	0.0274963492115884
