"Estimate"	"Std. Error"	"t value"	"Pr(>|t|)"
"(Intercept)"	-0.480593170172176	0.129910769876726	-3.69940976124009	0.000298423948664448
"log(Species)"	0.718186824067701	0.0534083189761893	13.4470965915981	6.49460365105954e-28
"log(Species):Lakeweb"	-0.0215281036534544	0.0835852464464474	-0.257558655010335	0.797084813570348
"log(Species):Terr"	-0.0242816537184276	0.0279750103022819	-0.867976578240865	0.386731944351649
"log(Species):Latitude"	-0.00121005036506908	0.000936360399364985	-1.29229126508308	0.198155118475218
"log(Species):Lakeweb:Latitude"	0.00174600888451751	0.0018624564444023	0.937476358045972	0.349953476192474
