"Estimate"	"Std. Error"	"t value"	"Pr(>|t|)"
"(Intercept)"	-1.0067686274199	0.135567073230523	-7.42635068699872	3.72116639628704e-12
"log(Species)"	0.635538343518381	0.0536618826755486	11.843385133559	1.45515097873885e-24
"log(Species):Lakeweb"	-0.0876792343042011	0.0643487813464076	-1.36256246768993	0.17464185089416
"log(Species):Terr"	-0.0589093241282081	0.0256658996199763	-2.29523706554037	0.0228176723322325
"log(Species):Latitude"	-0.000844011155634748	0.000909862365641731	-0.927625086503563	0.354785175746828
"log(Species):Lakeweb:Latitude"	0.00368920189114987	0.00153074679937196	2.41006670251638	0.0169081851171186
