"Estimate"	"Std. Error"	"t value"	"Pr(>|t|)"
"(Intercept)"	-0.507020249999539	0.14354408102095	-3.53215713523945	0.00050344109453847
"log(Species)"	0.690048726517739	0.0531345129510613	12.986826982931	6.50517194520887e-29
"log(Species):Latitude"	-0.00113616825730824	0.000896541713184486	-1.26727874520485	0.206413935447419
"log(Species):Lakeweb"	-0.0599200656551059	0.0673221429122666	-0.890049886457017	0.374424782568815
"log(Species):Marine"	0.125624873661025	0.0284375300038237	4.41757331400206	1.57537522108504e-05
"log(Species):Terr"	-0.0510111973694322	0.0266613714278018	-1.91329982808908	0.0570258227480242
"log(Species):Latitude:Lakeweb"	0.00335038991330913	0.00158685549292885	2.11133901495047	0.0358874505286508
