"Estimate"	"Std. Error"	"t value"	"Pr(>|t|)"
"(Intercept)"	-1.20378595014605	0.146233960481132	-8.23191785400193	1.70996659585245e-14
"log(Species)"	0.694123088847045	0.0540575676313477	12.840442499757	1.90636010621016e-28
"log(Species):Lakeweb"	-0.0633382270124439	0.0688650466552693	-0.919744196638797	0.358727718541874
"log(Species):Marine"	0.127929686385803	0.0289094914089898	4.42517941861895	1.52532406072863e-05
"log(Species):Terr"	-0.0511091619537263	0.027098996244666	-1.88601679162882	0.0606283757591661
"log(Species):Latitude"	-0.00117793855190258	0.000911237000514897	-1.29268077485548	0.197496173317376
"log(Species):Lakeweb:Latitude"	0.0036015884022221	0.00163718592171572	2.19986524099093	0.0288718520564592
