"Estimate"	"Std. Error"	"t value"	"Pr(>|t|)"
"(Intercept)"	-0.490666519503102	0.139264417540927	-3.52327269353569	0.000553244314344559
"log(Species)"	0.69180751365873	0.0539899001356275	12.8136468472964	1.90313205144488e-26
"log(Species):Lakeweb"	-0.0818939144100185	0.0621453813501413	-1.31777957799646	0.189426534564458
"log(Species):Terr"	-0.0910328499109722	0.0258221505779887	-3.5253783233907	0.000549176351829355
"log(Species):Latitude"	-0.000220160380554198	0.0008883409403922	-0.247833202933322	0.804575389620902
"log(Species):Lakeweb:Latitude"	0.0028495280020943	0.00148795359051988	1.91506510703651	0.0572353671086415
