"Estimate"	"Std. Error"	"t value"	"Pr(>|t|)"
"(Intercept)"	-1.18320109122857	0.139692265916908	-8.47005439751665	1.37077465413761e-14
"log(Species)"	0.691948003441089	0.0541557679969251	12.7769954897579	2.40815865782546e-26
"log(Species):Lakeweb"	-0.0821113733558658	0.0623363044944365	-1.31723197295397	0.189609557371024
"log(Species):Terr"	-0.0909912492053647	0.0259014814320877	-3.51297470934004	0.000573550731127465
"log(Species):Latitude"	-0.000220431031808529	0.000891070102911779	-0.247377878674437	0.804927114125773
"log(Species):Lakeweb:Latitude"	0.00290778404190966	0.00149252488402384	1.94823153237505	0.0531047818361191
