"Estimate"	"Std. Error"	"t value"	"Pr(>|t|)"
"(Intercept)"	-0.870891153641339	0.140855347630614	-6.1828760376582	3.1246512409301e-09
"log(Species)"	0.65862377470537	0.0616622435005652	10.6811516629189	1.22402560140051e-21
"log(Species):Lakeweb"	-0.076516991876901	0.0740536416802304	-1.03326440321878	0.302641032515643
"log(Species):Stream"	-0.154534795233681	0.0865598174436074	-1.78529483769253	0.0756231512268851
"log(Species):Marine"	0.124607548181671	0.0375117845934195	3.3218240489558	0.00105083127740279
"log(Species):Terr"	-0.0539164976232638	0.0360885414892736	-1.49400600296604	0.136640199662222
"log(Species):Latitude"	-0.0011006806775436	0.00106956740639102	-1.02908958422505	0.304593897600485
"log(Species):Lakeweb:Latitude"	0.00456515544140534	0.00167179031324248	2.73069858417297	0.00684445340706835
"log(Species):Stream:Latitude"	0.00510582458395324	0.00188921190172154	2.70262143664275	0.00742902640518054
