"Estimate"	"Std. Error"	"t value"	"Pr(>|t|)"
"(Intercept)"	-0.620064630134283	0.136097289464025	-4.5560395256673	9.36065008224639e-06
"log(Species)"	0.550994844482989	0.0561729043668717	9.80890788349447	1.32799123771931e-18
"log(Species):Lakeweb"	-0.0660172300158837	0.0648956762601605	-1.01728241109973	0.310326465133099
"log(Species):Stream"	-0.191919695858543	0.0894920618850733	-2.14454435193379	0.033273062255068
"log(Species):Latitude"	-0.000716396147080545	0.00103637223261123	-0.691253706475251	0.490258805409655
"log(Species):Lakeweb:Latitude"	0.00470507205497596	0.00159057429554526	2.95809637321157	0.00349306909829327
"log(Species):Stream:Latitude"	0.0067528953108832	0.00201348271929773	3.35383822575766	0.000963874375021318
