"Estimate"	"Std. Error"	"t value"	"Pr(>|t|)"
"(Intercept)"	-0.620064630134282	0.136097289464025	-4.55603952566729	9.36065008224661e-06
"log(Species)"	0.550994844482989	0.0561729043668717	9.80890788349448	1.32799123771929e-18
"log(Species):Lakeweb"	-0.0660172300158836	0.0648956762601605	-1.01728241109973	0.3103264651331
"log(Species):Stream"	-0.191919695858543	0.0894920618850733	-2.14454435193379	0.0332730622550676
"log(Species):Latitude"	-0.000716396147080547	0.00103637223261123	-0.691253706475252	0.490258805409653
"log(Species):Lakeweb:Latitude"	0.00470507205497597	0.00159057429554525	2.95809637321157	0.00349306909829323
"log(Species):Stream:Latitude"	0.00675289531088321	0.00201348271929773	3.35383822575767	0.00096387437502129
