"Estimate"	"Std. Error"	"t value"	"Pr(>|t|)"
"(Intercept)"	-0.942489926871465	0.145397925836582	-6.48214148481568	8.4149283195941e-10
"log(Species)"	0.675577079278165	0.0619485731577567	10.9054501958868	1.39226552672556e-21
"log(Species):Lakeweb"	-0.0696516382271105	0.0736340095790703	-0.945916684766658	0.345459140480588
"log(Species):Stream"	-0.143872447230929	0.0873675568668406	-1.6467491182134	0.101354374822867
"log(Species):Marine"	0.128749405053103	0.0373200849312174	3.44986902603233	0.00069864083430968
"log(Species):Terr"	-0.0525007896107579	0.0358446314269407	-1.46467650860816	0.144753585659389
"log(Species):Latitude"	-0.00106984904027069	0.00106222130349687	-1.0071809299519	0.315199844508051
"log(Species):Lakeweb:Latitude"	0.00451350638211934	0.00166033994657351	2.71842305031207	0.0072009920727119
"log(Species):Stream:Latitude"	0.00588478458637328	0.00192892458880446	3.05081112062585	0.00262733189657688
