"Estimate"	"Std. Error"	"t value"	"Pr(>|t|)"
"(Intercept)"	-1.3676173957595	0.14572147918752	-9.3851462624779	2.57281599741861e-17
"log(Species)"	0.77276326471095	0.0542240996735411	14.2512880686523	1.93881681175247e-31
"log(Species):Lakeweb"	-0.0851449575209189	0.0665262747896571	-1.2798696122717	0.202220010708015
"log(Species):Marine"	0.0772625067818671	0.0290496287390236	2.65967277847091	0.00851954761040233
"log(Species):Terr"	-0.105682517592575	0.0276341133722221	-3.82434985950399	0.000179980045696869
"log(Species):Latitude"	-0.000631868604077621	0.000892326386324485	-0.708113772899066	0.479780495542096
"log(Species):Lakeweb:Latitude"	0.00294147538728472	0.00158667207268954	1.85386472599766	0.0653768694945146
