"Estimate"	"Std. Error"	"t value"	"Pr(>|t|)"
"(Intercept)"	-0.495622554548818	0.143783438263873	-3.44700725294415	0.000680609933070763
"log(Species)"	0.687317405339315	0.0531516954929213	12.9312414019013	9.78685529620054e-29
"log(Species):Latitude"	-0.0011399014637672	0.000895966905199121	-1.27225844744106	0.204642925417464
"log(Species):Lakeweb"	-0.064869885118636	0.0677110375163108	-0.958040040414527	0.339108731582764
"log(Species):Marine"	0.124947944012827	0.0284250392970842	4.39569995689131	1.72824944710291e-05
"log(Species):Terr"	-0.0512483947860644	0.0266448835874933	-1.92338595204521	0.05574021908708
"log(Species):Latitude:Lakeweb"	0.00350777164068379	0.00160975070446694	2.17907756210323	0.0304026010341247
