"Estimate"	"Std. Error"	"t value"	"Pr(>|t|)"
"(Intercept)"	-0.655359882183943	0.143087324154701	-4.58013933837628	8.59699924726146e-06
"log(Species)"	0.764282462177973	0.0532439100278448	14.3543639409329	9.65273089987444e-32
"log(Species):Latitude"	-0.000606511727745505	0.00087619612155803	-0.692210011917219	0.489687643873456
"log(Species):Lakeweb"	-0.0864217540471238	0.0653237031267219	-1.32297695798834	0.187502820331067
"log(Species):Marine"	0.0752156125334027	0.0285245089957223	2.63687667839199	0.00909066539212205
"log(Species):Terr"	-0.104784550913255	0.0271345813936641	-3.86166085973679	0.000156373050832318
"log(Species):Latitude:Lakeweb"	0.00286318875301992	0.00155799036942237	1.83774483412337	0.0677303422472104
