"Estimate"	"Std. Error"	"t value"	"Pr(>|t|)"
"(Intercept)"	-0.486814657369907	0.138169669487138	-3.52331057298523	0.000552332371964173
"log(Species)"	0.690610348479961	0.0536628571571961	12.8694293421041	1.20391704723746e-26
"log(Species):Lakeweb"	-0.0820498384564362	0.0619674720476189	-1.32407916194136	0.187319219035664
"log(Species):Terr"	-0.0905024105935597	0.0256775964631775	-3.52456705686387	0.000549904451130903
"log(Species):Latitude"	-0.000230169392538855	0.000885093220707962	-0.260051017399894	0.795150616623582
"log(Species):Lakeweb:Latitude"	0.00286298291708676	0.00148295575731432	1.9305922668062	0.055258575956157
