"Estimate"	"Std. Error"	"t value"	"Pr(>|t|)"
"(Intercept)"	-0.491891583532008	0.129047511688938	-3.81170916892754	0.000196550529479768
"log(Species)"	0.665558522149359	0.0363398208275879	18.3148542560807	4.10547358829723e-41
"log(Species):Lakeweb"	0.0572760363191766	0.0248998694966697	2.30025447831512	0.0227255042582505
