"Estimate"	"Std. Error"	"t value"	"Pr(>|t|)"
"(Intercept)"	-1.38669246698371	0.145205939843878	-9.54983293710059	8.94982401937973e-18
"log(Species)"	0.778258161979988	0.0540906335400602	14.388039315598	7.68650045555659e-32
"log(Species):Lakeweb"	-0.0824321998935153	0.06606367903242	-1.24776883608106	0.213718744382628
"log(Species):Marine"	0.0784686037462062	0.0290254210792723	2.7034441130724	0.00751278846702982
"log(Species):Terr"	-0.105326889076241	0.0275768972516903	-3.81938867577952	0.000183362434188586
"log(Species):Latitude"	-0.000648978481791817	0.000892273230401604	-0.727331561319752	0.467957437435085
"log(Species):Lakeweb:Latitude"	0.00285970225541356	0.00156117528428299	1.83176244474492	0.0686214510205059
