"Estimate"	"Std. Error"	"t value"	"Pr(>|t|)"
"(Intercept)"	-0.67289039229371	0.142514289023775	-4.72156439121311	4.65838554718582e-06
"log(Species)"	0.769214371006119	0.0530879672697648	14.4894297251462	3.87256609198401e-32
"log(Species):Latitude"	-0.000630420809785685	0.000875733356241162	-0.719877580650334	0.472523813132699
"log(Species):Lakeweb"	-0.0839059347032259	0.064839071030586	-1.29406441778979	0.197282849365119
"log(Species):Marine"	0.076791445185462	0.0284873831826417	2.69563001603649	0.00768422512247977
"log(Species):Terr"	-0.104030456094901	0.0270657103251554	-3.84362556330964	0.000167391493850305
"log(Species):Latitude:Lakeweb"	0.00279641553960148	0.0015322361187173	1.82505522839554	0.0696320562895351
