"Estimate"	"Std. Error"	"t value"	"Pr(>|t|)"
"(Intercept)"	-0.926116191772585	0.145742133946102	-6.3544849159069	1.6644402103051e-09
"log(Species)"	0.675128367881355	0.0617207559580511	10.9384332288511	1.11908055626133e-21
"log(Species):Lakeweb"	-0.079931346292195	0.0739010125788684	-1.08160015002353	0.280877149403761
"log(Species):Stream"	-0.147677204232616	0.0873231593122535	-1.6911573675953	0.0925374260622211
"log(Species):Marine"	0.12290008884494	0.0367151009301177	3.34739891029754	0.000993227963188871
"log(Species):Terr"	-0.0575573505178079	0.0352266736056455	-1.63391386771709	0.104024753482622
"log(Species):Latitude"	-0.00104237019002564	0.00106069556411445	-0.982723248113036	0.327062711810888
"log(Species):Lakeweb:Latitude"	0.00470301493898411	0.00168154204383595	2.79684647566442	0.0057215142292082
"log(Species):Stream:Latitude"	0.00585243758741596	0.00193431728749774	3.02558304433435	0.00284497392212733
