"Estimate"	"Std. Error"	"t value"	"Pr(>|t|)"
"(Intercept)"	-0.466978578782771	0.147731686780442	-3.16099131445505	0.0018129972137802
"log(Species)"	0.694446354004131	0.0539416787185999	12.8740219159081	4.0498181570309e-28
"log(Species):Latitude"	-0.00137250546412901	0.000914093616718473	-1.50149332522001	0.134781860707987
"log(Species):Lakeweb"	-0.0762306332163989	0.0695663683682854	-1.09579722219842	0.274465842664016
"log(Species):Marine"	0.118781382911808	0.029189490775817	4.06932014758603	6.74994852184112e-05
"log(Species):Terr"	-0.0574044385748287	0.027344648904982	-2.09929331235151	0.0370269815083959
"log(Species):Latitude:Lakeweb"	0.00324702030811188	0.00164990892931799	1.96799971829602	0.0504296169441599
