"Estimate"	"Std. Error"	"t value"	"Pr(>|t|)"
"(Intercept)"	-1.18415667514661	0.14985356124285	-7.90209231816378	1.71008452296458e-13
"log(Species)"	0.703833611230854	0.054783361721471	12.8475797963856	4.88988306995368e-28
"log(Species):Lakeweb"	-0.0709627238693657	0.0701941262198381	-1.01094960064209	0.313244009869401
"log(Species):Marine"	0.122109710708043	0.0296626367316759	4.11661686763152	5.59075406824359e-05
"log(Species):Terr"	-0.057293124625303	0.0277926753957069	-2.06144690317051	0.040534589449037
"log(Species):Latitude"	-0.00141303687957489	0.000929097644136426	-1.52087015664352	0.129848494249671
"log(Species):Lakeweb:Latitude"	0.00319335440760358	0.00164945208597707	1.93600919647931	0.0542552921448161
