"Estimate"	"Std. Error"	"t value"	"Pr(>|t|)"
"(Intercept)"	-0.81752928201233	0.145493075310242	-5.61902537470647	6.34797545700957e-08
"log(Species)"	0.649512747006772	0.0625120585616781	10.390199298363	1.62475434355305e-20
"log(Species):Lakeweb"	-0.0888289463666602	0.0754820530515418	-1.1768220759179	0.240658263008525
"log(Species):Stream"	-0.107698535583614	0.0905958995325582	-1.18877936130994	0.235929071052788
"log(Species):Marine"	0.116481536746369	0.0373812909958423	3.11603836152488	0.00210116114495739
"log(Species):Terr"	-0.0598366852755064	0.0359006626865171	-1.66672926898307	0.0971257043977659
"log(Species):Latitude"	-0.00108816454071343	0.00108108201160901	-1.00655133378261	0.315360611497991
"log(Species):Lakeweb:Latitude"	0.00449785342465653	0.00173106594073766	2.59831432114011	0.0100620361349604
"log(Species):Stream:Latitude"	0.00411706298595643	0.00196111962647527	2.09934311521631	0.0370348839093953
