"Estimate"	"Std. Error"	"t value"	"Pr(>|t|)"
"(Intercept)"	-0.305401613006781	0.132587521970304	-2.30339634128754	0.0223565000345756
"log(Species)"	0.635531677077284	0.0524707803135064	12.1121064577287	2.65474131329264e-25
"log(Species):Lakeweb"	-0.086708627197889	0.0631063219124955	-1.37400857109246	0.171083696503348
"log(Species):Terr"	-0.0588664491618936	0.0250747621006032	-2.34763739435348	0.0199384446908579
"log(Species):Latitude"	-0.000913137557055591	0.000890382368858426	-1.02555664733831	0.30642540063726
"log(Species):Lakeweb:Latitude"	0.00317085833812779	0.00151321320723617	2.09544717358055	0.0374776216698292
