"Estimate"	"Std. Error"	"t value"	"Pr(>|t|)"
"(Intercept)"	-1.15055445481641	0.129377409330909	-8.89300891683212	1.99129063527344e-15
"log(Species)"	0.661668195239104	0.0361984964314259	18.278886154638	1.11634374500088e-39
"log(Species):Lakeweb"	0.0343091770792981	0.0258437640252923	1.32756114959574	0.186381087668791
