"Estimate"	"Std. Error"	"t value"	"Pr(>|t|)"
"(Intercept)"	-0.498210294291268	0.129799528967206	-3.83830587256709	0.000178049629458317
"log(Species)"	0.66806777538005	0.0364222640050026	18.3422912778923	3.48896897627705e-41
"log(Species):Lakeweb"	0.0568047885756589	0.0249741110494698	2.27454696838408	0.0242615564694257
