"Estimate"	"Std. Error"	"t value"	"Pr(>|t|)"
"(Intercept)"	-0.498191061692812	0.144338583231344	-3.45154462888359	0.000669858066550204
"log(Species)"	0.691278888117699	0.0531258927791143	13.0120898107423	5.40270661659587e-29
"log(Species):Latitude"	-0.00117922833129512	0.000899843671926578	-1.31048132924064	0.191418391072836
"log(Species):Lakeweb"	-0.0640874202986507	0.0675467962176102	-0.948785492241339	0.343785150598588
"log(Species):Marine"	0.123469020457518	0.028475188909123	4.33602111829927	2.22117153436915e-05
"log(Species):Terr"	-0.0530233818303444	0.0266852017339762	-1.98699572740474	0.0481806465565398
"log(Species):Latitude:Lakeweb"	0.0033960170835006	0.00158905897226953	2.13712463965408	0.0337067736274432
