"Estimate"	"Std. Error"	"t value"	"Pr(>|t|)"
"(Intercept)"	-0.882210419248156	0.139119855986044	-6.34136955501633	1.37299056096524e-09
"log(Species)"	0.69857426152694	0.0603247654609474	11.5802234155254	2.6467630676195e-24
"log(Species):Lakeweb"	-0.108435633928991	0.0724092611803081	-1.49753819002479	0.135754826658443
"log(Species):Stream"	-0.169675932238429	0.0863216420407874	-1.9656244740833	0.0506600854306523
"log(Species):Marine"	0.0839107209253312	0.0349764433114299	2.3990638550121	0.0173109029118555
"log(Species):Terr"	-0.0949020500511475	0.0334165519298127	-2.83997134864415	0.00495539363008388
"log(Species):Latitude"	-0.00114377422700915	0.00106011224147293	-1.07891804496096	0.281861934025821
"log(Species):Lakeweb:Latitude"	0.00450512465898226	0.00166186295534824	2.71088818995802	0.0072655285445188
"log(Species):Stream:Latitude"	0.00496347752185199	0.00189827966092716	2.6147240704395	0.00957719721418985
