"Estimate"	"Std. Error"	"t value"	"Pr(>|t|)"
"(Intercept)"	-0.6531133455012	0.136969146545559	-4.76832456048018	3.71369147122651e-06
"log(Species)"	0.559184093771214	0.0563081096537137	9.93079144745067	5.96538753035763e-19
"log(Species):Lakeweb"	-0.0712393463295691	0.0650702768856744	-1.0948062577747	0.275002157530393
"log(Species):Stream"	-0.192522241489251	0.0894260656483179	-2.15286494036733	0.0326034687461644
"log(Species):Latitude"	-0.0006282117267288	0.00103333614936015	-0.607945175553756	0.543957544788367
"log(Species):Lakeweb:Latitude"	0.00477891805871397	0.00159291486159847	3.00010890344659	0.00306464734322712
"log(Species):Stream:Latitude"	0.00668304761100815	0.0020109413300871	3.32334290962069	0.00106904963980344
