"Estimate"	"Std. Error"	"t value"	"Pr(>|t|)"
"(Intercept)"	-0.664003802823502	0.136197406717208	-4.87530430151435	2.30435947863357e-06
"log(Species)"	0.545107871009629	0.0559851406241258	9.73665270699927	2.131181379162e-18
"log(Species):Lakeweb"	-0.044695223025361	0.0654242356143745	-0.683160033978921	0.495346755622738
"log(Species):Stream"	-0.175945991979823	0.0893961093033185	-1.96816162751382	0.0505196945521935
"log(Species):Latitude"	-0.000247192171369768	0.00105060238053497	-0.235286132936322	0.814242748835784
"log(Species):Lakeweb:Latitude"	0.00419655978574524	0.00159652381981136	2.62856071025681	0.00928366394917197
"log(Species):Stream:Latitude"	0.00630807050751345	0.00201140963339477	3.13614412637915	0.00198710799012153
