"Estimate"	"Std. Error"	"t value"	"Pr(>|t|)"
"(Intercept)"	-1.2170110894035	0.146119566434	-8.32887147905141	9.21124345269809e-15
"log(Species)"	0.697744474175664	0.054082692120904	12.9014375359834	1.21819342868582e-28
"log(Species):Lakeweb"	-0.0578748856270678	0.0685403929666444	-0.844390922229362	0.399380932154658
"log(Species):Marine"	0.127466916757079	0.0289315032806384	4.40581726848542	1.65584856790428e-05
"log(Species):Terr"	-0.0519907094835233	0.0271199003548853	-1.91706860287774	0.0565425677527036
"log(Species):Latitude"	-0.00115495545611948	0.000912517603641041	-1.26568019237227	0.20698482330075
"log(Species):Lakeweb:Latitude"	0.00346118527909494	0.00161676365496387	2.14081091473588	0.0334045436334952
