"Estimate"	"Std. Error"	"t value"	"Pr(>|t|)"
"(Intercept)"	-1.23008700828497	0.141687580102999	-8.68168548994032	1.04685826917889e-15
"log(Species)"	0.734739802636047	0.0533882477788656	13.7622011061188	3.24882189086053e-31
"log(Species):Latitude"	-0.00148411900681295	0.000896491465333785	-1.65547477494431	0.0993077418587144
"log(Species):Lakeweb"	-0.0923662516424054	0.0672292012940254	-1.37390077324352	0.170923397096242
"log(Species):Marine"	0.0965934054519121	0.0284378601945087	3.39664815816783	0.000814505966933051
"log(Species):Terr"	-0.073524220968566	0.0269473924281606	-2.72843545677287	0.0068975674017089
"log(Species):Latitude:Lakeweb"	0.00374877781545394	0.00158629126072794	2.3632342358954	0.0190205860985158
