"Estimate"	"Std. Error"	"t value"	"Pr(>|t|)"
"(Intercept)"	-0.511209938475621	0.144753298158721	-3.53159440909653	0.000504454697053011
"log(Species)"	0.691370033887034	0.0533197098421826	12.9665003041722	7.55327641490573e-29
"log(Species):Latitude"	-0.00112041152290534	0.000897560445221866	-1.24828531478834	0.213271746199112
"log(Species):Lakeweb"	-0.0598475955423463	0.0674486840543419	-0.887305606943026	0.375896752264771
"log(Species):Marine"	0.12494243640634	0.0285115842349037	4.38216394350287	1.82987801825401e-05
"log(Species):Terr"	-0.051784740671567	0.0266966366292934	-1.93974774390663	0.0537064476552025
"log(Species):Latitude:Lakeweb"	0.00333341502237679	0.00158892730456085	2.0979027881317	0.0370710012475465
