"Estimate"	"Std. Error"	"t value"	"Pr(>|t|)"
"(Intercept)"	-1.00104948254628	0.136385876004787	-7.33983248024263	6.16273189050981e-12
"log(Species)"	0.635226718015254	0.0537587784805389	11.8162416626563	1.75223248387616e-24
"log(Species):Lakeweb"	-0.0893766405468074	0.0644566375444319	-1.38661655264281	0.167192092673707
"log(Species):Terr"	-0.060621792259612	0.025680643029292	-2.36060258267152	0.0192638746442434
"log(Species):Latitude"	-0.000831379931844994	0.000910623081294685	-0.912979199542113	0.362416615741343
"log(Species):Lakeweb:Latitude"	0.00368168705466594	0.00153227331060459	2.4027613280122	0.0172392216931746
