"Estimate"	"Std. Error"	"t value"	"Pr(>|t|)"
"(Intercept)"	-0.891500706659707	0.141408114422815	-6.30445226073865	1.61794854387619e-09
"log(Species)"	0.656154320651808	0.0615447591383894	10.6614166638687	1.40635275542355e-21
"log(Species):Lakeweb"	-0.0671913882369905	0.0745746008481885	-0.90099561342302	0.368598803454855
"log(Species):Stream"	-0.146945446808397	0.0867912512282045	-1.69309054459909	0.0918866233264555
"log(Species):Marine"	0.11724550486226	0.0369004289334114	3.1773480214508	0.0017049256110675
"log(Species):Terr"	-0.0573481240804743	0.0354271392499274	-1.61876248815636	0.106964359851458
"log(Species):Latitude"	-0.000795651102259051	0.00109153121548099	-0.728931148257126	0.466837057340068
"log(Species):Lakeweb:Latitude"	0.00425413361592809	0.00168467810478477	2.52519077908452	0.0122847920097538
"log(Species):Stream:Latitude"	0.00480326004888076	0.00189910438943486	2.52922381497424	0.0121486346229951
