"Estimate"	"Std. Error"	"t value"	"Pr(>|t|)"
"(Intercept)"	-0.639292779854574	0.136334956361461	-4.68913327085121	5.26155482407384e-06
"log(Species)"	0.55609006570455	0.0563045886063831	9.8764608616909	8.52555560233273e-19
"log(Species):Lakeweb"	-0.0643579513859132	0.0649625650234153	-0.990692891555557	0.323108921020832
"log(Species):Stream"	-0.192600879433235	0.0896058245090916	-2.14942366178097	0.0328789793449136
"log(Species):Latitude"	-0.000675957948439801	0.0010360997280083	-0.65240625990627	0.514936030002907
"log(Species):Lakeweb:Latitude"	0.00464743221809782	0.0015908838090038	2.92128953214251	0.00391284372201859
"log(Species):Stream:Latitude"	0.00672312564210181	0.0020154500940181	3.3357936582286	0.00102487763065444
