"Estimate"	"Std. Error"	"t value"	"Pr(>|t|)"
"(Intercept)"	-0.484920332733463	0.143899511652816	-3.36985391516423	0.00089003986543063
"log(Species)"	0.685122307325216	0.0531014828328477	12.9021313676275	1.21200177735253e-28
"log(Species):Latitude"	-0.00112863631111106	0.000894038746745207	-1.26240201022598	0.208159161445187
"log(Species):Lakeweb"	-0.0663874085518253	0.0675924089574776	-0.982172548304791	0.327108622626586
"log(Species):Marine"	0.127006360187024	0.0284526998257693	4.46377183763756	1.29400996405416e-05
"log(Species):Terr"	-0.052398703579427	0.0265720951661321	-1.97194475075539	0.0498862266570267
"log(Species):Latitude:Lakeweb"	0.00350395630449097	0.00160656181117523	2.1810280065899	0.0302560504393306
