"Estimate"	"Std. Error"	"t value"	"Pr(>|t|)"
"(Intercept)"	-1.09910113453776	0.116927298456416	-9.39986768741983	8.19538299784243e-18
"log(Species)"	0.718057542218553	0.051938949171471	13.8250302263136	1.46504183268114e-31
"log(Species):Lakeweb"	-0.0503321146710246	0.0629944021052146	-0.798993450036383	0.425171895025282
"log(Species):Stream"	-0.131698553015676	0.0764826833750048	-1.72193949275996	0.0865120334757373
"log(Species):Marine"	0.133245959641785	0.027368575425737	4.86857491005842	2.1693822657385e-06
"log(Species):Latitude"	-0.00103953135574873	0.000966859857375752	-1.07516239072147	0.283501535590737
"log(Species):Lakeweb:Latitude"	0.00483373282999916	0.00153352850321553	3.15203324872259	0.00185150976678675
"log(Species):Stream:Latitude"	0.00498922250246758	0.001735705044568	2.87446448236218	0.00445164677166827
