"Estimate"	"Std. Error"	"t value"	"Pr(>|t|)"
"(Intercept)"	-0.334064231928896	0.136699057989	-2.44379322610824	0.015451722056435
"log(Species)"	0.641173398974928	0.0538327661560866	11.910467262928	9.1918199161911e-25
"log(Species):Lakeweb"	-0.0862713397629141	0.064291004606117	-1.34188818935808	0.181242147701069
"log(Species):Terr"	-0.0616155754264427	0.0257035414866962	-2.39716287572022	0.0174967757202817
"log(Species):Latitude"	-0.00082501325590259	0.0009085776793709	-0.908027210699068	0.365020189548451
"log(Species):Lakeweb:Latitude"	0.00359447838745733	0.0015288163509054	2.35115119309694	0.0197455332539509
