"Estimate"	"Std. Error"	"t value"	"Pr(>|t|)"
"(Intercept)"	-1.08502118341409	0.116314449107464	-9.32834391376112	1.32660668496222e-17
"log(Species)"	0.716940043892637	0.0516959097567953	13.8684094595781	1.06401561035589e-31
"log(Species):Lakeweb"	-0.0539566713875976	0.0629171036524976	-0.857583522687408	0.392073006116209
"log(Species):Stream"	-0.134155886842095	0.0763374091324176	-1.75740686469178	0.080265139282857
"log(Species):Marine"	0.131027379551613	0.0273688975362732	4.78745551873095	3.13274028723693e-06
"log(Species):Latitude"	-0.00106572942832194	0.000964832987664719	-1.10457399565227	0.270573136971008
"log(Species):Lakeweb:Latitude"	0.00485607597039876	0.00153000309212137	3.17389944857283	0.00172332363158542
"log(Species):Stream:Latitude"	0.00501757272307635	0.00173166438452018	2.89754340848596	0.00414834186660772
