"Estimate"	"Std. Error"	"t value"	"Pr(>|t|)"
"(Intercept)"	-0.848057016096461	0.141481893274605	-5.99410282452504	8.53853328583788e-09
"log(Species)"	0.657124184620991	0.0613956060631568	10.7031142252268	1.04867770868334e-21
"log(Species):Lakeweb"	-0.0890060420508584	0.0742360555950261	-1.19895974183227	0.231863367270943
"log(Species):Stream"	-0.158707738279688	0.0863104989220761	-1.83879991729598	0.0673238973128703
"log(Species):Marine"	0.120065262340398	0.0369223137547443	3.2518347343541	0.00133121950218951
"log(Species):Terr"	-0.0592313772302872	0.0354287334830556	-1.67184574234401	0.0960094499850329
"log(Species):Latitude"	-0.00108520176694535	0.00106712231860971	-1.01694224553301	0.310323906300356
"log(Species):Lakeweb:Latitude"	0.00480018350705372	0.00169126844079724	2.83821502918305	0.00497113506099609
"log(Species):Stream:Latitude"	0.00508761455797341	0.00188604076197983	2.69751039348312	0.00754016733270282
