"Estimate"	"Std. Error"	"t value"	"Pr(>|t|)"
"(Intercept)"	-1.18912052002947	0.130583780007196	-9.1061885324804	3.30921455349456e-16
"log(Species)"	0.667843275937652	0.0366277733814618	18.2332480050688	6.66455940116133e-41
"log(Species):Lakeweb"	0.0588058926866533	0.025067772160633	2.3458763032402	0.0202086701274963
