"Estimate"	"Std. Error"	"t value"	"Pr(>|t|)"
"(Intercept)"	-1.00104948254628	0.136385876004787	-7.33983248024262	6.16273189051010e-12
"log(Species)"	0.635226718015253	0.0537587784805389	11.8162416626563	1.75223248387624e-24
"log(Species):Lakeweb"	-0.0893766405468075	0.0644566375444319	-1.38661655264281	0.167192092673707
"log(Species):Terr"	-0.0606217922596121	0.025680643029292	-2.36060258267152	0.0192638746442434
"log(Species):Latitude"	-0.000831379931844993	0.000910623081294685	-0.912979199542112	0.362416615741344
"log(Species):Lakeweb:Latitude"	0.00368168705466595	0.00153227331060459	2.40276132801221	0.0172392216931746
