"Estimate"	"Std. Error"	"t value"	"Pr(>|t|)"
"(Intercept)"	-0.502759950179301	0.14346584882441	-3.50438765949545	0.000555809683795563
"log(Species)"	0.699478027175509	0.0536242099663358	13.0440714672464	4.27061197089279e-29
"log(Species):Latitude"	-0.0013559415362202	0.000921436960650938	-1.4715510600555	0.142590856676328
"log(Species):Lakeweb"	-0.0707666339665798	0.0679697808364659	-1.04114847945211	0.29896523169008
"log(Species):Marine"	0.124242646722995	0.0283859749992004	4.37690256284994	1.87090748820038e-05
"log(Species):Terr"	-0.0490521159142489	0.0267332816933857	-1.83487072319988	0.0678937947291666
"log(Species):Latitude:Lakeweb"	0.00357140187907645	0.00159994086686409	2.23220867285955	0.0266230322145296
