"Estimate"	"Std. Error"	"t value"	"Pr(>|t|)"
"(Intercept)"	-1.47833088299827	0.121147690244871	-12.2027162054033	1.90738118984019e-26
"log(Species)"	0.770326148596111	0.0484625018669982	15.8953029439176	2.70526031240523e-38
"log(Species):Lakeweb"	-0.0442305797721155	0.0615020753044667	-0.719172150746971	0.472805058808678
"log(Species):Marine"	0.128741531334888	0.0254276808449296	5.0630465326357	8.76981840517032e-07
"log(Species):Latitude"	-0.000859838436865625	0.000827875925402448	-1.03860785231511	0.300137739537416
"log(Species):Lakeweb:Latitude"	0.00405409901715441	0.00149470811201954	2.71230147515343	0.00721500802638187
