"Estimate"	"Std. Error"	"t value"	"Pr(>|t|)"
"(Intercept)"	-1.24134401520815	0.143910604370162	-8.62579947211683	1.503485051308e-15
"log(Species)"	0.736807796125231	0.0538787376847574	13.6752980449592	6.12958132242907e-31
"log(Species):Lakeweb"	-0.0903813980390084	0.0675708634205169	-1.33757944569294	0.182466753348949
"log(Species):Marine"	0.0972119464998438	0.0285866841446102	3.40060239264135	0.000803421260642205
"log(Species):Terr"	-0.0792292113130872	0.0267571935059112	-2.96104340298558	0.00341531323985259
"log(Species):Latitude"	-0.00146503232798045	0.000900382860900166	-1.62712151863461	0.105196648306561
"log(Species):Lakeweb:Latitude"	0.00369744019635809	0.00159503815287119	2.3180888743648	0.021397913063198
