"Estimate"	"Std. Error"	"t value"	"Pr(>|t|)"
"(Intercept)"	-1.17713726298133	0.131463467646703	-8.95410172919513	9.30454743811713e-16
"log(Species)"	0.719859733813092	0.0537249317934033	13.398988324104	8.78711565636498e-28
"log(Species):Lakeweb"	-0.0208102434400377	0.0841156643234137	-0.247400333902435	0.804921655909268
"log(Species):Terr"	-0.0251935002449725	0.0281193142482915	-0.895950022910083	0.371651111409154
"log(Species):Latitude"	-0.00119569412246432	0.000941782865774426	-1.2696070038194	0.206103317274482
"log(Species):Lakeweb:Latitude"	0.00176026714480796	0.00187315614821919	0.939733265954065	0.348797949887456
