"Estimate"	"Std. Error"	"t value"	"Pr(>|t|)"
"(Intercept)"	-0.629850224247854	0.136298502043613	-4.62110892492651	7.07350934612563e-06
"log(Species)"	0.553181325663053	0.0563075669258397	9.82428039186322	1.20068941490501e-18
"log(Species):Lakeweb"	-0.0647662096709041	0.0650868602758245	-0.995073497115063	0.320979542537095
"log(Species):Stream"	-0.191859784044865	0.089758518988492	-2.13751058068888	0.0338483190863187
"log(Species):Latitude"	-0.000641192140948748	0.00103724225845849	-0.618170090661043	0.537211389579303
"log(Species):Lakeweb:Latitude"	0.00462111378739268	0.00159339946806872	2.90016024229862	0.0041742047178492
"log(Species):Stream:Latitude"	0.0066831207352744	0.00201853374602611	3.31087887355436	0.00111504168975375
