"Estimate"	"Std. Error"	"t value"	"Pr(>|t|)"
"(Intercept)"	-0.622921708808859	0.136185524081235	-4.57406697966873	8.66406627786343e-06
"log(Species)"	0.551311781323701	0.0562412679386724	9.80262006050205	1.38385390405492e-18
"log(Species):Lakeweb"	-0.0686836955947755	0.0651292972903811	-1.05457449185344	0.292973376877679
"log(Species):Stream"	-0.191580758212468	0.0895902332307519	-2.13841120068329	0.0337741866105577
"log(Species):Latitude"	-0.000647642379561454	0.00103519418348242	-0.625624051888285	0.532320294807913
"log(Species):Lakeweb:Latitude"	0.0047960711557543	0.00160366058438273	2.99070214885925	0.00315614533275512
"log(Species):Stream:Latitude"	0.00668572676240982	0.00201466705896023	3.31852686659816	0.00108660695443217
