"Estimate"	"Std. Error"	"t value"	"Pr(>|t|)"
"(Intercept)"	-1.21572421265127	0.146070882202685	-8.32283747670092	9.57379773398411e-15
"log(Species)"	0.697436188361168	0.0540596266435131	12.9012394584278	1.21996683317563e-28
"log(Species):Lakeweb"	-0.0438567661761975	0.0705560534299126	-0.621587575327793	0.534865550824936
"log(Species):Marine"	0.127390214116336	0.028917639150535	4.40527712007151	1.65963925619544e-05
"log(Species):Terr"	-0.0520177434052178	0.0271065654875668	-1.91900901016314	0.0562950984889253
"log(Species):Latitude"	-0.00115537288538864	0.000912067436330754	-1.26676256531721	0.206598151705125
"log(Species):Lakeweb:Latitude"	0.00308200246763089	0.00166123875073697	1.85524354417066	0.0649177010830617
