"Estimate"	"Std. Error"	"t value"	"Pr(>|t|)"
"(Intercept)"	-1.20589652390158	0.146764121227269	-8.21656215304971	1.88537222491335e-14
"log(Species)"	0.694948990720895	0.0542400623123149	12.8124666730538	2.34083252627373e-28
"log(Species):Lakeweb"	-0.0634319667683636	0.0690097480970737	-0.919174008273961	0.359025154203661
"log(Species):Marine"	0.127290990054588	0.0290889030445788	4.37592953778677	1.87859142173975e-05
"log(Species):Terr"	-0.0522073825663057	0.0271325975035201	-1.92415718987216	0.0556429236799516
"log(Species):Latitude"	-0.00115548897544907	0.000913107226772279	-1.26544719127192	0.20706813075864
"log(Species):Lakeweb:Latitude"	0.00357766965540544	0.00164051253911397	2.18082432782727	0.0302713256223531
