"Estimate"	"Std. Error"	"t value"	"Pr(>|t|)"
"(Intercept)"	-0.849773601441225	0.14115073970376	-6.02032694426317	7.43479346669047e-09
"log(Species)"	0.657119172713822	0.061370067634859	10.7074865327437	1.01687920845683e-21
"log(Species):Lakeweb"	-0.0917977401422658	0.0744145511073298	-1.23359932669437	0.21869912837177
"log(Species):Stream"	-0.158276286476545	0.0862838662049002	-1.83436711216304	0.0679815161809012
"log(Species):Marine"	0.118387492488127	0.0368511365475452	3.21258727896721	0.00151742925591741
"log(Species):Terr"	-0.0591598486459821	0.0354184111659458	-1.67031345276333	0.0963124849767993
"log(Species):Latitude"	-0.00107456614588964	0.00106663106629028	-1.00743938541652	0.314856133106487
"log(Species):Lakeweb:Latitude"	0.00493563422500469	0.00170490982323254	2.89495324488579	0.00418327070650185
"log(Species):Stream:Latitude"	0.00507718425199167	0.00188543976041592	2.69283822192848	0.0076430759529039
