"Estimate"	"Std. Error"	"t value"	"Pr(>|t|)"
"(Intercept)"	-0.496319758732224	0.129206205812565	-3.84129969308298	0.00017607380796684
"log(Species)"	0.667634289186879	0.0363238272670181	18.3800645311704	2.78914861679162e-41
"log(Species):Lakeweb"	0.0571063693239481	0.0251495999945463	2.27066710151779	0.0245011040038915
