"Estimate"	"Std. Error"	"t value"	"Pr(>|t|)"
"(Intercept)"	-0.891714519660683	0.137682433227186	-6.47660343269276	6.53995636994366e-10
"log(Species)"	0.700503815761998	0.0598876848071433	11.6969593668187	1.15197715863257e-24
"log(Species):Lakeweb"	-0.120951725791786	0.0723217901780376	-1.67241056248794	0.095932562102464
"log(Species):Stream"	-0.16919669187288	0.0857518812598455	-1.97309597628744	0.0497963852261481
"log(Species):Marine"	0.0827447153611858	0.0346686675382648	2.38672903335145	0.017886344388775
"log(Species):Terr"	-0.0947400244118713	0.0331967316218923	-2.85389614528778	0.00475115344017521
"log(Species):Latitude"	-0.00113052015598684	0.00105293700481092	-1.07368261426983	0.284197133723927
"log(Species):Lakeweb:Latitude"	0.00502934496803355	0.00167893678068886	2.99555351093687	0.00306882055241461
"log(Species):Stream:Latitude"	0.00495074718590817	0.00188571653478712	2.62539310367083	0.00929159051023135
