"Estimate"	"Std. Error"	"t value"	"Pr(>|t|)"
"(Intercept)"	-1.22440609946076	0.146950657862204	-8.33208994959987	9.0234587785487e-15
"log(Species)"	0.692038073606716	0.0540958273926825	12.7928179854465	2.7038369220589e-28
"log(Species):Lakeweb"	-0.054100042092688	0.0693494773093623	-0.780107423901008	0.436177711204202
"log(Species):Marine"	0.124820344727972	0.0289330062114705	4.31411598973379	2.43388030002774e-05
"log(Species):Terr"	-0.0508889694004776	0.0270856863478485	-1.87881409933405	0.0616105214383868
"log(Species):Latitude"	-0.00097966986874296	0.000924954268226008	-1.05915492516391	0.290706752963678
"log(Species):Lakeweb:Latitude"	0.00338896603339876	0.00164527427421566	2.05981828471387	0.0406091558097872
