"Estimate"	"Std. Error"	"t value"	"Pr(>|t|)"
"(Intercept)"	-1.18708297656733	0.130902935883179	-9.06842133492488	4.68073370672697e-16
"log(Species)"	0.722272879282725	0.0536881802188018	13.4531078598522	6.2538832789557e-28
"log(Species):Lakeweb"	-0.0197544842059117	0.0839407042869703	-0.235338556826692	0.814252657798466
"log(Species):Terr"	-0.024698413696475	0.0280732349922276	-0.879785094354569	0.380320390940041
"log(Species):Latitude"	-0.00120295026035363	0.000940100213926028	-1.27959790087685	0.202574318045422
"log(Species):Lakeweb:Latitude"	0.00176131339441712	0.00187003192792333	0.94186273940951	0.347709915777913
