"Estimate"	"Std. Error"	"t value"	"Pr(>|t|)"
"(Intercept)"	-1.24079725661368	0.145121745917003	-8.5500436118189	2.21687927109137e-15
"log(Species)"	0.704744827942753	0.0536711202813845	13.1308015232019	2.25639034642301e-29
"log(Species):Lakeweb"	-0.0574536101730151	0.0679108083835243	-0.846015701190708	0.398475925203482
"log(Species):Marine"	0.128867487931274	0.0286719889897158	4.49454301818743	1.13410919756714e-05
"log(Species):Terr"	-0.0402345509565002	0.0274262905858744	-1.46700666028903	0.143822004814062
"log(Species):Latitude"	-0.00117734399769528	0.000904207116452397	-1.30207335938089	0.194271699360294
"log(Species):Lakeweb:Latitude"	0.00343048696409009	0.0016005903852397	2.14326350809383	0.033204756440677
