"Estimate"	"Std. Error"	"t value"	"Pr(>|t|)"
"(Intercept)"	-0.670256130882263	0.132476225236231	-5.05944466402983	9.96006513655593e-07
"log(Species)"	0.576898500620834	0.0549975235632274	10.4895359507889	1.46955144663159e-20
"log(Species):Lakeweb"	-0.0742895233194475	0.0631453920940325	-1.17648368084911	0.240889150242954
"log(Species):Stream"	-0.206301329488907	0.087111255211708	-2.36825114030936	0.0188871160224272
"log(Species):Latitude"	-0.000759994535609201	0.00100595162665156	-0.755498093023558	0.450895676896221
"log(Species):Lakeweb:Latitude"	0.00470376877324417	0.00154479625853058	3.04491206996995	0.00266140176965251
"log(Species):Stream:Latitude"	0.00682434190801252	0.00195709497372152	3.48697533826663	0.000608156513891624
