"Estimate"	"Std. Error"	"t value"	"Pr(>|t|)"
"(Intercept)"	-0.308257377382157	0.135740092808231	-2.27093831310144	0.0242782836208818
"log(Species)"	0.638380055003395	0.0535204778770002	11.9277719543257	8.16417771525908e-25
"log(Species):Lakeweb"	-0.0925434751921622	0.0644443410090465	-1.43602174749791	0.152649213891219
"log(Species):Terr"	-0.0613142455508881	0.0256193476721097	-2.39327895212716	0.017677445757386
"log(Species):Latitude"	-0.000903225198068967	0.000911607080921374	-0.990805377637111	0.32304739731242
"log(Species):Lakeweb:Latitude"	0.00369577732355792	0.00153021128233238	2.41520721107528	0.0166786304913021
