"Estimate"	"Std. Error"	"t value"	"Pr(>|t|)"
"(Intercept)"	-0.875130895909165	0.139325547992331	-6.28119471640142	1.90372010107161e-09
"log(Species)"	0.696458918109662	0.0603381180477703	11.5426025975531	3.45927366852003e-24
"log(Species):Lakeweb"	-0.117342467981127	0.0731814464325359	-1.6034455958629	0.110339257814963
"log(Species):Stream"	-0.169354879375086	0.0862228612105639	-1.96415285919944	0.0508316846743769
"log(Species):Marine"	0.081912462435867	0.0348679280967737	2.34922081428309	0.0197411650041035
"log(Species):Terr"	-0.0949670174858591	0.0333797011341618	-2.84505295910714	0.00487995073324464
"log(Species):Latitude"	-0.00113717458549049	0.0010587372517092	-1.0740857409661	0.284016856703113
"log(Species):Lakeweb:Latitude"	0.00479062924827184	0.00169458194347624	2.8270272008472	0.00515238930064532
"log(Species):Stream:Latitude"	0.00495648775454018	0.00189607849043115	2.61407308798336	0.00959487634999473
