"Estimate"	"Std. Error"	"t value"	"Pr(>|t|)"
"(Intercept)"	-1.09340338819773	0.115942527968339	-9.43056363663478	6.66197346602117e-18
"log(Species)"	0.716537003311986	0.0517081194818905	13.8573402106208	1.15450071876843e-31
"log(Species):Lakeweb"	-0.0502533151744397	0.0628497010932876	-0.799579223135029	0.424833047840121
"log(Species):Stream"	-0.131555570410562	0.0763126367547147	-1.72390282927072	0.08615618495243
"log(Species):Marine"	0.133029883345437	0.0273037855128452	4.87221390172629	2.13368820353787e-06
"log(Species):Latitude"	-0.00104102550067361	0.000964722296418109	-1.07909343915736	0.281749586074112
"log(Species):Lakeweb:Latitude"	0.00489968410335991	0.00153151897847221	3.1992317249948	0.00158511453196765
"log(Species):Stream:Latitude"	0.00499318338906328	0.00173183471867204	2.88317547582833	0.00433486516159649
