"Estimate"	"Std. Error"	"t value"	"Pr(>|t|)"
"(Intercept)"	-0.328248000363301	0.135915971878907	-2.415080404647	0.0166842598134708
"log(Species)"	0.639444170587946	0.0536777005147079	11.9126595300545	9.0548045606939e-25
"log(Species):Lakeweb"	-0.0865852479136521	0.0643010403857832	-1.34656060608307	0.179734384241445
"log(Species):Terr"	-0.0596425071498216	0.0256281713035235	-2.327224461061	0.0210125570597647
"log(Species):Latitude"	-0.000832023227624474	0.000908915163103863	-0.915402516537616	0.36114680767732
"log(Species):Lakeweb:Latitude"	0.00360669160092383	0.00152914187369424	2.35863765355563	0.0193631498272442
