"Estimate"	"Std. Error"	"t value"	"Pr(>|t|)"
"(Intercept)"	-0.864290425559244	0.141694486584334	-6.0996757629298	4.87886893511695e-09
"log(Species)"	0.665426255911265	0.061587639719064	10.8045422579376	5.12890740525779e-22
"log(Species):Lakeweb"	-0.0855153275522894	0.0745699687533143	-1.14677971550697	0.252747293033999
"log(Species):Stream"	-0.162977051476262	0.0868601028592622	-1.87631658392496	0.0619666586378788
"log(Species):Marine"	0.116785545218729	0.0372573369439713	3.13456502257138	0.00196134417364011
"log(Species):Terr"	-0.0615934721305097	0.0358253119761303	-1.71927245662364	0.0870040012956806
"log(Species):Latitude"	-0.00112520034139031	0.00107355980179217	-1.04810215463725	0.295768328993184
"log(Species):Lakeweb:Latitude"	0.004591594274197	0.00167494802669374	2.74133537340891	0.00663409199519022
"log(Species):Stream:Latitude"	0.00512955475662871	0.00189185258523388	2.711392418556	0.00724174275993327
