"Estimate"	"Std. Error"	"t value"	"Pr(>|t|)"
"(Intercept)"	-1.22401430132985	0.142379769346498	-8.59682739302007	1.81308297659037e-15
"log(Species)"	0.732563953072257	0.0535929110878395	13.6690457413589	6.41598298637543e-31
"log(Species):Latitude"	-0.00146987512881163	0.000899163188088566	-1.63471453044723	0.103592882237337
"log(Species):Lakeweb"	-0.0895318767867971	0.0674709358807229	-1.32696954056001	0.185946185834174
"log(Species):Marine"	0.0962687933472765	0.0285286148999198	3.37446432941079	0.000879388606238995
"log(Species):Terr"	-0.0795292009030294	0.0267192946193143	-2.97647082515198	0.00325469704370384
"log(Species):Latitude:Lakeweb"	0.00372344326255232	0.001591126600875	2.34013010687189	0.0202064953533479
