"Estimate"	"Std. Error"	"t value"	"Pr(>|t|)"
"(Intercept)"	-0.831710090807941	0.127818407032627	-6.50696648563019	9.90870273313485e-10
"log(Species)"	0.688324902601966	0.0561486375160252	12.2589778319289	1.26667256158048e-24
"log(Species):Lakeweb"	-0.0248480142592815	0.0828722792947056	-0.299835053056987	0.764702118320454
"log(Species):Stream"	-0.282059862244252	0.0844161736831822	-3.34130119783486	0.00104358902181753
"log(Species):Latitude"	-0.00176708986180599	0.00107524531633714	-1.64342948995644	0.102308069815702
"log(Species):Lakeweb:Latitude"	0.00310266416176002	0.00188265903821198	1.64802234434692	0.101360715990694
"log(Species):Stream:Latitude"	0.00846077960466026	0.00189918320534945	4.45495704723415	1.5930458567103e-05
