"Estimate"	"Std. Error"	"t value"	"Pr(>|t|)"
"(Intercept)"	-0.610079751946451	0.136765976834127	-4.46075673254884	1.40350726795879e-05
"log(Species)"	0.545618790092986	0.0564745189945077	9.66132691003616	3.48556608071801e-18
"log(Species):Lakeweb"	-0.0641486820276065	0.064841755773349	-0.989311305076853	0.323782420765227
"log(Species):Stream"	-0.188835782358934	0.0894695985407566	-2.11061394528234	0.0361277997546215
"log(Species):Latitude"	-0.000669163820767063	0.00103361683115645	-0.647400275030714	0.518162666021507
"log(Species):Lakeweb:Latitude"	0.00466677227105112	0.00158807066438564	2.93864270382233	0.00370949177437958
"log(Species):Stream:Latitude"	0.00670012298344437	0.00201119222494935	3.331418499101	0.00104020180787977
