"Estimate"	"Std. Error"	"t value"	"Pr(>|t|)"
"(Intercept)"	-0.525411295285499	0.14189702585728	-3.70276467819671	0.000270505662428074
"log(Species)"	0.696431569761485	0.0524095774768844	13.2882500353805	7.07848127496599e-30
"log(Species):Latitude"	-0.00115270595479976	0.000882128564289829	-1.30673237605424	0.192686768193427
"log(Species):Lakeweb"	-0.0636502777638078	0.0666789697151969	-0.954578003164635	0.340853302015948
"log(Species):Marine"	0.125704495135546	0.0279774721575873	4.49306121823645	1.14135332959472e-05
"log(Species):Terr"	-0.0375722852255962	0.0267540727075043	-1.40435759580849	0.161642064129978
"log(Species):Latitude:Lakeweb"	0.00349984018968576	0.00158502462912395	2.20806675516465	0.028286552722303
