"Estimate"	"Std. Error"	"t value"	"Pr(>|t|)"
"(Intercept)"	-0.508573545600128	0.143957797411956	-3.53279610235194	0.000502292482129742
"log(Species)"	0.690663271002559	0.0532744694874163	12.9642449309739	7.6795031947594e-29
"log(Species):Latitude"	-0.00111806394899661	0.000897723127980855	-1.24544407306443	0.214311687306884
"log(Species):Lakeweb"	-0.0600178775848837	0.0674140950831986	-0.890286779208609	0.374297887132894
"log(Species):Marine"	0.125154557776926	0.0285932659494306	4.37706409608022	1.86963478886346e-05
"log(Species):Terr"	-0.0518859372616129	0.0266748305456139	-1.9451271554617	0.0530515645240693
"log(Species):Latitude:Lakeweb"	0.00333183398259435	0.00158896017059385	2.09686437977179	0.0371638484316974
