"Estimate"	"Std. Error"	"t value"	"Pr(>|t|)"
"(Intercept)"	-1.4760999428307	0.121001855927937	-12.1989859701804	1.96001787704076e-26
"log(Species)"	0.771299615957642	0.0483922325985847	15.9385003447888	1.96592106328884e-38
"log(Species):Lakeweb"	-0.0459554162952442	0.0614471735203335	-0.747884949989393	0.455335567848819
"log(Species):Marine"	0.124313599259553	0.0252461477202015	4.92406210394149	1.672997387882e-06
"log(Species):Latitude"	-0.000874352537501423	0.00082690031014523	-1.05738566883335	0.291505905264534
"log(Species):Lakeweb:Latitude"	0.00406800231147747	0.00149268163984111	2.72529801593225	0.00694614199152678
