"Estimate"	"Std. Error"	"t value"	"Pr(>|t|)"
"(Intercept)"	-0.862254404225747	0.141406930575926	-6.09768135630928	4.93102125803834e-09
"log(Species)"	0.660419569559347	0.0614468433367491	10.747819313354	7.65311177348173e-22
"log(Species):Lakeweb"	-0.0873763255875001	0.07421581503296	-1.17732757564807	0.240366440895729
"log(Species):Stream"	-0.158476160381368	0.0863137116294781	-1.83604849553527	0.0677314547948222
"log(Species):Marine"	0.11913661810426	0.0368665354922923	3.2315653346154	0.00142456107617032
"log(Species):Terr"	-0.0607303620138572	0.0355476996882534	-1.70841890041975	0.0890018511597842
"log(Species):Latitude"	-0.0010779141585805	0.00106702553918328	-1.01020464740287	0.313532791984193
"log(Species):Lakeweb:Latitude"	0.0047830130970009	0.00169111790029965	2.82831439259995	0.00512171878304535
"log(Species):Stream:Latitude"	0.00508202505206686	0.00188609784612503	2.69446522220882	0.00760709687429055
