"Estimate"	"Std. Error"	"t value"	"Pr(>|t|)"
"(Intercept)"	-0.63551522265211	0.137437280195633	-4.62403811940615	6.9843904341381e-06
"log(Species)"	0.554352616085973	0.0564328599337567	9.82322385816873	1.2090359867001e-18
"log(Species):Lakeweb"	-0.0639474890195874	0.0651178527575237	-0.982026991241644	0.327348632428873
"log(Species):Stream"	-0.191730610481933	0.0897434428483325	-2.1364302994923	0.0339374249214088
"log(Species):Latitude"	-0.000639898814603645	0.00103700340737845	-0.617065296073918	0.537938259466163
"log(Species):Lakeweb:Latitude"	0.00461475251355481	0.00159334911284889	2.89625950542859	0.00422416639137598
"log(Species):Stream:Latitude"	0.00668497057171451	0.00201810893588558	3.31249242934501	0.00110898548834708
