"Estimate"	"Std. Error"	"t value"	"Pr(>|t|)"
"(Intercept)"	-0.874716994139988	0.141797218866591	-6.16878808436264	3.37046341341614e-09
"log(Species)"	0.663026465767971	0.0615928077113146	10.7646735131085	6.79547155108654e-22
"log(Species):Lakeweb"	-0.0796469462271206	0.074013370995462	-1.07611564175349	0.283081596378057
"log(Species):Stream"	-0.157987058151689	0.086528214219086	-1.82584443210248	0.0692608265158695
"log(Species):Marine"	0.119649355985561	0.0369875590502553	3.2348540714188	0.0014090144781272
"log(Species):Terr"	-0.0586382696738323	0.0355189721549135	-1.65089995898771	0.10021893700659
"log(Species):Latitude"	-0.00106460657453924	0.00106963943855057	-0.995294803248698	0.320711742547387
"log(Species):Lakeweb:Latitude"	0.00452796897107089	0.00167297320874991	2.70654003745481	0.00734481984184475
"log(Species):Stream:Latitude"	0.00507020807702899	0.00189077871051096	2.68154493640286	0.00789707521505272
