"Estimate"	"Std. Error"	"t value"	"Pr(>|t|)"
"(Intercept)"	-1.5007837657117	0.121303503652973	-12.3721386482386	5.53125199012221e-27
"log(Species)"	0.776954573966364	0.0485539416683279	16.0018846517908	1.23080757703384e-38
"log(Species):Lakeweb"	-0.0432969898516598	0.061361557074239	-0.705604484568024	0.481187433988969
"log(Species):Marine"	0.127285537978852	0.0252362825662425	5.04375149726357	9.60000681779744e-07
"log(Species):Latitude"	-0.00089387598008877	0.000826935103779932	-1.08095058004292	0.280913446804914
"log(Species):Lakeweb:Latitude"	0.00409428390699844	0.00149221483564675	2.74376303545053	0.00657972043185801
