"Estimate"	"Std. Error"	"t value"	"Pr(>|t|)"
"(Intercept)"	-0.498083289444875	0.143907861656532	-3.4611263325812	0.000647673356925161
"log(Species)"	0.688268273269059	0.0531970201437228	12.938098250796	9.30607237207803e-29
"log(Species):Latitude"	-0.00112419623412934	0.00089676260683374	-1.25361631446545	0.211330418634817
"log(Species):Lakeweb"	-0.061451939746137	0.0685397215668543	-0.896588698368087	0.370932000607578
"log(Species):Marine"	0.124096964397791	0.0284374247552632	4.36386084414425	1.97644900250874e-05
"log(Species):Terr"	-0.0521212516737789	0.0266522501347877	-1.95560417638989	0.0517953791917825
"log(Species):Latitude:Lakeweb"	0.00342083964209224	0.00162390709837251	2.1065488570871	0.0363056233783094
