"Estimate"	"Std. Error"	"t value"	"Pr(>|t|)"
"(Intercept)"	-0.35087265274176	0.135752137810257	-2.58465655422812	0.0105013890927686
"log(Species)"	0.631767150714776	0.0533560112327047	11.8405993274012	1.48316676858813e-24
"log(Species):Lakeweb"	-0.0709605984789137	0.0646530398864498	-1.09756012406442	0.273792962386658
"log(Species):Terr"	-0.0571835753419523	0.0255210158003407	-2.24064652399881	0.0262130342777083
"log(Species):Latitude"	-0.000530406060724552	0.000920314388133662	-0.576331379323734	0.56507691796034
"log(Species):Lakeweb:Latitude"	0.00328483426057391	0.00153195057509797	2.1442168657196	0.0332928325785229
