"Estimate"	"Std. Error"	"t value"	"Pr(>|t|)"
"(Intercept)"	-0.479756655676869	0.130093785718956	-3.6877753462667	0.000311252505968167
"log(Species)"	0.718361742029264	0.0534372520369248	13.4430891306477	6.66021267483738e-28
"log(Species):Lakeweb"	-0.0106823329491899	0.0849630568073056	-0.125729150416718	0.900107184358221
"log(Species):Terr"	-0.0252347767719503	0.0279641812368973	-0.90239641054301	0.368228688519332
"log(Species):Latitude"	-0.00119503403324481	0.000936586617788415	-1.27594609035379	0.20385902652972
"log(Species):Lakeweb:Latitude"	0.00151115781756554	0.00188708952302442	0.80078756154802	0.42446480191231
