"Estimate"	"Std. Error"	"t value"	"Pr(>|t|)"
"(Intercept)"	-0.864936131547269	0.141198443434175	-6.12567752526598	4.24644557197014e-09
"log(Species)"	0.660702664410952	0.0614373637302453	10.7540855319235	7.32233383293064e-22
"log(Species):Lakeweb"	-0.0805769299938959	0.0739072576319542	-1.09024380792419	0.276826150833554
"log(Species):Stream"	-0.158093051525998	0.0864064568108354	-1.82964395672538	0.0686880539886404
"log(Species):Marine"	0.121648103879913	0.0369721461955561	3.29026351990717	0.0011696627595637
"log(Species):Terr"	-0.0588421500422133	0.0354684798770059	-1.65899836266624	0.0985741529732598
"log(Species):Latitude"	-0.00106833255935276	0.00106814413860955	-1.00017640010968	0.318349481754352
"log(Species):Lakeweb:Latitude"	0.00453453875243371	0.00167063204954048	2.71426539056339	0.00718133132362366
"log(Species):Stream:Latitude"	0.00507276420534061	0.00188811843981581	2.68667690456722	0.0077807221114004
