"Estimate"	"Std. Error"	"t value"	"Pr(>|t|)"
"(Intercept)"	-0.485637753666364	0.129372236592373	-3.75380194744963	0.000243329807571538
"log(Species)"	0.665377289321345	0.0363067219700599	18.3265591939158	3.83011339869276e-41
"log(Species):Lakeweb"	0.0554401900201932	0.0249056619721045	2.22600748706414	0.0274108968580027
