"Estimate"	"Std. Error"	"t value"	"Pr(>|t|)"
"(Intercept)"	-0.626676963539642	0.136056041702851	-4.60602084035575	7.55019821716132e-06
"log(Species)"	0.552290944489381	0.0562361451328709	9.82092465947774	1.22739966920536e-18
"log(Species):Lakeweb"	-0.0574662328124184	0.0657243643658541	-0.874352051433059	0.3830421328525
"log(Species):Stream"	-0.191697860493645	0.0896328056676684	-2.13870199717281	0.0337502802700868
"log(Species):Latitude"	-0.000645225582760556	0.00103567882206058	-0.622997756656664	0.534041004881283
"log(Species):Lakeweb:Latitude"	0.00446760362359373	0.00160516008711883	2.78327604794411	0.00593088651816817
"log(Species):Stream:Latitude"	0.0066853935278761	0.00201563077134913	3.31677488898492	0.00109306035681732
