"Estimate"	"Std. Error"	"t value"	"Pr(>|t|)"
"(Intercept)"	-1.47751090966646	0.121688952696619	-12.1417012549203	2.97671069552347e-26
"log(Species)"	0.770094922878922	0.0485520435294111	15.8612257466038	3.48018418365202e-38
"log(Species):Latitude"	-0.000850206954530468	0.000829260887833841	-1.0252587177376	0.306377430052915
"log(Species):Lakeweb"	-0.0442755168511351	0.0616344626565774	-0.718356499639413	0.473306687181775
"log(Species):Marine"	0.124939093396653	0.0253272146136605	4.93299777738945	1.60558078235519e-06
"log(Species):Latitude:Lakeweb"	0.0040442430353483	0.00149712320746945	2.70134282547405	0.0074489849479623
