"Estimate"	"Std. Error"	"t value"	"Pr(>|t|)"
"(Intercept)"	-1.02635144156471	0.137039478816868	-7.48945815049597	2.57060678632478e-12
"log(Species)"	0.641234325217559	0.053966825564329	11.8820093365173	1.11700547797061e-24
"log(Species):Lakeweb"	-0.0864961289795196	0.0644511081015945	-1.34204254243659	0.181192188123564
"log(Species):Terr"	-0.0615345177666285	0.0257675508588219	-2.3880623387054	0.0179227014857202
"log(Species):Latitude"	-0.000825860655756825	0.000910840304807713	-0.906701922826276	0.365718969800141
"log(Species):Lakeweb:Latitude"	0.00365353246774111	0.00153262355291169	2.38384204705722	0.0181233094055714
