"Estimate"	"Std. Error"	"t value"	"Pr(>|t|)"
"(Intercept)"	-0.308746029275295	0.136049225230601	-2.26936999275061	0.0243753020977611
"log(Species)"	0.63515894395714	0.0536260819365497	11.8442168627695	1.44688946674293e-24
"log(Species):Lakeweb"	-0.0891507096088006	0.0642975347284629	-1.38653386922681	0.167217281625393
"log(Species):Terr"	-0.0606961246903252	0.0256172537062135	-2.3693454960632	0.0188275675056934
"log(Species):Latitude"	-0.000830508171649721	0.000908375326803606	-0.914278654586663	0.361735356587042
"log(Species):Lakeweb:Latitude"	0.00362262314571161	0.00152849109347632	2.37006493604913	0.0187920554747263
