"Estimate"	"Std. Error"	"t value"	"Pr(>|t|)"
"(Intercept)"	-1.2093714276895	0.147106880031776	-8.22103920243751	1.83246812077187e-14
"log(Species)"	0.695914307199763	0.054249335558409	12.8280706120444	2.08756503469602e-28
"log(Species):Lakeweb"	-0.0648825394324968	0.0695725772279956	-0.932587838738113	0.352069275242203
"log(Species):Marine"	0.127011564504554	0.028960394869303	4.38569864388079	1.80279980017583e-05
"log(Species):Terr"	-0.0521511988358965	0.027133579426323	-1.92201692288719	0.0559132802734301
"log(Species):Latitude"	-0.00115743356321127	0.000912919236559597	-1.26783785121359	0.206214535081461
"log(Species):Lakeweb:Latitude"	0.00361464542885664	0.00165433695064386	2.184951153663	0.0299631269980924
