"Estimate"	"Std. Error"	"t value"	"Pr(>|t|)"
"(Intercept)"	-0.308257377382154	0.135740092808231	-2.27093831310141	0.0242782836208833
"log(Species)"	0.638380055003394	0.0535204778770002	11.9277719543257	8.16417771526036e-25
"log(Species):Lakeweb"	-0.0925434751921622	0.0644443410090463	-1.43602174749791	0.152649213891218
"log(Species):Terr"	-0.0613142455508881	0.0256193476721097	-2.39327895212716	0.017677445757386
"log(Species):Latitude"	-0.000903225198068967	0.000911607080921375	-0.99080537763711	0.32304739731242
"log(Species):Lakeweb:Latitude"	0.00369577732355792	0.00153021128233238	2.41520721107528	0.0166786304913021
