"Estimate"	"Std. Error"	"t value"	"Pr(>|t|)"
"(Intercept)"	-1.00605309362821	0.136258862711076	-7.3833956456942	4.78214460027912e-12
"log(Species)"	0.636998267312956	0.0537357071488917	11.8542827685872	1.3505415113612e-24
"log(Species):Lakeweb"	-0.0893905121271199	0.0645635706082857	-1.38453482799863	0.167827151288604
"log(Species):Terr"	-0.0605483416690438	0.0257112918138676	-2.35493191502679	0.0195516037174658
"log(Species):Latitude"	-0.000844401924272362	0.000912175152970796	-0.92570151853215	0.355781603224536
"log(Species):Lakeweb:Latitude"	0.0036902327813598	0.00153423184789673	2.40526409774294	0.0171251711949929
