"Estimate"	"Std. Error"	"t value"	"Pr(>|t|)"
"(Intercept)"	-1.0101499308679	0.136050157215927	-7.42483471933574	3.75430435994822e-12
"log(Species)"	0.637143953716673	0.0537690673314753	11.8496374465417	1.39418236712484e-24
"log(Species):Lakeweb"	-0.0880970539990004	0.0645334436137481	-1.36513796669968	0.173832452682804
"log(Species):Terr"	-0.0602610565595456	0.0257210387433259	-2.34287025344892	0.0201762235379049
"log(Species):Latitude"	-0.000826414887284261	0.000911883098399297	-0.906272842138357	0.365945390012875
"log(Species):Lakeweb:Latitude"	0.00366858068490732	0.00153432927459708	2.3909996020057	0.0177842408816335
