"Estimate"	"Std. Error"	"t value"	"Pr(>|t|)"
"(Intercept)"	-0.513674795997026	0.142603760495772	-3.60211255447401	0.000391310470051226
"log(Species)"	0.692944776527123	0.0527900629737778	13.1264245104486	2.33024767326997e-29
"log(Species):Latitude"	-0.00114090306688977	0.000890665680596075	-1.2809554603319	0.201576602386702
"log(Species):Lakeweb"	-0.0606023576685094	0.0668931769348775	-0.905957235780678	0.365963308975205
"log(Species):Marine"	0.125013860766507	0.0282363787727877	4.42740415732723	1.51097533648194e-05
"log(Species):Terr"	-0.0436556557441743	0.0268397390582914	-1.62653055789259	0.105288087347904
"log(Species):Latitude:Lakeweb"	0.00335318990632766	0.00157662574968683	2.12681411996075	0.0345646453368175
