"Estimate"	"Std. Error"	"t value"	"Pr(>|t|)"
"(Intercept)"	-0.8885172365475	0.138937862026106	-6.39506915962583	1.02395601938119e-09
"log(Species)"	0.699657709190352	0.0604127642037282	11.5812894578192	2.62675303768162e-24
"log(Species):Lakeweb"	-0.10741433799894	0.0724406665066762	-1.4827905812965	0.139629204494939
"log(Species):Stream"	-0.169160930096149	0.0863874668150717	-1.95816518683514	0.051534948270293
"log(Species):Marine"	0.0827629242800283	0.0350347909459353	2.36230678264202	0.0190756752707574
"log(Species):Terr"	-0.0947783425825704	0.0334399940500167	-2.8342810839263	0.00504113247068763
"log(Species):Latitude"	-0.0011301933650454	0.00106096322298598	-1.06525216007449	0.287985083508029
"log(Species):Lakeweb:Latitude"	0.0044895389358511	0.00166302442911946	2.69962296238079	0.00750742533728329
"log(Species):Stream:Latitude"	0.00495024420476992	0.00189971466925228	2.60578300778102	0.00982259190609252
