"Estimate"	"Std. Error"	"t value"	"Pr(>|t|)"
"(Intercept)"	-1.20501534778395	0.146356982020627	-8.2333984422699	1.69393385371646e-14
"log(Species)"	0.694870759214791	0.054096329574077	12.8450629587219	1.84279119644111e-28
"log(Species):Lakeweb"	-0.0633828209608861	0.0689286612567071	-0.91954231817782	0.358833009499991
"log(Species):Marine"	0.126751925940515	0.0289163372929517	4.38340183462345	1.82035083674122e-05
"log(Species):Terr"	-0.0522427087049325	0.0271006915691176	-1.9277260350236	0.0551945496134853
"log(Species):Latitude"	-0.00115884656196835	0.000911849439558838	-1.27087489633048	0.205133859438288
"log(Species):Lakeweb:Latitude"	0.00363621632207272	0.00164038668600123	2.2166824158618	0.0276828124265391
