"Estimate"	"Std. Error"	"t value"	"Pr(>|t|)"
"(Intercept)"	-0.316348389566702	0.135518591723657	-2.33435416899686	0.0206277401036129
"log(Species)"	0.643022516917645	0.0545090886198384	11.7966110459535	2.00413872448527e-24
"log(Species):Lakeweb"	-0.0943437114427765	0.0654794998176144	-1.44081295223024	0.151292148865338
"log(Species):Terr"	-0.0614920643103483	0.0257446313525492	-2.38853932178211	0.0179001522910617
"log(Species):Latitude"	-0.000963659291771609	0.000942170084573804	-1.02280820368811	0.30770590592816
"log(Species):Lakeweb:Latitude"	0.00374897314074422	0.00155038844465606	2.41808635356277	0.0165512681904193
