"Estimate"	"Std. Error"	"t value"	"Pr(>|t|)"
"(Intercept)"	-1.02055574873806	0.136253990254941	-7.49009806486059	2.56096211970977e-12
"log(Species)"	0.639511157658545	0.0538111951210179	11.8843515038149	1.09923122260774e-24
"log(Species):Lakeweb"	-0.0868088830721782	0.0644609548752139	-1.34668937561081	0.179692964470827
"log(Species):Terr"	-0.0595679758320999	0.0256919076895051	-2.31855012683363	0.0214892342797446
"log(Species):Latitude"	-0.000832848428754862	0.000911175604044967	-0.914037233939991	0.361861863819962
"log(Species):Lakeweb:Latitude"	0.00366570510838317	0.00153294479726331	2.39128317922953	0.0177709233827486
