"Estimate"	"Std. Error"	"t value"	"Pr(>|t|)"
"(Intercept)"	-0.626815966929405	0.137240788723517	-4.56727167454699	8.92056429158803e-06
"log(Species)"	0.552327188901256	0.0564753777009021	9.77996449756251	1.60523490946327e-18
"log(Species):Lakeweb"	-0.0649779524089605	0.0650882935187957	-0.998304747230722	0.319414792669591
"log(Species):Stream"	-0.192544006209127	0.0898156042532328	-2.14377009217969	0.033335969282186
"log(Species):Latitude"	-0.000645136123330558	0.0010370794692087	-0.6220700944189	0.534649471527356
"log(Species):Lakeweb:Latitude"	0.00462777223775349	0.00159344242039928	2.90426072414582	0.00412226774800035
"log(Species):Stream:Latitude"	0.0067088870224852	0.00202142053900225	3.31889722748964	0.00108524728750074
