"Estimate"	"Std. Error"	"t value"	"Pr(>|t|)"
"(Intercept)"	-0.323273355902267	0.134293522845693	-2.40721480122104	0.0170367414076035
"log(Species)"	0.639072266785531	0.0531760251776676	12.0180525838536	4.39679225184827e-25
"log(Species):Lakeweb"	-0.0879608463806848	0.0637981383789057	-1.37873688191767	0.169605517765603
"log(Species):Terr"	-0.0522732399459372	0.0257794945482711	-2.02770616188993	0.0439942952794405
"log(Species):Latitude"	-0.000843270627611012	0.000901915616664053	-0.934977299461835	0.350993042326586
"log(Species):Lakeweb:Latitude"	0.00362238935290072	0.00151745473133409	2.3871482147715	0.0179659864550724
