"Estimate"	"Std. Error"	"t value"	"Pr(>|t|)"
"(Intercept)"	-0.854010526603992	0.128464130395042	-6.64785200333985	4.72121989690924e-10
"log(Species)"	0.69381091637922	0.056184175317006	12.348867140339	7.19991417518934e-25
"log(Species):Lakeweb"	-0.0224084894720622	0.0826619326319377	-0.271085961319569	0.786683288400426
"log(Species):Stream"	-0.28244215577081	0.0841986546916801	-3.35447349847882	0.000998354994274942
"log(Species):Latitude"	-0.00175282502284522	0.00107258299229827	-1.6342092271008	0.104231374336115
"log(Species):Lakeweb:Latitude"	0.00303055565106109	0.00187932544124707	1.61257629176248	0.108857792794419
"log(Species):Stream:Latitude"	0.00846018796394849	0.00189424229197143	4.46626495449194	1.52024346697429e-05
