"Estimate"	"Std. Error"	"t value"	"Pr(>|t|)"
"(Intercept)"	-0.494523566747799	0.1441549085052	-3.4305010621956	0.000721101230533762
"log(Species)"	0.687418327619485	0.0532304358818045	12.9140089918832	1.11075179438435e-28
"log(Species):Latitude"	-0.001125416251148	0.000896631048119537	-1.25516091987701	0.210770348960227
"log(Species):Lakeweb"	-0.0653520483925704	0.0677846143250761	-0.964113302749798	0.336062288895873
"log(Species):Marine"	0.125301508191885	0.0285674159871937	4.38616878222571	1.79922731352605e-05
"log(Species):Terr"	-0.0521963898073828	0.0266488375376229	-1.95867417232334	0.0514320714226099
"log(Species):Latitude:Lakeweb"	0.00349405143345826	0.00161120991016655	2.16858859383324	0.0312012848761282
