"Estimate"	"Std. Error"	"t value"	"Pr(>|t|)"
"(Intercept)"	-0.489588927990112	0.129290442370497	-3.78673720202098	0.000215569049977221
"log(Species)"	0.6658173007679	0.0363407376000459	18.3215131210506	3.94647485767388e-41
"log(Species):Lakeweb"	0.0584119208307876	0.0250029344253311	2.33620261674601	0.020720831955307
