"Estimate"	"Std. Error"	"t value"	"Pr(>|t|)"
"(Intercept)"	-1.19919562321603	0.14651759115092	-8.18465287202823	2.30886236941321e-14
"log(Species)"	0.693476578672277	0.0541029234506281	12.8177284043646	2.25217361627511e-28
"log(Species):Lakeweb"	-0.0617423820296085	0.0689144985814132	-0.895927320093147	0.371284354982558
"log(Species):Marine"	0.126405048710831	0.0289038441433507	4.37329540264319	1.89954524305666e-05
"log(Species):Terr"	-0.0523649659280744	0.0270854169079509	-1.93332693035649	0.0544969938054432
"log(Species):Latitude"	-0.00116073432889625	0.000911319894886127	-1.27368483384343	0.204137693231765
"log(Species):Lakeweb:Latitude"	0.00357994851663179	0.00163757968081559	2.18612172498917	0.0298762026210176
