"Estimate"	"Std. Error"	"t value"	"Pr(>|t|)"
"(Intercept)"	-1.1906555754001	0.130912163828279	-9.09507215052922	3.54007729904786e-16
"log(Species)"	0.668208968316628	0.0367087221965328	18.2030026743819	7.97699513813033e-41
"log(Species):Lakeweb"	0.0589353094189555	0.0250720689363866	2.35063606312217	0.0199607876066742
