"Estimate"	"Std. Error"	"t value"	"Pr(>|t|)"
"(Intercept)"	-0.833708540235439	0.12820829374213	-6.5027660528133	1.01288485385517e-09
"log(Species)"	0.688653511197756	0.0562498880199092	12.2427534603093	1.40263659842839e-24
"log(Species):Lakeweb"	-0.0244795958836687	0.082878967559523	-0.295365598830459	0.76810736519569
"log(Species):Stream"	-0.281858951285246	0.0844413907089577	-3.33792407868699	0.00105549069314201
"log(Species):Latitude"	-0.00176902527669171	0.00107551312213462	-1.64481979836809	0.102020547389785
"log(Species):Lakeweb:Latitude"	0.00310335178808123	0.00188313925562045	1.64796723281027	0.101372041719747
"log(Species):Stream:Latitude"	0.00846419789668585	0.00189950609080237	4.45599934513002	1.58619741679997e-05
