"Estimate"	"Std. Error"	"t value"	"Pr(>|t|)"
"(Intercept)"	-1.20053442480907	0.146976633297191	-8.16819924281134	2.56275848346322e-14
"log(Species)"	0.694053437648912	0.0541858974393512	12.8087467486489	2.40560738437025e-28
"log(Species):Lakeweb"	-0.0643965362425945	0.0689959161321377	-0.93333837497375	0.351682631625154
"log(Species):Marine"	0.128038737490264	0.0290198535005518	4.41210833431083	1.61230618147346e-05
"log(Species):Terr"	-0.0523692568257787	0.0271191251367467	-1.93108208917912	0.0547756801933686
"log(Species):Latitude"	-0.00116622175224343	0.000912536578988483	-1.27800000470791	0.202614806302399
"log(Species):Lakeweb:Latitude"	0.00359213498930676	0.00163971803158685	2.19070286482759	0.0295381115579088
