"Estimate"	"Std. Error"	"t value"	"Pr(>|t|)"
"(Intercept)"	-0.483864310669278	0.145136809083794	-3.33384972236727	0.00100711856081725
"log(Species)"	0.685552970102078	0.0532829429571885	12.8662744971295	1.57706964186671e-28
"log(Species):Latitude"	-0.00113352507305436	0.000896009187874428	-1.26508197504468	0.207198759849316
"log(Species):Lakeweb"	-0.0671844074252419	0.067794335710615	-0.991003255965562	0.322787719936441
"log(Species):Marine"	0.122759764752648	0.0284711907228	4.31171867547993	2.45831003323904e-05
"log(Species):Terr"	-0.0529327790989278	0.0266507205596708	-1.9861669023324	0.0482732688905654
"log(Species):Latitude:Lakeweb"	0.00350958016337909	0.00161013030536558	2.17968704252309	0.0303567406708593
