"Estimate"	"Std. Error"	"t value"	"Pr(>|t|)"
"(Intercept)"	-0.885817198189214	0.138471303047296	-6.39711751601452	1.01253200843702e-09
"log(Species)"	0.699115160559223	0.0602188975258311	11.6095642611081	2.14773595634181e-24
"log(Species):Lakeweb"	-0.107772860092866	0.072305873446052	-1.49051321775784	0.137589816072879
"log(Species):Stream"	-0.169302700604821	0.086219996739201	-1.96361293212442	0.0508947662865121
"log(Species):Marine"	0.0857758719007261	0.035040801189101	2.44788557880935	0.0151905819482443
"log(Species):Terr"	-0.0948248348185444	0.0333779693286881	-2.84094079794852	0.00494091944681069
"log(Species):Latitude"	-0.00113409532766009	0.00105868788833238	-1.07122726174425	0.285296844128492
"log(Species):Lakeweb:Latitude"	0.00449429920810092	0.00165978395965082	2.70776156256289	0.00733194999988364
"log(Species):Stream:Latitude"	0.00495399737846823	0.00189601127005157	2.61285228454022	0.00962810949645593
