"Estimate"	"Std. Error"	"t value"	"Pr(>|t|)"
"(Intercept)"	-0.504264070616781	0.144413279354015	-3.49181233798192	0.000581168336895452
"log(Species)"	0.689747605333384	0.0532678215543071	12.9486730488908	8.61043151730983e-29
"log(Species):Latitude"	-0.00112216028524178	0.00089655126221856	-1.25164096302195	0.212048253436087
"log(Species):Lakeweb"	-0.0643023264748705	0.0677848821154233	-0.948623416728486	0.343867416772701
"log(Species):Marine"	0.123060285073731	0.0285162692086659	4.31544127225218	2.4204750582758e-05
"log(Species):Terr"	-0.0519912395447254	0.0266469827578432	-1.95111168934961	0.0523309218394563
"log(Species):Latitude:Lakeweb"	0.00348401510293839	0.00161108364417882	2.16252900060581	0.0316709054641552
