"Estimate"	"Std. Error"	"t value"	"Pr(>|t|)"
"(Intercept)"	-0.828635227713952	0.126943564728936	-6.52758751090174	8.89444705269421e-10
"log(Species)"	0.69641548006236	0.0564179416249039	12.3438654443031	7.42982578023316e-25
"log(Species):Lakeweb"	-0.034011054440215	0.0831666778744418	-0.408950499280037	0.683136866865847
"log(Species):Stream"	-0.290854158734374	0.0846339741072602	-3.43661232740604	0.000755134210817676
"log(Species):Latitude"	-0.00195400219882316	0.00108810407377314	-1.79578612553799	0.0744639722050546
"log(Species):Lakeweb:Latitude"	0.00329149637673519	0.00188666595854601	1.7446100417648	0.0830221885968518
"log(Species):Stream:Latitude"	0.00864580663266118	0.00190225968514302	4.54501911604731	1.09507255086545e-05
