"Estimate"	"Std. Error"	"t value"	"Pr(>|t|)"
"(Intercept)"	-0.494096293526638	0.129268594417989	-3.8222454243525	0.000189013277868056
"log(Species)"	0.667363642507611	0.0363100528023499	18.3795833660815	2.7971108779715e-41
"log(Species):Lakeweb"	0.0561820121382739	0.0249523861935316	2.25156871581436	0.0257106542396607
