"Estimate"	"Std. Error"	"t value"	"Pr(>|t|)"
"(Intercept)"	-1.18017699452981	0.129281141873094	-9.12876369616463	3.25366614424838e-16
"log(Species)"	0.720489715024627	0.0531720041118116	13.5501703774332	3.39923477351977e-28
"log(Species):Lakeweb"	-0.0440887819544746	0.084388715356147	-0.522448786764984	0.60209431633856
"log(Species):Terr"	-0.0251308190405915	0.0278464229758926	-0.902479254242023	0.368184835633256
"log(Species):Latitude"	-0.00119261519915455	0.000932634386254519	-1.27875962620692	0.202868695530173
"log(Species):Lakeweb:Latitude"	0.00248351507755736	0.00190267562465545	1.3052750796695	0.193708867876505
