"Estimate"	"Std. Error"	"t value"	"Pr(>|t|)"
"(Intercept)"	-0.495527331566742	0.144893261609353	-3.41994738791052	0.000748159857132248
"log(Species)"	0.688336530326865	0.0532660283844591	12.9226178711626	1.04268842655398e-28
"log(Species):Latitude"	-0.00112967058114332	0.000896610033493646	-1.25993524379998	0.209046029234438
"log(Species):Lakeweb"	-0.0620312016776341	0.0673950361521832	-0.920412024671414	0.358379548103801
"log(Species):Marine"	0.123462328105417	0.0284841581061882	4.33442082596061	2.23608754656561e-05
"log(Species):Terr"	-0.0526800158575175	0.0266678982846897	-1.97540935904055	0.0494891649775609
"log(Species):Latitude:Lakeweb"	0.00334723381581076	0.00158718143404718	2.10891694169809	0.0360983737370037
