"Estimate"	"Std. Error"	"t value"	"Pr(>|t|)"
"(Intercept)"	-1.2298432228508	0.142225359184853	-8.64714443260676	1.30950930292759e-15
"log(Species)"	0.733991387378255	0.0535872358184505	13.6971309709827	5.22604061809673e-31
"log(Species):Lakeweb"	-0.0912124779970013	0.0674750843897541	-1.35179494508126	0.177881411732099
"log(Species):Marine"	0.0965860268427144	0.0285424986959675	3.38393733048887	0.000851113158579403
"log(Species):Terr"	-0.0794282981536156	0.0267352535821051	-2.97091994694151	0.00331167198371974
"log(Species):Latitude"	-0.00146824623255952	0.000899710225128456	-1.63191013234277	0.104182921821648
"log(Species):Lakeweb:Latitude"	0.00377858617446216	0.00159340109815996	2.37139674299562	0.0186165081901073
