"Estimate"	"Std. Error"	"t value"	"Pr(>|t|)"
"(Intercept)"	-0.49628124577383	0.130126773484757	-3.81382887228789	0.000195011630092915
"log(Species)"	0.667640161086885	0.0364995864708299	18.2917184998919	4.70956502492713e-41
"log(Species):Lakeweb"	0.0566102171709271	0.0249800420047147	2.26621785344647	0.024778349876895
