"Estimate"	"Std. Error"	"t value"	"Pr(>|t|)"
"(Intercept)"	-0.486627466848412	0.144579645640236	-3.36580896082226	0.000902529652823865
"log(Species)"	0.688542646303683	0.053141714125471	12.956726323844	8.11571508460709e-29
"log(Species):Latitude"	-0.00118360556395762	0.000899248474880391	-1.31621637069227	0.189490048412872
"log(Species):Lakeweb"	-0.0692155394039884	0.067951151700984	-1.01860730350191	0.309523733701411
"log(Species):Marine"	0.122772572230305	0.0284623255075104	4.3135116348068	2.44001693775e-05
"log(Species):Terr"	-0.0532765888833973	0.0266681974703587	-1.99775740158717	0.0469916007908116
"log(Species):Latitude:Lakeweb"	0.0035577372213028	0.00161220592315486	2.20675111671889	0.0283797440506109
