"Estimate"	"Std. Error"	"t value"	"Pr(>|t|)"
"(Intercept)"	-1.01097712443951	0.136731134530579	-7.39390576923369	4.4977663645865e-12
"log(Species)"	0.637191039210759	0.0538332462567807	11.8363851990534	1.52657336578905e-24
"log(Species):Lakeweb"	-0.087853561411581	0.0645822446268678	-1.36033614067096	0.175343797767597
"log(Species):Terr"	-0.0600890045159715	0.025722458619114	-2.33605214049485	0.0205370125487591
"log(Species):Latitude"	-0.00082628470351687	0.000912256862831367	-0.905758824277117	0.366216746496619
"log(Species):Lakeweb:Latitude"	0.00366771048794167	0.0015349280866295	2.38949988594936	0.0178548179944497
