"Estimate"	"Std. Error"	"t value"	"Pr(>|t|)"
"(Intercept)"	-1.09299061977983	0.115958030374131	-9.42574323014426	6.88238021584052e-18
"log(Species)"	0.716372383566409	0.0517134268325404	13.852734723734	1.19437746500712e-31
"log(Species):Lakeweb"	-0.0507049459270523	0.0628529691668669	-0.806723160403717	0.420713356150763
"log(Species):Stream"	-0.131499152039213	0.0763176037717054	-1.72305137399985	0.0863103620416872
"log(Species):Marine"	0.136413235537385	0.0275034989590112	4.95985022635421	1.42700988534636e-06
"log(Species):Latitude"	-0.00103975823123319	0.000964784908373456	-1.07770988352848	0.282365349686337
"log(Species):Lakeweb:Latitude"	0.00483228671530554	0.00153024736881533	3.1578467728695	0.00181659460879663
"log(Species):Stream:Latitude"	0.00499190062795683	0.00173194697069433	2.88224796279738	0.00434716521382283
