"Estimate"	"Std. Error"	"t value"	"Pr(>|t|)"
"(Intercept)"	-0.478196342826376	0.130456024064846	-3.66557501851105	0.000337190763512647
"log(Species)"	0.719570638450124	0.0534206725921843	13.4698910278303	5.62803645910562e-28
"log(Species):Lakeweb"	-0.0237478928085324	0.0837491778094828	-0.283559712819574	0.777121393114167
"log(Species):Terr"	-0.0258979693665739	0.0279958362803323	-0.925065038502451	0.356351766379303
"log(Species):Latitude"	-0.00122094631464547	0.000938138021478387	-1.30145702092046	0.195008600587433
"log(Species):Lakeweb:Latitude"	0.00175840136120738	0.00186479447644744	0.942946465906128	0.347157033695751
