"Estimate"	"Std. Error"	"t value"	"Pr(>|t|)"
"(Intercept)"	-1.09807553064076	0.11521686835675	-9.53051012670074	3.38745106204536e-18
"log(Species)"	0.717783842665246	0.051386460248078	13.9683457315411	5.09179784374438e-32
"log(Species):Lakeweb"	-0.0634045284609054	0.0628081437994226	-1.00949533970288	0.313866638268722
"log(Species):Stream"	-0.131577674025798	0.0758395430288529	-1.73494813880589	0.0841763885178599
"log(Species):Marine"	0.133207065546056	0.0271344760517577	4.90914456177338	1.80213128807798e-06
"log(Species):Latitude"	-0.00103980030434107	0.000958741528345947	-1.08454705840787	0.27933134318826
"log(Species):Lakeweb:Latitude"	0.00536982776254036	0.0015456358434074	3.47418687619356	0.000619061307560909
"log(Species):Stream:Latitude"	0.00499213354352609	0.00172109833810859	2.90055102197834	0.00411023761485008
