"Estimate"	"Std. Error"	"t value"	"Pr(>|t|)"
"(Intercept)"	-0.640206809699846	0.134030166764213	-4.77658742920243	3.58025732804687e-06
"log(Species)"	0.564003193045641	0.0555677599014182	10.1498277786657	1.40585286766157e-19
"log(Species):Lakeweb"	-0.071949996639337	0.0641043269832898	-1.12238908081965	0.263128442011768
"log(Species):Stream"	-0.200304180961334	0.0883912008106685	-2.26610996484118	0.0245841255372924
"log(Species):Latitude"	-0.000724770537189113	0.00102109855286722	-0.70979489213257	0.478710770929041
"log(Species):Lakeweb:Latitude"	0.00469542710930653	0.00156821485210815	2.99412233151246	0.00312259124825465
"log(Species):Stream:Latitude"	0.00677244537037512	0.00198653650178838	3.40917237829671	0.000797283384461812
