"Estimate"	"Std. Error"	"t value"	"Pr(>|t|)"
"(Intercept)"	-0.892904460118181	0.140113967164799	-6.37270129585274	1.15724391312267e-09
"log(Species)"	0.700885432858622	0.0605579288520321	11.5738012535266	2.77056776056186e-24
"log(Species):Lakeweb"	-0.107177934792243	0.0724455572963138	-1.47942729398669	0.140524670584388
"log(Species):Stream"	-0.169276721020655	0.0863734839163792	-1.95982277598686	0.0513394450883099
"log(Species):Marine"	0.082808147276355	0.0349347665822986	2.37036497957636	0.0186757724161832
"log(Species):Terr"	-0.0951620471705024	0.0334950449404499	-2.84107835471452	0.00493886880369905
"log(Species):Latitude"	-0.0011322626946316	0.00106056916005314	-1.06759911307893	0.286927128289099
"log(Species):Lakeweb:Latitude"	0.00449021361996841	0.00166272924250031	2.70050799925567	0.0074881610489943
"log(Species):Stream:Latitude"	0.00495255529767736	0.00189938118616931	2.60745727805471	0.0097762152225402
