"Estimate"	"Std. Error"	"t value"	"Pr(>|t|)"
"(Intercept)"	-0.824985739163125	0.126771499812262	-6.50765937442452	9.87284364454421e-10
"log(Species)"	0.686437618691941	0.0558457028013182	12.2916819783623	1.03134676586892e-24
"log(Species):Lakeweb"	-0.0157629100957311	0.0827116610951298	-0.190576635591946	0.849105080118691
"log(Species):Stream"	-0.281711526271224	0.0839950181479274	-3.35390755883985	0.00100026016189524
"log(Species):Latitude"	-0.00177598575775296	0.00106990089459344	-1.65995352160896	0.0989326475842002
"log(Species):Lakeweb:Latitude"	0.00297349610476233	0.00187596087553149	1.58505230228743	0.114979501383383
"log(Species):Stream:Latitude"	0.00846555255906581	0.00188968777006342	4.47986841698283	1.43690060217394e-05
