"Estimate"	"Std. Error"	"t value"	"Pr(>|t|)"
"(Intercept)"	-0.502311885453798	0.142842698117606	-3.51653876658248	0.000532295418994124
"log(Species)"	0.690222051038118	0.0528075662277884	13.0705143285871	3.51588050481294e-29
"log(Species):Latitude"	-0.00114457474188903	0.000890102350303692	-1.28589115790843	0.199851489269582
"log(Species):Lakeweb"	-0.0654539889884336	0.0672801292031942	-0.972857658919688	0.331707235225048
"log(Species):Marine"	0.124336597111599	0.0282242718737131	4.40530751928452	1.65942569767891e-05
"log(Species):Terr"	-0.0438996543679796	0.0268234063856154	-1.63661742796104	0.103159873950861
"log(Species):Latitude:Lakeweb"	0.00350778847565163	0.00159936619626249	2.19323659825303	0.0293525473425793
