"Estimate"	"Std. Error"	"t value"	"Pr(>|t|)"
"(Intercept)"	-1.20023908780193	0.146549605073948	-8.18998513981868	2.23205231815003e-14
"log(Species)"	0.693726552361836	0.054118703710466	12.8186099222417	2.23765173505403e-28
"log(Species):Lakeweb"	-0.0682071138923841	0.0691718294688876	-0.986053345937057	0.325205094721625
"log(Species):Marine"	0.126467243081132	0.0289134782394065	4.37398925283118	1.89400421311857e-05
"log(Species):Terr"	-0.0523430454606656	0.0270947130960679	-1.93185457528472	0.0546796449601767
"log(Species):Latitude"	-0.00116039585618801	0.000911633849509956	-1.27287491223782	0.204424458695769
"log(Species):Lakeweb:Latitude"	0.00376170537708919	0.00165399341684047	2.2743170189123	0.0239245837779069
