"Estimate"	"Std. Error"	"t value"	"Pr(>|t|)"
"(Intercept)"	-1.48048036604878	0.122444995498587	-12.0909830574976	4.30806376464274e-26
"log(Species)"	0.769906123334758	0.048730208108562	15.7993604628067	5.49853267139537e-38
"log(Species):Lakeweb"	-0.0430866196867771	0.0616594966402478	-0.698783188876255	0.485432345587878
"log(Species):Marine"	0.12535974605765	0.025354221047565	4.94433435057906	1.52382620211262e-06
"log(Species):Latitude"	-0.000833569029338517	0.000829501984911301	-1.00490299541315	0.316057663876486
"log(Species):Lakeweb:Latitude"	0.00402841811389804	0.00149815442291825	2.68892048261025	0.00772248225491329
