"Estimate"	"Std. Error"	"t value"	"Pr(>|t|)"
"(Intercept)"	-0.887033861292204	0.137604154253286	-6.44627239712147	7.73013423318449e-10
"log(Species)"	0.700539409178232	0.0598556744516114	11.7038094649583	1.09703858588349e-24
"log(Species):Lakeweb"	-0.1087910776268	0.0718777062482182	-1.51355800435684	0.131641527594516
"log(Species):Stream"	-0.170418588475728	0.0857084983563809	-1.98835111737832	0.0480714776204099
"log(Species):Marine"	0.0825576692980779	0.0346500362893498	2.38261422321954	0.0180820275653525
"log(Species):Terr"	-0.0875544642178578	0.0334148973587777	-2.62022244981873	0.00942903738133436
"log(Species):Latitude"	-0.00116099895471939	0.00105249682269578	-1.10309022287184	0.2712504732029
"log(Species):Lakeweb:Latitude"	0.00452081607263116	0.0016499673802855	2.7399426962301	0.00667382209583759
"log(Species):Stream:Latitude"	0.00498096805123602	0.00188477570395679	2.64273782858048	0.00884358422114897
