"Estimate"	"Std. Error"	"t value"	"Pr(>|t|)"
"(Intercept)"	-0.509848076198792	0.143887636272577	-3.54337654996951	0.000483627019370275
"log(Species)"	0.691007012637716	0.0532376827848389	12.9796598291183	6.85702120117165e-29
"log(Species):Latitude"	-0.00111853862587868	0.00090233370993269	-1.23960638239052	0.216459922187831
"log(Species):Lakeweb"	-0.0599376230067778	0.0675717569788678	-0.887021822231476	0.376049172965709
"log(Species):Marine"	0.124799239878997	0.0284614744385324	4.38484802143766	1.80928080921264e-05
"log(Species):Terr"	-0.0519388870629667	0.0268462675353755	-1.93467814453263	0.0543298218662034
"log(Species):Latitude:Lakeweb"	0.00333193808830397	0.00159176152932313	2.0932394877773	0.0374895249828993
