"Estimate"	"Std. Error"	"t value"	"Pr(>|t|)"
"(Intercept)"	-1.21562684956447	0.147623111130709	-8.23466488582619	1.68033822073596e-14
"log(Species)"	0.697741669866929	0.0543815372027555	12.8304881722169	2.05085274379667e-28
"log(Species):Lakeweb"	-0.0628491771221806	0.0689923223522591	-0.910959002094276	0.363327779365674
"log(Species):Marine"	0.127699146041702	0.0289939790164837	4.40433325722909	1.66628315594018e-05
"log(Species):Terr"	-0.0517789861632547	0.027136740563553	-1.90807683929434	0.0577012614426788
"log(Species):Latitude"	-0.00117048167580715	0.000912941130817537	-1.28209983787123	0.201175651845598
"log(Species):Lakeweb:Latitude"	0.00358588907619899	0.00163983282294724	2.18674063966724	0.0298303314887117
