"Estimate"	"Std. Error"	"t value"	"Pr(>|t|)"
"(Intercept)"	-0.856638572295188	0.141886363795813	-6.03749753942503	6.78912778480598e-09
"log(Species)"	0.658757866105854	0.0615300441017971	10.7062797649874	1.02555844380104e-21
"log(Species):Lakeweb"	-0.0876627650924945	0.0742846422407913	-1.1800927142967	0.239267362262736
"log(Species):Stream"	-0.158209560755123	0.0863802588233625	-1.83154765811298	0.0684025512279585
"log(Species):Marine"	0.118616590127426	0.0369284334978507	3.21206666224631	0.00152005428178294
"log(Species):Terr"	-0.0590174135248014	0.035458787265579	-1.66439458526241	0.0974902814040825
"log(Species):Latitude"	-0.00107213636966347	0.00106781707101415	-1.00404497995638	0.316485603396795
"log(Species):Lakeweb:Latitude"	0.00478114448861605	0.0016924751242289	2.82494225183626	0.00517394759997458
"log(Species):Stream:Latitude"	0.00507557557213738	0.00188754604451742	2.68898106453082	0.00772898662159427
