"Estimate"	"Std. Error"	"t value"	"Pr(>|t|)"
"(Intercept)"	-0.493857481918814	0.12941303304853	-3.81613404991147	0.000193351051130967
"log(Species)"	0.667222413032132	0.0363374633445973	18.3618324346059	3.10735326480705e-41
"log(Species):Lakeweb"	0.0562462165075739	0.0249598198365234	2.2534704527502	0.0255879186880704
