"Estimate"	"Std. Error"	"t value"	"Pr(>|t|)"
"(Intercept)"	-1.19858325590192	0.146360554098451	-8.18925060297106	2.24248091141789e-14
"log(Species)"	0.694615332575606	0.0540250130806832	12.8572913353716	1.68458175236383e-28
"log(Species):Lakeweb"	-0.0656352954370042	0.0688692138840323	-0.953042611282399	0.341628857462767
"log(Species):Marine"	0.129979268722495	0.0290269892147043	4.47787635710598	1.21819746777464e-05
"log(Species):Terr"	-0.0525405136749725	0.0270666810257761	-1.9411509532675	0.0535349708306404
"log(Species):Latitude"	-0.00119065203503299	0.000911163789261065	-1.30673765690204	0.192684977169279
"log(Species):Lakeweb:Latitude"	0.00361792348074663	0.00163677590790108	2.2103963427627	0.0281221909604628
