"Estimate"	"Std. Error"	"t value"	"Pr(>|t|)"
"(Intercept)"	-0.890879209940867	0.138091325011527	-6.45137708589951	7.51590699501731e-10
"log(Species)"	0.697931768938141	0.0600816131386973	11.6163953076123	2.04573650547237e-24
"log(Species):Lakeweb"	-0.104900147805173	0.0721512451501392	-1.45389241151538	0.147468997435172
"log(Species):Stream"	-0.166836352570576	0.0860257029537188	-1.93937796312263	0.0537949926566599
"log(Species):Marine"	0.0882921673392055	0.0350253625132467	2.52080666704915	0.0124518282923727
"log(Species):Terr"	-0.0945568193915912	0.0332961141669419	-2.83987551572826	0.00495682654124393
"log(Species):Latitude"	-0.0010733186158743	0.00105695693401519	-1.01547998913915	0.311045610122412
"log(Species):Lakeweb:Latitude"	0.00443191334382058	0.00165626448296492	2.67584880881277	0.00804194850294164
"log(Species):Stream:Latitude"	0.00489349961503178	0.00189182943262567	2.5866494783518	0.0103667769461751
