"Estimate"	"Std. Error"	"t value"	"Pr(>|t|)"
"(Intercept)"	-0.49967048918556	0.145001189274561	-3.44597511017259	0.00068307817029702
"log(Species)"	0.688610369273806	0.053338640898949	12.9101596453946	1.1426041519907e-28
"log(Species):Latitude"	-0.00112410229874074	0.000896995862534744	-1.25318560061608	0.211486787307857
"log(Species):Lakeweb"	-0.0647586126983895	0.0678472786714118	-0.95447619958376	0.340904689755625
"log(Species):Marine"	0.124247668721372	0.0284997328873674	4.35960818343127	2.01208167358255e-05
"log(Species):Terr"	-0.0520338714109658	0.0266805368669958	-1.95025578646929	0.0524334796976162
"log(Species):Latitude:Lakeweb"	0.00348915470841053	0.00161189606078034	2.16462760428944	0.0315075766461735
