"Estimate"	"Std. Error"	"t value"	"Pr(>|t|)"
"(Intercept)"	-1.21303854695764	0.146267407837718	-8.29329352922896	1.15634818538125e-14
"log(Species)"	0.696792806907275	0.0540999641220242	12.8797277080561	1.42873965880015e-28
"log(Species):Lakeweb"	-0.0623106987381372	0.0687375865103393	-0.906501113895883	0.365676148146131
"log(Species):Marine"	0.127230138452137	0.0289294184916873	4.39795008284371	1.71188922835791e-05
"log(Species):Terr"	-0.0520741622316002	0.0271154296440756	-1.92046236829508	0.0561103401686371
"log(Species):Latitude"	-0.00115624404532356	0.000912356169345186	-1.26731651976817	0.206400459034092
"log(Species):Lakeweb:Latitude"	0.0035741692422058	0.00162865690516534	2.19455014181944	0.0292567448287114
