"Estimate"	"Std. Error"	"t value"	"Pr(>|t|)"
"(Intercept)"	-0.527181083302701	0.144107348208953	-3.65825261414359	0.000318792153102319
"log(Species)"	0.687619529906555	0.0531229707876266	12.9439208634528	8.9163752853247e-29
"log(Species):Latitude"	-0.000938599671254853	0.000909171594136295	-1.03236801205444	0.303048953485928
"log(Species):Lakeweb"	-0.0507839943829949	0.0677103057242062	-0.75001868385952	0.454055848233883
"log(Species):Marine"	0.122685544003235	0.0284339700693856	4.31475251974498	2.42743294262955e-05
"log(Species):Terr"	-0.0505456862841695	0.0266229647914269	-1.89857465838839	0.0589472610619407
"log(Species):Latitude:Lakeweb"	0.00314695954281343	0.00159280416993516	1.97573537426232	0.0494519397746688
