"Estimate"	"Std. Error"	"t value"	"Pr(>|t|)"
"(Intercept)"	-0.824985739163124	0.126771499812262	-6.50765937442451	9.87284364454466e-10
"log(Species)"	0.686437618691941	0.0558457028013182	12.2916819783623	1.03134676586891e-24
"log(Species):Lakeweb"	-0.0157629100957308	0.0827116610951298	-0.190576635591943	0.849105080118693
"log(Species):Stream"	-0.281711526271224	0.0839950181479273	-3.35390755883985	0.00100026016189525
"log(Species):Latitude"	-0.00177598575775296	0.00106990089459344	-1.65995352160896	0.0989326475842004
"log(Species):Lakeweb:Latitude"	0.00297349610476232	0.00187596087553149	1.58505230228742	0.114979501383384
"log(Species):Stream:Latitude"	0.00846555255906581	0.00188968777006342	4.47986841698283	1.43690060217397e-05
