"Estimate"	"Std. Error"	"t value"	"Pr(>|t|)"
"(Intercept)"	-0.882404300974606	0.138681047404792	-6.36283268325036	1.22133339240682e-09
"log(Species)"	0.699633579132041	0.060227058621612	11.616598836872	2.04277275929827e-24
"log(Species):Lakeweb"	-0.10943024832449	0.0723603124446056	-1.51229651486459	0.131961861578904
"log(Species):Stream"	-0.170686110920795	0.0862567588572888	-1.97881433503889	0.0491437782235652
"log(Species):Marine"	0.0851334803727932	0.0349973206190001	2.43257137595197	0.0158294473716499
"log(Species):Terr"	-0.0949825694416966	0.0333861462744409	-2.84496954697678	0.00488118059676358
"log(Species):Latitude"	-0.00116828309517512	0.00105983240845168	-1.10232814722271	0.271580755214418
"log(Species):Lakeweb:Latitude"	0.00452957189448535	0.00166079601901736	2.72734992293957	0.00692470503943728
"log(Species):Stream:Latitude"	0.00498799707410765	0.00189692645901458	2.62951526159787	0.00918330766669069
