"Estimate"	"Std. Error"	"t value"	"Pr(>|t|)"
"(Intercept)"	-1.16687379910343	0.13065275379305	-8.93110757505898	1.06800918830079e-15
"log(Species)"	0.71822578067754	0.053545272284931	13.4134303558237	8.02468980129898e-28
"log(Species):Lakeweb"	-0.0227560211920754	0.0838392137801434	-0.271424553810224	0.786421081415842
"log(Species):Terr"	-0.0259266824730507	0.0280368463278398	-0.924736048052103	0.356522374394494
"log(Species):Latitude"	-0.0012053230697251	0.000938685112344919	-1.2840547419721	0.201014481059912
"log(Species):Lakeweb:Latitude"	0.00177630437675319	0.00186735504503992	0.951240837392665	0.342944232431538
