"Estimate"	"Std. Error"	"t value"	"Pr(>|t|)"
"(Intercept)"	-1.00403744806349	0.135701662390377	-7.39885886714594	4.36960485118239e-12
"log(Species)"	0.635298803952379	0.0536680319689783	11.8375647595873	1.5142973504049e-24
"log(Species):Lakeweb"	-0.0857611523093072	0.0643711218541682	-1.3322923360509	0.184368318259591
"log(Species):Terr"	-0.0600450106128915	0.0256411213031186	-2.34174667726362	0.0202352926118992
"log(Species):Latitude"	-0.000827116238467458	0.000909610419855444	-0.909308227360571	0.364345551533871
"log(Species):Lakeweb:Latitude"	0.0036735955446963	0.00153050421151855	2.40025183664892	0.0173542522100022
