"Estimate"	"Std. Error"	"t value"	"Pr(>|t|)"
"(Intercept)"	-1.24022306028022	0.144006353847091	-8.61228013311909	1.64081877125673e-15
"log(Species)"	0.736589116032537	0.0539122700157582	13.662736067638	6.71857376479367e-31
"log(Species):Latitude"	-0.00146663777997091	0.000900478343179667	-1.6287318746524	0.104854867484531
"log(Species):Lakeweb"	-0.0908329094953091	0.0675549930931274	-1.34457728935139	0.180198621334789
"log(Species):Marine"	0.0963210964898947	0.0285813451073513	3.37006869789065	0.000892804638669809
"log(Species):Terr"	-0.079255626631246	0.0267603678134732	-2.96167927076633	0.0034085521162508
"log(Species):Latitude:Lakeweb"	0.00372807445991027	0.00159345271561712	2.33962038745934	0.0202333754118066
