"Estimate"	"Std. Error"	"t value"	"Pr(>|t|)"
"(Intercept)"	-1.48288344214947	0.121373445192844	-12.2175278109095	1.71193640525146e-26
"log(Species)"	0.770403334557043	0.0485867152742246	15.8562547438918	3.61045135090805e-38
"log(Species):Lakeweb"	-0.042615465104733	0.0616247347728588	-0.691531821788904	0.489967182194143
"log(Species):Marine"	0.125587174611082	0.0253201664828254	4.95996638474976	1.41767443712883e-06
"log(Species):Latitude"	-0.000832755265167569	0.000829368167697041	-1.0040839492067	0.316451349959628
"log(Species):Lakeweb:Latitude"	0.00405026034304343	0.0014991941199173	2.7016250192249	0.00744287491038564
