"Estimate"	"Std. Error"	"t value"	"Pr(>|t|)"
"(Intercept)"	-0.528034772234135	0.144968470185746	-3.64241115021473	0.00033785705547473
"log(Species)"	0.695742781945263	0.0533689431855074	13.0364729076029	4.51601877933067e-29
"log(Species):Latitude"	-0.0011214002831672	0.000895992121860459	-1.2515738205808	0.212072683866639
"log(Species):Lakeweb"	-0.058623250984787	0.0673168210100094	-0.870855903550023	0.384795219138263
"log(Species):Marine"	0.125878236938416	0.0284343070939703	4.42698450580882	1.51367197626559e-05
"log(Species):Terr"	-0.0535144715717029	0.0266941438994257	-2.00472702077755	0.0462348726611308
"log(Species):Latitude:Lakeweb"	0.00332951194373065	0.00158614889189044	2.09911689927319	0.0369626962169779
