"Estimate"	"Std. Error"	"t value"	"Pr(>|t|)"
"(Intercept)"	-1.17466563621876	0.130659533489343	-8.99027881738591	7.48845114645578e-16
"log(Species)"	0.721324199376453	0.0537040628272181	13.4314642394406	7.16491853757456e-28
"log(Species):Lakeweb"	-0.0231367726078309	0.084185742942714	-0.274830057906299	0.783808128664461
"log(Species):Terr"	-0.0231830390005059	0.0283998779255493	-0.816307698972528	0.415561006466905
"log(Species):Latitude"	-0.00124575577825516	0.00094749600871378	-1.31478736247793	0.190498671287978
"log(Species):Lakeweb:Latitude"	0.001811872030849	0.00187525058328751	0.966202622197079	0.335428769567388
