"Estimate"	"Std. Error"	"t value"	"Pr(>|t|)"
"(Intercept)"	-0.833980626200933	0.127031787100631	-6.56513338303487	7.30345206284399e-10
"log(Species)"	0.687987045348628	0.0560484639503585	12.274859949025	1.146350248725e-24
"log(Species):Lakeweb"	-0.0237182308322504	0.082763590242044	-0.286578080565208	0.774815650417847
"log(Species):Stream"	-0.281202365932238	0.0843297348465908	-3.3345576912318	0.00106748063040484
"log(Species):Latitude"	-0.00172292838609624	0.00107634489577748	-1.60072147213715	0.111461784685889
"log(Species):Lakeweb:Latitude"	0.00305708501289842	0.00188184050264259	1.62451866064392	0.106283924527247
"log(Species):Stream:Latitude"	0.00841801027576072	0.00189837424675042	4.43432599771642	1.73460575297717e-05
