"Estimate"	"Std. Error"	"t value"	"Pr(>|t|)"
"(Intercept)"	-0.852582904047606	0.141313313751278	-6.03328080996118	6.94240841967651e-09
"log(Species)"	0.657781886393085	0.0614284395842309	10.7081002031825	1.01249371377657e-21
"log(Species):Lakeweb"	-0.0858620810562283	0.074468643876593	-1.1529964369771	0.250192102360403
"log(Species):Stream"	-0.158241103768144	0.0863587220573462	-1.83236967845662	0.0682795748467919
"log(Species):Marine"	0.118553549844207	0.0368836396718327	3.21425843270952	0.00150903143876326
"log(Species):Terr"	-0.0591008789129842	0.0354492047832999	-1.66719900416007	0.0969307924392357
"log(Species):Latitude"	-0.00107338137887648	0.00106755724303456	-1.00545557241068	0.315807778837736
"log(Species):Lakeweb:Latitude"	0.00474497670201491	0.00169560414346593	2.79839885995788	0.00560228443502837
"log(Species):Stream:Latitude"	0.00507633549633627	0.00188707552913965	2.69005422302872	0.0077049970316376
