"Estimate"	"Std. Error"	"t value"	"Pr(>|t|)"
"(Intercept)"	-0.325117048995872	0.136006256390329	-2.39045656887142	0.0178097676852919
"log(Species)"	0.638640707198449	0.0537133568463239	11.8897932412905	1.05901751488506e-24
"log(Species):Lakeweb"	-0.0868816308876428	0.0643437534527974	-1.35027296707798	0.178543139819342
"log(Species):Terr"	-0.059813873350054	0.0256451952551077	-2.33236178375912	0.0207346480505697
"log(Species):Latitude"	-0.000828650942864217	0.000909518925563054	-0.911087080844663	0.363410035168781
"log(Species):Lakeweb:Latitude"	0.00360612028732018	0.00153015763236522	2.35669855905373	0.0194615612281617
