"Estimate"	"Std. Error"	"t value"	"Pr(>|t|)"
"(Intercept)"	-0.313745245660407	0.13592275701506	-2.30826134306299	0.0220669117014404
"log(Species)"	0.636926462120146	0.0536031588735513	11.8822561114848	1.11511930673406e-24
"log(Species):Lakeweb"	-0.0891620938316092	0.0644043135632406	-1.38441183359649	0.167864729464155
"log(Species):Terr"	-0.0606221386325645	0.0256478705327954	-2.36363243315066	0.0191116745170877
"log(Species):Latitude"	-0.00084346887601575	0.000909925117570691	-0.92696515320693	0.355126827505093
"log(Species):Lakeweb:Latitude"	0.00363111151587086	0.00153044740369377	2.37258170852986	0.0186682901289553
