"Estimate"	"Std. Error"	"t value"	"Pr(>|t|)"
"(Intercept)"	-1.22917586089377	0.145366740831244	-8.45568837730718	4.07929908973813e-15
"log(Species)"	0.701957326350242	0.0536894527325317	13.0743989857231	3.41684531025624e-29
"log(Species):Lakeweb"	-0.0623646553697418	0.0683048244189158	-0.913034414483774	0.362237722785308
"log(Species):Marine"	0.128174855226122	0.0286597921775864	4.47228836943074	1.24770822306011e-05
"log(Species):Terr"	-0.0405086438835176	0.0274098082270653	-1.47788862833116	0.14088753350262
"log(Species):Latitude"	-0.00118103355694507	0.00090363639607656	-1.30697873843165	0.192603226362718
"log(Species):Lakeweb:Latitude"	0.00358700949073081	0.00162367022903926	2.20919828828374	0.0282066147100846
