"Estimate"	"Std. Error"	"t value"	"Pr(>|t|)"
"(Intercept)"	-0.510608572010055	0.143959775752633	-3.54688363010122	0.000477585135543928
"log(Species)"	0.691364065252451	0.0532752016120522	12.9772210021266	6.98103172778023e-29
"log(Species):Latitude"	-0.00112233478912173	0.000897735464944967	-1.25018430589743	0.212578732095929
"log(Species):Lakeweb"	-0.060041682602346	0.0674150215217026	-0.890627656078358	0.374115337923453
"log(Species):Marine"	0.124494828066245	0.0285936588925162	4.35393135709643	2.06060822532065e-05
"log(Species):Terr"	-0.0518701789053537	0.0266751971245923	-1.94450967552677	0.0531263928398116
"log(Species):Latitude:Lakeweb"	0.00333551313655402	0.00158898200688612	2.09915097974616	0.03695965998052
