"Estimate"	"Std. Error"	"t value"	"Pr(>|t|)"
"(Intercept)"	-0.890561107795785	0.138927267349603	-6.41026865917355	9.421107771912e-10
"log(Species)"	0.700446462735173	0.0604081574415105	11.5952297239553	2.3785657561219e-24
"log(Species):Lakeweb"	-0.107521000290518	0.0724351425593799	-1.48437618111093	0.139208579984425
"log(Species):Stream"	-0.169431668698629	0.0863808793575459	-1.96144875994282	0.0511482774544113
"log(Species):Marine"	0.0820828991243071	0.0350321193755584	2.34307545724954	0.0200606742501233
"log(Species):Terr"	-0.0947742193528529	0.0334374440905308	-2.83437391614786	0.00503972293714809
"log(Species):Latitude"	-0.00113642432187191	0.00106088231946576	-1.07120676913929	0.285306034593114
"log(Species):Lakeweb:Latitude"	0.00449512017065422	0.00166289761555269	2.70318516823431	0.00743015953201311
"log(Species):Stream:Latitude"	0.00495658779162159	0.00189956980692263	2.60932121239147	0.00972481618218975
