"Estimate"	"Std. Error"	"t value"	"Pr(>|t|)"
"(Intercept)"	-0.313745245660409	0.13592275701506	-2.308261343063	0.0220669117014396
"log(Species)"	0.636926462120146	0.0536031588735513	11.8822561114848	1.115119306734e-24
"log(Species):Lakeweb"	-0.0891620938316086	0.0644043135632404	-1.38441183359648	0.167864729464157
"log(Species):Terr"	-0.0606221386325643	0.0256478705327954	-2.36363243315066	0.0191116745170879
"log(Species):Latitude"	-0.000843468876015746	0.000909925117570691	-0.926965153206926	0.355126827505095
"log(Species):Lakeweb:Latitude"	0.00363111151587086	0.00153044740369377	2.37258170852986	0.0186682901289555
