"Estimate"	"Std. Error"	"t value"	"Pr(>|t|)"
"(Intercept)"	-0.481978067484654	0.130201057315561	-3.7017984140982	0.000295852733418601
"log(Species)"	0.721112210259771	0.0535156186120583	13.4747991140158	5.45715237624157e-28
"log(Species):Lakeweb"	-0.0239704599693933	0.0838903404085049	-0.285735638366335	0.775457249641807
"log(Species):Terr"	-0.0233185684006197	0.0283002245208612	-0.823971144943766	0.411205923071303
"log(Species):Latitude"	-0.00124409793769928	0.000944171304169479	-1.31766124664594	0.189536617496089
"log(Species):Lakeweb:Latitude"	0.00177919175724302	0.00186867044566306	0.952116389153739	0.342501462819897
