"Estimate"	"Std. Error"	"t value"	"Pr(>|t|)"
"(Intercept)"	-1.23108632631004	0.142640095610141	-8.63071719802261	1.45641017449301e-15
"log(Species)"	0.734241184967201	0.0537326807359919	13.6647041411314	6.62269169080763e-31
"log(Species):Latitude"	-0.00146663453123018	0.000900970993383476	-1.62783767957105	0.105044541033063
"log(Species):Lakeweb"	-0.0915341364087398	0.0675547382485855	-1.35496249089021	0.176871561406343
"log(Species):Marine"	0.0968623992867085	0.0287228031813433	3.3723170637337	0.000885918646591115
"log(Species):Terr"	-0.0793999196482068	0.0267673915136164	-2.96629275989842	0.00335986364082181
"log(Species):Latitude:Lakeweb"	0.00373097566872149	0.00159405738717071	2.34055291782412	0.0201842222287425
