"Estimate"	"Std. Error"	"t value"	"Pr(>|t|)"
"(Intercept)"	-1.18535268624425	0.12959503559281	-9.14659022872334	2.58935747417976e-16
"log(Species)"	0.666808773308837	0.0364305829385165	18.3035438777964	4.39041027863766e-41
"log(Species):Lakeweb"	0.0607518540418271	0.0251454687956875	2.41601596436517	0.0168172697499289
