"Estimate"	"Std. Error"	"t value"	"Pr(>|t|)"
"(Intercept)"	-0.630663363025376	0.136141362469485	-4.632415539155	6.73544716962836e-06
"log(Species)"	0.553330377449312	0.0562952974014274	9.82906926494507	1.16357087434511e-18
"log(Species):Lakeweb"	-0.0621700471353198	0.0665348182051249	-0.934398692480851	0.351296868621784
"log(Species):Stream"	-0.191822170695461	0.0897521018572818	-2.1372443288346	0.0338702618397513
"log(Species):Latitude"	-0.000642660026436169	0.00103705366781106	-0.619697944651842	0.536206999603543
"log(Species):Lakeweb:Latitude"	0.00456713550471874	0.0016228164982773	2.81432651785767	0.00540826967086617
"log(Species):Stream:Latitude"	0.00668503978197359	0.0020183165954398	3.31218590635277	0.00111013360510996
