"Estimate"	"Std. Error"	"t value"	"Pr(>|t|)"
"(Intercept)"	-0.630663363025377	0.136141362469485	-4.63241553915501	6.7354471696282e-06
"log(Species)"	0.553330377449313	0.0562952974014274	9.82906926494507	1.16357087434511e-18
"log(Species):Lakeweb"	-0.0621700471353193	0.0665348182051248	-0.934398692480845	0.351296868621787
"log(Species):Stream"	-0.19182217069546	0.0897521018572818	-2.13724432883459	0.0338702618397517
"log(Species):Latitude"	-0.000642660026436166	0.00103705366781106	-0.619697944651839	0.536206999603544
"log(Species):Lakeweb:Latitude"	0.00456713550471874	0.0016228164982773	2.81432651785767	0.00540826967086621
"log(Species):Stream:Latitude"	0.00668503978197358	0.0020183165954398	3.31218590635276	0.00111013360510998
