"Estimate"	"Std. Error"	"t value"	"Pr(>|t|)"
"(Intercept)"	-0.875806087831268	0.142006888251635	-6.1673493350502	3.39660930726938e-09
"log(Species)"	0.663260228788282	0.0616011952962163	10.7670025816694	6.68474248359082e-22
"log(Species):Lakeweb"	-0.0795184020564751	0.0740202887441432	-1.07427846345394	0.283902064331547
"log(Species):Stream"	-0.158003692989395	0.0865259544549333	-1.82608436953667	0.0692245398318151
"log(Species):Marine"	0.119926267930938	0.0369606828836898	3.24469838147552	0.00136341465032222
"log(Species):Terr"	-0.058613403856374	0.0355185796020514	-1.6502181256423	0.100358416945249
"log(Species):Latitude"	-0.0010635874670263	0.00106963412901544	-0.994346981060981	0.321171738461683
"log(Species):Lakeweb:Latitude"	0.00452663320837016	0.00167296668615561	2.70575215025479	0.00736168111888445
"log(Species):Stream:Latitude"	0.0050677935074899	0.00189079608720356	2.68024328048248	0.00792683505971208
