"Estimate"	"Std. Error"	"t value"	"Pr(>|t|)"
"(Intercept)"	-0.517974682769081	0.144445901846091	-3.58594239192046	0.00041491856833221
"log(Species)"	0.693033480490198	0.0531904971774084	13.0292724690784	4.76155216231798e-29
"log(Species):Latitude"	-0.00111774398470944	0.000894153229131626	-1.25005865694291	0.212624535525667
"log(Species):Lakeweb"	-0.0652951001277317	0.0675904081512969	-0.966040920800075	0.335099085023043
"log(Species):Marine"	0.125282565422433	0.028371463075048	4.41579502230942	1.58730243130697e-05
"log(Species):Terr"	-0.0517033854184508	0.0265765086331336	-1.94545439102527	0.0530119449666404
"log(Species):Latitude:Lakeweb"	0.00347384337867174	0.00160677021977682	2.16200383596495	0.0317118918347608
