"Estimate"	"Std. Error"	"t value"	"Pr(>|t|)"
"(Intercept)"	-0.836699649220111	0.125962873192837	-6.64243064652236	4.85858832999489e-10
"log(Species)"	0.689413356106319	0.0555588450195952	12.4087056860733	4.94320851163866e-25
"log(Species):Lakeweb"	-0.0471526932160329	0.083091026793918	-0.567482374877625	0.571202253681079
"log(Species):Stream"	-0.28200639589811	0.0836152702566828	-3.37266620119034	0.000938888271842331
"log(Species):Latitude"	-0.00176663847946141	0.00106504888525908	-1.65873933479745	0.0991775797231425
"log(Species):Lakeweb:Latitude"	0.00380421610967172	0.00190752751355226	1.99431781856052	0.0478596883199276
"log(Species):Stream:Latitude"	0.00846338749981001	0.00188114887663604	4.49905246996966	1.32680687526148e-05
