"Estimate"	"Std. Error"	"t value"	"Pr(>|t|)"
"(Intercept)"	-0.873489343274456	0.141505735715155	-6.17281934799273	3.29825102539756e-09
"log(Species)"	0.652037237061498	0.0614829367301986	10.6051739187864	2.08821212958782e-21
"log(Species):Lakeweb"	-0.0750965710037653	0.0748739097581944	-1.00297381619699	0.317000965791761
"log(Species):Stream"	-0.147302806595922	0.0866481845300719	-1.70001030482986	0.0905751019873952
"log(Species):Marine"	0.116224856813689	0.0368435903744408	3.15454752461685	0.00183743859006639
"log(Species):Terr"	-0.0577376096698389	0.0353692730294352	-1.63242285533514	0.104054143403102
"log(Species):Latitude"	-0.0008064334394131	0.00108974465008512	-0.740020553760105	0.460094824319016
"log(Species):Lakeweb:Latitude"	0.00450371173691113	0.00170485210396228	2.64170230745761	0.00885512267893588
"log(Species):Stream:Latitude"	0.00481188810665867	0.0018959749175089	2.53794924301053	0.0118586585321799
