"Estimate"	"Std. Error"	"t value"	"Pr(>|t|)"
"(Intercept)"	-1.0101499308679	0.136050157215927	-7.42483471933571	3.75430435994884e-12
"log(Species)"	0.637143953716671	0.0537690673314753	11.8496374465417	1.39418236712504e-24
"log(Species):Lakeweb"	-0.0880970539990007	0.064533443613748	-1.36513796669968	0.173832452682803
"log(Species):Terr"	-0.0602610565595456	0.0257210387433259	-2.34287025344893	0.0201762235379047
"log(Species):Latitude"	-0.00082641488728426	0.000911883098399296	-0.906272842138355	0.365945390012876
"log(Species):Lakeweb:Latitude"	0.00366858068490732	0.00153432927459708	2.39099960200571	0.0177842408816333
