"Estimate"	"Std. Error"	"t value"	"Pr(>|t|)"
"(Intercept)"	-0.502723115331976	0.131970658637812	-3.80935520456618	0.000199539277808625
"log(Species)"	0.723767266455592	0.0536742327081788	13.4844455139329	5.13628145398885e-28
"log(Species):Lakeweb"	-0.019389977615361	0.0836738444121878	-0.231732840191297	0.817047282829223
"log(Species):Terr"	-0.0249338160642497	0.0279673881880791	-0.891531804706653	0.374008233372071
"log(Species):Latitude"	-0.00118454487491621	0.000936630754085126	-1.26468714565458	0.207857592380899
"log(Species):Lakeweb:Latitude"	0.0017066859356273	0.00186337679279244	0.915910266902955	0.361118637838443
