"Estimate"	"Std. Error"	"t value"	"Pr(>|t|)"
"(Intercept)"	-0.664003802823502	0.136197406717208	-4.87530430151435	2.30435947863357e-06
"log(Species)"	0.54510787100963	0.0559851406241258	9.73665270699928	2.13118137916186e-18
"log(Species):Lakeweb"	-0.0446952230253608	0.0654242356143746	-0.683160033978917	0.49534675562274
"log(Species):Stream"	-0.175945991979823	0.0893961093033186	-1.96816162751382	0.0505196945521935
"log(Species):Latitude"	-0.000247192171369767	0.00105060238053497	-0.235286132936321	0.814242748835785
"log(Species):Lakeweb:Latitude"	0.00419655978574524	0.00159652381981136	2.6285607102568	0.00928366394917212
"log(Species):Stream:Latitude"	0.00630807050751345	0.00201140963339477	3.13614412637915	0.00198710799012155
