"Estimate"	"Std. Error"	"t value"	"Pr(>|t|)"
"(Intercept)"	-1.20390115486413	0.146268119081102	-8.23078304710134	1.72235666875099e-14
"log(Species)"	0.694610865258066	0.0540604005028013	12.8487924395246	1.7930278712007e-28
"log(Species):Lakeweb"	-0.0637860386839395	0.0688813829030785	-0.926027265940515	0.355460526762962
"log(Species):Marine"	0.130206503107969	0.0291231957624483	4.47088651156402	1.25521866403174e-05
"log(Species):Terr"	-0.0522670038654084	0.0270817132301428	-1.92997405375498	0.054913678059011
"log(Species):Latitude"	-0.00115937035711475	0.000911210157428339	-1.27234134481861	0.204613537770891
"log(Species):Lakeweb:Latitude"	0.00358294001343154	0.00163739347561057	2.18819731897093	0.029722609620541
