"Estimate"	"Std. Error"	"t value"	"Pr(>|t|)"
"(Intercept)"	-1.0116347856462	0.135575786860377	-7.46176591759734	3.02422055961591e-12
"log(Species)"	0.637224657834994	0.053678734101384	11.871082068207	1.20379796950498e-24
"log(Species):Lakeweb"	-0.075923492717559	0.0660488949608092	-1.14950435980207	0.251800603338047
"log(Species):Terr"	-0.0600113327332206	0.0256663387400792	-2.33813374556263	0.0204262650624933
"log(Species):Latitude"	-0.000824508112669695	0.00091050139882083	-0.90555392197914	0.366324952253606
"log(Species):Lakeweb:Latitude"	0.00339705275829585	0.00156830214137409	2.16607034363893	0.0315579637351917
