"Estimate"	"Std. Error"	"t value"	"Pr(>|t|)"
"(Intercept)"	-1.17786580073943	0.130196543179457	-9.04682852536193	4.74236227548477e-16
"log(Species)"	0.66527879513781	0.0365242450828459	18.2147172002815	7.44040982074897e-41
"log(Species):Lakeweb"	0.0577403324000139	0.0250156145146693	2.30817165679278	0.0222699470646041
