"Estimate"	"Std. Error"	"t value"	"Pr(>|t|)"
"(Intercept)"	-0.864394670601667	0.140715472933253	-6.14285446072928	3.87349485594511e-09
"log(Species)"	0.660579446708615	0.0612936850010558	10.777283935486	6.21703559920155e-22
"log(Species):Lakeweb"	-0.0806338393052253	0.0737636470456535	-1.09313791460609	0.275556541160471
"log(Species):Stream"	-0.158104345370098	0.0862430484313194	-1.83324161478367	0.0681493310115603
"log(Species):Marine"	0.12321933074583	0.0369375887802935	3.3358791089138	0.00100161791998969
"log(Species):Terr"	-0.0588539065237708	0.0354010475257582	-1.66249053734775	0.0978716232766101
"log(Species):Latitude"	-0.00106867001764717	0.00106611955294549	-1.00239228770792	0.317280985003505
"log(Species):Lakeweb:Latitude"	0.00453503364109318	0.00166746426576709	2.71971863757267	0.00706791454129571
"log(Species):Stream:Latitude"	0.00507303690128899	0.00188454742776235	2.69191256561398	0.00766361416977068
