"Estimate"	"Std. Error"	"t value"	"Pr(>|t|)"
"(Intercept)"	-1.2259510776279	0.142368789939544	-8.61109431462112	1.65344223822456e-15
"log(Species)"	0.733038246802399	0.0536044058360075	13.6749626335751	6.14461607737027e-31
"log(Species):Lakeweb"	-0.0956133249538046	0.0676685652169374	-1.41296515815401	0.159132434275058
"log(Species):Marine"	0.0963742005504276	0.0285397737635572	3.3768382801089	0.000872221513799788
"log(Species):Terr"	-0.0794956739370597	0.026730627194473	-2.97395468346873	0.00328041068312467
"log(Species):Latitude"	-0.00146933389530184	0.000899547531326554	-1.63341440461187	0.103866092616141
"log(Species):Lakeweb:Latitude"	0.0038909198664714	0.00160514229579105	2.4240342284133	0.0161877676624992
