"Estimate"	"Std. Error"	"t value"	"Pr(>|t|)"
"(Intercept)"	-1.09002613720615	0.1164974983967	-9.35664844488217	1.09658322369626e-17
"log(Species)"	0.715635727399814	0.0518517360768935	13.8015769874814	1.74156249965378e-31
"log(Species):Lakeweb"	-0.0496781653457969	0.0629736346847939	-0.788872447881629	0.431051558964975
"log(Species):Stream"	-0.131539592846225	0.0764389489651742	-1.72084512708508	0.0867109019726681
"log(Species):Marine"	0.132901807463756	0.027351194864498	4.85908597858968	2.2651941614322e-06
"log(Species):Latitude"	-0.00104191113196148	0.000966321947945376	-1.07822360257554	0.282136607347873
"log(Species):Lakeweb:Latitude"	0.00483107727458634	0.00153268707040109	3.15203107528146	0.00185152293546239
"log(Species):Stream:Latitude"	0.00499394226829796	0.00173470218953862	2.87884704268818	0.00439253899456711
