"Estimate"	"Std. Error"	"t value"	"Pr(>|t|)"
"(Intercept)"	-1.4763309216785	0.120900326208259	-12.2111409288957	1.7936347308156e-26
"log(Species)"	0.768619667457396	0.0483876127157845	15.884637086191	2.92715765517356e-38
"log(Species):Lakeweb"	-0.0431976753083397	0.0613611596530843	-0.703990530044821	0.482189961141413
"log(Species):Marine"	0.129769019808379	0.0253760280488635	5.1138428582479	6.90336652992101e-07
"log(Species):Latitude"	-0.000832189496318009	0.0008258060219229	-1.00772999254746	0.314701316091157
"log(Species):Lakeweb:Latitude"	0.00402590250970334	0.00149149774103241	2.69923473495616	0.00749477265814791
