"Estimate"	"Std. Error"	"t value"	"Pr(>|t|)"
"(Intercept)"	-0.311808231423672	0.135373701624383	-2.30331465921524	0.0223494646450846
"log(Species)"	0.635251643307289	0.0535383282603878	11.8653619556011	1.25188364314177e-24
"log(Species):Lakeweb"	-0.085562163838463	0.0642155511554803	-1.33242123284588	0.184326060891506
"log(Species):Terr"	-0.0601204900541669	0.025579152410215	-2.35037068820771	0.019785778905926
"log(Species):Latitude"	-0.000826227474480186	0.000907412093580017	-0.91053169814	0.363701953559025
"log(Species):Lakeweb:Latitude"	0.00361446240547036	0.00152680532290713	2.36733678566709	0.0189270321469247
