"Estimate"	"Std. Error"	"t value"	"Pr(>|t|)"
"(Intercept)"	-0.623836902185586	0.136499281939634	-4.57025775755709	8.80696228927689e-06
"log(Species)"	0.554228946032926	0.0562716119931404	9.84917485748386	1.0197974915197e-18
"log(Species):Lakeweb"	-0.0679262008912052	0.0652594547531848	-1.04086375143811	0.299275500921643
"log(Species):Stream"	-0.194287830006994	0.0897778050790463	-2.1640964583165	0.0317180911011105
"log(Species):Latitude"	-0.000695062022400868	0.00104005228795346	-0.66829526789327	0.504764801163
"log(Species):Lakeweb:Latitude"	0.00468036322913661	0.00159507181344308	2.93426489622038	0.00375985868011625
"log(Species):Stream:Latitude"	0.00673365419034601	0.00201836794430977	3.33618764077664	0.00102350807670163
