"Estimate"	"Std. Error"	"t value"	"Pr(>|t|)"
"(Intercept)"	-1.22625216088691	0.14796700515385	-8.28733513672126	1.20118477872748e-14
"log(Species)"	0.700011668699866	0.0544152865713819	12.8642466631429	1.60072407418302e-28
"log(Species):Lakeweb"	-0.0575591464594091	0.0686292064012456	-0.838697538230085	0.402561978154597
"log(Species):Marine"	0.127322946708621	0.0289678535782912	4.39531863707149	1.73103677128152e-05
"log(Species):Terr"	-0.0518033358147418	0.0271485094278801	-1.90814659465401	0.0576921967276502
"log(Species):Latitude"	-0.00115319228662879	0.0009133607961589	-1.26258132764017	0.208094799348349
"log(Species):Lakeweb:Latitude"	0.00341056425559312	0.0016169088942276	2.10931133335274	0.0360639562729114
