"Estimate"	"Std. Error"	"t value"	"Pr(>|t|)"
"(Intercept)"	-0.636575535659748	0.136461211163778	-4.66488264489857	5.84906186141715e-06
"log(Species)"	0.555224426052951	0.056356730220638	9.85196309081868	1.0013081606921e-18
"log(Species):Lakeweb"	-0.0644468302801709	0.0650227244720553	-0.991143185762205	0.322889609377952
"log(Species):Stream"	-0.192359013693644	0.0896888051764261	-2.14473827937897	0.0332573220892417
"log(Species):Latitude"	-0.000665727320468368	0.00103705922196225	-0.641937612018649	0.521695642725225
"log(Species):Lakeweb:Latitude"	0.00463963245593105	0.00159235706814567	2.91368848654905	0.00400508942708339
"log(Species):Stream:Latitude"	0.00671138738072573	0.00201731652842342	3.32688860977648	0.00105629292910333
