"Estimate"	"Std. Error"	"t value"	"Pr(>|t|)"
"(Intercept)"	-0.329812799490916	0.135632492971712	-2.43166509930407	0.0159621305300572
"log(Species)"	0.640265419852507	0.0536276059038326	11.9391013091403	7.55435643827799e-25
"log(Species):Lakeweb"	-0.0868568116583429	0.0642298264721568	-1.35228158674841	0.177901075462613
"log(Species):Terr"	-0.0627781150898229	0.0257776621900076	-2.43536883318139	0.0158046976894734
"log(Species):Latitude"	-0.000830366947870122	0.000907965377694718	-0.914535915431473	0.361600579660548
"log(Species):Lakeweb:Latitude"	0.00360363544084303	0.00152765745995827	2.35892897151269	0.0193484030192621
