"Estimate"	"Std. Error"	"t value"	"Pr(>|t|)"
"(Intercept)"	-1.0952720676104	0.116198315227418	-9.42588595597781	6.87575132837747e-18
"log(Species)"	0.717035691667224	0.0518264605589729	13.8353204894499	1.35800744951569e-31
"log(Species):Lakeweb"	-0.0490534224348918	0.0636779149946238	-0.770336504250072	0.441942024755948
"log(Species):Stream"	-0.131564411016609	0.0764907987348389	-1.72000310093097	0.0868641681132078
"log(Species):Marine"	0.133100749491884	0.0273674390369507	4.86347112392123	2.22041850041054e-06
"log(Species):Latitude"	-0.00104053546870411	0.000966974451971181	-1.07607338185924	0.283094874457543
"log(Species):Lakeweb:Latitude"	0.00480389690456281	0.00154420910584434	3.11091087753697	0.00211677112301547
"log(Species):Stream:Latitude"	0.00499276349074773	0.00173587787784678	2.87621816860807	0.00442790816844428
