"Estimate"	"Std. Error"	"t value"	"Pr(>|t|)"
"(Intercept)"	-0.880213403722837	0.141316899256448	-6.2286492864913	2.44122538293493e-09
"log(Species)"	0.66466230833343	0.061508605728945	10.806005118413	5.07620190034664e-22
"log(Species):Lakeweb"	-0.0794543063284395	0.0739458314320886	-1.07449337967631	0.283806000954766
"log(Species):Stream"	-0.158257464190561	0.0864597817663047	-1.83041711368554	0.0685719830425681
"log(Species):Marine"	0.120198369968798	0.0369245473124285	3.25524288630452	0.00131609437880969
"log(Species):Terr"	-0.0603853670587935	0.0356074074883297	-1.69586530776173	0.0913588811102662
"log(Species):Latitude"	-0.00107049059717569	0.00106882482082258	-1.00155851204113	0.317682751842462
"log(Species):Lakeweb:Latitude"	0.00453225490657986	0.00167163519322429	2.711270332756	0.00724432006280236
"log(Species):Stream:Latitude"	0.00507674950696738	0.00188928933902355	2.68712123765607	0.0077707212140664
