"Estimate"	"Std. Error"	"t value"	"Pr(>|t|)"
"(Intercept)"	-0.485334830470735	0.130057492431682	-3.73169450983901	0.000265393460071833
"log(Species)"	0.719755621332907	0.0534842494592117	13.4573379753942	6.08986212700105e-28
"log(Species):Lakeweb"	-0.0209650881577138	0.0838142120924507	-0.250137627429921	0.80280793106657
"log(Species):Terr"	-0.0252472696542	0.0280077845150982	-0.901437585703714	0.368736476341178
"log(Species):Latitude"	-0.00119236152895296	0.000938039563044681	-1.27112072446369	0.205565759772518
"log(Species):Lakeweb:Latitude"	0.00172552496061359	0.00186612896211546	0.92465472410734	0.35656455541178
