"Estimate"	"Std. Error"	"t value"	"Pr(>|t|)"
"(Intercept)"	-0.32133063588797	0.136073407436454	-2.36145064595396	0.0192211661827817
"log(Species)"	0.637582489835574	0.053684611049059	11.8764479685422	1.16036765019826e-24
"log(Species):Lakeweb"	-0.0871535116957927	0.0643943426091294	-1.3534342950717	0.177533390298083
"log(Species):Terr"	-0.0600100346521974	0.0256588449093293	-2.33876602256473	0.0203927301963308
"log(Species):Latitude"	-0.000822566370395941	0.000909800200690194	-0.904117596118274	0.367084018077214
"log(Species):Lakeweb:Latitude"	0.00360342306670046	0.00153086626336147	2.35384576232549	0.0196071447581539
