"Estimate"	"Std. Error"	"t value"	"Pr(>|t|)"
"(Intercept)"	-1.21900968900776	0.142376145517866	-8.56189556595906	2.27141883953421e-15
"log(Species)"	0.731376653589442	0.0535529684852295	13.6570702666307	7.00242125204626e-31
"log(Species):Latitude"	-0.00147215949093129	0.000898072208902434	-1.63924401216075	0.102645540527685
"log(Species):Lakeweb"	-0.0926998827108462	0.0673577867654419	-1.3762311257888	0.170202026747811
"log(Species):Marine"	0.0995585689996055	0.0286019106185967	3.48083630940631	0.000606796262021457
"log(Species):Terr"	-0.079620640267402	0.0266870252390515	-2.98349627034833	0.00318387664012494
"log(Species):Latitude:Lakeweb"	0.00374033964579238	0.00158917509260764	2.35363596068885	0.0195056038964281
