"Estimate"	"Std. Error"	"t value"	"Pr(>|t|)"
"(Intercept)"	-1.01742479737063	0.136343693354531	-7.46220651897003	3.01641831916391e-12
"log(Species)"	0.638707694269047	0.0538466218339236	11.8616112304869	1.28445001400997e-24
"log(Species):Lakeweb"	-0.0871052660461686	0.0645033928797379	-1.35039820631715	0.178503055800008
"log(Species):Terr"	-0.0597393420323325	0.0257088220106918	-2.32369036618978	0.0212056321169486
"log(Species):Latitude"	-0.000829476143994606	0.000911775478410489	-0.909737280323269	0.364119769671439
"log(Species):Lakeweb:Latitude"	0.00366513379477952	0.00153395401467821	2.38933746364514	0.0178624764645578
