"Estimate"	"Std. Error"	"t value"	"Pr(>|t|)"
"(Intercept)"	-0.865248874990879	0.140947068877051	-6.13882134537782	3.95806859044507e-09
"log(Species)"	0.66076978530657	0.0613762555529151	10.7658862430422	6.73758955918877e-22
"log(Species):Lakeweb"	-0.077712963311036	0.0738804898998784	-1.0518739577438	0.294038170894139
"log(Species):Stream"	-0.1580824796451	0.0863479970926045	-1.83076023727063	0.0685205233107889
"log(Species):Marine"	0.11930223303777	0.0368744329401178	3.23536454734126	0.00140661551456051
"log(Species):Terr"	-0.0588350090408722	0.0354442270469284	-1.65993206631292	0.0983859214817837
"log(Species):Latitude"	-0.00106803975973971	0.00106741756491535	-1.00058289730731	0.318153292027776
"log(Species):Lakeweb:Latitude"	0.00452091629078566	0.00166950176967753	2.70794339538728	0.0073148735012493
"log(Species):Stream:Latitude"	0.00507250881193254	0.00188684074402032	2.68836086352707	0.00774288142528757
