"Estimate"	"Std. Error"	"t value"	"Pr(>|t|)"
"(Intercept)"	-1.01065836416051	0.134550324290723	-7.51137813667976	2.25982507931883e-12
"log(Species)"	0.636977144138411	0.0532729377378587	11.9568616109139	6.68861998551493e-25
"log(Species):Lakeweb"	-0.100952486902217	0.064317898783816	-1.56958620867787	0.118184061958586
"log(Species):Terr"	-0.060015661066001	0.0254723801866156	-2.35610730627898	0.019491655519941
"log(Species):Latitude"	-0.000824843312999892	0.000903620796720417	-0.912820196252191	0.362500031228515
"log(Species):Lakeweb:Latitude"	0.00423586121322279	0.0015505226558061	2.73189249919126	0.00689402516801528
