"Estimate"	"Std. Error"	"t value"	"Pr(>|t|)"
"(Intercept)"	-1.23436048671776	0.142659891755241	-8.65247037223	1.26511328182817e-15
"log(Species)"	0.735097612155817	0.0536877738709933	13.6920859099539	5.42222007286553e-31
"log(Species):Latitude"	-0.00146698387996887	0.000900625097633813	-1.62885076578815	0.104829669346977
"log(Species):Lakeweb"	-0.0936422599541775	0.0679295746645425	-1.37851974514212	0.169495813847213
"log(Species):Marine"	0.0968318746211034	0.0285756996390028	3.38860905749927	0.000837483554905317
"log(Species):Terr"	-0.079350101124823	0.0267627962503662	-2.9649405982283	0.00337406719957448
"log(Species):Latitude:Lakeweb"	0.00377531999991435	0.00160069736266504	2.35854702329785	0.0192560964379234
