"Estimate"	"Std. Error"	"t value"	"Pr(>|t|)"
"(Intercept)"	-0.870320116833555	0.141264894090254	-6.16090871294258	3.51611042416231e-09
"log(Species)"	0.661966089803052	0.0614970204396174	10.7641977622806	6.81831356381031e-22
"log(Species):Lakeweb"	-0.0777961798674075	0.0742204485680943	-1.04817717176733	0.295733851241803
"log(Species):Stream"	-0.158018969212805	0.0865076045476596	-1.82664830495622	0.0691393155613617
"log(Species):Marine"	0.119601993202632	0.0369433518118366	3.237442931865	0.00139688731864059
"log(Species):Terr"	-0.0587285592135198	0.0355098373302154	-1.65386731196168	0.0996137289246785
"log(Species):Latitude"	-0.00106590106523336	0.00106939176698832	-0.996735806406291	0.320013227664359
"log(Species):Lakeweb:Latitude"	0.00449022272466806	0.00167653131498572	2.67828145202662	0.00797187959634579
"log(Species):Stream:Latitude"	0.00507097667182628	0.00189032849034425	2.6825901941005	0.00787325041341304
