"Estimate"	"Std. Error"	"t value"	"Pr(>|t|)"
"(Intercept)"	-0.870282628354871	0.14073549380313	-6.18381763432245	3.10886358807894e-09
"log(Species)"	0.661966972740086	0.0613528730877595	10.7895024213977	5.70342545628359e-22
"log(Species):Lakeweb"	-0.0800626271205843	0.0738568724420149	-1.08402406537647	0.27956824480587
"log(Species):Stream"	-0.158029165163608	0.0863554652546306	-1.82998452614016	0.0686369056511073
"log(Species):Marine"	0.123055247351105	0.0370405134072113	3.32217985205215	0.00104955812869856
"log(Species):Terr"	-0.058730188297193	0.0354469236399575	-1.65684867024651	0.0990086244997836
"log(Species):Latitude"	-0.0010661520372946	0.00106750563984466	-0.998731994942658	0.319047247466896
"log(Species):Lakeweb:Latitude"	0.00453080373055223	0.00166963133214904	2.7136551904069	0.00719412408001291
"log(Species):Stream:Latitude"	0.00507122316001506	0.00188700368963797	2.68744740026873	0.00776338744069042
