"Estimate"	"Std. Error"	"t value"	"Pr(>|t|)"
"(Intercept)"	-1.17088626029481	0.130916133749378	-8.94378887277801	9.89821775571582e-16
"log(Species)"	0.719772343951295	0.0536090837367832	13.4263131130039	7.40063298591239e-28
"log(Species):Lakeweb"	-0.0229031026307591	0.0840445555665313	-0.272511437253405	0.785586879218389
"log(Species):Terr"	-0.0257789574895566	0.0280945757252256	-0.917577746739566	0.360247389968127
"log(Species):Latitude"	-0.00122231639113133	0.000941446771627751	-1.29833828950091	0.196075052877569
"log(Species):Lakeweb:Latitude"	0.00179079240424447	0.00187137148202787	0.956941163976656	0.340068180207183
