"Estimate"	"Std. Error"	"t value"	"Pr(>|t|)"
"(Intercept)"	-1.03061897805034	0.136223921746846	-7.56562404630813	1.64146379508128e-12
"log(Species)"	0.642036972708692	0.0537258079932146	11.9502525264912	6.99855942823187e-25
"log(Species):Lakeweb"	-0.0880590589904206	0.0642919264002578	-1.36967522861576	0.17241341068657
"log(Species):Terr"	-0.0599271786015298	0.0256191118477421	-2.33915909956931	0.0203719064886241
"log(Species):Latitude"	-0.000817990939854903	0.000908838541141103	-0.900039889184128	0.369244373608023
"log(Species):Lakeweb:Latitude"	0.00363941029103956	0.00152930912447109	2.37977412990211	0.018318547615188
