"Estimate"	"Std. Error"	"t value"	"Pr(>|t|)"
"(Intercept)"	-1.09355413880233	0.116250524601673	-9.40687487260243	7.81703843563909e-18
"log(Species)"	0.716577233632152	0.0518248505228895	13.826904012307	1.44494240825421e-31
"log(Species):Lakeweb"	-0.050549617813802	0.0629768009793435	-0.802670460037854	0.423047519684214
"log(Species):Stream"	-0.131556283602294	0.0764679276464171	-1.72041125804536	0.0867898476139627
"log(Species):Marine"	0.133035600278128	0.0273597861707875	4.8624502928379	2.23076490158111e-06
"log(Species):Latitude"	-0.0010409859686837	0.000966686003769925	-1.07686049515977	0.282743832300219
"log(Species):Lakeweb:Latitude"	0.00485723905454461	0.00153441468073936	3.16553218338875	0.0017713720328429
"log(Species):Stream:Latitude"	0.00499314951491424	0.00173535906954752	2.87730049794027	0.0044133150294407
