"Estimate"	"Std. Error"	"t value"	"Pr(>|t|)"
"(Intercept)"	-1.09316501972013	0.116323725168699	-9.39761014474695	8.32110983165351e-18
"log(Species)"	0.716473390696987	0.0518384435600662	13.8212751288876	1.5061664589046e-31
"log(Species):Lakeweb"	-0.0484349481390801	0.0632600931677768	-0.765647752219116	0.444721743733128
"log(Species):Stream"	-0.131554442704124	0.0764722925079246	-1.72028898820433	0.0868121060553902
"log(Species):Marine"	0.133020843669971	0.0273617539743755	4.86156127982678	2.23981325330145e-06
"log(Species):Latitude"	-0.00104108800908128	0.00096674170513359	-1.07690399985115	0.282724438448962
"log(Species):Lakeweb:Latitude"	0.00479341371653492	0.00153734805357668	3.11797559790245	0.00206883660910673
"log(Species):Stream:Latitude"	0.00499323695123213	0.00173545829928879	2.87718636240261	0.00441485185579599
