"Estimate"	"Std. Error"	"t value"	"Pr(>|t|)"
"(Intercept)"	-1.16960922819353	0.130204938675385	-8.98283306372494	7.8308735975519e-16
"log(Species)"	0.717849032126328	0.0534915833942693	13.4198501254916	7.70738761685148e-28
"log(Species):Lakeweb"	-0.0125746103063985	0.0840186719207568	-0.149664473609609	0.881221427019534
"log(Species):Terr"	-0.0251071514673511	0.027995278994031	-0.896835193987682	0.371179992971386
"log(Species):Latitude"	-0.00119767821742354	0.000937627112813586	-1.27735023983	0.203364339575051
"log(Species):Lakeweb:Latitude"	0.00163501351846601	0.00186843577877994	0.875070760812369	0.382872139047495
