"Estimate"	"Std. Error"	"t value"	"Pr(>|t|)"
"(Intercept)"	-1.00056369773177	0.136076169138955	-7.35296785662769	5.70947147173711e-12
"log(Species)"	0.638455939769422	0.0536529882168076	11.8997275079902	9.89354994134756e-25
"log(Species):Lakeweb"	-0.0927765096854204	0.064603897535156	-1.43608223691045	0.152632022816346
"log(Species):Terr"	-0.0612411084481657	0.0256827781308862	-2.38452040258515	0.0180909312731751
"log(Species):Latitude"	-0.000904260155930723	0.000913864111666529	-0.989490827341615	0.323688134427486
"log(Species):Lakeweb:Latitude"	0.00375500186526998	0.00153399990353014	2.44785013129971	0.0152842491504568
