"Estimate"	"Std. Error"	"t value"	"Pr(>|t|)"
"(Intercept)"	-0.509339756321789	0.144115977300158	-3.53423517547232	0.00049971459612837
"log(Species)"	0.691382297459846	0.0531987840915973	12.9962048807249	6.07188395094736e-29
"log(Species):Latitude"	-0.0011301952690531	0.000895174641116672	-1.26254165069205	0.208109039276472
"log(Species):Lakeweb"	-0.0641762534132049	0.0676712604797489	-0.948353155508461	0.344004623916738
"log(Species):Marine"	0.124762386671575	0.0283946039102741	4.39387663465281	1.74161638707252e-05
"log(Species):Terr"	-0.0549173342553959	0.0267675359279092	-2.05163950851884	0.0414054913676018
"log(Species):Latitude:Lakeweb"	0.00348851690199797	0.00160853564552743	2.16875324566034	0.0311886087183137
