"Estimate"	"Std. Error"	"t value"	"Pr(>|t|)"
"(Intercept)"	-0.332432222056086	0.136562801655468	-2.43428091710343	0.015850797821361
"log(Species)"	0.640479631665317	0.0537775791929347	11.9097891961166	9.23461636251979e-25
"log(Species):Lakeweb"	-0.0910779824403471	0.0645298285664917	-1.41140902530835	0.159768126330037
"log(Species):Terr"	-0.0600290669382017	0.0256163168563986	-2.34339180276056	0.0201488560238517
"log(Species):Latitude"	-0.000819147367609122	0.000908744335384502	-0.901405748254298	0.36851986009496
"log(Species):Lakeweb:Latitude"	0.00369930474130719	0.00153557736758922	2.40906438150682	0.016953269006001
