"Estimate"	"Std. Error"	"t value"	"Pr(>|t|)"
"(Intercept)"	-0.494265252639531	0.143896642413326	-3.43486299853899	0.000710187296653771
"log(Species)"	0.687353619566381	0.0531685142772192	12.9278319868511	1.00350693722999e-28
"log(Species):Latitude"	-0.00112543470573166	0.000895986553296327	-1.2560843704531	0.21043602514142
"log(Species):Lakeweb"	-0.0569058903236918	0.0686836299279695	-0.828521881900689	0.408285346412588
"log(Species):Marine"	0.12386939520368	0.0284147977941904	4.35932699929352	2.01445927364055e-05
"log(Species):Terr"	-0.052201458661623	0.0266293992354844	-1.96029426724968	0.0512412143820915
"log(Species):Latitude:Lakeweb"	0.0033085763397668	0.00163053135776882	2.02913996348661	0.0436652008015822
