"Estimate"	"Std. Error"	"t value"	"Pr(>|t|)"
"(Intercept)"	-0.623836902185589	0.136499281939635	-4.5702577575571	8.8069622892762e-06
"log(Species)"	0.554228946032927	0.0562716119931404	9.84917485748388	1.01979749151956e-18
"log(Species):Lakeweb"	-0.0679262008912053	0.0652594547531849	-1.0408637514381	0.299275500921643
"log(Species):Stream"	-0.194287830006993	0.0897778050790463	-2.1640964583165	0.0317180911011108
"log(Species):Latitude"	-0.000695062022400864	0.00104005228795346	-0.668295267893267	0.504764801163002
"log(Species):Lakeweb:Latitude"	0.0046803632291366	0.00159507181344308	2.93426489622038	0.00375985868011631
"log(Species):Stream:Latitude"	0.006733654190346	0.00201836794430977	3.33618764077663	0.00102350807670165
