"Estimate"	"Std. Error"	"t value"	"Pr(>|t|)"
"(Intercept)"	-0.49919289210765	0.144202406336528	-3.46175146996281	0.000646250140859902
"log(Species)"	0.688625017502604	0.0532933215548443	12.9214129915685	1.05195768417355e-28
"log(Species):Latitude"	-0.00112593848355131	0.000897169268911011	-1.25499002536944	0.210832261594983
"log(Species):Lakeweb"	-0.0649389402772517	0.0678052077923432	-0.957727914884214	0.339265779137993
"log(Species):Marine"	0.123830132245303	0.0285811667159618	4.33257793413125	2.25338370759841e-05
"log(Species):Terr"	-0.0521094492204538	0.0266590077837163	-1.9546657416216	0.0519068654684946
"log(Species):Latitude:Lakeweb"	0.00349132334854068	0.00161187798344223	2.16599729285018	0.031401370160195
