"Estimate"	"Std. Error"	"t value"	"Pr(>|t|)"
"(Intercept)"	-1.24979294573016	0.1427013857248	-8.7580995754336	6.37076740805254e-16
"log(Species)"	0.737525007373483	0.053529891456124	13.7778162314788	2.89852595102836e-31
"log(Species):Latitude"	-0.00143138194867761	0.000898270633429598	-1.5934863006849	0.112540952615291
"log(Species):Lakeweb"	-0.0885750893118982	0.0673725925836578	-1.31470507390543	0.190029490249241
"log(Species):Marine"	0.0976833309627781	0.0284924882952161	3.4283889125675	0.000729415911683847
"log(Species):Terr"	-0.0719648461180772	0.0273874879585761	-2.62765413998264	0.00922598093967174
"log(Species):Latitude:Lakeweb"	0.00368977647743286	0.00158900655090931	2.32206498791423	0.0211785392616996
