"Estimate"	"Std. Error"	"t value"	"Pr(>|t|)"
"(Intercept)"	-1.11216889577587	0.116156597779689	-9.57473718268929	2.50906523283169e-18
"log(Species)"	0.709241364003802	0.0518284511634935	13.6844020626141	4.13035137573555e-31
"log(Species):Lakeweb"	-0.0371147817555973	0.0633227501938192	-0.586120811904029	0.558406295311103
"log(Species):Stream"	-0.119340819997919	0.0765420971908747	-1.55915273265007	0.120424178741945
"log(Species):Marine"	0.129007127394571	0.0273665685907951	4.71404103757325	4.35161251726366e-06
"log(Species):Latitude"	-0.000725382749340689	0.000984931890785669	-0.736480112104056	0.462237676771689
"log(Species):Lakeweb:Latitude"	0.0045231620295644	0.00154004579205788	2.93703086810188	0.00367285675649181
"log(Species):Stream:Latitude"	0.00467824492847472	0.0017398714558426	2.68884515161443	0.00772938446607016
