"Estimate"	"Std. Error"	"t value"	"Pr(>|t|)"
"(Intercept)"	-1.04316458088374	0.136095679140112	-7.66493534162673	9.11478342016161e-13
"log(Species)"	0.63184835667166	0.0534910366941841	11.8122286596169	1.80101860378949e-24
"log(Species):Lakeweb"	-0.0712040098842386	0.0648166541886629	-1.09854497698977	0.27336404953948
"log(Species):Terr"	-0.0571115646888799	0.0255856005932488	-2.23217604295557	0.0267775281250524
"log(Species):Latitude"	-0.000531656157044965	0.00092264338297591	-0.57623147453803	0.565144296142928
"log(Species):Lakeweb:Latitude"	0.00334428681611501	0.00153582740787815	2.17751473828389	0.0306810212410878
