"Estimate"	"Std. Error"	"t value"	"Pr(>|t|)"
"(Intercept)"	-0.484452518653912	0.131001589745876	-3.69806595167036	0.000299879736290205
"log(Species)"	0.719661716160946	0.0535361770072791	13.442530946188	6.68361270787031e-28
"log(Species):Lakeweb"	-0.0216569171585738	0.083820136089146	-0.258373681659749	0.796456927346555
"log(Species):Terr"	-0.0253131621862614	0.0280205211001251	-0.903379423095327	0.36770854749425
"log(Species):Latitude"	-0.00119436899467401	0.000938474047736494	-1.27267130887073	0.20501617831209
"log(Species):Lakeweb:Latitude"	0.00172791782046916	0.00186657508471047	0.925715678208133	0.356014510351549
