"Estimate"	"Std. Error"	"t value"	"Pr(>|t|)"
"(Intercept)"	-0.318283952151757	0.13470631297858	-2.36279907833547	0.0191534308859015
"log(Species)"	0.637576229572803	0.0533332339036097	11.9545765914947	6.79419650420354e-25
"log(Species):Lakeweb"	-0.0882174961077971	0.0639981528895011	-1.37843815992804	0.169697527158446
"log(Species):Terr"	-0.054267398638821	0.0258083980043373	-2.10270310577591	0.0368157856216758
"log(Species):Latitude"	-0.00083967698216311	0.000904719302179552	-0.928107734786082	0.354535438065727
"log(Species):Lakeweb:Latitude"	0.00362325926320754	0.00152218829275874	2.38029636704202	0.018293379636405
