"Estimate"	"Std. Error"	"t value"	"Pr(>|t|)"
"(Intercept)"	-0.856665778884902	0.14130822090283	-6.06239165288184	5.94949150041903e-09
"log(Species)"	0.658902307899197	0.0614905986842503	10.7154967100355	9.61094797575578e-22
"log(Species):Lakeweb"	-0.0877977688672452	0.0742699106615775	-1.18214453316511	0.238454121934987
"log(Species):Stream"	-0.158347243796085	0.08638550993022	-1.83303014503235	0.0681808999943106
"log(Species):Marine"	0.118393294761341	0.0369860078268094	3.20102930047843	0.00157670717639579
"log(Species):Terr"	-0.0590287932525621	0.035456685982168	-1.6648141702315	0.0974064081221079
"log(Species):Latitude"	-0.00107546197395311	0.00106812121813359	-1.00687258683275	0.315127835554618
"log(Species):Lakeweb:Latitude"	0.00478445115439895	0.00169252729816784	2.82680885535974	0.00514497745649457
"log(Species):Stream:Latitude"	0.00507890443051689	0.00188769768277471	2.69052850827865	0.00769441619604929
