"Estimate"	"Std. Error"	"t value"	"Pr(>|t|)"
"(Intercept)"	-1.08731774642841	0.11571475585429	-9.39653493974074	8.38166201701676e-18
"log(Species)"	0.719382679257945	0.0515797673284629	13.9469934921745	5.96028114641511e-32
"log(Species):Lakeweb"	-0.0556258361544091	0.0627559912321879	-0.886382878546237	0.376397028050134
"log(Species):Stream"	-0.135996510853393	0.0761493210755442	-1.78591888847542	0.0755151888067861
"log(Species):Marine"	0.129946862708287	0.0273048424273079	4.75911417742976	3.55808094049115e-06
"log(Species):Latitude"	-0.00108072593076726	0.000962312588184634	-1.12305080909936	0.26266261795457
"log(Species):Lakeweb:Latitude"	0.00487170124595378	0.00152595098549832	3.19256731851243	0.0016204427210441
"log(Species):Stream:Latitude"	0.0050326554181316	0.00172705217529642	2.91401469516567	0.00394355251685054
