"Estimate"	"Std. Error"	"t value"	"Pr(>|t|)"
"(Intercept)"	-1.01241200590361	0.135981705418647	-7.44520744747758	3.33235483982399e-12
"log(Species)"	0.637490476539356	0.053821844715483	11.8444560923043	1.44452189844772e-24
"log(Species):Lakeweb"	-0.0876489509364514	0.0647021904011459	-1.35465198926092	0.177145596111603
"log(Species):Terr"	-0.0599587682854094	0.0258799205543273	-2.31680650485551	0.0215861882705401
"log(Species):Latitude"	-0.000825819924618969	0.000917359375579462	-0.900214187157927	0.3691518684061
"log(Species):Lakeweb:Latitude"	0.0036659620539746	0.00153814302465267	2.38336877339636	0.0181459291945991
