"Estimate"	"Std. Error"	"t value"	"Pr(>|t|)"
"(Intercept)"	-0.627210106043788	0.136173493390316	-4.60596324900035	7.55207573170915e-06
"log(Species)"	0.556405969790522	0.0565456721258108	9.83993909476487	1.08350298094433e-18
"log(Species):Lakeweb"	-0.0689182793841315	0.0654955371166805	-1.05225916784763	0.294031263847793
"log(Species):Stream"	-0.195690496947253	0.0899695972362078	-2.17507361329499	0.030872923287712
"log(Species):Latitude"	-0.000723260147656094	0.00104677502245277	-0.690941350474119	0.490454635759828
"log(Species):Lakeweb:Latitude"	0.00470554366244987	0.00159947394490254	2.94193205050089	0.00367205529393104
"log(Species):Stream:Latitude"	0.00676372390109472	0.00202204346603448	3.34499431624948	0.000993336554081534
