"Estimate"	"Std. Error"	"t value"	"Pr(>|t|)"
"(Intercept)"	-0.628655644756423	0.136554546511737	-4.60369618453086	7.62634200399173e-06
"log(Species)"	0.55317294589921	0.0562986767944135	9.82568290049228	1.18969818769884e-18
"log(Species):Lakeweb"	-0.0651774639911979	0.0651457011294317	-1.00048756650424	0.318360603005056
"log(Species):Stream"	-0.192125633415081	0.0897708436694382	-2.14017854307511	0.0336291185654288
"log(Species):Latitude"	-0.000647519489350571	0.00103742979348036	-0.624157406525098	0.533280870359413
"log(Species):Lakeweb:Latitude"	0.00462850981502555	0.00159371564847924	2.90422561856765	0.00412270987775275
"log(Species):Stream:Latitude"	0.00668878528423067	0.00201844745154785	3.31382681233606	0.00110400028871906
