"Estimate"	"Std. Error"	"t value"	"Pr(>|t|)"
"(Intercept)"	-0.82898680930447	0.127259217829001	-6.51415923692369	9.54261611895452e-10
"log(Species)"	0.687454028589168	0.0560504841022175	12.2649079593225	1.22033568822891e-24
"log(Species):Lakeweb"	-0.0141292796690917	0.0839681778420653	-0.168269456741901	0.866589263047955
"log(Species):Stream"	-0.281812243628108	0.0842955066046215	-3.34314668692741	0.00103713822714652
"log(Species):Latitude"	-0.00177279304789833	0.00107373058466074	-1.65105946801214	0.100738141537552
"log(Species):Lakeweb:Latitude"	0.00289973764688912	0.00190118637052844	1.52522534972893	0.129227699022496
"log(Species):Stream:Latitude"	0.0084648130490388	0.00189644738587308	4.46351062101403	1.53767554634348e-05
