"Estimate"	"Std. Error"	"t value"	"Pr(>|t|)"
"(Intercept)"	-0.846425807521334	0.140793370895164	-6.01182997565693	7.77617186008717e-09
"log(Species)"	0.656340661394136	0.0612271963465823	10.7197569145394	9.32678814917649e-22
"log(Species):Lakeweb"	-0.0887883882336914	0.0740273032313408	-1.19940055031076	0.231692360931539
"log(Species):Stream"	-0.158329445364982	0.0860908733422718	-1.8390967499599	0.0672800503418787
"log(Species):Marine"	0.122180050023527	0.0368765401201214	3.31321890897408	0.00108206422573674
"log(Species):Terr"	-0.0592310943370233	0.0353391205605382	-1.67607720275768	0.0951766001670876
"log(Species):Latitude"	-0.00107624958058181	0.00106424503290696	-1.01127987193143	0.313019230254894
"log(Species):Lakeweb:Latitude"	0.00479236680495763	0.00168679671770533	2.84110512823206	0.00492794462991204
"log(Species):Stream:Latitude"	0.00507846726816787	0.00188122256065236	2.69955685966618	0.00749548743625662
