"Estimate"	"Std. Error"	"t value"	"Pr(>|t|)"
"(Intercept)"	-0.519299057483833	0.145284457258588	-3.57436072159836	0.000432643862477642
"log(Species)"	0.693350749363794	0.0534256533164853	12.9778618757639	6.94822896508964e-29
"log(Species):Latitude"	-0.00111731439207881	0.000897202839647998	-1.24533086912339	0.214353197949436
"log(Species):Lakeweb"	-0.0588534896036088	0.0674395618957083	-0.872684933728108	0.383799443801753
"log(Species):Marine"	0.12536150308121	0.028474320379759	4.40261616113314	1.67843539010755e-05
"log(Species):Terr"	-0.0516755637624367	0.0266678083183694	-1.93775068222766	0.0539512912459655
"log(Species):Latitude:Lakeweb"	0.00330016915618968	0.00159007817385369	2.07547604291143	0.0391210522325842
