"Estimate"	"Std. Error"	"t value"	"Pr(>|t|)"
"(Intercept)"	-1.4981924594198	0.120939742732843	-12.3879249745827	4.92796202791769e-27
"log(Species)"	0.776977806453818	0.0484657529689907	16.0314811770477	9.89123090965613e-39
"log(Species):Lakeweb"	-0.0441929609559026	0.061300836692104	-0.720919376318969	0.471731501158238
"log(Species):Marine"	0.124561661663224	0.0251926815324228	4.94435899977198	1.52365291148037e-06
"log(Species):Latitude"	-0.000849540450211799	0.000824975808037494	-1.02977619699266	0.304256237363564
"log(Species):Lakeweb:Latitude"	0.00404923890661915	0.0014899285878278	2.71774025929835	0.00710136906076559
