"Estimate"	"Std. Error"	"t value"	"Pr(>|t|)"
"(Intercept)"	-0.616200636347941	0.136757129012374	-4.50580266489935	1.15981315932843e-05
"log(Species)"	0.550211788346121	0.0562778013947821	9.77671079377197	1.63979922660317e-18
"log(Species):Lakeweb"	-0.0665915247336651	0.0649697681863771	-1.02496171053952	0.306698263291708
"log(Species):Stream"	-0.19202366287722	0.0895635579112085	-2.14399324184496	0.0333178283137047
"log(Species):Latitude"	-0.000643508149873623	0.00103487192264737	-0.621823953081485	0.534810978241356
"log(Species):Lakeweb:Latitude"	0.00463564081383923	0.00158998792333958	2.91551951168449	0.00398268806813386
"log(Species):Stream:Latitude"	0.00667786341872614	0.00201408583371684	3.31558035260229	0.00109748089240994
