"Estimate"	"Std. Error"	"t value"	"Pr(>|t|)"
"(Intercept)"	-0.880188310233244	0.138454821052701	-6.35722399220908	1.25929757991571e-09
"log(Species)"	0.697750460032869	0.0601622518291399	11.5978115648741	2.33523610747081e-24
"log(Species):Lakeweb"	-0.108286661083414	0.0722146303403785	-1.4995113950319	0.135242845953699
"log(Species):Stream"	-0.169364630093643	0.0861079567381493	-1.96688710903539	0.05051324434957
"log(Species):Marine"	0.0860441724102919	0.0349394341633866	2.46266645326668	0.0145957593550433
"log(Species):Terr"	-0.0949025587627383	0.033334713369281	-2.84695889571362	0.00485192561927446
"log(Species):Latitude"	-0.00113655411194873	0.00105731661286778	-1.0749420732793	0.283634166291961
"log(Species):Lakeweb:Latitude"	0.00449854734799367	0.00165763521536659	2.71383432632902	0.00720343954541292
"log(Species):Stream:Latitude"	0.0049561459760009	0.00189354872059593	2.61738497778981	0.00950523706853894
