"Estimate"	"Std. Error"	"t value"	"Pr(>|t|)"
"(Intercept)"	-1.20457182522256	0.129859151790715	-9.27598716464655	1.17782689004763e-16
"log(Species)"	0.671299582432697	0.0364344114359477	18.4248779100728	2.13904291941465e-41
"log(Species):Lakeweb"	0.0603331731870043	0.0249695431824911	2.41627060399369	0.0168059370606944
