"Estimate"	"Std. Error"	"t value"	"Pr(>|t|)"
"(Intercept)"	-0.860176469418829	0.139519132084968	-6.16529401068075	3.43430521137987e-09
"log(Species)"	0.661114994743663	0.0607410693854089	10.8841513893806	2.92181537374473e-22
"log(Species):Lakeweb"	-0.0887925903753427	0.0734532987882794	-1.20883053368749	0.228055693486325
"log(Species):Stream"	-0.159687793108529	0.0854298760275641	-1.86922655789651	0.062950945897417
"log(Species):Marine"	0.119051697806194	0.0364822930404761	3.26327343717429	0.00128108457892866
"log(Species):Terr"	-0.049492396833543	0.0353343835233305	-1.40068658056151	0.162749412072829
"log(Species):Latitude"	-0.00110745563045266	0.00105615863097504	-1.04856940801616	0.295553624220452
"log(Species):Lakeweb:Latitude"	0.00481400101926453	0.00167383610432767	2.8760289055888	0.00443238507079268
"log(Species):Stream:Latitude"	0.00511131798905558	0.00186679151530402	2.73802293783362	0.00669896503955108
