"Estimate"	"Std. Error"	"t value"	"Pr(>|t|)"
"(Intercept)"	-0.888508958732813	0.139788044519859	-6.35611551606321	1.26693660137497e-09
"log(Species)"	0.699721950105503	0.0604771705378383	11.5700179734386	2.84618734292094e-24
"log(Species):Lakeweb"	-0.107481341429097	0.0724568645862685	-1.48338383178487	0.139471713082801
"log(Species):Stream"	-0.169315974867957	0.0864493603361793	-1.95855671122991	0.0514887136843725
"log(Species):Marine"	0.0825838435578043	0.0349339162537309	2.36400187594154	0.0189909324145022
"log(Species):Terr"	-0.0947839014401839	0.033441037717915	-2.83435885691449	0.00503995156714496
"log(Species):Latitude"	-0.00113180643572483	0.00106068197581258	-1.06705540542231	0.287171984341751
"log(Species):Lakeweb:Latitude"	0.004491154637948	0.00166292260817923	2.70075986450474	0.00748268695274057
"log(Species):Stream:Latitude"	0.00495447500428574	0.0019023236172774	2.6044333147567	0.00986012155060786
