"Estimate"	"Std. Error"	"t value"	"Pr(>|t|)"
"(Intercept)"	-0.336697729900832	0.135690081088202	-2.48137319397702	0.0139609086576227
"log(Species)"	0.640053338672866	0.053486908925957	11.9665419356894	6.25922114554308e-25
"log(Species):Lakeweb"	-0.0842261794424314	0.0641768342396726	-1.31240782503984	0.190974128682966
"log(Species):Terr"	-0.053156166838795	0.0262179428093139	-2.02747283512692	0.044018367152213
"log(Species):Latitude"	-0.000783092169038292	0.000907086178563758	-0.863305149548422	0.389063915429706
"log(Species):Lakeweb:Latitude"	0.00355020135474951	0.0015258690206147	2.32667503356172	0.0210424717143589
