"Estimate"	"Std. Error"	"t value"	"Pr(>|t|)"
"(Intercept)"	-1.0086654070962	0.135853576965142	-7.4246510811784	3.7583383069151e-12
"log(Species)"	0.64312033846098	0.0546438283627935	11.7693133466262	2.41560366911812e-24
"log(Species):Lakeweb"	-0.0945949249882894	0.0656413570637662	-1.44108728429238	0.151214728121756
"log(Species):Terr"	-0.061422166990733	0.0258082689054554	-2.37994137521364	0.0183104843010357
"log(Species):Latitude"	-0.000965114276661641	0.000944499012798981	-1.02182666533612	0.308169089185079
"log(Species):Lakeweb:Latitude"	0.00380860813971206	0.00155422081363897	2.45049358899961	0.0151759933040446
