"Estimate"	"Std. Error"	"t value"	"Pr(>|t|)"
"(Intercept)"	-1.20567565997725	0.146287839830057	-8.24180370274032	1.60569853658993e-14
"log(Species)"	0.695028944434922	0.0540747650871624	12.8531107498038	1.73708194601589e-28
"log(Species):Lakeweb"	-0.049377524748461	0.0709737068505451	-0.695715736708512	0.48735127401905
"log(Species):Marine"	0.12679128300315	0.0289060210001331	4.38632778280229	1.79802063763814e-05
"log(Species):Terr"	-0.0522288372692285	0.0270912924558698	-1.92788281896504	0.0551749217039963
"log(Species):Latitude"	-0.00115863237390738	0.000911534368942654	-1.27107919721266	0.205061311886582
"log(Species):Lakeweb:Latitude"	0.00325074077194079	0.00168562571549749	1.92850686961749	0.0550968543520846
