"Estimate"	"Std. Error"	"t value"	"Pr(>|t|)"
"(Intercept)"	-1.48265620518675	0.121677276523149	-12.1851527873791	2.16818884672388e-26
"log(Species)"	0.770187570005326	0.0486919259717742	15.8175622474204	4.80613640094616e-38
"log(Species):Latitude"	-0.000829096603260254	0.000829716572552655	-0.999252793890215	0.318780102466683
"log(Species):Lakeweb"	-0.0426352549388115	0.0616367265327767	-0.691718352630866	0.489850243253117
"log(Species):Marine"	0.126126722302708	0.0254305247030925	4.95965866907064	1.41969320513911e-06
"log(Species):Latitude:Lakeweb"	0.00402454140809067	0.00149835836272436	2.68596719463903	0.00778882236610784
