"Estimate"	"Std. Error"	"t value"	"Pr(>|t|)"
"(Intercept)"	-0.303639563162122	0.136192457911605	-2.22948882646055	0.0269588080658157
"log(Species)"	0.634156654315596	0.0536037394398352	11.8304555044592	1.58980685246106e-24
"log(Species):Lakeweb"	-0.0899422287894797	0.0642527751374778	-1.39981858522119	0.163206934636476
"log(Species):Terr"	-0.0608286502006779	0.0255933776445173	-2.37673397570128	0.0184656681451463
"log(Species):Latitude"	-0.00083710651565795	0.000907616369240434	-0.9223131534731	0.357541132468169
"log(Species):Lakeweb:Latitude"	0.00363378977028912	0.00152722545303034	2.37934076012086	0.0183394560343438
