"Estimate"	"Std. Error"	"t value"	"Pr(>|t|)"
"(Intercept)"	-0.85822410860477	0.142122917556013	-6.03860463437593	6.74943665412042e-09
"log(Species)"	0.66182369379013	0.0613946173805772	10.7798325329983	6.10623230182142e-22
"log(Species):Lakeweb"	-0.0839308381395238	0.0740937884654997	-1.13276483599708	0.258574687589173
"log(Species):Stream"	-0.160881504184832	0.0864864628360443	-1.86019290082219	0.0642238838113546
"log(Species):Marine"	0.116140669963129	0.0371899005305774	3.12290886251871	0.00203714246348737
"log(Species):Terr"	-0.0617247422161368	0.0356835753712843	-1.72978020206486	0.0851046855342346
"log(Species):Latitude"	-0.00107017571924325	0.00106816268776907	-1.00188457385493	0.31752559428796
"log(Species):Lakeweb:Latitude"	0.00453833344037211	0.00167067064770955	2.71647403789255	0.00713519907558432
"log(Species):Stream:Latitude"	0.0050738045624511	0.00188813073455793	2.68721040846731	0.00776871558583494
