"Estimate"	"Std. Error"	"t value"	"Pr(>|t|)"
"(Intercept)"	-0.486289462042525	0.130293382167725	-3.73226524595494	0.000264841918468784
"log(Species)"	0.719994165523381	0.0535217836363885	13.4523574628008	6.28343806857816e-28
"log(Species):Lakeweb"	-0.02255838933382	0.085530427782423	-0.263746948526964	0.792320777340679
"log(Species):Terr"	-0.0252494076474073	0.0280091996835962	-0.9014683722718	0.368720165130009
"log(Species):Latitude"	-0.00119190416483889	0.000938094086170123	-1.27055929933955	0.205765014799349
"log(Species):Lakeweb:Latitude"	0.00174848971338893	0.00189932839671958	0.920583147395063	0.358680454317053
