"Estimate"	"Std. Error"	"t value"	"Pr(>|t|)"
"(Intercept)"	-0.51253886151691	0.14400054837538	-3.55928409509127	0.000456785716050123
"log(Species)"	0.691731268309207	0.0532334431358039	12.9942988385052	6.15755025382588e-29
"log(Species):Latitude"	-0.00111950722341019	0.000897402801969966	-1.24749691103333	0.213559946575267
"log(Species):Lakeweb"	-0.0621242912291502	0.0677783804128277	-0.916579753761608	0.360380402798372
"log(Species):Marine"	0.124958570258228	0.0284575503736115	4.39105153527554	1.76252354419084e-05
"log(Species):Terr"	-0.0518175778349525	0.0266712581144628	-1.94282465463651	0.0533310412506096
"log(Species):Latitude:Lakeweb"	0.00337731305329384	0.00159548953798728	2.11678796562611	0.0354168006886231
