"Estimate"	"Std. Error"	"t value"	"Pr(>|t|)"
"(Intercept)"	-0.642587655246992	0.136902863359821	-4.69374883385809	5.15638106939378e-06
"log(Species)"	0.556439574709487	0.0563731650939172	9.87064632227876	8.85737600854268e-19
"log(Species):Lakeweb"	-0.0649841247132049	0.0649814820457085	-1.00004066800899	0.318576244820165
"log(Species):Stream"	-0.192194012799568	0.0896273541722238	-2.14436780572878	0.0332873972555794
"log(Species):Latitude"	-0.000634985822324792	0.00103564794708091	-0.613129031071389	0.540532057915756
"log(Species):Lakeweb:Latitude"	0.00460196711026781	0.00159125859860128	2.89202968914854	0.00427896040061851
"log(Species):Stream:Latitude"	0.00668398164178248	0.00201548010044517	3.31632231958338	0.00109473319149693
