"Estimate"	"Std. Error"	"t value"	"Pr(>|t|)"
"(Intercept)"	-0.853602007209487	0.139982039946726	-6.09793947519515	4.92424098580743e-09
"log(Species)"	0.659217037057094	0.0609370511802198	10.8180002853679	4.66389117759438e-22
"log(Species):Lakeweb"	-0.0891753263450908	0.0737055164971922	-1.20988673009961	0.227650936254758
"log(Species):Stream"	-0.159423085402331	0.0857201540688368	-1.85980866616628	0.0642784975828928
"log(Species):Marine"	0.11865198695189	0.0366060252930982	3.24132396243143	0.0013788886099011
"log(Species):Terr"	-0.0517573124444622	0.0354102084044785	-1.4616494727525	0.145297315149382
"log(Species):Latitude"	-0.00110183760182681	0.00105975019848358	-1.03971445667427	0.299640395354618
"log(Species):Lakeweb:Latitude"	0.00481295947369514	0.0016795472540523	2.86562909265147	0.0045749791611946
"log(Species):Stream:Latitude"	0.00510491361083232	0.00187313416973705	2.72533259672955	0.00695284948382748
