"Estimate"	"Std. Error"	"t value"	"Pr(>|t|)"
"(Intercept)"	-1.24895541382308	0.142796712579538	-8.74638772322862	6.87552528913667e-16
"log(Species)"	0.739883011619429	0.0537117784501086	13.7750607589113	2.95747329134835e-31
"log(Species):Lakeweb"	-0.0912125990250369	0.0673568207159813	-1.35417019472529	0.177123750259934
"log(Species):Marine"	0.0985121415807244	0.0285392821850264	3.45180866645659	0.000672044621793329
"log(Species):Terr"	-0.0784590478012734	0.0267018645333364	-2.93833592419435	0.00366497075249631
"log(Species):Latitude"	-0.00151186605920861	0.000899008189337066	-1.68170443511028	0.0940986080292114
"log(Species):Lakeweb:Latitude"	0.00377052682925757	0.00158967550339711	2.37188458977949	0.0185925990919001
