"Estimate"	"Std. Error"	"t value"	"Pr(>|t|)"
"(Intercept)"	-0.531432281268413	0.14255795326437	-3.72783327130746	0.000246439786353949
"log(Species)"	0.69754585000061	0.0527229396833183	13.2304050986238	1.08387414312601e-29
"log(Species):Latitude"	-0.00114316704735824	0.000888232945614177	-1.28701266149027	0.199461022233982
"log(Species):Lakeweb"	-0.0592960747238581	0.0667110624015017	-0.888849204154233	0.375068359349793
"log(Species):Marine"	0.1260676956322	0.0281654554289203	4.47596865423854	1.22819603414203e-05
"log(Species):Terr"	-0.0402822853498836	0.0269417641501654	-1.49516138309882	0.136325148228433
"log(Species):Latitude:Lakeweb"	0.00335029087843567	0.00157231356260624	2.13080326858103	0.034230531888904
