"Estimate"	"Std. Error"	"t value"	"Pr(>|t|)"
"(Intercept)"	-1.22556669352637	0.147811253222164	-8.29143023152858	1.17018824103715e-14
"log(Species)"	0.700092982737691	0.0543416723231839	12.8831696340528	1.39308326285954e-28
"log(Species):Lakeweb"	-0.061752338897558	0.0689231317594256	-0.895959561342961	0.371267173361152
"log(Species):Marine"	0.127972920316347	0.0289298238840434	4.42356375307671	1.53582638969636e-05
"log(Species):Terr"	-0.0538308568795791	0.0271540645208594	-1.98242354614084	0.0486934723820931
"log(Species):Latitude"	-0.00115909106611097	0.000911412793580614	-1.27175202528957	0.204822522405443
"log(Species):Lakeweb:Latitude"	0.00356757934125316	0.00163781172844462	2.17825973479942	0.0304642326140016
