"Estimate"	"Std. Error"	"t value"	"Pr(>|t|)"
"(Intercept)"	-1.20751445841455	0.129209397308192	-9.34540740511598	8.768642198069e-17
"log(Species)"	0.723409723074465	0.052886496617265	13.6785336398763	1.51876222762901e-28
"log(Species):Lakeweb"	-0.0137651562180434	0.0828520683978464	-0.166141370809774	0.868259461204795
"log(Species):Terr"	-0.00758160267277475	0.0288136808407319	-0.263125100700677	0.792799154342582
"log(Species):Latitude"	-0.00109021371304298	0.000928440063306715	-1.17424242676484	0.242076001851756
"log(Species):Lakeweb:Latitude"	0.00163581987209689	0.00184549033192355	0.886387668252849	0.376764369035769
