"Estimate"	"Std. Error"	"t value"	"Pr(>|t|)"
"(Intercept)"	-1.22382894417951	0.129043470034931	-9.48385023936687	3.30182473872127e-17
"log(Species)"	0.676055417044782	0.0361903927650737	18.6805216907517	4.72837397518325e-42
"log(Species):Lakeweb"	0.061788433780361	0.0247458696914503	2.49691906369768	0.0135397866763735
