"Estimate"	"Std. Error"	"t value"	"Pr(>|t|)"
"(Intercept)"	-0.320263262369432	0.135465004663352	-2.36417710363889	0.0190844264311563
"log(Species)"	0.637394914419996	0.0536351012418491	11.8839136994611	1.10253204082566e-24
"log(Species):Lakeweb"	-0.0863628309862137	0.0659011500936226	-1.31049049771547	0.191620247756157
"log(Species):Terr"	-0.0600830101460143	0.0256455518697284	-2.34282383359179	0.0201786609336509
"log(Species):Latitude"	-0.000823324907088595	0.000909763980678594	-0.904987364387053	0.366624247231061
"log(Species):Lakeweb:Latitude"	0.00358337747290647	0.00156273066857611	2.29302306850578	0.0229474944737095
