"Estimate"	"Std. Error"	"t value"	"Pr(>|t|)"
"(Intercept)"	-0.479951328915211	0.12998227100633	-3.69243686234593	0.000306051178070664
"log(Species)"	0.718410387152073	0.0534079404163434	13.4513778578931	6.32223081735208e-28
"log(Species):Lakeweb"	-0.0278101742392777	0.0839878336198496	-0.331121461772114	0.740994273377292
"log(Species):Terr"	-0.025235212762204	0.0279539104317694	-0.902743565119406	0.368044945971784
"log(Species):Latitude"	-0.00119494076527021	0.000936240642273889	-1.27631797992449	0.203727922492835
"log(Species):Lakeweb:Latitude"	0.00192918338674366	0.00188033924569713	1.02597623868049	0.306480934963307
