"Estimate"	"Std. Error"	"t value"	"Pr(>|t|)"
"(Intercept)"	-0.828411017580578	0.127407584868777	-6.50205416289619	1.01666330456811e-09
"log(Species)"	0.687820210318619	0.0560516906278255	12.2711768835955	1.17319320599915e-24
"log(Species):Lakeweb"	-0.0254939855796547	0.0827707248143873	-0.308007277172271	0.758487661479527
"log(Species):Stream"	-0.2823102021492	0.0843181329995811	-3.34815527937036	0.00101981825604904
"log(Species):Latitude"	-0.00176315005073349	0.00107400589298505	-1.64165770620965	0.102675426216128
"log(Species):Lakeweb:Latitude"	0.00310078422059958	0.00188045048582114	1.64895818527524	0.101168550733217
"log(Species):Stream:Latitude"	0.0084548170132848	0.0018969727171874	4.45700506743217	1.579616162773e-05
