"Estimate"	"Std. Error"	"t value"	"Pr(>|t|)"
"(Intercept)"	-0.334064231928895	0.136699057989	-2.44379322610824	0.0154517220564353
"log(Species)"	0.641173398974928	0.0538327661560866	11.910467262928	9.19181991619045e-25
"log(Species):Lakeweb"	-0.0862713397629146	0.0642910046061171	-1.34188818935808	0.181242147701067
"log(Species):Terr"	-0.0616155754264428	0.0257035414866962	-2.39716287572022	0.0174967757202815
"log(Species):Latitude"	-0.000825013255902594	0.0009085776793709	-0.908027210699072	0.365020189548449
"log(Species):Lakeweb:Latitude"	0.00359447838745734	0.0015288163509054	2.35115119309695	0.0197455332539507
