"Estimate"	"Std. Error"	"t value"	"Pr(>|t|)"
"(Intercept)"	-0.494991323747448	0.128924921868458	-3.83937656563008	0.000177340602894659
"log(Species)"	0.667275678032449	0.0362450491807445	18.4101192608381	2.33434409445235e-41
"log(Species):Lakeweb"	0.0594175497017047	0.0251109651601924	2.36619936042511	0.0191688718192679
