"Estimate"	"Std. Error"	"t value"	"Pr(>|t|)"
"(Intercept)"	-1.22591804137004	0.142854045627479	-8.58161234416047	2.00019799814393e-15
"log(Species)"	0.73326622056086	0.053682668673094	13.6592728842554	6.89067679249962e-31
"log(Species):Lakeweb"	-0.0922839587054749	0.0675416975753225	-1.36632572201135	0.173284218891304
"log(Species):Marine"	0.0977472681754911	0.0286576953621544	3.4108558605371	0.000775331475894686
"log(Species):Terr"	-0.0795258900656241	0.0267559361524288	-2.97227088645168	0.00329772214796811
"log(Species):Latitude"	-0.00147480702960999	0.000900490124232804	-1.63778256964949	0.102950440079113
"log(Species):Lakeweb:Latitude"	0.0037407911025609	0.00159333488204644	2.34777456058472	0.0198071130284203
