"Estimate"	"Std. Error"	"t value"	"Pr(>|t|)"
"(Intercept)"	-0.495755822196048	0.131530019562533	-3.7691458105528	0.000231414471387473
"log(Species)"	0.722359628060221	0.0536850841986552	13.4554995832216	6.16060932033819e-28
"log(Species):Lakeweb"	-0.0203313589572992	0.0837275368188648	-0.242827625531178	0.808455884873004
"log(Species):Terr"	-0.0252706085109695	0.0279881912290475	-0.902902524288261	0.367960831039715
"log(Species):Latitude"	-0.00118736883041977	0.000937432177576445	-1.26661838458489	0.207167670968448
"log(Species):Lakeweb:Latitude"	0.00168972457805339	0.00186619543017176	0.905438171551983	0.366620700641026
