"Estimate"	"Std. Error"	"t value"	"Pr(>|t|)"
"(Intercept)"	-1.49328009096878	0.121916093738619	-12.248424676157	1.36621425897468e-26
"log(Species)"	0.773747109593452	0.0487351396226917	15.8765752100808	3.10688875208877e-38
"log(Species):Latitude"	-0.0008544181876244	0.000829434501837738	-1.03012134861922	0.304094575381967
"log(Species):Lakeweb"	-0.0426167244966498	0.0615806594908399	-0.692047224713288	0.489644105323909
"log(Species):Marine"	0.126447490802485	0.0253287881680239	4.99224400171332	1.2206671409704e-06
"log(Species):Latitude:Lakeweb"	0.00405277169282957	0.00149730959944477	2.70670253789358	0.00733370745976715
