"Estimate"	"Std. Error"	"t value"	"Pr(>|t|)"
"(Intercept)"	-0.88091486881629	0.138638483527934	-6.35404287755931	1.28134236094128e-09
"log(Species)"	0.697869682052679	0.0602296958814263	11.5868040148595	2.52562693297494e-24
"log(Species):Lakeweb"	-0.105320488768169	0.0723162025336932	-1.45638854196055	0.146778726478007
"log(Species):Stream"	-0.169299707342681	0.0861930968479383	-1.96419102612543	0.0508272279929317
"log(Species):Marine"	0.0822027324301726	0.0348495117766212	2.35879150781442	0.0192524763935843
"log(Species):Terr"	-0.0948878477091129	0.0333677160080596	-2.84370220863165	0.00489990153961315
"log(Species):Latitude"	-0.00113485367900236	0.00105835941278077	-1.07227626579199	0.284826659094385
"log(Species):Lakeweb:Latitude"	0.00448282969435314	0.00165928260516665	2.70166738347921	0.00746299269135209
"log(Species):Stream:Latitude"	0.00495448558095396	0.00189542040619805	2.61392436461733	0.00959891943306709
