"Estimate"	"Std. Error"	"t value"	"Pr(>|t|)"
"(Intercept)"	-1.21471832351514	0.146544549630815	-8.28907200285059	1.18794000875319e-14
"log(Species)"	0.697195216293648	0.0541727323848308	12.869855102396	1.53615153874304e-28
"log(Species):Lakeweb"	-0.0556408938621068	0.0688667824424064	-0.80794966584419	0.420004358436167
"log(Species):Marine"	0.127330259382595	0.0289593226499473	4.39686593922551	1.71975318401974e-05
"log(Species):Terr"	-0.0520388745105026	0.0271414553341265	-1.91732071364173	0.0565103634375388
"log(Species):Latitude"	-0.00115569916960058	0.000913223095448527	-1.2655168001779	0.207043240151208
"log(Species):Lakeweb:Latitude"	0.00336383573190849	0.00162111993141067	2.07500732470875	0.0391649124367882
