"Estimate"	"Std. Error"	"t value"	"Pr(>|t|)"
"(Intercept)"	-0.319302334964885	0.135240491345725	-2.36099656092368	0.0192440235161431
"log(Species)"	0.637151328327788	0.0535459800219632	11.8991440266187	9.93317057911582e-25
"log(Species):Lakeweb"	-0.0757162243351494	0.065885547959542	-1.14920838757605	0.251922290865114
"log(Species):Terr"	-0.0600872697958127	0.0256028627429532	-2.34689653258992	0.0199657960671888
"log(Species):Latitude"	-0.000823654788382706	0.000908249617421077	-0.906859493892689	0.365635843759278
"log(Species):Lakeweb:Latitude"	0.00333835409273635	0.00156442353822673	2.1339196267274	0.0341384099548982
