"Estimate"	"Std. Error"	"t value"	"Pr(>|t|)"
"(Intercept)"	-1.49870005595212	0.122803210298354	-12.2040788047071	1.88850761660628e-26
"log(Species)"	0.774135441160129	0.0487492703050267	15.8799390496785	3.03059041932156e-38
"log(Species):Lakeweb"	-0.0411796397636803	0.0616058566319853	-0.668437093727549	0.504561764635586
"log(Species):Marine"	0.126611182366633	0.0253320663721233	4.9980597913624	1.18811002819171e-06
"log(Species):Latitude"	-0.000827085096113025	0.00082868113683078	-0.998073998976422	0.31935002501864
"log(Species):Lakeweb:Latitude"	0.00402692252673886	0.00149662581957223	2.69066754968175	0.00768347808226072
