"Estimate"	"Std. Error"	"t value"	"Pr(>|t|)"
"(Intercept)"	-0.883424205449888	0.138617006383842	-6.37313002564498	1.15453577760842e-09
"log(Species)"	0.709279198003914	0.0612872238685338	11.5730351814495	2.7857163169536e-24
"log(Species):Lakeweb"	-0.118735499415214	0.0735853667678367	-1.61357488085678	0.108121304529444
"log(Species):Stream"	-0.180073237111978	0.0872202546852522	-2.06458050096047	0.040191271195235
"log(Species):Marine"	0.0827675688900809	0.034866043353158	2.37387328558416	0.0185039868926318
"log(Species):Terr"	-0.0925078750688169	0.0334966360171339	-2.76170642990831	0.00625956132384377
"log(Species):Latitude"	-0.00139616526876241	0.00110566181214002	-1.2627416931947	0.208082368632649
"log(Species):Lakeweb:Latitude"	0.00475712985273867	0.00169074579301095	2.81362808791438	0.00536379312035683
"log(Species):Stream:Latitude"	0.00521593545077858	0.0019228589151591	2.71259394522297	0.00722952153743329
