"Estimate"	"Std. Error"	"t value"	"Pr(>|t|)"
"(Intercept)"	-0.482564401843951	0.130253837917479	-3.70479987046275	0.000292651571654125
"log(Species)"	0.719518873499961	0.0534668006459911	13.4573018173271	6.09124573381432e-28
"log(Species):Lakeweb"	-0.0221726192291145	0.083751118018434	-0.264744158092721	0.791553805730394
"log(Species):Terr"	-0.0255957931051349	0.0280125421850452	-0.913726177940376	0.36226182716317
"log(Species):Latitude"	-0.00119641025780147	0.000937750046136732	-1.27583065735944	0.203899733288061
"log(Species):Lakeweb:Latitude"	0.00173113798286295	0.00186548777481421	0.927981413888043	0.35484166333834
