"Estimate"	"Std. Error"	"t value"	"Pr(>|t|)"
"(Intercept)"	-0.878540058660307	0.141450249237139	-6.2109474065857	2.68611015280758e-09
"log(Species)"	0.663903549743203	0.0615142575530023	10.7926776027682	5.57702285135086e-22
"log(Species):Lakeweb"	-0.0792522169705861	0.0739849522053375	-1.07119373072824	0.285283322606527
"log(Species):Stream"	-0.157914403600187	0.0864951439164896	-1.82570253600193	0.0692822934243257
"log(Species):Marine"	0.118885957290987	0.0369979515852357	3.21331187801297	0.00151378271974795
"log(Species):Terr"	-0.0585558749641863	0.035505061381023	-1.64922612964369	0.100561623855895
"log(Species):Latitude"	-0.00106239525416551	0.00106924229146347	-0.993596365059039	0.321536334281784
"log(Species):Lakeweb:Latitude"	0.00452464609048585	0.00167235049459919	2.7055608887599	0.00736577950497406
"log(Species):Stream:Latitude"	0.00506845402070982	0.00189005649198262	2.68164154997988	0.00789487035507561
