"Estimate"	"Std. Error"	"t value"	"Pr(>|t|)"
"(Intercept)"	-0.906500609805938	0.14001370910352	-6.47437037137352	6.62106792597564e-10
"log(Species)"	0.704110278511751	0.0604392458419542	11.6498852476248	1.61144438609483e-24
"log(Species):Lakeweb"	-0.105332433995228	0.0723620115524026	-1.45563164615662	0.146987772293528
"log(Species):Stream"	-0.169055650644345	0.0862364481643347	-1.96037353396313	0.0512746248815506
"log(Species):Marine"	0.0834867586541237	0.03488010431647	2.39353523420233	0.0175667695466893
"log(Species):Terr"	-0.0945376355911513	0.0333854454197393	-2.83170209061388	0.00508043483775565
"log(Species):Latitude"	-0.00112458701399203	0.00105891703419006	-1.06201617093845	0.289448137304059
"log(Species):Lakeweb:Latitude"	0.00442660659510046	0.00166185215058134	2.66365849305666	0.00832913012304653
"log(Species):Stream:Latitude"	0.0049456288494969	0.00189638099518935	2.60792997928303	0.0097631571938727
