"Estimate"	"Std. Error"	"t value"	"Pr(>|t|)"
"(Intercept)"	-1.01242323349646	0.135690512351459	-7.46126767414756	3.0330675668398e-12
"log(Species)"	0.637424521976495	0.0537252108741245	11.8645327138864	1.25901196564183e-24
"log(Species):Lakeweb"	-0.0951635590923665	0.0659359759071077	-1.44327217096833	0.150599205089896
"log(Species):Terr"	-0.0600078376599086	0.0256889108616513	-2.33594323959794	0.0205428208961231
"log(Species):Latitude"	-0.000824237442694058	0.000911302071795647	-0.90446128479656	0.366902296492693
"log(Species):Lakeweb:Latitude"	0.00383310389476163	0.00156392763352727	2.45094709792707	0.0151574895890921
