"Estimate"	"Std. Error"	"t value"	"Pr(>|t|)"
"(Intercept)"	-0.333973518149675	0.135748175427096	-2.46024314580226	0.0147825864960962
"log(Species)"	0.642133517087755	0.0536852106994773	11.9610877692617	6.49765314209217e-25
"log(Species):Lakeweb"	-0.0872633239791982	0.0641786110497459	-1.35969480410785	0.175546400253862
"log(Species):Terr"	-0.0595524838871363	0.0255796066824987	-2.32812351754734	0.0209636867347757
"log(Species):Latitude"	-0.000864687068996843	0.000908129610637161	-0.952162619595855	0.342230610371149
"log(Species):Lakeweb:Latitude"	0.00363423335373772	0.00152675553681672	2.3803636313087	0.0182901402139146
