"Estimate"	"Std. Error"	"t value"	"Pr(>|t|)"
"(Intercept)"	-1.18670759347239	0.129867293668538	-9.13784802893663	2.73058379115621e-16
"log(Species)"	0.667428998837027	0.0364650137020813	18.3032702055157	4.39754527176915e-41
"log(Species):Lakeweb"	0.0584419164772522	0.0250474328301079	2.33324975352376	0.0208794267792987
