"Estimate"	"Std. Error"	"t value"	"Pr(>|t|)"
"(Intercept)"	-1.20130593118449	0.147319416417732	-8.15443042333345	2.7963321805366e-14
"log(Species)"	0.693904875172563	0.054289619323404	12.7815387880869	2.93708060085449e-28
"log(Species):Lakeweb"	-0.063980336712417	0.0690076212921835	-0.927148849857024	0.354879298432954
"log(Species):Marine"	0.127536082941356	0.0289965934015442	4.39831262849531	1.70926717022182e-05
"log(Species):Terr"	-0.0523108571204746	0.0271270404795073	-1.92836580016873	0.0551144937115563
"log(Species):Latitude"	-0.00115826378135979	0.000912679396545493	-1.26908067142069	0.205771798568785
"log(Species):Lakeweb:Latitude"	0.00358363997284544	0.00164007024374149	2.18505273571093	0.029955575046351
