"Estimate"	"Std. Error"	"t value"	"Pr(>|t|)"
"(Intercept)"	-0.493551071015104	0.129880965285095	-3.80002620038845	0.000205241121197505
"log(Species)"	0.666886881666095	0.0364984709454735	18.2716389040621	5.30572800342277e-41
"log(Species):Lakeweb"	0.0570491788439671	0.0249957240906912	2.2823575199093	0.0237855317390129
