"Estimate"	"Std. Error"	"t value"	"Pr(>|t|)"
"(Intercept)"	-0.644840675897324	0.136051226232484	-4.7396902898576	4.21429627645803e-06
"log(Species)"	0.559605362651897	0.0562852540678885	9.9423085481133	5.5300818481105e-19
"log(Species):Lakeweb"	-0.0659243731922733	0.0648105109753316	-1.01718644399156	0.310371986216887
"log(Species):Stream"	-0.194842594556546	0.0894134919022978	-2.17911850226642	0.0305664444198537
"log(Species):Latitude"	-0.000737272970999133	0.00103547700374148	-0.712012887138149	0.477339432844599
"log(Species):Lakeweb:Latitude"	0.00470378405376218	0.00158800620638987	2.96206906171711	0.00345032254645753
"log(Species):Stream:Latitude"	0.00678751885447397	0.00201161686550567	3.37416084089539	0.000899235650617128
