"Estimate"	"Std. Error"	"t value"	"Pr(>|t|)"
"(Intercept)"	-1.23314178241883	0.142631162054438	-8.64566876310088	1.32208129103906e-15
"log(Species)"	0.734952871141317	0.053729315455743	13.6788057861392	5.97453349834278e-31
"log(Species):Lakeweb"	-0.0915598651702191	0.0675505072922432	-1.35542823940765	0.176723438874269
"log(Species):Marine"	0.0961782394702181	0.028721004270868	3.3487073976648	0.000960765593917322
"log(Species):Terr"	-0.0793904996408528	0.0267657150706632	-2.96612660753717	0.00336160600111755
"log(Species):Latitude"	-0.00147088208928392	0.000900914565529005	-1.63265435543296	0.104026077360835
"log(Species):Lakeweb:Latitude"	0.00373456982206438	0.00159395755128374	2.34295437733373	0.0200581253085027
