"Estimate"	"Std. Error"	"t value"	"Pr(>|t|)"
"(Intercept)"	-1.1948980481966	0.130190143021764	-9.17809920522823	2.13802409197604e-16
"log(Species)"	0.669112374165811	0.0365318718620757	18.3158524340612	4.08123601239864e-41
"log(Species):Lakeweb"	0.0594002496086861	0.0250492672449787	2.37133681507563	0.0189136145670725
