"Estimate"	"Std. Error"	"t value"	"Pr(>|t|)"
"(Intercept)"	-1.24608069917661	0.144222799334762	-8.63997027463234	1.23607590187065e-15
"log(Species)"	0.706341842551378	0.0533403046685988	13.2421786290846	9.93854863618222e-30
"log(Species):Lakeweb"	-0.0572929897417123	0.0674947046993292	-0.848851624685778	0.396899289798669
"log(Species):Marine"	0.129178031326846	0.0284961592335776	4.53317341007251	9.6011794863344e-06
"log(Species):Terr"	-0.0372594825491492	0.0272548680440507	-1.36707624079957	0.173015903070467
"log(Species):Latitude"	-0.00118328983420187	0.000898667712280494	-1.31671564253612	0.189322858470303
"log(Species):Lakeweb:Latitude"	0.00343489663386432	0.00159078482961402	2.15924653662792	0.0319278370008011
