"Estimate"	"Std. Error"	"t value"	"Pr(>|t|)"
"(Intercept)"	-1.22696955260053	0.143181019579491	-8.56935895696244	2.16471172680963e-15
"log(Species)"	0.733232349462262	0.0537836320065508	13.6330017536368	8.34806387904217e-31
"log(Species):Latitude"	-0.00146776908722342	0.000900606859599439	-1.62975561598125	0.104638051338307
"log(Species):Lakeweb"	-0.0918991718563849	0.0675512519036168	-1.3604362505007	0.17513661319704
"log(Species):Marine"	0.097251763125469	0.028632876398286	3.39650693044904	0.000814904494188993
"log(Species):Terr"	-0.0794710977565398	0.0267629861280251	-2.9694406063799	0.00332700976586163
"log(Species):Latitude:Lakeweb"	0.00373341889743402	0.00159366559712485	2.34266141163461	0.0200734713101848
