"Estimate"	"Std. Error"	"t value"	"Pr(>|t|)"
"(Intercept)"	-0.854632194216828	0.141309075829588	-6.0479639343723	6.42284762809274e-09
"log(Species)"	0.658121519710649	0.0614909707076033	10.7027342736236	1.05148732332154e-21
"log(Species):Lakeweb"	-0.0877224351332787	0.0742703600008552	-1.18112306352452	0.238858736481986
"log(Species):Stream"	-0.158071645539953	0.0863860325699039	-1.82982874473418	0.0686602977321058
"log(Species):Marine"	0.119041857997156	0.0369862315953031	3.21854519540382	0.00148768649923276
"log(Species):Terr"	-0.0590454121053574	0.0354569004981345	-1.66527280376535	0.0973147956465777
"log(Species):Latitude"	-0.00106904055213107	0.00106812768035783	-1.00085464667757	0.318022180797432
"log(Species):Lakeweb:Latitude"	0.00477944531083731	0.00169253753810198	2.8238341562557	0.00519121564887741
"log(Species):Stream:Latitude"	0.00507223977838427	0.00188770910350627	2.68698168004963	0.00777386107892778
