"Estimate"	"Std. Error"	"t value"	"Pr(>|t|)"
"(Intercept)"	-1.22787449350676	0.146981842645509	-8.35391958221767	7.84614965435133e-15
"log(Species)"	0.700346924935914	0.0541243274225699	12.9395958949851	9.20424177173917e-29
"log(Species):Lakeweb"	-0.0638005545407635	0.0687770480731606	-0.927643106649424	0.354623356066223
"log(Species):Marine"	0.128114416046143	0.0288695620161163	4.43769863826211	1.44625005962883e-05
"log(Species):Terr"	-0.0517624977178236	0.0270430947507561	-1.91407448721735	0.0569262097922548
"log(Species):Latitude"	-0.00115143165104052	0.000909851283736887	-1.26551632296591	0.207043410784233
"log(Species):Lakeweb:Latitude"	0.00356230459340763	0.00163497921777223	2.17880726230973	0.0304229589211502
