"Estimate"	"Std. Error"	"t value"	"Pr(>|t|)"
"(Intercept)"	-1.21261884413424	0.13058485516681	-9.28606033666953	1.25685555677365e-16
"log(Species)"	0.711676624515455	0.0533383501939006	13.3426816151662	1.25187521368358e-27
"log(Species):Lakeweb"	-0.00025173013605012	0.0839832505534767	-0.00299738500702387	0.997612241550213
"log(Species):Terr"	-0.0215540054884514	0.0278974595586834	-0.772615350265557	0.440911613834342
"log(Species):Latitude"	-0.000818805035451836	0.000955166444618304	-0.857238065747839	0.3926199700772
"log(Species):Lakeweb:Latitude"	0.0013612241265509	0.00186716161099544	0.729033908224576	0.467067066758719
