"Estimate"	"Std. Error"	"t value"	"Pr(>|t|)"
"(Intercept)"	-0.642587655246992	0.136902863359821	-4.6937488338581	5.15638106939369e-06
"log(Species)"	0.556439574709487	0.0563731650939172	9.87064632227876	8.85737600854223e-19
"log(Species):Lakeweb"	-0.064984124713205	0.0649814820457086	-1.000040668009	0.318576244820164
"log(Species):Stream"	-0.192194012799568	0.0896273541722236	-2.14436780572878	0.0332873972555792
"log(Species):Latitude"	-0.000634985822324798	0.00103564794708091	-0.613129031071394	0.540532057915752
"log(Species):Lakeweb:Latitude"	0.00460196711026782	0.00159125859860128	2.89202968914855	0.00427896040061844
"log(Species):Stream:Latitude"	0.00668398164178249	0.00201548010044517	3.31632231958339	0.00109473319149691
