"Estimate"	"Std. Error"	"t value"	"Pr(>|t|)"
"(Intercept)"	-0.480225952201867	0.129884574552664	-3.69732860007292	0.000298964116501525
"log(Species)"	0.663838685861599	0.0364262815151592	18.2241683270727	7.03400480675322e-41
"log(Species):Lakeweb"	0.0552332979982897	0.0249071631128615	2.21756679988049	0.0279934515984041
