"Estimate"	"Std. Error"	"t value"	"Pr(>|t|)"
"(Intercept)"	-1.19366306884905	0.146468906556191	-8.14960046411707	2.883164592994e-14
"log(Species)"	0.692158619857603	0.0540496353163775	12.8059813133998	2.45491900207665e-28
"log(Species):Lakeweb"	-0.064885405123948	0.0687993038877478	-0.943111360978511	0.346672754587099
"log(Species):Marine"	0.129798491328779	0.0289607364485478	4.48187813039154	1.19747706107967e-05
"log(Species):Terr"	-0.052482130379825	0.0270465526893555	-1.9404369563327	0.0536221660027572
"log(Species):Latitude"	-0.00116270065106564	0.000910002238024098	-1.27768988084055	0.20272397481425
"log(Species):Lakeweb:Latitude"	0.00359339703892136	0.00163524774403335	2.19746338255646	0.0290452355977812
