"Estimate"	"Std. Error"	"t value"	"Pr(>|t|)"
"(Intercept)"	-0.316486076695249	0.135364069310955	-2.3380360704747	0.0204314498992816
"log(Species)"	0.636437433247575	0.0535740097440196	11.8795930393957	1.13564304064164e-24
"log(Species):Lakeweb"	-0.0799752124102137	0.0650445948399627	-1.22954432427455	0.220396225877056
"log(Species):Terr"	-0.0600997538543522	0.0256093307412068	-2.34679127157542	0.0199712727012304
"log(Species):Latitude"	-0.000824621594947005	0.000908480307541135	-0.907693417349795	0.365196108445098
"log(Species):Lakeweb:Latitude"	0.00344493778392794	0.00154406350366817	2.23108555816774	0.0268509640428019
