"Estimate"	"Std. Error"	"t value"	"Pr(>|t|)"
"(Intercept)"	-0.316080612552246	0.135648196833487	-2.33014975451716	0.0208539117651849
"log(Species)"	0.636334651886925	0.0536458015333677	11.8617791830573	1.28297380763778e-24
"log(Species):Lakeweb"	-0.0848348711216074	0.064529029635505	-1.31467762030207	0.190211322549741
"log(Species):Terr"	-0.0601015512172402	0.0256301390193528	-2.34495611482477	0.0200669668429121
"log(Species):Latitude"	-0.000824760788642154	0.000909220891646213	-0.907107168587891	0.365505207907673
"log(Species):Lakeweb:Latitude"	0.00356129535045867	0.00153252900516962	2.32380290255226	0.021199460088817
