"Estimate"	"Std. Error"	"t value"	"Pr(>|t|)"
"(Intercept)"	-0.320098172597539	0.135646016687567	-2.35980517831807	0.0193041081529637
"log(Species)"	0.637410160055848	0.0536889784104066	11.872272092484	1.19402824255023e-24
"log(Species):Lakeweb"	-0.0874141238908972	0.064542464531206	-1.35436606776354	0.177236595198224
"log(Species):Terr"	-0.0600429803534781	0.0258160325653909	-2.32580200700444	0.0210900822887471
"log(Species):Latitude"	-0.000824691608465417	0.000915094753262916	-0.901208979206632	0.368624180298559
"log(Species):Lakeweb:Latitude"	0.00360665087511453	0.00153434591622124	2.35061131716434	0.0197733635165956
