"Estimate"	"Std. Error"	"t value"	"Pr(>|t|)"
"(Intercept)"	-0.318283952151757	0.13470631297858	-2.36279907833546	0.0191534308859017
"log(Species)"	0.637576229572803	0.0533332339036097	11.9545765914947	6.79419650420315e-25
"log(Species):Lakeweb"	-0.0882174961077971	0.063998152889501	-1.37843815992804	0.169697527158446
"log(Species):Terr"	-0.0542673986388211	0.0258083980043374	-2.10270310577591	0.0368157856216756
"log(Species):Latitude"	-0.000839676982163111	0.000904719302179552	-0.928107734786085	0.354535438065726
"log(Species):Lakeweb:Latitude"	0.00362325926320754	0.00152218829275874	2.38029636704202	0.0182933796364049
