"Estimate"	"Std. Error"	"t value"	"Pr(>|t|)"
"(Intercept)"	-0.918321404010395	0.135898052361179	-6.75742873466469	1.35934591727597e-10
"log(Species)"	0.709512262034341	0.0590539816896608	12.0146388394766	1.18798137788443e-25
"log(Species):Lakeweb"	-0.107322490376797	0.0708149993783957	-1.51553330959343	0.131141151937567
"log(Species):Stream"	-0.171461678314336	0.0844463637300029	-2.0304210950106	0.0435745429837458
"log(Species):Marine"	0.0841823736150017	0.0341432679590015	2.46556286633389	0.0144816533632978
"log(Species):Terr"	-0.0788648882721625	0.0330850749615756	-2.38369985148151	0.0180302170892883
"log(Species):Latitude"	-0.00118103620553994	0.00103698997624995	-1.13890802475343	0.25603904009893
"log(Species):Lakeweb:Latitude"	0.00453090739090884	0.00162562894518948	2.78717194616681	0.00580452652352103
"log(Species):Stream:Latitude"	0.00500272944036844	0.0018570126499824	2.69396626911285	0.00763161342786221
