"Estimate"	"Std. Error"	"t value"	"Pr(>|t|)"
"(Intercept)"	-1.01076292764044	0.136590869408608	-7.39993040542679	4.34235715081705e-12
"log(Species)"	0.637064725173355	0.053862615616334	11.8275861259913	1.62133771545788e-24
"log(Species):Lakeweb"	-0.0878024908203009	0.0645442816104417	-1.36034500082028	0.175341000019433
"log(Species):Terr"	-0.0600960979234802	0.0257190547974599	-2.33663711192899	0.0205058371597529
"log(Species):Latitude"	-0.000824280377456808	0.000911992834953294	-0.903823304158987	0.367239666620428
"log(Species):Lakeweb:Latitude"	0.00366589778384746	0.0015345542693134	2.38890071022883	0.0178830844731614
