"Estimate"	"Std. Error"	"t value"	"Pr(>|t|)"
"(Intercept)"	-1.01234956343828	0.135760091221594	-7.45690102539686	3.1117059817168e-12
"log(Species)"	0.637405847307107	0.0537525417547426	11.858152684489	1.31522848043795e-24
"log(Species):Lakeweb"	-0.0846014541419646	0.0651189237030379	-1.29918385211299	0.195463457310715
"log(Species):Terr"	-0.060008164228437	0.0257019068747512	-2.33477479009105	0.0206052323342093
"log(Species):Latitude"	-0.000824262733235274	0.000911763112213732	-0.904031674668205	0.36712945692584
"log(Species):Lakeweb:Latitude"	0.00360828255456232	0.00154339747783922	2.33788288912715	0.0204395834765983
