"Estimate"	"Std. Error"	"t value"	"Pr(>|t|)"
"(Intercept)"	-0.872568898878396	0.142535781468243	-6.12175335828081	4.33646467411556e-09
"log(Species)"	0.662496576842581	0.0615357640150307	10.7660413004828	6.73022437755268e-22
"log(Species):Lakeweb"	-0.0852418339306276	0.07423766655661	-1.1482288962521	0.252150021688359
"log(Species):Stream"	-0.157990806264906	0.086259874956675	-1.83156776362427	0.0683995412052883
"log(Species):Marine"	0.119734918292268	0.0368598936586089	3.24837937410335	0.00134671887571039
"log(Species):Terr"	-0.0586813553001881	0.0354109268378049	-1.65715389402176	0.0989468425323139
"log(Species):Latitude"	-0.0010649526865217	0.0010663636524666	-0.998676843549919	0.319073910061101
"log(Species):Lakeweb:Latitude"	0.00470986773621909	0.00169260054740911	2.78262212748812	0.00587189827305062
"log(Species):Stream:Latitude"	0.00507029726246898	0.00188491727041388	2.68993092803255	0.00770774977079429
