"Estimate"	"Std. Error"	"t value"	"Pr(>|t|)"
"(Intercept)"	-0.332470636356487	0.137418730042682	-2.41939825999863	0.0164935205183355
"log(Species)"	0.640272148578771	0.0538865901700951	11.881845679189	1.11825811377029e-24
"log(Species):Lakeweb"	-0.0859298905547976	0.0643701567172727	-1.33493368568636	0.183503824148671
"log(Species):Terr"	-0.0597870913014315	0.0256339890602845	-2.3323366160775	0.0207360016129221
"log(Species):Latitude"	-0.000819787745071743	0.000909154103349215	-0.901703838823081	0.368361857974019
"log(Species):Lakeweb:Latitude"	0.00359067851845537	0.00152992902985913	2.34695757017303	0.0199626209430237
