"Estimate"	"Std. Error"	"t value"	"Pr(>|t|)"
"(Intercept)"	-1.09899882704019	0.117365259173125	-9.36391939815046	1.04419343240866e-17
"log(Species)"	0.718081186864187	0.0520318537673836	13.8007996039211	1.75157145999074e-31
"log(Species):Lakeweb"	-0.0503902159550731	0.0629992496669353	-0.799854224002291	0.424674025244845
"log(Species):Stream"	-0.131632989196095	0.0764876510264588	-1.72097047601266	0.0866881046929969
"log(Species):Marine"	0.132835350689799	0.027392972373788	4.84924924820891	2.36883282461374e-06
"log(Species):Latitude"	-0.00104084483775226	0.000966927903268446	-1.0764451353963	0.282929040241348
"log(Species):Lakeweb:Latitude"	0.00483501830136114	0.00153365620345013	3.15260896834911	0.00184802458537172
"log(Species):Stream:Latitude"	0.00499321272929644	0.00173579355759977	2.8766166964008	0.0044225296698887
