"Estimate"	"Std. Error"	"t value"	"Pr(>|t|)"
"(Intercept)"	-0.903654247028618	0.138205050725018	-6.53850378324152	4.45352061264114e-10
"log(Species)"	0.67239030061644	0.0601952706016286	11.1701516397577	3.83527699369143e-23
"log(Species):Lakeweb"	-0.0793842678637015	0.0723731820924243	-1.0968740846896	0.273923453016269
"log(Species):Stream"	-0.160162203460625	0.0846243520034561	-1.89262546381548	0.059751151254912
"log(Species):Marine"	0.121654237563241	0.0361386002441592	3.36632400650059	0.000902291691835593
"log(Species):Terr"	-0.04233521050999	0.035124279455615	-1.20529762221848	0.229413332217644
"log(Species):Latitude"	-0.00111375452387976	0.00104618734026627	-1.06458421069815	0.288258267615539
"log(Species):Lakeweb:Latitude"	0.00456870338232822	0.00163615485778055	2.79234166656186	0.00570443885272104
"log(Species):Stream:Latitude"	0.0051228171151148	0.00184919017149566	2.77030301917049	0.00609055374236355
