"Estimate"	"Std. Error"	"t value"	"Pr(>|t|)"
"(Intercept)"	-0.632080768979254	0.134469273807506	-4.70055910232758	5.00489445020883e-06
"log(Species)"	0.560391771460324	0.0556999567157951	10.0609013813005	2.53072652241454e-19
"log(Species):Lakeweb"	-0.0711931056063197	0.064343467736537	-1.1064542852715	0.269943732853282
"log(Species):Stream"	-0.198558183256238	0.0887051107996067	-2.23840747693557	0.026367477235527
"log(Species):Latitude"	-0.000713905590715141	0.0010248518919765	-0.696593914012614	0.486917350105737
"log(Species):Lakeweb:Latitude"	0.00469183177612408	0.00157404925677369	2.98074012355933	0.00325577561308707
"log(Species):Stream:Latitude"	0.00675707177853865	0.00199382932457372	3.38899207432578	0.000854644187548328
