"Estimate"	"Std. Error"	"t value"	"Pr(>|t|)"
"(Intercept)"	-0.633295479290502	0.136376081102464	-4.64374305355413	6.41240829679086e-06
"log(Species)"	0.554016688093826	0.056326947418662	9.83573073782926	1.11382983234302e-18
"log(Species):Lakeweb"	-0.0666473888582311	0.0653394620086486	-1.02001741075568	0.309031011655143
"log(Species):Stream"	-0.191904249499978	0.089734050199104	-2.13858896454775	0.0337595709335764
"log(Species):Latitude"	-0.000640966056086559	0.00103685490300601	-0.618182982236273	0.537202910851698
"log(Species):Lakeweb:Latitude"	0.00465927872186515	0.00159690659422729	2.9176902009849	0.00395627973077457
"log(Species):Stream:Latitude"	0.00668480621272216	0.00201790207347373	3.31275055444814	0.0011080195098777
