"Estimate"	"Std. Error"	"t value"	"Pr(>|t|)"
"(Intercept)"	-1.48101113615771	0.121242515871696	-12.2152788195602	1.74027197794953e-26
"log(Species)"	0.76990840069462	0.0485349822850372	15.8629583126885	3.43589565235011e-38
"log(Species):Lakeweb"	-0.0339684869954629	0.0625985719530805	-0.542639966626129	0.587932035641092
"log(Species):Marine"	0.12549852677398	0.0252934479867554	4.96170102390529	1.40634623127852e-06
"log(Species):Latitude"	-0.000832941838571885	0.000828494051231881	-1.0053685205505	0.315834047026952
"log(Species):Lakeweb:Latitude"	0.00383511595549022	0.00151757620258353	2.52713237658925	0.0122090611307814
