"Estimate"	"Std. Error"	"t value"	"Pr(>|t|)"
"(Intercept)"	-0.844376611404605	0.127293353406465	-6.63331264994171	5.09855754278736e-10
"log(Species)"	0.691988809389397	0.0560569736565551	12.344384012398	7.40565171106809e-25
"log(Species):Lakeweb"	-0.0240940426815142	0.0826530625685447	-0.291508165974285	0.771049957113062
"log(Species):Stream"	-0.282824884979988	0.0842198922843965	-3.35817201030055	0.000985987667722658
"log(Species):Latitude"	-0.0018061653395095	0.00107351859683086	-1.68247233428604	0.0944777703589254
"log(Species):Lakeweb:Latitude"	0.00313383093817995	0.00187851708689762	1.66824723609807	0.0972726069273188
"log(Species):Stream:Latitude"	0.00850762138114049	0.00189525797842794	4.48889886125019	1.38402319801576e-05
