"Estimate"	"Std. Error"	"t value"	"Pr(>|t|)"
"(Intercept)"	-0.491244709481903	0.143971197089182	-3.41210408341333	0.000768881193646563
"log(Species)"	0.686630014445719	0.0531665339813026	12.914703348674	1.10510131176252e-28
"log(Species):Latitude"	-0.00112641449118554	0.000895594475022569	-1.25772827166799	0.209841827543202
"log(Species):Lakeweb"	-0.0698209163863509	0.0679548135831505	-1.02746093624283	0.305347384822054
"log(Species):Marine"	0.12368935959711	0.0284047716951464	4.35452750420257	2.05545999872841e-05
"log(Species):Terr"	-0.052264912389462	0.0266180060823807	-1.96351718561136	0.0508633099205983
"log(Species):Latitude:Lakeweb"	0.00367620153311628	0.00162489289602651	2.26242698340673	0.0246612181695508
