"Estimate"	"Std. Error"	"t value"	"Pr(>|t|)"
"(Intercept)"	-0.500786241523669	0.128233999783025	-3.90525322746708	0.000138520260134043
"log(Species)"	0.668840016654493	0.0360505956967722	18.5528145576351	1.00404353138986e-41
"log(Species):Lakeweb"	0.0628979256739126	0.0250723347749389	2.50865849704521	0.0131148416860494
