"Estimate"	"Std. Error"	"t value"	"Pr(>|t|)"
"(Intercept)"	-1.18913799605841	0.129657909960522	-9.1713494103096	2.22760455390662e-16
"log(Species)"	0.667830618064424	0.0364508151569804	18.3214179213365	3.94870390096448e-41
"log(Species):Lakeweb"	0.0593631681983899	0.0252375228506161	2.35217887863906	0.0198810165800132
