"Estimate"	"Std. Error"	"t value"	"Pr(>|t|)"
"(Intercept)"	-0.489855240188222	0.1437997648612	-3.40650932677843	0.000783988573322072
"log(Species)"	0.687564517950209	0.0530797674652128	12.9534199335146	8.3152968878878e-29
"log(Species):Latitude"	-0.00115616610911263	0.00089522166305578	-1.29148584850609	0.197909202991973
"log(Species):Lakeweb"	-0.0671176902359847	0.0676642475406173	-0.991922509678328	0.322340088845311
"log(Species):Marine"	0.12716645709822	0.0285191201236866	4.4589894971059	1.32072916449307e-05
"log(Species):Terr"	-0.0524544959951733	0.0265931103571907	-1.97248442512441	0.0498242009510397
"log(Species):Latitude:Lakeweb"	0.0035280509134789	0.00160813814990293	2.19387302868964	0.0293060957848367
