"Estimate"	"Std. Error"	"t value"	"Pr(>|t|)"
"(Intercept)"	-0.497819037931206	0.130453869884171	-3.81605419887671	0.000193408348412897
"log(Species)"	0.668006756863663	0.0365802132437614	18.2614232566724	5.63752163843591e-41
"log(Species):Lakeweb"	0.0567396132149921	0.0249842972807682	2.27101097050537	0.0244797898954007
