"Estimate"	"Std. Error"	"t value"	"Pr(>|t|)"
"(Intercept)"	-0.495120613109353	0.14371342369666	-3.44519391698869	0.000684951861105666
"log(Species)"	0.687565407564807	0.0531161902640071	12.9445542714444	8.8749778723083e-29
"log(Species):Latitude"	-0.00112531623668835	0.000895295107736976	-1.25692213323135	0.2101330579373
"log(Species):Lakeweb"	-0.0652920118003011	0.067678311775331	-0.964740551109614	0.335748664903578
"log(Species):Marine"	0.12736780518273	0.0286145347209178	4.45115765204534	1.36563437991039e-05
"log(Species):Terr"	-0.0521843600758617	0.0266087083933646	-1.96117599187471	0.0511375929838075
"log(Species):Latitude:Lakeweb"	0.00349353581503425	0.00160879502516945	2.17152325832577	0.0309760181533235
