"Estimate"	"Std. Error"	"t value"	"Pr(>|t|)"
"(Intercept)"	-0.635515222652109	0.137437280195633	-4.62403811940614	6.9843904341383e-06
"log(Species)"	0.554352616085973	0.0564328599337567	9.82322385816874	1.20903598670003e-18
"log(Species):Lakeweb"	-0.0639474890195875	0.0651178527575239	-0.982026991241642	0.327348632428873
"log(Species):Stream"	-0.191730610481932	0.0897434428483324	-2.13643029949229	0.0339374249214096
"log(Species):Latitude"	-0.000639898814603643	0.00103700340737845	-0.617065296073916	0.537938259466165
"log(Species):Lakeweb:Latitude"	0.00461475251355481	0.00159334911284889	2.89625950542859	0.004224166391376
"log(Species):Stream:Latitude"	0.00668497057171449	0.00201810893588558	3.312492429345	0.00110898548834712
