"Estimate"	"Std. Error"	"t value"	"Pr(>|t|)"
"(Intercept)"	-0.853538148256706	0.14122838832535	-6.04367265234518	6.57062231683153e-09
"log(Species)"	0.659520206103873	0.0615054861758052	10.7229492377107	9.1193568750751e-22
"log(Species):Lakeweb"	-0.0895006481861025	0.0745186450581343	-1.20105039639784	0.231053123515162
"log(Species):Stream"	-0.159742118504611	0.0865400443232482	-1.84587516396381	0.0662851928793971
"log(Species):Marine"	0.118658386747813	0.0368835943769976	3.21710475218255	0.00149482740299739
"log(Species):Terr"	-0.0582041631127631	0.0355761453997845	-1.6360446714701	0.103293267123576
"log(Species):Latitude"	-0.00110955863962	0.00107597824977518	-1.03120917160903	0.303601362809955
"log(Species):Lakeweb:Latitude"	0.00482072496370453	0.00169784320329773	2.83932282694963	0.00495453924957591
"log(Species):Stream:Latitude"	0.00511262701066818	0.00189189171701088	2.70238881258276	0.00743405255896769
