"Estimate"	"Std. Error"	"t value"	"Pr(>|t|)"
"(Intercept)"	-1.08762026599412	0.116463005904286	-9.33876176000449	1.23684396081931e-17
"log(Species)"	0.713015185074104	0.0520151352877845	13.7078406338693	3.47520706540113e-31
"log(Species):Lakeweb"	-0.0491564549384715	0.06293801017032	-0.781029695814128	0.435640183480338
"log(Species):Stream"	-0.129549715464998	0.0764318015760909	-1.69497137047104	0.091521932507786
"log(Species):Marine"	0.135209126634622	0.027463685701981	4.92319669332909	1.68955608412293e-06
"log(Species):Latitude"	-0.00105243774158016	0.000965797561090278	-1.08970842750118	0.277055814502371
"log(Species):Lakeweb:Latitude"	0.00484349588321947	0.00153171320022035	3.16214281010486	0.00179118582160555
"log(Species):Stream:Latitude"	0.00500437858284629	0.00173361225511824	2.88667697639514	0.00428871645715222
