"Estimate"	"Std. Error"	"t value"	"Pr(>|t|)"
"(Intercept)"	-1.48293138487809	0.121150294692048	-12.2404273852371	1.44837491464453e-26
"log(Species)"	0.77041600795549	0.0485142374750629	15.8802044111586	3.02465191064586e-38
"log(Species):Lakeweb"	-0.0423721385861046	0.0615502127938632	-0.688415793589738	0.491922900860156
"log(Species):Marine"	0.125589444549444	0.025288382482891	4.96629013873911	1.37679766187604e-06
"log(Species):Latitude"	-0.000832750487723002	0.000828353229460404	-1.00530843377705	0.315862904066503
"log(Species):Lakeweb:Latitude"	0.00408344835578391	0.00149762432341322	2.72661727774117	0.00691936272865653
