"Estimate"	"Std. Error"	"t value"	"Pr(>|t|)"
"(Intercept)"	-1.48170451768485	0.121419425926052	-12.2031915929766	1.9007752370606e-26
"log(Species)"	0.770091692314082	0.0485895450364033	15.8489175343611	3.81169488690061e-38
"log(Species):Latitude"	-0.000832872743801812	0.000829210909990024	-1.00441604634921	0.31629168375726
"log(Species):Lakeweb"	-0.0398267278866576	0.061925327211218	-0.643141177935396	0.520808409812574
"log(Species):Marine"	0.125531356222231	0.0253161041875458	4.9585574183245	1.42694078769196e-06
"log(Species):Latitude:Lakeweb"	0.00397525739678509	0.00150221532736252	2.64626337141997	0.00873197818296205
