"Estimate"	"Std. Error"	"t value"	"Pr(>|t|)"
"(Intercept)"	-1.23969630390996	0.146725395939822	-8.44909155616392	4.25647059722507e-15
"log(Species)"	0.70317897271568	0.0541030764465677	12.9970238089906	6.03544412746323e-29
"log(Species):Lakeweb"	-0.0590942091588493	0.0683817329593096	-0.864181216261559	0.388442581275952
"log(Species):Marine"	0.128819039915306	0.0288806143530644	4.46039818753502	1.31280416056716e-05
"log(Species):Terr"	-0.0515141523372928	0.027058451609731	-1.90381005832451	0.0582580010257415
"log(Species):Latitude"	-0.00114759696394379	0.000910389870680179	-1.26055550583662	0.208822769642692
"log(Species):Lakeweb:Latitude"	0.00341091150560181	0.00161160285448809	2.11647149674804	0.0354439897151219
