"Estimate"	"Std. Error"	"t value"	"Pr(>|t|)"
"(Intercept)"	-1.11196496313318	0.115926242024464	-9.59200387862584	2.23128350424914e-18
"log(Species)"	0.723988881319736	0.051680702466964	14.0088823634418	3.77582966679992e-32
"log(Species):Lakeweb"	-0.0519309825355654	0.0626142450527544	-0.829379680164027	0.407805211578013
"log(Species):Stream"	-0.134141795357717	0.0760375805955472	-1.76415128291933	0.079120038027974
"log(Species):Marine"	0.136734059352053	0.0272889868533231	5.01059493659446	1.12779951301678e-06
"log(Species):Latitude"	-0.00116569432733042	0.000964051667780897	-1.20916167285274	0.227922597832425
"log(Species):Lakeweb:Latitude"	0.00496341777309146	0.00152634927716162	3.25182305738131	0.00133037974075197
"log(Species):Stream:Latitude"	0.0051185488526415	0.00172692174119877	2.96397267492178	0.00337765932962023
