"Estimate"	"Std. Error"	"t value"	"Pr(>|t|)"
"(Intercept)"	-0.318676139160788	0.136393690945123	-2.33644340110281	0.0205161561484618
"log(Species)"	0.637122893422443	0.0537003892912039	11.8643999016	1.26015740463466e-24
"log(Species):Lakeweb"	-0.0876263917825047	0.0644228598294073	-1.36017544105525	0.175394547327325
"log(Species):Terr"	-0.0601632336003597	0.0256589772570016	-2.34472453822932	0.0200790710068472
"log(Species):Latitude"	-0.000825388038936762	0.000910005471970701	-0.907014368989791	0.365554151552355
"log(Species):Lakeweb:Latitude"	0.00360861946671923	0.00153113998351204	2.35681877919613	0.0194554471274286
