"Estimate"	"Std. Error"	"t value"	"Pr(>|t|)"
"(Intercept)"	-1.00548222219206	0.135514691002138	-7.41972855309245	3.86808122224225e-12
"log(Species)"	0.646854334901091	0.0542705136612934	11.9190752263404	8.66543230850175e-25
"log(Species):Lakeweb"	-0.0994471164848749	0.0652072919434246	-1.52509195706452	0.128907765015491
"log(Species):Terr"	-0.0573295618027809	0.0257419742726097	-2.22708488461903	0.0271218822957642
"log(Species):Latitude"	-0.00108335805568219	0.000939015389122081	-1.15371704045773	0.250073058624539
"log(Species):Lakeweb:Latitude"	0.00392969961837923	0.00154848034930296	2.53777816434556	0.0119630682874445
