"Estimate"	"Std. Error"	"t value"	"Pr(>|t|)"
"(Intercept)"	-1.49382148810916	0.122178981579442	-12.2265013899945	1.60338686317172e-26
"log(Species)"	0.773294747263103	0.0487124051930487	15.8746985331254	3.15028766166883e-38
"log(Species):Latitude"	-0.000831665299916032	0.000828908334746305	-1.00332601936084	0.316815948138797
"log(Species):Lakeweb"	-0.0415609549902777	0.0616168071587069	-0.674506792979857	0.500703827743644
"log(Species):Marine"	0.126105056902075	0.0253155024497407	4.98133731109756	1.28406866723881e-06
"log(Species):Latitude:Lakeweb"	0.00398868538291372	0.00149854223142231	2.66171036042671	0.00835345978153004
