"Estimate"	"Std. Error"	"t value"	"Pr(>|t|)"
"(Intercept)"	-1.19506565173806	0.130988308787893	-9.12345279358646	3.35958660995224e-16
"log(Species)"	0.72320693231794	0.0535665275070395	13.5010979052711	4.62616963499161e-28
"log(Species):Lakeweb"	-0.0179043087180626	0.0838009521285936	-0.213652807793737	0.831095020946464
"log(Species):Terr"	-0.0243804239999275	0.0280186073760003	-0.870151170354416	0.385546251562146
"log(Species):Latitude"	-0.00117955779705512	0.000938193251657291	-1.25726527554047	0.210524657853859
"log(Species):Lakeweb:Latitude"	0.00173293672153342	0.00186638956481046	0.928496790920179	0.354575225105455
