"Estimate"	"Std. Error"	"t value"	"Pr(>|t|)"
"(Intercept)"	-1.5012136251997	0.121207591793495	-12.3854752246655	5.01708363865699e-27
"log(Species)"	0.766050168398244	0.0484416351885462	15.8138792263431	4.9388157946514e-38
"log(Species):Lakeweb"	-0.0322478098212729	0.0617183582593789	-0.522499475532833	0.60185317999519
"log(Species):Marine"	0.122407980151139	0.0252903377797596	4.84010855122325	2.4556415335299e-06
"log(Species):Latitude"	-0.000613433635574074	0.000838203357471666	-0.731843448377991	0.46505012882141
"log(Species):Lakeweb:Latitude"	0.00381395925317428	0.00149754636100372	2.54680546291603	0.0115609323000787
