"Estimate"	"Std. Error"	"t value"	"Pr(>|t|)"
"(Intercept)"	-1.20663015654026	0.13010193891772	-9.27449787895453	1.1885752601573e-16
"log(Species)"	0.671913243596997	0.036492620560566	18.4123045502265	2.30433525217452e-41
"log(Species):Lakeweb"	0.0603833959508845	0.024975274588209	2.41772700987208	0.0167412499264893
