"Estimate"	"Std. Error"	"t value"	"Pr(>|t|)"
"(Intercept)"	-1.17667219161966	0.130216722061017	-9.03626026669827	5.68026939226205e-16
"log(Species)"	0.719613931740608	0.0535533440270005	13.437329541509	6.90565950961957e-28
"log(Species):Lakeweb"	-0.0178406073379328	0.0839309205981541	-0.212562988834	0.831943575440092
"log(Species):Terr"	-0.025122969682749	0.0280450741547526	-0.895806855211739	0.371727345335675
"log(Species):Latitude"	-0.00119429435069885	0.000939288038987553	-1.27148893750011	0.205435154410314
"log(Species):Lakeweb:Latitude"	0.00176015701860126	0.00186861190996491	0.941959648878784	0.347660452707167
