"Estimate"	"Std. Error"	"t value"	"Pr(>|t|)"
"(Intercept)"	-0.51700041778197	0.145374723369396	-3.55632950350162	0.000461662797564713
"log(Species)"	0.692852632833985	0.0534619675795692	12.9597293964684	7.93859169170166e-29
"log(Species):Latitude"	-0.00111927490694343	0.000897359333183726	-1.24729845174995	0.213632537771735
"log(Species):Lakeweb"	-0.0594038842842377	0.067426869154165	-0.881012050973575	0.37928603535373
"log(Species):Marine"	0.124540697180752	0.0284603563893899	4.3759359678005	1.8785405450159e-05
"log(Species):Terr"	-0.0517305025778807	0.0266728859171402	-1.93944152644684	0.0537439297567073
"log(Species):Latitude:Lakeweb"	0.00333059481819205	0.00158858174474404	2.09658384229305	0.037188966300132
