"Estimate"	"Std. Error"	"t value"	"Pr(>|t|)"
"(Intercept)"	-0.866877385925636	0.128333279836068	-6.75489153735474	2.67335171494354e-10
"log(Species)"	0.696770197475163	0.0560061529726468	12.440958010729	4.03630326975585e-25
"log(Species):Lakeweb"	-0.0210275230330258	0.0823641636944159	-0.255299417730279	0.79882813354086
"log(Species):Stream"	-0.282456702912525	0.0838875547599866	-3.36708709320078	0.000956763021629036
"log(Species):Latitude"	-0.00176523176290401	0.00106850954855882	-1.65205052709628	0.100535653184705
"log(Species):Lakeweb:Latitude"	0.00307884836501086	0.00187093633352277	1.64561899293159	0.101855564272481
"log(Species):Stream:Latitude"	0.00848048383765272	0.0018872952526006	4.49345899957467	1.35803852556735e-05
