"Estimate"	"Std. Error"	"t value"	"Pr(>|t|)"
"(Intercept)"	-1.22043903028783	0.147334140924918	-8.28347742503053	1.23112801759595e-14
"log(Species)"	0.698520116373026	0.0542703602880955	12.871116253235	1.52199340217144e-28
"log(Species):Lakeweb"	-0.0580014397097526	0.0686512435161672	-0.844870926425293	0.399113438808567
"log(Species):Marine"	0.127738257669718	0.0290199244030483	4.40174329524788	1.68464539591318e-05
"log(Species):Terr"	-0.051854140289601	0.0271726176425272	-1.90832333387142	0.057669234787084
"log(Species):Latitude"	-0.00115434637346029	0.000913563274944861	-1.26356477445962	0.207742070781947
"log(Species):Lakeweb:Latitude"	0.0034134085165357	0.00161725668698012	2.11061641854114	0.0359502658876847
