"Estimate"	"Std. Error"	"t value"	"Pr(>|t|)"
"(Intercept)"	-1.00403744806349	0.135701662390377	-7.39885886714595	4.3696048511821e-12
"log(Species)"	0.63529880395238	0.0536680319689783	11.8375647595873	1.5142973504049e-24
"log(Species):Lakeweb"	-0.0857611523093064	0.0643711218541681	-1.33229233605089	0.184368318259594
"log(Species):Terr"	-0.0600450106128915	0.0256411213031186	-2.34174667726362	0.0202352926118992
"log(Species):Latitude"	-0.000827116238467457	0.000909610419855444	-0.90930822736057	0.364345551533871
"log(Species):Lakeweb:Latitude"	0.00367359554469629	0.00153050421151855	2.40025183664891	0.0173542522100025
