"Estimate"	"Std. Error"	"t value"	"Pr(>|t|)"
"(Intercept)"	-1.18624063616781	0.130334770608514	-9.101490190449	3.40490280862518e-16
"log(Species)"	0.667048475477789	0.0366259969488054	18.212431907592	7.54216580415726e-41
"log(Species):Lakeweb"	0.0592701655368602	0.025083059387516	2.36295599436962	0.019331581038941
