"Estimate"	"Std. Error"	"t value"	"Pr(>|t|)"
"(Intercept)"	-1.47460371798826	0.121229446661931	-12.1637420494085	2.53471964474198e-26
"log(Species)"	0.768175765385478	0.0484844905920802	15.8437421122654	3.96036035754286e-38
"log(Species):Latitude"	-0.000832661296135791	0.000826987652766885	-1.00686061436337	0.315118018941803
"log(Species):Lakeweb"	-0.0433354865461345	0.0614504967817385	-0.705209702373191	0.481432552060737
"log(Species):Marine"	0.128582629768596	0.0253681726201237	5.06865952443873	8.5416791114977e-07
"log(Species):Latitude:Lakeweb"	0.00402590142058725	0.00149363251060098	2.69537613302712	0.00757924021724315
