"Estimate"	"Std. Error"	"t value"	"Pr(>|t|)"
"(Intercept)"	-0.311738453078515	0.135400341554264	-2.30234613517264	0.022405156089956
"log(Species)"	0.635233955150684	0.0535455630335243	11.8634284366936	1.26856749750107e-24
"log(Species):Lakeweb"	-0.0921297417998736	0.0643830072141286	-1.4309636313424	0.154091989709176
"log(Species):Terr"	-0.0601207993713041	0.0255815106874007	-2.35016610652766	0.0197963398109174
"log(Species):Latitude"	-0.00082625142901691	0.000907495949520169	-0.910473957987123	0.363732311225591
"log(Species):Lakeweb:Latitude"	0.00380713953715262	0.00154086680301801	2.47077783082599	0.0143677056298275
