"Estimate"	"Std. Error"	"t value"	"Pr(>|t|)"
"(Intercept)"	-0.644769313362922	0.136545357500602	-4.72201563762488	4.55518960693793e-06
"log(Species)"	0.556509594710478	0.0562445164514073	9.89446847127358	7.57440784093438e-19
"log(Species):Lakeweb"	-0.0628536736133867	0.0649305342188603	-0.968014114923602	0.334280979480724
"log(Species):Stream"	-0.191763208686102	0.0895234818861972	-2.14204368111902	0.0334766061153897
"log(Species):Latitude"	-0.000649582052263018	0.00103443424176261	-0.627958768221138	0.530793002273397
"log(Species):Lakeweb:Latitude"	0.00461615697645223	0.00158922321473867	2.90466243737277	0.00411721154268574
"log(Species):Stream:Latitude"	0.00669978834101138	0.00201322948851608	3.32788108818617	0.00105274770487301
