"Estimate"	"Std. Error"	"t value"	"Pr(>|t|)"
"(Intercept)"	-0.871470536241136	0.14114454780772	-6.17431243202065	3.27189202423491e-09
"log(Species)"	0.663714622436993	0.0615705963533289	10.779733537551	6.11049928957621e-22
"log(Species):Lakeweb"	-0.0814150972541221	0.0742451148022014	-1.09657177406247	0.274055345477841
"log(Species):Stream"	-0.159481710794182	0.0866894430483674	-1.83969010742405	0.0671924728121041
"log(Species):Marine"	0.119717221363914	0.0369429448819256	3.24059767694605	0.00138224037199458
"log(Species):Terr"	-0.0578485068157079	0.0356370974051583	-1.6232665123657	0.105997725924438
"log(Species):Latitude"	-0.00110112976051899	0.00107782767403982	-1.02161949172434	0.308109178650987
"log(Species):Lakeweb:Latitude"	0.00456543606825303	0.00167823208804687	2.72038420714878	0.0070541834789782
"log(Species):Stream:Latitude"	0.00510634296495781	0.00189515725305933	2.69441649589484	0.00760817217116404
