"Estimate"	"Std. Error"	"t value"	"Pr(>|t|)"
"(Intercept)"	-1.20816029247003	0.145863406803323	-8.28281965262936	1.23630687499671e-14
"log(Species)"	0.69563347125346	0.0539467951671316	12.8948062456413	1.27898725950999e-28
"log(Species):Lakeweb"	-0.0591995441786587	0.0683336420044744	-0.86633087952172	0.387265596479554
"log(Species):Marine"	0.131604178939842	0.0289952449065349	4.53881936034902	9.36945899666133e-06
"log(Species):Terr"	-0.0521778192579555	0.0270375555122491	-1.92982754059688	0.0549319470530629
"log(Species):Latitude"	-0.0011580415541054	0.000909735177323058	-1.27294358069455	0.204400134108572
"log(Species):Lakeweb:Latitude"	0.00342067375369727	0.00161047175102541	2.12401971752643	0.0348003594736813
