"Estimate"	"Std. Error"	"t value"	"Pr(>|t|)"
"(Intercept)"	-0.620712629728461	0.135973931161343	-4.56493847333089	9.0103090895359e-06
"log(Species)"	0.550735775427784	0.0561576119058368	9.80696572979704	1.34500195820276e-18
"log(Species):Lakeweb"	-0.0626522316339091	0.064884279803653	-0.965599553905841	0.33548506072847
"log(Species):Stream"	-0.191511871221264	0.0894608851550169	-2.14073302415255	0.0335837161675166
"log(Species):Latitude"	-0.000649064092770597	0.00103369903541584	-0.627904322760145	0.53082859311072
"log(Species):Lakeweb:Latitude"	0.00463590032440337	0.00158814100905914	2.91907349407834	0.00393953447536659
"log(Species):Stream:Latitude"	0.00668592279210424	0.00201175882522154	3.32342162901558	0.00106876487084142
