"Estimate"	"Std. Error"	"t value"	"Pr(>|t|)"
"(Intercept)"	-0.877310937600611	0.141241777914675	-6.21141244859295	2.6793789700311e-09
"log(Species)"	0.663615222417347	0.0614885685193879	10.7924975063959	5.58411715379484e-22
"log(Species):Lakeweb"	-0.0825545778793463	0.074302322334876	-1.11106322501305	0.267782096545204
"log(Species):Stream"	-0.157931418655608	0.086496656140091	-1.82586733063786	0.0692573628011924
"log(Species):Marine"	0.120015219321731	0.0369386068269425	3.24904563629058	0.00134371730393483
"log(Species):Terr"	-0.0585818157359278	0.0355053345693761	-1.64994405619418	0.100414526131727
"log(Species):Latitude"	-0.00106295282682683	0.00106925631818647	-0.994104789233017	0.321289348284174
"log(Species):Lakeweb:Latitude"	0.00458654860439375	0.00167854558345693	2.73245400637131	0.00680932618988306
"log(Species):Stream:Latitude"	0.00506886458228193	0.00189008924384127	2.68181230002683	0.00789097495261079
