"Estimate"	"Std. Error"	"t value"	"Pr(>|t|)"
"(Intercept)"	-0.894641651561495	0.139139414811368	-6.42982186445417	8.46213751613081e-10
"log(Species)"	0.701199208456541	0.0603648022571635	11.6160275895434	2.05110201090914e-24
"log(Species):Lakeweb"	-0.106911965902984	0.0724110131399405	-1.47646001991945	0.141318386768171
"log(Species):Stream"	-0.169150209038766	0.0863361722108072	-1.95920440653486	0.0514123049896851
"log(Species):Marine"	0.0815192850190289	0.0349823847852755	2.33029524771968	0.0207397312877767
"log(Species):Terr"	-0.094698432983248	0.0334232924158201	-2.83330653979573	0.00505595130290299
"log(Species):Latitude"	-0.00112889465687544	0.00106012555690639	-1.06486882569809	0.288158133701968
"log(Species):Lakeweb:Latitude"	0.0044862933500007	0.00166204210586055	2.69926576118712	0.00751521308029613
"log(Species):Stream:Latitude"	0.00494928298998058	0.00189856920082565	2.60684887747481	0.0097930449182217
