"Estimate"	"Std. Error"	"t value"	"Pr(>|t|)"
"(Intercept)"	-1.20731257059639	0.146918446491529	-8.21756967506461	1.87333622656507e-14
"log(Species)"	0.698409272497103	0.0540754485796287	12.9154596187706	1.09897965329894e-28
"log(Species):Lakeweb"	-0.0622573558069099	0.068754106792536	-0.905507448373522	0.36620089809742
"log(Species):Marine"	0.12625376071915	0.0289841456416116	4.35595936758927	2.04314499521771e-05
"log(Species):Terr"	-0.0530998716635589	0.0271621647885031	-1.95492045928661	0.0518765849794429
"log(Species):Latitude"	-0.00121323101779029	0.00091592719981733	-1.32459328430497	0.186699366444301
"log(Species):Lakeweb:Latitude"	0.00347610969344868	0.00161746132158631	2.14911457050455	0.0327322852868532
