"Estimate"	"Std. Error"	"t value"	"Pr(>|t|)"
"(Intercept)"	-1.23073949895888	0.143465680364243	-8.57863355078491	2.03901284253869e-15
"log(Species)"	0.734176505425385	0.0538816929034482	13.6257134077241	8.8044164731241e-31
"log(Species):Lakeweb"	-0.0915852018791434	0.0675606373503271	-1.35560002793106	0.176668828281557
"log(Species):Marine"	0.0965977630712597	0.0286270634314663	3.37435110319704	0.000879731812609754
"log(Species):Terr"	-0.07944139655069	0.0267817759438221	-2.96624826961914	0.00336033010788167
"log(Species):Latitude"	-0.00146632861593086	0.000901238830336134	-1.6270144678342	0.105219400219248
"log(Species):Lakeweb:Latitude"	0.00373078000565481	0.00159415119966499	2.34029244304984	0.0201979411441417
