"Estimate"	"Std. Error"	"t value"	"Pr(>|t|)"
"(Intercept)"	-0.663710084388163	0.13383335527215	-4.95922771299061	1.5765085332435e-06
"log(Species)"	0.572912747112757	0.0555616886264735	10.311291130194	4.81760050039819e-20
"log(Species):Lakeweb"	-0.0726032770814763	0.0637865671928179	-1.13822204700257	0.256476191808905
"log(Species):Stream"	-0.203818294447422	0.0879965958892599	-2.31620658035362	0.0216253857197613
"log(Species):Latitude"	-0.000739633995016023	0.00101616823069793	-0.727865694549436	0.467601350696725
"log(Species):Lakeweb:Latitude"	0.00468926437197353	0.00156048279775197	3.00500869264876	0.00301795970783053
"log(Species):Stream:Latitude"	0.00680034936467862	0.00197697207723061	3.43978017848625	0.000717117071589125
