"Estimate"	"Std. Error"	"t value"	"Pr(>|t|)"
"(Intercept)"	-1.21301573574467	0.146987427188201	-8.25251355812589	1.49983874438132e-14
"log(Species)"	0.696786020542024	0.0542173135130743	12.8517253141655	1.75483838396351e-28
"log(Species):Lakeweb"	-0.0627993282316074	0.0689931387817664	-0.910225702736169	0.36371341946539
"log(Species):Marine"	0.125846676630248	0.0290245679811258	4.33586734907075	2.22260063589135e-05
"log(Species):Terr"	-0.0520744741670962	0.0271219617435745	-1.92001134207902	0.0561676224426094
"log(Species):Latitude"	-0.00115622088801957	0.000912532171316394	-1.26704671283166	0.206496729185475
"log(Species):Lakeweb:Latitude"	0.00357344588470665	0.00163980099961806	2.17919484470309	0.0303937714494988
