"Estimate"	"Std. Error"	"t value"	"Pr(>|t|)"
"(Intercept)"	-0.487409901593629	0.128925898859334	-3.78054297783428	0.000220549628135009
"log(Species)"	0.665229072378454	0.0362399897001038	18.3562158235533	3.21253575372641e-41
"log(Species):Lakeweb"	0.0594610147389169	0.0249632507273901	2.38194197495582	0.0183961627203672
