"Estimate"	"Std. Error"	"t value"	"Pr(>|t|)"
"(Intercept)"	-1.23667227678446	0.142765855895149	-8.66224118526429	1.18751253153924e-15
"log(Species)"	0.73586047849965	0.0537214274758037	13.6977089603787	5.20402310370782e-31
"log(Species):Latitude"	-0.00147089147538012	0.000900411553051975	-1.6335768575986	0.103831923013372
"log(Species):Lakeweb"	-0.0912892577420545	0.0675264379492529	-1.35190394332157	0.177846590165919
"log(Species):Marine"	0.0969560093064436	0.0285702009756253	3.39360613490825	0.00082313059718684
"log(Species):Terr"	-0.0807255974311448	0.0269228528959627	-2.99840428290014	0.00303825773540848
"log(Species):Latitude:Lakeweb"	0.00373345690657493	0.001593266491829	2.34327209272385	0.0200414945353956
