"Estimate"	"Std. Error"	"t value"	"Pr(>|t|)"
"(Intercept)"	-1.20705761640299	0.131552321475334	-9.17549460827505	2.17215849349799e-16
"log(Species)"	0.672361479037091	0.0368683667741475	18.2368121472785	6.52491523740529e-41
"log(Species):Lakeweb"	0.0600730312852217	0.0250400025712973	2.39908247270237	0.0175862541600206
