"Estimate"	"Std. Error"	"t value"	"Pr(>|t|)"
"(Intercept)"	-1.17306386821087	0.130342056083533	-8.99988770668985	6.30017427487509e-16
"log(Species)"	0.664041354764873	0.0365545827479178	18.1657484464844	9.95546368182535e-41
"log(Species):Lakeweb"	0.0574289813794048	0.0249948915221028	2.29762875060373	0.0228783840763866
