"Estimate"	"Std. Error"	"t value"	"Pr(>|t|)"
"(Intercept)"	-0.536720371163297	0.141651262625872	-3.78902638221361	0.000195907290023766
"log(Species)"	0.69914410378739	0.0523892306903416	13.3451874473943	4.65299025685652e-30
"log(Species):Latitude"	-0.00114911428615611	0.000882644191575839	-1.30189978829921	0.194330931362956
"log(Species):Lakeweb"	-0.0591351474496485	0.0662912534309401	-0.892050525357066	0.373353950167505
"log(Species):Marine"	0.126378514366172	0.0279880639818592	4.51544324209369	1.03652435775394e-05
"log(Species):Terr"	-0.0373060313020029	0.0267689053946325	-1.39363305118495	0.164854082645936
"log(Species):Latitude:Lakeweb"	0.0033547005992843	0.00156242064860958	2.1471174246639	0.0328928983319747
