"Estimate"	"Std. Error"	"t value"	"Pr(>|t|)"
"(Intercept)"	-0.849998645190494	0.141022459196432	-6.02739911099211	7.16188533683152e-09
"log(Species)"	0.667725082131044	0.062381742698716	10.7038542567806	1.04322687431247e-21
"log(Species):Lakeweb"	-0.0989333846728185	0.0754527566997942	-1.31119642276885	0.191190033661527
"log(Species):Stream"	-0.168826289769831	0.0872584484276292	-1.93478445711596	0.0543287974407248
"log(Species):Marine"	0.118738187273311	0.0368340861951114	3.22359530366385	0.00146290015698761
"log(Species):Terr"	-0.0569206886718061	0.0355025988952487	-1.60328230729677	0.110340375449292
"log(Species):Latitude"	-0.00132961273420435	0.00111332299073403	-1.19427402943302	0.23368671250639
"log(Species):Lakeweb:Latitude"	0.0050432429063262	0.00172093822358346	2.93051943249002	0.00374939533331492
"log(Species):Stream:Latitude"	0.00533225775704207	0.00191163294204997	2.78937323151794	0.00575511657583046
