"Estimate"	"Std. Error"	"t value"	"Pr(>|t|)"
"(Intercept)"	-0.88728766369484	0.138848731252979	-6.39031884330454	1.05093865059082e-09
"log(Species)"	0.700693150905609	0.060425102473288	11.5960606143012	2.36453456208209e-24
"log(Species):Lakeweb"	-0.108860119107508	0.0726769853587513	-1.49786233661382	0.135670618132109
"log(Species):Stream"	-0.170508004508872	0.0865386716797582	-1.9703099342667	0.050116984429175
"log(Species):Marine"	0.0825741394999099	0.0349184822345134	2.3647688620983	0.0189526975132322
"log(Species):Terr"	-0.0940565536221497	0.033573218514063	-2.80153520529322	0.00556132840006712
"log(Species):Latitude"	-0.00116312824208115	0.00106878589658084	-1.08827057486642	0.27772305596385
"log(Species):Lakeweb:Latitude"	0.00452286467926965	0.00166812228884952	2.7113507861519	0.00725574755887555
"log(Species):Stream:Latitude"	0.00498311132468963	0.00190389530314257	2.61732423860939	0.00950687423519621
