"Estimate"	"Std. Error"	"t value"	"Pr(>|t|)"
"(Intercept)"	-0.860554419213392	0.141539913481138	-6.07994167898139	5.41959029893329e-09
"log(Species)"	0.659660785592728	0.0614521350623953	10.7345462435592	8.40373942873896e-22
"log(Species):Lakeweb"	-0.0872072697096682	0.0742563853354867	-1.17440768649955	0.241530912702905
"log(Species):Stream"	-0.1581396924004	0.0863485328510721	-1.83141145748415	0.0684229448916089
"log(Species):Marine"	0.11785472107125	0.0369393498669215	3.19049256404988	0.00163261107521465
"log(Species):Terr"	-0.0589334130842185	0.0354454240085047	-1.66265222472944	0.0978391940395871
"log(Species):Latitude"	-0.00106998137731252	0.00106743662233027	-1.00238398695437	0.317284983187292
"log(Species):Lakeweb:Latitude"	0.00477626367527744	0.00169187711200833	2.82305590717981	0.00520337485225068
"log(Species):Stream:Latitude"	0.00507388894123557	0.00188685321179412	2.68907454460172	0.0077268942735676
