"Estimate"	"Std. Error"	"t value"	"Pr(>|t|)"
"(Intercept)"	-1.23836246036246	0.142818101144573	-8.67090691192484	1.12265036918947e-15
"log(Species)"	0.736061756293351	0.0536960192664351	13.7079389934117	4.82931656918914e-31
"log(Species):Latitude"	-0.00146549768871081	0.000900184721761696	-1.62799662478472	0.105010806099152
"log(Species):Lakeweb"	-0.0909264787558142	0.0675179161299931	-1.34670149743295	0.179514316586523
"log(Species):Marine"	0.0954141141411304	0.0286525600035091	3.33003801857303	0.00102408319728956
"log(Species):Terr"	-0.0792788284451772	0.026749936360728	-2.9637015720743	0.00338713066541557
"log(Species):Latitude:Lakeweb"	0.00372752583092761	0.00159291449391445	2.34006649143328	0.0202098483994951
