"Estimate"	"Std. Error"	"t value"	"Pr(>|t|)"
"(Intercept)"	-0.319632433595664	0.136694813748527	-2.33829232309926	0.0204178498355864
"log(Species)"	0.637251519857738	0.0537918049636857	11.8466283161151	1.42320040952484e-24
"log(Species):Lakeweb"	-0.087419089347246	0.0643999028006908	-1.35744132437275	0.176259685361912
"log(Species):Terr"	-0.0601041902284885	0.0256548399593228	-2.34280121504508	0.0201798486733109
"log(Species):Latitude"	-0.000823491778756646	0.000909785225626593	-0.905149650225949	0.366538500903572
"log(Species):Lakeweb:Latitude"	0.00360586769879882	0.00153090232069588	2.35538717921583	0.0195283647527688
