"Estimate"	"Std. Error"	"t value"	"Pr(>|t|)"
"(Intercept)"	-1.01192916863413	0.137033083717452	-7.38456102119562	4.74975675622549e-12
"log(Species)"	0.637316877168413	0.0539249201250772	11.8185965911526	1.72422018080776e-24
"log(Species):Lakeweb"	-0.0876449635309073	0.0645592691476778	-1.35758915316128	0.176212827050023
"log(Species):Terr"	-0.0600296152611821	0.0257183263614609	-2.33411826327614	0.0206403730617054
"log(Species):Latitude"	-0.000824354110410317	0.000912036613309578	-0.903860764338089	0.367219851944519
"log(Species):Lakeweb:Latitude"	0.0036649281893897	0.00153469074738339	2.38805648345656	0.0179229784461647
