"Estimate"	"Std. Error"	"t value"	"Pr(>|t|)"
"(Intercept)"	-0.511434389312613	0.143358518554283	-3.56752005022261	0.000443445110934406
"log(Species)"	0.690093584650515	0.0530699081993833	13.0034817859085	5.75563263040076e-29
"log(Species):Latitude"	-0.00108812018506388	0.000895891358362703	-1.21456711788413	0.225851251144009
"log(Species):Lakeweb"	-0.0584964785771369	0.067265812817767	-0.869631631979421	0.385462634807083
"log(Species):Marine"	0.129322804012499	0.0287202310739444	4.50284691928623	1.09432428679495e-05
"log(Species):Terr"	-0.0516670047312983	0.0266104561550037	-1.94160537611014	0.0534795376351054
"log(Species):Latitude:Lakeweb"	0.00330105842520777	0.00158532295521478	2.08226242756987	0.0384907095002598
