"Estimate"	"Std. Error"	"t value"	"Pr(>|t|)"
"(Intercept)"	-0.318353148003974	0.134249803790624	-2.37134907474783	0.0187288162957603
"log(Species)"	0.636910718328022	0.0531539517006629	11.9823775646031	5.61532395952735e-25
"log(Species):Lakeweb"	-0.100528658042861	0.064174243633152	-1.56649540924123	0.118905438186828
"log(Species):Terr"	-0.0600914774019519	0.0254154871804281	-2.36436456934129	0.0190750560560673
"log(Species):Latitude"	-0.000823980639244626	0.000901602543883329	-0.913906737325324	0.36193025720164
"log(Species):Lakeweb:Latitude"	0.00416818846078836	0.0015470595363644	2.6942650640218	0.00768961761048624
