"Estimate"	"Std. Error"	"t value"	"Pr(>|t|)"
"(Intercept)"	-0.502380318746721	0.130523045793981	-3.84897790034477	0.000172234811074611
"log(Species)"	0.723009969035692	0.0533762622597668	13.5455338839017	3.49965258191499e-28
"log(Species):Lakeweb"	-0.0187522421229928	0.0835032959313287	-0.22456888574092	0.822606673717571
"log(Species):Terr"	-0.0245002827957742	0.02791908688235	-0.877545992066915	0.381531041679304
"log(Species):Latitude"	-0.00117826003803566	0.000934860842794448	-1.26035874442409	0.209409990268516
"log(Species):Lakeweb:Latitude"	0.00170061513351447	0.00185976025563955	0.914427076478011	0.361894715802767
