"Estimate"	"Std. Error"	"t value"	"Pr(>|t|)"
"(Intercept)"	-0.50596254026357	0.143914083261899	-3.51572638893724	0.00053383791359015
"log(Species)"	0.690158630582991	0.0532130616062251	12.9697222777773	7.37653816089853e-29
"log(Species):Latitude"	-0.00112170500815864	0.000897207661335449	-1.2502178219132	0.212566515550664
"log(Species):Lakeweb"	-0.0603818364572188	0.0673936821461706	-0.895956928518258	0.37126857639599
"log(Species):Marine"	0.125967306744919	0.0285802563009605	4.40749395031441	1.64413469409129e-05
"log(Species):Terr"	-0.0519560827896866	0.0266653456238067	-1.94844962906839	0.0526504563945264
"log(Species):Latitude:Lakeweb"	0.00333623419442781	0.00158829496795465	2.10051297884806	0.0368384941291595
