"Estimate"	"Std. Error"	"t value"	"Pr(>|t|)"
"(Intercept)"	-1.1779991695174	0.130513965705356	-9.02584764129236	6.04733854515554e-16
"log(Species)"	0.719945518163838	0.053671967444421	13.4138089666522	8.00561900320114e-28
"log(Species):Lakeweb"	-0.0200570314518621	0.0841083815944066	-0.23846650086055	0.81183026272031
"log(Species):Terr"	-0.0251259415829201	0.0281060856959601	-0.893968013003378	0.372707362190385
"log(Species):Latitude"	-0.00119365859541007	0.000941331876176152	-1.26805287871363	0.206656295054478
"log(Species):Lakeweb:Latitude"	0.00175787986995788	0.00187267866548516	0.938698081180127	0.34932765554025
