"Estimate"	"Std. Error"	"t value"	"Pr(>|t|)"
"(Intercept)"	-0.31648607669525	0.135364069310955	-2.33803607047471	0.0204314498992812
"log(Species)"	0.636437433247575	0.0535740097440195	11.8795930393958	1.13564304064148e-24
"log(Species):Lakeweb"	-0.0799752124102139	0.0650445948399628	-1.22954432427455	0.220396225877055
"log(Species):Terr"	-0.0600997538543522	0.0256093307412068	-2.34679127157542	0.0199712727012303
"log(Species):Latitude"	-0.000824621594947006	0.000908480307541134	-0.907693417349797	0.365196108445097
"log(Species):Lakeweb:Latitude"	0.00344493778392794	0.00154406350366817	2.23108555816774	0.0268509640428017
