"Estimate"	"Std. Error"	"t value"	"Pr(>|t|)"
"(Intercept)"	-0.32981279949092	0.135632492971712	-2.4316650993041	0.0159621305300561
"log(Species)"	0.640265419852508	0.0536276059038326	11.9391013091403	7.55435643827702e-25
"log(Species):Lakeweb"	-0.0868568116583428	0.0642298264721568	-1.3522815867484	0.177901075462614
"log(Species):Terr"	-0.0627781150898229	0.0257776621900075	-2.4353688331814	0.0158046976894733
"log(Species):Latitude"	-0.000830366947870122	0.000907965377694718	-0.914535915431474	0.361600579660547
"log(Species):Lakeweb:Latitude"	0.00360363544084303	0.00152765745995827	2.35892897151269	0.0193484030192622
