"Estimate"	"Std. Error"	"t value"	"Pr(>|t|)"
"(Intercept)"	-0.833345501701905	0.12709071368346	-6.55709199790543	7.61870837275645e-10
"log(Species)"	0.688561286881379	0.0560481125941962	12.2851824086701	1.07434585883522e-24
"log(Species):Lakeweb"	-0.0226941296128709	0.082833342021068	-0.273973366993919	0.784467520971959
"log(Species):Stream"	-0.281921963268662	0.0843455167740204	-3.34246530285648	0.00103951561323332
"log(Species):Latitude"	-0.00176931496836486	0.00107435215026722	-1.64686687500442	0.101598384458721
"log(Species):Lakeweb:Latitude"	0.00310449826372631	0.00188110444415116	1.65035932660677	0.100881388695459
"log(Species):Stream:Latitude"	0.00846400744038443	0.00189757718944629	4.46042853353132	1.5574100631616e-05
