"Estimate"	"Std. Error"	"t value"	"Pr(>|t|)"
"(Intercept)"	-0.496700857049661	0.129524045282206	-3.83481581329129	0.000180379515812731
"log(Species)"	0.667737166715048	0.0364063983090772	18.3412036820067	3.51153958284271e-41
"log(Species):Lakeweb"	0.0566527848478579	0.0250481099091173	2.26175887336061	0.0250589500750401
