"Estimate"	"Std. Error"	"t value"	"Pr(>|t|)"
"(Intercept)"	-1.03698956685363	0.133425862512826	-7.77202820595557	4.8128629691898e-13
"log(Species)"	0.645266219777815	0.0527880455220032	12.2237187112536	1.07142032383228e-25
"log(Species):Lakeweb"	-0.0867910432931147	0.0632511910193682	-1.37216456946302	0.171638581396052
"log(Species):Terr"	-0.0461332619006185	0.0256991995652923	-1.7951244661691	0.0742316387203164
"log(Species):Latitude"	-0.00085284541791786	0.000894181575693122	-0.953772076165604	0.341417265628536
"log(Species):Lakeweb:Latitude"	0.00367100028805355	0.00150442453292575	2.4401358843267	0.0156040937861914
