"Estimate"	"Std. Error"	"t value"	"Pr(>|t|)"
"(Intercept)"	-0.633075930242471	0.136457750206168	-4.63935488666629	6.53573683985468e-06
"log(Species)"	0.553603825053742	0.0563008299414307	9.83296028903397	1.13425430553177e-18
"log(Species):Lakeweb"	-0.0640555771181318	0.0651005062280495	-0.983948986414064	0.326405186251677
"log(Species):Stream"	-0.191541786408795	0.089747810438922	-2.13422238907041	0.0341201709899768
"log(Species):Latitude"	-0.000641319242304218	0.00103695195701727	-0.618465723473758	0.537016970336529
"log(Species):Lakeweb:Latitude"	0.00461835514943434	0.00159315406351418	2.89887541651004	0.00419060110937284
"log(Species):Stream:Latitude"	0.00668503758453707	0.00201809196082253	3.31255349821243	0.0011087568802017
