"Estimate"	"Std. Error"	"t value"	"Pr(>|t|)"
"(Intercept)"	-1.18695049191772	0.129722341959475	-9.14993110661325	2.53732722007207e-16
"log(Species)"	0.667571515394494	0.0364375052378349	18.3209995041406	3.95851587085629e-41
"log(Species):Lakeweb"	0.0583777431741748	0.0250399719210666	2.33138213406144	0.0209802848507612
