"Estimate"	"Std. Error"	"t value"	"Pr(>|t|)"
"(Intercept)"	-1.2196439406532	0.146527575924543	-8.32364783869272	9.52429709114961e-15
"log(Species)"	0.698460024631062	0.0542254675536513	12.8806639415326	1.41895153445338e-28
"log(Species):Lakeweb"	-0.0582058492631204	0.0686174984146244	-0.848265393054828	0.397224894942665
"log(Species):Marine"	0.12731323259435	0.0291036819307981	4.3744716870213	1.89016067351985e-05
"log(Species):Terr"	-0.0519461349048458	0.0271510006982236	-1.91323095167702	0.0570346865886417
"log(Species):Latitude"	-0.00115606245578553	0.000913748307901714	-1.26518697303008	0.207161198421095
"log(Species):Lakeweb:Latitude"	0.00341535577204612	0.00161732456472294	2.11173183573775	0.035853342147847
