"Estimate"	"Std. Error"	"t value"	"Pr(>|t|)"
"(Intercept)"	-0.830641336575572	0.127259344756982	-6.52715396391354	8.91468018223028e-10
"log(Species)"	0.687874335615582	0.0560697198481504	12.2681964075887	1.19537496797876e-24
"log(Species):Lakeweb"	-0.0289313036286468	0.0831367832556185	-0.347996428243952	0.728311995159335
"log(Species):Stream"	-0.281853892389003	0.084338748619225	-3.34192642176285	0.00104139940307971
"log(Species):Latitude"	-0.00177147279473191	0.00107427726026249	-1.64899031214629	0.101161959017902
"log(Species):Lakeweb:Latitude"	0.00324883884722063	0.00189746834260812	1.71219660126452	0.0888475073229062
"log(Species):Stream:Latitude"	0.00846450724597519	0.00189742148220373	4.46105798072036	1.55336002571957e-05
