"Estimate"	"Std. Error"	"t value"	"Pr(>|t|)"
"(Intercept)"	-0.317834432123006	0.135714543695684	-2.34193346908858	0.0202254619933693
"log(Species)"	0.637072680472873	0.0536364278231012	11.8776120321437	1.15115446952653e-24
"log(Species):Lakeweb"	-0.0878718552315708	0.0643742501469571	-1.36501559289579	0.173870846885707
"log(Species):Terr"	-0.060335075838265	0.0256575891411084	-2.35154891234876	0.0197250531383251
"log(Species):Latitude"	-0.000825545156143642	0.000909633631710193	-0.90755786435858	0.365267564086101
"log(Species):Lakeweb:Latitude"	0.00360952958097348	0.00153054433483958	2.35833062709144	0.0193787025291728
