"Estimate"	"Std. Error"	"t value"	"Pr(>|t|)"
"(Intercept)"	-1.20325497546978	0.146747114446195	-8.19951370090455	2.10104528855277e-14
"log(Species)"	0.694449042207508	0.0541827321419653	12.8167963252198	2.26763081094411e-28
"log(Species):Lakeweb"	-0.0609543290609682	0.0692390368366348	-0.880346287958716	0.379645674058015
"log(Species):Marine"	0.126647001203197	0.028944977324919	4.37543964127294	1.88247155836608e-05
"log(Species):Terr"	-0.0522796895325154	0.0271236272149426	-1.92745937400711	0.0552279465838773
"log(Species):Latitude"	-0.00115941758085364	0.000912604058117402	-1.27044973177676	0.205284896241772
"log(Species):Lakeweb:Latitude"	0.00353125765878625	0.00164393791744304	2.14804806271439	0.0328179708822592
