"Estimate"	"Std. Error"	"t value"	"Pr(>|t|)"
"(Intercept)"	-0.515700756972723	0.144167220069307	-3.57710134609521	0.000428386275875125
"log(Species)"	0.692487372920322	0.0532488172448404	13.00474656059	5.70236901872498e-29
"log(Species):Latitude"	-0.00111845007402742	0.000897105744136461	-1.24673159361388	0.213839978326492
"log(Species):Lakeweb"	-0.0594709806139043	0.0673906734715831	-0.882480876808297	0.378493336598596
"log(Species):Marine"	0.123721676327741	0.0285283969046172	4.33679034757529	2.21403567739225e-05
"log(Species):Terr"	-0.0517509821611034	0.0266628287266169	-1.94094117663673	0.0535605769241534
"log(Species):Latitude:Lakeweb"	0.00333014786308483	0.00158811588391469	2.09691742070865	0.0371591010568972
