"Estimate"	"Std. Error"	"t value"	"Pr(>|t|)"
"(Intercept)"	-1.22839057876374	0.142605425064192	-8.61391197572459	1.62360335478726e-15
"log(Species)"	0.733648854034031	0.0536740224577432	13.6686020618563	6.43680782141001e-31
"log(Species):Lakeweb"	-0.091841444248719	0.0675389521470848	-1.35982927376055	0.175328366105461
"log(Species):Marine"	0.0977357728389263	0.0287123464134878	3.40396327877314	0.000794110856079463
"log(Species):Terr"	-0.0794551023320052	0.0267596252331377	-2.96921581075105	0.00332934613798854
"log(Species):Latitude"	-0.00146895774896229	0.000900521742464985	-1.63122963021563	0.104326502663468
"log(Species):Lakeweb:Latitude"	0.00373415583209134	0.00159350820578399	2.34335525762427	0.0200371432808977
