"Estimate"	"Std. Error"	"t value"	"Pr(>|t|)"
"(Intercept)"	-0.527642414845107	0.127645821523525	-4.13364423956379	5.74605699856762e-05
"log(Species)"	0.6790020001316	0.0360127557591769	18.8544860235689	1.70046399939815e-42
"log(Species):Lakeweb"	0.0553634533506602	0.0245201883508327	2.25787227073971	0.0253057921062025
