"Estimate"	"Std. Error"	"t value"	"Pr(>|t|)"
"(Intercept)"	-0.486382671723333	0.131312517432421	-3.70400843144025	0.000293492475481368
"log(Species)"	0.719996392866227	0.0536297966631773	13.4253052904186	7.44765073270689e-28
"log(Species):Lakeweb"	-0.021318387562105	0.0837973645423069	-0.254404033808748	0.799516340216462
"log(Species):Terr"	-0.0252273492426135	0.0280157365068128	-0.900470677844888	0.369248990058311
"log(Species):Latitude"	-0.00119189199137867	0.000938128118473579	-1.27050023116031	0.205785986882458
"log(Species):Lakeweb:Latitude"	0.00172423567137698	0.00186633631380495	0.923861181193937	0.356976316040106
