"Estimate"	"Std. Error"	"t value"	"Pr(>|t|)"
"(Intercept)"	-0.516239697164131	0.129452697015923	-3.98786359082679	0.000101180850091935
"log(Species)"	0.673011678520279	0.0363737832801598	18.502658173789	1.35028447269341e-41
"log(Species):Lakeweb"	0.0547841674171571	0.0248588883818845	2.20380600192405	0.0289662918062967
