"Estimate"	"Std. Error"	"t value"	"Pr(>|t|)"
"(Intercept)"	-0.628347348503503	0.137163573190313	-4.58100743432573	8.40942929803168e-06
"log(Species)"	0.55272648869247	0.0564651419980752	9.78880897370827	1.51490046183988e-18
"log(Species):Lakeweb"	-0.0648393056600582	0.0650916331204353	-0.996123503923918	0.32047051848276
"log(Species):Stream"	-0.191629675279881	0.0897677161728283	-2.13472820129388	0.034078230826667
"log(Species):Latitude"	-0.00064415056087087	0.00103715196229619	-0.621076355527265	0.535301669682915
"log(Species):Lakeweb:Latitude"	0.00462541669054622	0.00159354335210024	2.90259859228183	0.00414324876580503
"log(Species):Stream:Latitude"	0.00668542780538735	0.00201840201652682	3.31223797372704	0.00110993850275599
