"Estimate"	"Std. Error"	"t value"	"Pr(>|t|)"
"(Intercept)"	-1.21373721657959	0.146264858446704	-8.29821482391032	1.1205691145707e-14
"log(Species)"	0.696960181081293	0.054104385855747	12.8817686414467	1.40748822559203e-28
"log(Species):Lakeweb"	-0.0498047925033525	0.0695224158237733	-0.716384664042725	0.474524120218833
"log(Species):Marine"	0.127271781760183	0.0289334071482315	4.39878307826468	1.70587045550988e-05
"log(Species):Terr"	-0.0520594850064369	0.027119529329841	-1.91963084511032	0.0562159853196081
"log(Species):Latitude"	-0.00115601741511273	0.000912495691632575	-1.26687438166909	0.206558236062231
"log(Species):Lakeweb:Latitude"	0.00322593484007071	0.00163634119669722	1.97143165898525	0.0499452576208751
