"Estimate"	"Std. Error"	"t value"	"Pr(>|t|)"
"(Intercept)"	-0.913233989265285	0.136961060847558	-6.66783670930925	2.25378726336187e-10
"log(Species)"	0.707811494630123	0.0595137270727098	11.8932476496619	2.83395547290532e-25
"log(Species):Lakeweb"	-0.10731952125717	0.0713641357991513	-1.50382990076714	0.134127581605181
"log(Species):Stream"	-0.171050305659454	0.0851012058699225	-2.00996335963682	0.0457145198466986
"log(Species):Marine"	0.083908366117732	0.0344081297633622	2.43862036951156	0.0155743102622701
"log(Species):Terr"	-0.0817666408669242	0.0333439857601235	-2.45221556460445	0.015014143538904
"log(Species):Latitude"	-0.00117190458062823	0.00104503125434215	-1.12140625053932	0.263395647913561
"log(Species):Lakeweb:Latitude"	0.00452339299379697	0.0016382344572219	2.76113896509519	0.00627005977009059
"log(Species):Stream:Latitude"	0.00499331746724436	0.00187141280839144	2.66820738046371	0.00822090316433769
