"Estimate"	"Std. Error"	"t value"	"Pr(>|t|)"
"(Intercept)"	-0.869973924486898	0.141187216153934	-6.16184629306934	3.49846141000045e-09
"log(Species)"	0.661888117605403	0.0614811771671681	10.7657033925314	6.74628522188965e-22
"log(Species):Lakeweb"	-0.0800864680460646	0.0739813948594286	-1.08252173669118	0.280233354014733
"log(Species):Stream"	-0.158026999280495	0.0864964207687248	-1.82697732317767	0.0690896330579194
"log(Species):Marine"	0.120894048380602	0.0370344792747571	3.26436474193939	0.00127639433189004
"log(Species):Terr"	-0.0587361459825704	0.0355051478638525	-1.65429943307937	0.0995258408295775
"log(Species):Latitude"	-0.00106613638837131	0.00106925293242	-0.997085306989405	0.319843961093619
"log(Species):Lakeweb:Latitude"	0.00453087783761786	0.00167236535318329	2.70926315771461	0.00728681171098462
"log(Species):Stream:Latitude"	0.00507117058804702	0.00189008409164668	2.68303966498598	0.00786302546773079
