"Estimate"	"Std. Error"	"t value"	"Pr(>|t|)"
"(Intercept)"	-0.485025196012205	0.129740275308813	-3.73843199313188	0.000257413532334185
"log(Species)"	0.665075246959542	0.0363962475252774	18.2731817750619	5.25734910098478e-41
"log(Species):Lakeweb"	0.0555446610881131	0.0249279484300811	2.2282082797109	0.0272607499590468
