"Estimate"	"Std. Error"	"t value"	"Pr(>|t|)"
"(Intercept)"	-0.83171124087818	0.127587206288291	-6.51876677195111	9.31513922273143e-10
"log(Species)"	0.688977162438264	0.0560841587968449	12.2847017271662	1.07759618756959e-24
"log(Species):Lakeweb"	-0.0254998729696036	0.0829237122433261	-0.307510026743357	0.758865343663641
"log(Species):Stream"	-0.282711858873283	0.084441790099375	-3.34800882999489	0.00102032082639379
"log(Species):Latitude"	-0.00178036251525311	0.00107587543261904	-1.65480357788179	0.0999748815150485
"log(Species):Lakeweb:Latitude"	0.00311593609712816	0.00188304056042106	1.65473658009332	0.0999884984022738
"log(Species):Stream:Latitude"	0.00847405296325675	0.00189925184354708	4.46178477701538	1.54869622649813e-05
