"Estimate"	"Std. Error"	"t value"	"Pr(>|t|)"
"(Intercept)"	-0.502048151530281	0.143726969544899	-3.49306851121944	0.000578587275326967
"log(Species)"	0.68921810062063	0.0531436695141807	12.9689595566358	7.41799968423725e-29
"log(Species):Latitude"	-0.00112291013623396	0.000896027155350727	-1.25320993848052	0.211477949314176
"log(Species):Lakeweb"	-0.0581132971946774	0.0673362698479888	-0.863031132046189	0.389073175788267
"log(Species):Marine"	0.124333284924685	0.0284130033169477	4.37592899060139	1.87859575134039e-05
"log(Species):Terr"	-0.0520379602700286	0.0266302735789667	-1.95409033691376	0.0519753236053782
"log(Species):Latitude:Lakeweb"	0.00332626050321145	0.00158622049032286	2.09697234621803	0.0371541855532812
