"Estimate"	"Std. Error"	"t value"	"Pr(>|t|)"
"(Intercept)"	-0.335025632104206	0.136069132830374	-2.46217217039117	0.0147058302259797
"log(Species)"	0.64034656736207	0.0536040542566156	11.9458607421106	7.21240610898561e-25
"log(Species):Lakeweb"	-0.0851067857255979	0.0642528374769433	-1.32456073642099	0.186916275754964
"log(Species):Terr"	-0.0593654523314849	0.02559774639039	-2.31916714175167	0.0214550168642484
"log(Species):Latitude"	-0.000814579095110358	0.000907710711622995	-0.897399451917762	0.370647510163233
"log(Species):Lakeweb:Latitude"	0.00358318415129344	0.00152738680965283	2.34595724452268	0.0200147131092296
