"Estimate"	"Std. Error"	"t value"	"Pr(>|t|)"
"(Intercept)"	-0.317834432123004	0.135714543695684	-2.34193346908857	0.02022546199337
"log(Species)"	0.637072680472872	0.0536364278231012	11.8776120321437	1.15115446952662e-24
"log(Species):Lakeweb"	-0.0878718552315711	0.0643742501469571	-1.3650155928958	0.173870846885706
"log(Species):Terr"	-0.060335075838265	0.0256575891411084	-2.35154891234876	0.019725053138325
"log(Species):Latitude"	-0.000825545156143641	0.000909633631710193	-0.907557864358579	0.365267564086101
"log(Species):Lakeweb:Latitude"	0.00360952958097349	0.00153054433483958	2.35833062709145	0.0193787025291727
