"Estimate"	"Std. Error"	"t value"	"Pr(>|t|)"
"(Intercept)"	-1.47950499212258	0.122511838779027	-12.0764246693835	4.79008366252026e-26
"log(Species)"	0.76945966665601	0.0488048773549334	15.766040370517	7.03492539244112e-38
"log(Species):Lakeweb"	-0.0429686639242936	0.0616395372069434	-0.697095823092153	0.486485538418815
"log(Species):Marine"	0.125995535354464	0.0253466230218604	4.97090027518847	1.34771941628439e-06
"log(Species):Latitude"	-0.000831895689384074	0.000829445688511016	-1.00295378094913	0.316995113033129
"log(Species):Lakeweb:Latitude"	0.00402647772753865	0.00149808095192918	2.68775710842161	0.00774855418552826
