"Estimate"	"Std. Error"	"t value"	"Pr(>|t|)"
"(Intercept)"	-0.833708540235441	0.12820829374213	-6.50276605281331	1.01288485385513e-09
"log(Species)"	0.688653511197757	0.0562498880199093	12.2427534603093	1.40263659842849e-24
"log(Species):Lakeweb"	-0.0244795958836694	0.082878967559523	-0.295365598830467	0.768107365195684
"log(Species):Stream"	-0.281858951285247	0.0844413907089578	-3.337924078687	0.00105549069314198
"log(Species):Latitude"	-0.00176902527669172	0.00107551312213462	-1.6448197983681	0.102020547389784
"log(Species):Lakeweb:Latitude"	0.00310335178808125	0.00188313925562045	1.64796723281028	0.101372041719746
"log(Species):Stream:Latitude"	0.00846419789668587	0.00189950609080237	4.45599934513003	1.58619741679991e-05
