"Estimate"	"Std. Error"	"t value"	"Pr(>|t|)"
"(Intercept)"	-1.18324237021333	0.130066611383605	-9.09720302256198	3.49461593972622e-16
"log(Species)"	0.666597808741006	0.0365015896878355	18.2621582906883	5.6129684740559e-41
"log(Species):Lakeweb"	0.0581554507277517	0.025039337204812	2.32256350286203	0.0214623329338738
