"Estimate"	"Std. Error"	"t value"	"Pr(>|t|)"
"(Intercept)"	-1.08948743435307	0.116059501865794	-9.38731785711867	8.91903320529942e-18
"log(Species)"	0.729600940542468	0.0531170180031073	13.7357285474834	2.82960649965961e-31
"log(Species):Lakeweb"	-0.0651133577173659	0.0644052022284159	-1.01099531504363	0.31314983440861
"log(Species):Stream"	-0.14564601928543	0.0775222067041089	-1.87876513682512	0.0616234558722135
"log(Species):Marine"	0.131565505974871	0.0273429091375527	4.81168647099729	2.80840988308436e-06
"log(Species):Latitude"	-0.00134342890566863	0.00100846123051726	-1.33215721637564	0.184212351990543
"log(Species):Lakeweb:Latitude"	0.00513499825699307	0.0015577502611093	3.29641944873523	0.00114473979151025
"log(Species):Stream:Latitude"	0.00529543982387715	0.00175647309754252	3.01481407901209	0.00287907654937917
