"Estimate"	"Std. Error"	"t value"	"Pr(>|t|)"
"(Intercept)"	-0.885181560786784	0.138818595380893	-6.37653448630574	1.13325074560259e-09
"log(Species)"	0.698910367284887	0.0603204113669791	11.5866313151088	2.5287342036261e-24
"log(Species):Lakeweb"	-0.102115405757893	0.0732010540747698	-1.39499911645519	0.164489758708538
"log(Species):Stream"	-0.169259008316002	0.0863311231677664	-1.96057924541399	0.0512504318470862
"log(Species):Marine"	0.0824168573359884	0.0349049010947034	2.36118294999251	0.0191320424605947
"log(Species):Terr"	-0.0948294461473883	0.0334211195447409	-2.83741081804396	0.00499380906141778
"log(Species):Latitude"	-0.00113314160440655	0.00106005342046713	-1.06894764219262	0.286320437690946
"log(Species):Lakeweb:Latitude"	0.00437134325740656	0.00167954159838664	2.60270020201087	0.00990850126270449
"log(Species):Stream:Latitude"	0.00495300862763813	0.00189845542735025	2.60896756188332	0.00973454960765771
