"Estimate"	"Std. Error"	"t value"	"Pr(>|t|)"
"(Intercept)"	-1.0904296725811	0.116222175648822	-9.38228583739437	9.22671452665746e-18
"log(Species)"	0.715743417563816	0.0517869866052027	13.8209126362241	1.51019691973443e-31
"log(Species):Lakeweb"	-0.053870948317364	0.0630577523342843	-0.854311267420082	0.393879042098151
"log(Species):Stream"	-0.131541501946979	0.0763912674163502	-1.72194422734273	0.0865111739122064
"log(Species):Marine"	0.132917110782658	0.0273328956586875	4.86289899330193	2.22621147109671e-06
"log(Species):Latitude"	-0.00104180531111644	0.000965717578430409	-1.07878880366836	0.281885087966351
"log(Species):Lakeweb:Latitude"	0.00496817789174383	0.00154168494697014	3.22256366419596	0.00146697994851564
"log(Species):Stream:Latitude"	0.00499385159259239	0.0017336195766812	2.88059252431408	0.00436919772797576
