"Estimate"	"Std. Error"	"t value"	"Pr(>|t|)"
"(Intercept)"	-0.819628899388123	0.127717767014304	-6.41750101453254	1.5796736667105e-09
"log(Species)"	0.686014800872979	0.056002326661079	12.2497553543566	1.34225523381319e-24
"log(Species):Lakeweb"	-0.0267516375064703	0.0826390254773696	-0.323716759145425	0.746586057866266
"log(Species):Stream"	-0.282514685015654	0.0841669896221432	-3.35659723941616	0.00099123587911568
"log(Species):Latitude"	-0.00177456133706776	0.00107207296122037	-1.65526172308993	0.0998818063357786
"log(Species):Lakeweb:Latitude"	0.00311767887143721	0.00187714539958954	1.66086168504524	0.0987497669417684
"log(Species):Stream:Latitude"	0.00846084366748947	0.00189352246888803	4.46830909403366	1.50742931642554e-05
