"Estimate"	"Std. Error"	"t value"	"Pr(>|t|)"
"(Intercept)"	-1.2173154539123	0.145642324854885	-8.35825337947062	7.63121088523297e-15
"log(Species)"	0.698479560878256	0.0539097525526415	12.9564601543331	8.13160309977654e-29
"log(Species):Lakeweb"	-0.0589999997579515	0.0683261004493087	-0.863506030198865	0.388812711749861
"log(Species):Marine"	0.127476324954845	0.0288403026547851	4.42007583903406	1.55873611112519e-05
"log(Species):Terr"	-0.0462599665231454	0.0273517242187045	-1.69129983006741	0.0922151620983143
"log(Species):Latitude"	-0.00117016584701517	0.000909723557840502	-1.28628728686866	0.199713507316109
"log(Species):Lakeweb:Latitude"	0.00343013617335498	0.00161036487505241	2.13003663113514	0.0342945254643382
