"Estimate"	"Std. Error"	"t value"	"Pr(>|t|)"
"(Intercept)"	-0.509393486931024	0.143739800665294	-3.54385830906482	0.00048279282841556
"log(Species)"	0.690977758414472	0.0531985199636375	12.9886650772761	6.4178796286646e-29
"log(Species):Latitude"	-0.00112052750092501	0.000897558698293031	-1.24841695930976	0.213223651199851
"log(Species):Lakeweb"	-0.0599975453525494	0.0674162857920942	-0.889956256824597	0.374474944181706
"log(Species):Marine"	0.124771094234244	0.028457500858658	4.38447124552343	1.81215865346138e-05
"log(Species):Terr"	-0.0518836539452775	0.0266753530126509	-1.94500346146015	0.0530665470771578
"log(Species):Latitude:Lakeweb"	0.00333989075110833	0.0015902303299273	2.10025597440404	0.0368613315886756
