"Estimate"	"Std. Error"	"t value"	"Pr(>|t|)"
"(Intercept)"	-0.903922468235815	0.139299627119396	-6.48905159998059	6.10537644823221e-10
"log(Species)"	0.703481446180493	0.0603233870813516	11.661835984637	1.47985553707625e-24
"log(Species):Lakeweb"	-0.108179570397512	0.0722919039095576	-1.49642718682375	0.136043757462328
"log(Species):Stream"	-0.169080242963938	0.0861994853497296	-1.96149944837772	0.0511423276543968
"log(Species):Marine"	0.0833573740337432	0.0348585936599184	2.39130054548329	0.0176711356783275
"log(Species):Terr"	-0.0945729246382828	0.0333706601667531	-2.83401419587453	0.00504518680967008
"log(Species):Latitude"	-0.00112562153223641	0.00105845044747666	-1.06346171889282	0.288793954953828
"log(Species):Lakeweb:Latitude"	0.0044876593569521	0.00165938617309419	2.70440927477668	0.0074037744217959
"log(Species):Stream:Latitude"	0.00494652129609652	0.00189556451106391	2.60952411127396	0.00971923579702087
