"Estimate"	"Std. Error"	"t value"	"Pr(>|t|)"
"(Intercept)"	-1.48214524886546	0.121074098466333	-12.2416377048441	1.43563102375811e-26
"log(Species)"	0.770168202438197	0.0484823943939345	15.8855232309762	2.90804784459378e-38
"log(Species):Latitude"	-0.000831883179948737	0.00082777536842543	-1.0049624713177	0.316029088559572
"log(Species):Lakeweb"	-0.0427879748298384	0.0615064225940222	-0.695666777960144	0.487378468595541
"log(Species):Marine"	0.129037780434577	0.0255027105696206	5.05976727776889	8.90582563420641e-07
"log(Species):Latitude:Lakeweb"	0.00402718809068826	0.00149505359406167	2.69367473292208	0.00761675733319746
