"Estimate"	"Std. Error"	"t value"	"Pr(>|t|)"
"(Intercept)"	-1.25237224806639	0.142761082925607	-8.77250453976314	5.8001084854297e-16
"log(Species)"	0.739508480610311	0.0535919392303298	13.7988751896441	2.48513818932732e-31
"log(Species):Latitude"	-0.00146195048048849	0.000897371676014017	-1.62914711881953	0.104766880486993
"log(Species):Lakeweb"	-0.0925940131321644	0.0673023682035767	-1.37579130725512	0.170337998208698
"log(Species):Marine"	0.0978121475568568	0.0284813828652405	3.43424854121916	0.000714646644581543
"log(Species):Terr"	-0.0790383048113318	0.0266668795415065	-2.96391277008283	0.00338490066068997
"log(Species):Latitude:Lakeweb"	0.00373007944487161	0.00158791334351211	2.34904471337302	0.0197414310457452
