"Estimate"	"Std. Error"	"t value"	"Pr(>|t|)"
"(Intercept)"	-1.22061011402007	0.145910507555393	-8.36547096210108	7.28612386463435e-15
"log(Species)"	0.697200994755706	0.0540146293319712	12.9076326798569	1.1640085199638e-28
"log(Species):Lakeweb"	-0.0566254039197203	0.0684632415872102	-0.827092065858282	0.409093448852326
"log(Species):Marine"	0.132216582604063	0.0292314927314251	4.52308692610572	1.00289365031986e-05
"log(Species):Terr"	-0.0517372060424074	0.0270841607670974	-1.91023847802806	0.0574209096737767
"log(Species):Latitude"	-0.00112128969123795	0.000911839520465572	-1.22970069411494	0.220140787103517
"log(Species):Lakeweb:Latitude"	0.00338030209153017	0.00161354399701763	2.09495501689332	0.037335090580437
