"Estimate"	"Std. Error"	"t value"	"Pr(>|t|)"
"(Intercept)"	-1.23180415521349	0.142549245669912	-8.64125340982766	1.36041740535738e-15
"log(Species)"	0.734371580032825	0.0536940902717347	13.676953577504	6.05590926975329e-31
"log(Species):Latitude"	-0.00146538327847771	0.000905583460395667	-1.61816479934103	0.1071138946135
"log(Species):Lakeweb"	-0.0914249739108507	0.0677086545710598	-1.35027013149258	0.178369078555017
"log(Species):Marine"	0.0966936039554999	0.0285797414168119	3.3832917710942	0.000853012765446461
"log(Species):Terr"	-0.079474921244054	0.0269402635761271	-2.95004245298031	0.00353424866963641
"log(Species):Latitude:Lakeweb"	0.00372949622681669	0.00159683753290718	2.3355514571522	0.0204490793274222
