"Estimate"	"Std. Error"	"t value"	"Pr(>|t|)"
"(Intercept)"	-0.633414591741515	0.136577741795123	-4.63775856458138	6.58116602134959e-06
"log(Species)"	0.553899383855035	0.0563375671166589	9.83179452368024	1.14295966706211e-18
"log(Species):Lakeweb"	-0.0642321702842336	0.0650837904574136	-0.986915018821204	0.324952753973141
"log(Species):Stream"	-0.191759601660756	0.0897433519923941	-2.13675550782868	0.033910579217586
"log(Species):Latitude"	-0.00064558083221085	0.00103700388531477	-0.622544275246268	0.534338405640879
"log(Species):Lakeweb:Latitude"	0.00462231377037743	0.00159311083587977	2.90143891201696	0.00415794515232065
"log(Species):Stream:Latitude"	0.00668948707709514	0.00201818406212501	3.31460702848458	0.00110109511877961
