"Estimate"	"Std. Error"	"t value"	"Pr(>|t|)"
"(Intercept)"	-0.6276990637075	0.136770586910365	-4.58943021220546	8.11008312300335e-06
"log(Species)"	0.552668421850919	0.0563681079699296	9.80462963464639	1.36575062975406e-18
"log(Species):Lakeweb"	-0.0650089694957718	0.0650919484596212	-0.998725203872167	0.319211554868705
"log(Species):Stream"	-0.191840703286313	0.0897491599481682	-2.13752087927179	0.0338474705899897
"log(Species):Latitude"	-0.000641058743410731	0.00103705073961614	-0.618155620474284	0.537220906632938
"log(Species):Lakeweb:Latitude"	0.00462290483323294	0.00159322125775216	2.90160880715042	0.00415578913032435
"log(Species):Stream:Latitude"	0.00668179378969402	0.00201830822508767	3.31059136886973	0.00111612401872276
