"Estimate"	"Std. Error"	"t value"	"Pr(>|t|)"
"(Intercept)"	-1.01259933419264	0.135800153893616	-7.45654040264119	3.11828974953472e-12
"log(Species)"	0.637469161852737	0.0537677979699895	11.8559655764318	1.33507102611645e-24
"log(Species):Lakeweb"	-0.0865476273997498	0.0660641938242325	-1.31005348570535	0.191767742744666
"log(Species):Terr"	-0.060007057031433	0.0257090006326779	-2.33408750066931	0.0206420209272929
"log(Species):Latitude"	-0.000824176988256737	0.000912014795924968	-0.903688176923548	0.367311148163613
"log(Species):Lakeweb:Latitude"	0.00364158829323613	0.00156659696586805	2.32452147717414	0.0211600872236467
