"Estimate"	"Std. Error"	"t value"	"Pr(>|t|)"
"(Intercept)"	-0.332432222056082	0.136562801655468	-2.4342809171034	0.0158507978213623
"log(Species)"	0.640479631665315	0.0537775791929347	11.9097891961165	9.23461636252124e-25
"log(Species):Lakeweb"	-0.0910779824403474	0.0645298285664917	-1.41140902530836	0.159768126330036
"log(Species):Terr"	-0.0600290669382018	0.0256163168563987	-2.34339180276056	0.0201488560238517
"log(Species):Latitude"	-0.000819147367609124	0.000908744335384503	-0.9014057482543	0.36851986009496
"log(Species):Lakeweb:Latitude"	0.00369930474130719	0.00153557736758922	2.40906438150682	0.0169532690060009
