"Estimate"	"Std. Error"	"t value"	"Pr(>|t|)"
"(Intercept)"	-0.494561975377134	0.144184728039754	-3.43005796869676	0.000722218623129014
"log(Species)"	0.687424702838873	0.0532366345179789	12.9126250947873	1.12209977467398e-28
"log(Species):Latitude"	-0.00112533845661123	0.000896668860741918	-1.25502123011176	0.210820955574945
"log(Species):Lakeweb"	-0.0625662451464398	0.0680300374811463	-0.919685589821692	0.35875828327414
"log(Species):Marine"	0.123887080982449	0.0284395621642052	4.35615289247936	2.04148598528445e-05
"log(Species):Terr"	-0.0521952252913803	0.0266500150834112	-1.95854393057624	0.0514474406781894
"log(Species):Latitude:Lakeweb"	0.00344384443729625	0.00161523272491788	2.13210417555856	0.0341221763186901
