"Estimate"	"Std. Error"	"t value"	"Pr(>|t|)"
"(Intercept)"	-0.868766136281428	0.141031038175629	-6.16010594206601	3.53129112013785e-09
"log(Species)"	0.661599506236418	0.0614362773569405	10.768873615056	6.59709294240395e-22
"log(Species):Lakeweb"	-0.0831039263019991	0.0741172967701962	-1.12124874925844	0.263432768861252
"log(Species):Stream"	-0.158038430713501	0.0864461238499313	-1.82817255042982	0.0689093994544948
"log(Species):Marine"	0.119510137700381	0.0369153278715856	3.23741233224615	0.00139703009058746
"log(Species):Terr"	-0.058761178632316	0.03548438070104	-1.65597306396258	0.0991860326895199
"log(Species):Latitude"	-0.00106655642535479	0.00106862904056211	-0.998060491406612	0.319371981547342
"log(Species):Lakeweb:Latitude"	0.00465897108693678	0.00168364236032939	2.76719759297651	0.00614682590768743
"log(Species):Stream:Latitude"	0.00507144616549315	0.00188898487606359	2.684746834004	0.00782429839397517
