"Estimate"	"Std. Error"	"t value"	"Pr(>|t|)"
"(Intercept)"	-1.18782186974942	0.129367348616471	-9.18177486400297	2.09075900359668e-16
"log(Species)"	0.667475329638231	0.0363694299366775	18.3526475614373	3.28120696380034e-41
"log(Species):Lakeweb"	0.0616773041301226	0.0251971375037105	2.44779011588281	0.015454372915231
