"Estimate"	"Std. Error"	"t value"	"Pr(>|t|)"
"(Intercept)"	-1.09404881207612	0.117228089120208	-9.33265073487855	1.28873898717241e-17
"log(Species)"	0.716785292474151	0.0519286182755334	13.8032806625219	1.71982682526136e-31
"log(Species):Lakeweb"	-0.0507614611179073	0.0630299931402925	-0.805354063817239	0.421501038083654
"log(Species):Stream"	-0.131634670876174	0.0764990039019489	-1.72073705750332	0.0867305605604862
"log(Species):Marine"	0.132946883100678	0.0274327067320311	4.84629112246683	2.40088577394072e-06
"log(Species):Latitude"	-0.0010401158352837	0.000967032262141825	-1.07557511367822	0.283317249133835
"log(Species):Lakeweb:Latitude"	0.00483293404049876	0.00153381944644553	3.15091456931165	0.00185829920700419
"log(Species):Stream:Latitude"	0.00499229794716223	0.00173596860988082	2.87579966523989	0.00443356268058951
