"Estimate"	"Std. Error"	"t value"	"Pr(>|t|)"
"(Intercept)"	-1.232931108541	0.142069128003772	-8.67838865392532	1.06948539063201e-15
"log(Species)"	0.733495173574381	0.0535393594657189	13.7001111125365	5.1135062235059e-31
"log(Species):Lakeweb"	-0.0901724747762417	0.0674215073650045	-1.3374437668394	0.182510939120596
"log(Species):Marine"	0.100952743305959	0.0288535067910692	3.49880324901117	0.000569436569897089
"log(Species):Terr"	-0.0792175717115059	0.0267093725033363	-2.96590912802653	0.00336388785674184
"log(Species):Latitude"	-0.00143839543421891	0.000899330434301045	-1.59940704701807	0.111219413424966
"log(Species):Lakeweb:Latitude"	0.00370215013768468	0.00159079070299866	2.32723898291968	0.0208960306203535
