"Estimate"	"Std. Error"	"t value"	"Pr(>|t|)"
"(Intercept)"	-0.644840675897326	0.136051226232484	-4.73969028985761	4.21429627645779e-06
"log(Species)"	0.559605362651898	0.0562852540678885	9.94230854811332	5.53008184811002e-19
"log(Species):Lakeweb"	-0.0659243731922733	0.0648105109753316	-1.01718644399156	0.310371986216886
"log(Species):Stream"	-0.194842594556546	0.0894134919022978	-2.17911850226642	0.0305664444198535
"log(Species):Latitude"	-0.000737272970999134	0.00103547700374148	-0.712012887138151	0.477339432844598
"log(Species):Lakeweb:Latitude"	0.00470378405376218	0.00158800620638987	2.96206906171711	0.00345032254645751
"log(Species):Stream:Latitude"	0.00678751885447397	0.00201161686550567	3.37416084089539	0.000899235650617128
