"Estimate"	"Std. Error"	"t value"	"Pr(>|t|)"
"(Intercept)"	-0.628347348503501	0.137163573190312	-4.58100743432571	8.40942929803223e-06
"log(Species)"	0.55272648869247	0.0564651419980752	9.78880897370827	1.51490046183992e-18
"log(Species):Lakeweb"	-0.0648393056600582	0.0650916331204354	-0.996123503923918	0.32047051848276
"log(Species):Stream"	-0.191629675279881	0.0897677161728283	-2.13472820129388	0.0340782308266671
"log(Species):Latitude"	-0.00064415056087087	0.00103715196229619	-0.621076355527264	0.535301669682916
"log(Species):Lakeweb:Latitude"	0.00462541669054622	0.00159354335210024	2.90259859228182	0.00414324876580506
"log(Species):Stream:Latitude"	0.00668542780538735	0.00201840201652682	3.31223797372703	0.001109938502756
