"Estimate"	"Std. Error"	"t value"	"Pr(>|t|)"
"(Intercept)"	-0.884410362338505	0.138736822803333	-6.3747341510927	1.14445816554454e-09
"log(Species)"	0.698722264923204	0.0602933153365538	11.5887186004448	2.49143319560657e-24
"log(Species):Lakeweb"	-0.110721776388765	0.0725541842048289	-1.52605638947279	0.128500484513974
"log(Species):Stream"	-0.169266364606645	0.0862978928275738	-1.96141943981002	0.0511517193131607
"log(Species):Marine"	0.0823781545666662	0.0348911833784483	2.36100202372471	0.0191411307282909
"log(Species):Terr"	-0.094840002145827	0.0334082347276135	-2.83882111458697	0.00497261707624493
"log(Species):Latitude"	-0.00113345105943184	0.00105964484089863	-1.06965184530188	0.28600397043077
"log(Species):Lakeweb:Latitude"	0.00461936061222013	0.00167353498607932	2.76024143543133	0.0062866972127141
"log(Species):Stream:Latitude"	0.00495327558482961	0.00189772452192385	2.61011307363417	0.00970305367799058
