"Estimate"	"Std. Error"	"t value"	"Pr(>|t|)"
"(Intercept)"	-0.335025632104207	0.136069132830374	-2.46217217039118	0.0147058302259792
"log(Species)"	0.640346567362071	0.0536040542566157	11.9458607421106	7.21240610898582e-25
"log(Species):Lakeweb"	-0.0851067857255972	0.0642528374769432	-1.32456073642098	0.186916275754967
"log(Species):Terr"	-0.0593654523314848	0.02559774639039	-2.31916714175167	0.0214550168642485
"log(Species):Latitude"	-0.000814579095110353	0.000907710711622996	-0.897399451917756	0.370647510163237
"log(Species):Lakeweb:Latitude"	0.00358318415129343	0.00152738680965283	2.34595724452267	0.0200147131092301
