"Estimate"	"Std. Error"	"t value"	"Pr(>|t|)"
"(Intercept)"	-0.344628152833619	0.133089278693849	-2.58945090255079	0.0103613180267887
"log(Species)"	0.645183707373419	0.0526548809194027	12.2530655488706	8.75735200453317e-26
"log(Species):Lakeweb"	-0.0865707345675066	0.0630916317927893	-1.37214289926482	0.171645315082749
"log(Species):Terr"	-0.0462250252473142	0.0256343700444525	-1.80324404957701	0.0729426577415427
"log(Species):Latitude"	-0.000851959795804541	0.000891925888197925	-0.955191240749685	0.340701121154063
"log(Species):Lakeweb:Latitude"	0.00361197436927569	0.00150062942944941	2.40697289976576	0.0170476853661587
