"Estimate"	"Std. Error"	"t value"	"Pr(>|t|)"
"(Intercept)"	-1.21231883088342	0.146736732853199	-8.26186332018359	1.41309405249004e-14
"log(Species)"	0.696873061865066	0.0541705359413746	12.8644298926496	1.5985722418183e-28
"log(Species):Lakeweb"	-0.0590557199535927	0.0685983521803637	-0.860891232464582	0.390248157288443
"log(Species):Marine"	0.12872012328821	0.0290342861891213	4.43338342984439	1.47305056383554e-05
"log(Species):Terr"	-0.0521212589528054	0.027137202821035	-1.92065701452489	0.0560856343937334
"log(Species):Latitude"	-0.00116231913671597	0.000913166454842116	-1.2728447596303	0.204435140393974
"log(Species):Lakeweb:Latitude"	0.00342374223669338	0.00161642497881069	2.11809535337201	0.0353046679589435
