"Estimate"	"Std. Error"	"t value"	"Pr(>|t|)"
"(Intercept)"	-0.62667674980721	0.13611530033077	-4.60401401080069	7.61588814253204e-06
"log(Species)"	0.561130896256125	0.0574857051438579	9.76122489672686	1.81473291991598e-18
"log(Species):Lakeweb"	-0.0738305642109492	0.0664837981574604	-1.1105046079962	0.268199954962654
"log(Species):Stream"	-0.200537861325069	0.0906309482092968	-2.21268634266035	0.0281231053892686
"log(Species):Latitude"	-0.000839157499155472	0.00107808244783166	-0.778379706341817	0.437323752548856
"log(Species):Lakeweb:Latitude"	0.00482191815819696	0.00162027519395787	2.97598715093477	0.00330432071892936
"log(Species):Stream:Latitude"	0.0068793253256839	0.00203766959746055	3.37607497027843	0.000893360892776748
