"Estimate"	"Std. Error"	"t value"	"Pr(>|t|)"
"(Intercept)"	-0.487435170747272	0.128855453107096	-3.78280591929741	0.000220080130149496
"log(Species)"	0.720280456238636	0.0529969227001838	13.5909864109174	2.63082550253512e-28
"log(Species):Lakeweb"	-0.0445813347498595	0.0841108455324153	-0.530030752486948	0.596839401835605
"log(Species):Terr"	-0.0252519735770294	0.027754732035804	-0.909825882824374	0.364308993813906
"log(Species):Latitude"	-0.00119135525564479	0.000929563466743291	-1.28162874108928	0.201862449427611
"log(Species):Lakeweb:Latitude"	0.0024401233841413	0.0018964106147165	1.28670624663535	0.200090695688808
