"Estimate"	"Std. Error"	"t value"	"Pr(>|t|)"
"(Intercept)"	-0.528972529549604	0.144024992526402	-3.67278289879192	0.000302200959177593
"log(Species)"	0.694274358471671	0.0530672480785387	13.0829161791875	3.20935234405228e-29
"log(Species):Latitude"	-0.00108195303927612	0.000894910779567981	-1.20900660041042	0.227975961812609
"log(Species):Lakeweb"	-0.0568428651690305	0.0672251653315722	-0.845559321255167	0.398730004563872
"log(Species):Marine"	0.125956459849569	0.0283714650272741	4.43954726090051	1.43491261637286e-05
"log(Species):Terr"	-0.0440624775194263	0.0273098322781351	-1.61342907824095	0.108104563508629
"log(Species):Latitude:Lakeweb"	0.00328979204586939	0.00158368049645279	2.07730792494954	0.0389500369157185
