"Estimate"	"Std. Error"	"t value"	"Pr(>|t|)"
"(Intercept)"	-0.517550946095925	0.144276511648158	-3.58721555008245	0.000413012266344566
"log(Species)"	0.691547705097481	0.0530878823787553	13.0264699609534	4.86068276903936e-29
"log(Species):Latitude"	-0.0010858778977943	0.000894385173719652	-1.21410543209058	0.226027120686922
"log(Species):Lakeweb"	-0.0614931834366434	0.0676255398711798	-0.909318928230104	0.36419064600488
"log(Species):Marine"	0.125275565499645	0.0283606871860696	4.41722602409927	1.5776977548622e-05
"log(Species):Terr"	-0.0443530034214304	0.027294748424443	-1.62496472697698	0.105621583416016
"log(Species):Latitude:Lakeweb"	0.00343848372164661	0.00160674035936216	2.14003693976518	0.0334678058831777
