"Estimate"	"Std. Error"	"t value"	"Pr(>|t|)"
"(Intercept)"	-1.4768270685517	0.121667291102055	-12.1382423753722	3.05273695060435e-26
"log(Species)"	0.768802365276264	0.048614468497784	15.8142707106076	4.92454038516302e-38
"log(Species):Lakeweb"	-0.0497380928127901	0.0623800233986132	-0.797340079450753	0.426121137896221
"log(Species):Marine"	0.125300424249502	0.0253026408118292	4.95206904217376	1.47037511516602e-06
"log(Species):Latitude"	-0.000833358776690214	0.000828654238247731	-1.00567732381654	0.315685769873029
"log(Species):Lakeweb:Latitude"	0.00425490243780555	0.00153044200947907	2.78017880550327	0.00590793033828781
