"Estimate"	"Std. Error"	"t value"	"Pr(>|t|)"
"(Intercept)"	-1.21179167213487	0.146026275053608	-8.29844952006074	1.11889048985482e-14
"log(Species)"	0.706733050436294	0.0545812379617988	12.9482781414913	8.63545100893013e-29
"log(Species):Lakeweb"	-0.0690910776477033	0.0691828333578331	-0.998673721417924	0.319065084465598
"log(Species):Marine"	0.127020783829558	0.0288925777588458	4.39631191407522	1.7237852372128e-05
"log(Species):Terr"	-0.0490854316900667	0.0272103889366856	-1.80392245786273	0.0726302538864582
"log(Species):Latitude"	-0.00139336806431096	0.000937881789730023	-1.48565424722881	0.138821923499444
"log(Species):Lakeweb:Latitude"	0.00365494443627393	0.00162849491365817	2.24436957439654	0.0258177769611832
