"Estimate"	"Std. Error"	"t value"	"Pr(>|t|)"
"(Intercept)"	-1.09032164996512	0.116566876634622	-9.35361469264317	1.11920716890879e-17
"log(Species)"	0.718019585654209	0.0518350938153572	13.8519974172687	1.20088807891828e-31
"log(Species):Lakeweb"	-0.0532510433062434	0.0631846878663239	-0.842783989356781	0.400281514194687
"log(Species):Stream"	-0.133845986630867	0.0765859859909857	-1.74765637471353	0.0819445610574388
"log(Species):Marine"	0.132185313891554	0.0274142792668774	4.82176870691119	2.68323932630819e-06
"log(Species):Latitude"	-0.00107899114301153	0.000969505711004481	-1.11292912539279	0.26697589461191
"log(Species):Lakeweb:Latitude"	0.00487078889318298	0.00153470357199614	3.1737652678085	0.0017240845390484
"log(Species):Stream:Latitude"	0.00503103337027641	0.0017366514538154	2.89697357476269	0.00415559750459067
