"Estimate"	"Std. Error"	"t value"	"Pr(>|t|)"
"(Intercept)"	-1.17665667858235	0.130484754572556	-9.01757973517184	6.35552690420931e-16
"log(Species)"	0.719478980221014	0.0536573746985252	13.4087622486828	8.26359500030121e-28
"log(Species):Lakeweb"	-0.0205971099455769	0.0840095303869985	-0.245175872912207	0.806640435576914
"log(Species):Terr"	-0.0254684905184041	0.0281032728091518	-0.906246425153383	0.366194172204286
"log(Species):Latitude"	-0.00118143378283697	0.00094127524512016	-1.25514166973143	0.211292360158435
"log(Species):Lakeweb:Latitude"	0.0017463068716767	0.00187190500970353	0.932903572897257	0.352302228944776
