"Estimate"	"Std. Error"	"t value"	"Pr(>|t|)"
"(Intercept)"	-1.00879865869496	0.135697861582522	-7.43415295517739	3.5551326082328e-12
"log(Species)"	0.636505726230183	0.0537061171082593	11.8516429878394	1.3751710556978e-24
"log(Species):Lakeweb"	-0.0801547821713346	0.0652049873516193	-1.22927379372222	0.220497372458513
"log(Species):Terr"	-0.0600239048667024	0.025672480413974	-2.3380641020581	0.0204299617946968
"log(Species):Latitude"	-0.00082548174004728	0.00091072051579634	-0.906405121801251	0.365875578382812
"log(Species):Lakeweb:Latitude"	0.00350305100293323	0.00154787098719728	2.26314145811092	0.0247639590299147
