"Estimate"	"Std. Error"	"t value"	"Pr(>|t|)"
"(Intercept)"	-0.520741283274437	0.143869199268127	-3.61954668492968	0.000367275831573606
"log(Species)"	0.694116463875417	0.0531792505606054	13.0523927388629	4.01711961226351e-29
"log(Species):Latitude"	-0.0011265616980573	0.000895718733834932	-1.25771813796284	0.209845486679116
"log(Species):Lakeweb"	-0.059423247123186	0.0672784539667423	-0.883243350873679	0.378082248383767
"log(Species):Marine"	0.125441923126228	0.0284059980350943	4.41603646424429	1.58567798186467e-05
"log(Species):Terr"	-0.0546981768278271	0.0267833029900182	-2.04224911498826	0.042336181888837
"log(Species):Latitude:Lakeweb"	0.00333679394855229	0.00158562053415972	2.10440889018922	0.0364937861617237
