"Estimate"	"Std. Error"	"t value"	"Pr(>|t|)"
"(Intercept)"	-0.50096258196367	0.144197251743417	-3.47414791826321	0.000618625637258226
"log(Species)"	0.688958040208896	0.0532442796735539	12.9395691787544	9.20604852551113e-29
"log(Species):Latitude"	-0.00112326226670025	0.000896834382050801	-1.25247458079347	0.211745104013487
"log(Species):Lakeweb"	-0.0669781833442646	0.0681464758605278	-0.982856156514177	0.326772785808606
"log(Species):Marine"	0.124268580940931	0.0284445650719005	4.36879877146344	1.93583361852334e-05
"log(Species):Terr"	-0.0520607652531841	0.0266549079326863	-1.95313993898074	0.0520885626820901
"log(Species):Latitude:Lakeweb"	0.00353241506417127	0.00161796437780548	2.18324649950726	0.0300901027999738
