"Estimate"	"Std. Error"	"t value"	"Pr(>|t|)"
"(Intercept)"	-0.322334422805768	0.135690542529447	-2.37551134218376	0.0185251276395075
"log(Species)"	0.637919934181776	0.0536665075209433	11.8867420976263	1.08138063708125e-24
"log(Species):Lakeweb"	-0.0889467289386332	0.0646416426909345	-1.37599734839516	0.170450735542238
"log(Species):Terr"	-0.0600738289965399	0.0256413488850982	-2.34284979568499	0.0201772976942765
"log(Species):Latitude"	-0.000822613888668457	0.000909618321948639	-0.904350614778959	0.366960805868513
"log(Species):Lakeweb:Latitude"	0.00363581596494552	0.00153503521826682	2.36855540620798	0.0188666350095278
