"Estimate"	"Std. Error"	"t value"	"Pr(>|t|)"
"(Intercept)"	-0.500062141404151	0.143598841769637	-3.48235497753079	0.000600949760768951
"log(Species)"	0.687370455276878	0.0530874854385456	12.9478812115255	8.66067181015232e-29
"log(Species):Latitude"	-0.00109183726663215	0.000895325789960661	-1.21948600037549	0.223983609631265
"log(Species):Lakeweb"	-0.0633828337893246	0.0676554728935395	-0.93684710310224	0.349878681620087
"log(Species):Marine"	0.128641037517131	0.0287078756742619	4.48103645761796	1.20180675626414e-05
"log(Species):Terr"	-0.0519060604592606	0.0265942791719775	-1.95177542221014	0.0522515069159655
"log(Species):Latitude:Lakeweb"	0.0034566170471978	0.00160820129537624	2.14936840129152	0.0327119204018258
