"Estimate"	"Std. Error"	"t value"	"Pr(>|t|)"
"(Intercept)"	-0.907406771396634	0.139058194506262	-6.52537431985552	4.99312447257898e-10
"log(Species)"	0.693181743301825	0.0603745027666847	11.4813656682292	5.34652853609426e-24
"log(Species):Lakeweb"	-0.0946344591270236	0.0729751988204166	-1.29680303249201	0.196122028241316
"log(Species):Stream"	-0.157897450652671	0.0866005889372666	-1.82328379737754	0.0696821437445399
"log(Species):Marine"	0.0796439459644471	0.0348909129343339	2.28265583403736	0.0234519936542538
"log(Species):Terr"	-0.0936089095475181	0.0333401606579664	-2.80769221563876	0.00545994314417354
"log(Species):Latitude"	-0.000853351057657562	0.00108212754522276	-0.788586393004069	0.431243105353838
"log(Species):Lakeweb:Latitude"	0.00420669187311805	0.00167399353615415	2.51296781156189	0.0127234721323451
"log(Species):Stream:Latitude"	0.00467444282830529	0.00190707935145889	2.45110033031893	0.0150594124480509
