"Estimate"	"Std. Error"	"t value"	"Pr(>|t|)"
"(Intercept)"	-0.833865777264924	0.127987754826609	-6.5151996641757	9.49077629287072e-10
"log(Species)"	0.68880464409858	0.0561422523943174	12.2689171652881	1.18997268602976e-24
"log(Species):Lakeweb"	-0.0245758870412172	0.0829125294778387	-0.296407397000064	0.767313219529118
"log(Species):Stream"	-0.282046249228637	0.0844379229795942	-3.34027933511342	0.00104717698461153
"log(Species):Latitude"	-0.00176931784873479	0.00107556889475186	-1.64500652386659	0.101981981173874
"log(Species):Lakeweb:Latitude"	0.00310354618472662	0.00188317685038574	1.64803756168249	0.10135758892238
"log(Species):Stream:Latitude"	0.00846432932039106	0.00189951382915438	4.45605038009077	1.58586281919058e-05
