"Estimate"	"Std. Error"	"t value"	"Pr(>|t|)"
"(Intercept)"	-1.21649188441191	0.143443002244426	-8.48066385517375	3.82997860089789e-15
"log(Species)"	0.731506197317172	0.0536962059497455	13.6230518409772	8.97721240684666e-31
"log(Species):Latitude"	-0.00147700955950124	0.000899545108193745	-1.64195163316159	0.10208256377433
"log(Species):Lakeweb"	-0.0936696811726489	0.0675089620144063	-1.38751475919093	0.166741599590483
"log(Species):Marine"	0.0952905544863897	0.0285886128763434	3.33316467289119	0.00101321483661202
"log(Species):Terr"	-0.0802537011531238	0.0267499039786442	-3.00014913014994	0.00302162031680872
"log(Species):Latitude:Lakeweb"	0.00374599009408189	0.00159174370813221	2.35338771872861	0.0195182910552244
