"Estimate"	"Std. Error"	"t value"	"Pr(>|t|)"
"(Intercept)"	-0.867942364749279	0.140941560901133	-6.15817193452342	3.56812824954873e-09
"log(Species)"	0.671875389413872	0.0624511798459	10.7584098662626	7.10240797382967e-22
"log(Species):Lakeweb"	-0.0907495758342026	0.0751783011615911	-1.20712458823912	0.228710538445594
"log(Species):Stream"	-0.168518957981356	0.0874107377146307	-1.92789767467149	0.0551852207821018
"log(Species):Marine"	0.119796195987577	0.0368940856081076	3.2470298155662	0.00135281785479341
"log(Species):Terr"	-0.0565615261263152	0.0355641032381882	-1.59041058191453	0.113211593848888
"log(Species):Latitude"	-0.00132004799755164	0.00111525624887832	-1.18362752854269	0.237867559751887
"log(Species):Lakeweb:Latitude"	0.00478538012502486	0.00170146445503088	2.81250666793272	0.0053707697734651
"log(Species):Stream:Latitude"	0.00532483920911199	0.0019149685251824	2.78064058969575	0.00590658125458867
