"Estimate"	"Std. Error"	"t value"	"Pr(>|t|)"
"(Intercept)"	-1.21892167144664	0.146453366775307	-8.32293376578186	9.56790263462219e-15
"log(Species)"	0.698155339514309	0.0541869898285448	12.8841875461872	1.38270956152068e-28
"log(Species):Lakeweb"	-0.0581414403773645	0.068776661878934	-0.845365837610868	0.398837751912442
"log(Species):Marine"	0.127581412250377	0.0289689848474273	4.40406914230229	1.66814684008964e-05
"log(Species):Terr"	-0.0519886680782996	0.0273249764035195	-1.90260614723178	0.058415900603662
"log(Species):Latitude"	-0.00115325288477866	0.000918423661669964	-1.25568725296309	0.210579749217749
"log(Species):Lakeweb:Latitude"	0.00341275620160492	0.00162014500419738	2.10645108478769	0.0363142021043245
