"Estimate"	"Std. Error"	"t value"	"Pr(>|t|)"
"(Intercept)"	-1.1996696541207	0.131079780805592	-9.15220979732912	2.5024372097793e-16
"log(Species)"	0.670673640191262	0.0368175415461802	18.2161440450888	7.37757708777791e-41
"log(Species):Lakeweb"	0.0584212827992473	0.0250225595144486	2.33474448389317	0.0207990135896483
