"Estimate"	"Std. Error"	"t value"	"Pr(>|t|)"
"(Intercept)"	-1.19545988036315	0.147157937852056	-8.12365202864554	3.39742988986885e-14
"log(Species)"	0.695604623332102	0.0540893915599103	12.8602782037516	1.64804575468415e-28
"log(Species):Lakeweb"	-0.0677080912089289	0.0691629261830631	-0.978965103785754	0.328687359159508
"log(Species):Marine"	0.125539900953936	0.0289698948258702	4.33346070838437	2.24508263673756e-05
"log(Species):Terr"	-0.0533594090137594	0.0271437720613506	-1.96580670118935	0.0505962821918705
"log(Species):Latitude"	-0.00121771768335801	0.000915284794024821	-1.33042490305481	0.18477475018785
"log(Species):Lakeweb:Latitude"	0.00364716331074265	0.0016409564291968	2.22258388208871	0.027275754421647
