"Estimate"	"Std. Error"	"t value"	"Pr(>|t|)"
"(Intercept)"	-0.663710084388161	0.13383335527215	-4.9592277129906	1.57650853324361e-06
"log(Species)"	0.572912747112756	0.0555616886264735	10.311291130194	4.81760050039867e-20
"log(Species):Lakeweb"	-0.0726032770814764	0.0637865671928179	-1.13822204700257	0.256476191808904
"log(Species):Stream"	-0.203818294447422	0.0879965958892597	-2.31620658035363	0.0216253857197611
"log(Species):Latitude"	-0.000739633995016027	0.00101616823069793	-0.72786569454944	0.467601350696722
"log(Species):Lakeweb:Latitude"	0.00468926437197354	0.00156048279775197	3.00500869264877	0.00301795970783048
"log(Species):Stream:Latitude"	0.00680034936467863	0.0019769720772306	3.43978017848625	0.000717117071589109
