"Estimate"	"Std. Error"	"t value"	"Pr(>|t|)"
"(Intercept)"	-0.633414591741516	0.136577741795123	-4.63775856458138	6.5811660213495e-06
"log(Species)"	0.553899383855035	0.0563375671166589	9.83179452368023	1.14295966706217e-18
"log(Species):Lakeweb"	-0.0642321702842337	0.0650837904574136	-0.986915018821205	0.32495275397314
"log(Species):Stream"	-0.191759601660757	0.0897433519923941	-2.13675550782868	0.0339105792175856
"log(Species):Latitude"	-0.000645580832210854	0.00103700388531477	-0.622544275246272	0.534338405640876
"log(Species):Lakeweb:Latitude"	0.00462231377037744	0.00159311083587977	2.90143891201696	0.00415794515232059
"log(Species):Stream:Latitude"	0.00668948707709515	0.00201818406212501	3.31460702848459	0.00110109511877959
