"Estimate"	"Std. Error"	"t value"	"Pr(>|t|)"
"(Intercept)"	-1.0962013331199	0.11503640900053	-9.52916857057703	3.41840629255944e-18
"log(Species)"	0.72472951305033	0.0514380332854959	14.0893705835888	2.08510408759171e-32
"log(Species):Lakeweb"	-0.057980723689611	0.0624646501476445	-0.928216576136501	0.354331311198905
"log(Species):Stream"	-0.139014638653704	0.0758089475281457	-1.83374975100521	0.0680671201532413
"log(Species):Marine"	0.128384640846544	0.0271867330811824	4.72232689610678	4.19394894980691e-06
"log(Species):Latitude"	-0.00110376767355232	0.00095777889653614	-1.15242429911972	0.250420582690583
"log(Species):Lakeweb:Latitude"	0.00489717521480649	0.00151868488567735	3.22461575866827	0.0014569905727155
"log(Species):Stream:Latitude"	0.00505603057198256	0.00171878462091722	2.94163126109683	0.00362083468980161
