"Estimate"	"Std. Error"	"t value"	"Pr(>|t|)"
"(Intercept)"	-1.01558139606319	0.134651239934071	-7.54231001927981	1.88350121303699e-12
"log(Species)"	0.639131842962556	0.0533176699308545	11.9872425743927	5.43111842351901e-25
"log(Species):Lakeweb"	-0.0881769681464558	0.0639680772100664	-1.37845269065833	0.169693050673989
"log(Species):Terr"	-0.0522619220781861	0.0258481632787821	-2.02188145883023	0.0445985798576447
"log(Species):Latitude"	-0.000843958742062197	0.000904318045474611	-0.933254341528996	0.351879380422809
"log(Species):Lakeweb:Latitude"	0.0036812655126469	0.00152149676907899	2.41950268147811	0.0164889317530244
