"Estimate"	"Std. Error"	"t value"	"Pr(>|t|)"
"(Intercept)"	-0.498510502559068	0.142970590771996	-3.48680452299504	0.000591565574839272
"log(Species)"	0.688370616980409	0.052850892001949	13.0247681903841	4.92188115935264e-29
"log(Species):Latitude"	-0.00112405765733267	0.000890931959569018	-1.26166498491807	0.208423853318873
"log(Species):Lakeweb"	-0.0795524601544788	0.067879014435783	-1.17197429596948	0.242492476362334
"log(Species):Marine"	0.124122427888341	0.0282524999342191	4.39332548189851	1.74567642270246e-05
"log(Species):Terr"	-0.0521122770413164	0.0264789572567094	-1.96806379254651	0.0503341947208518
"log(Species):Latitude:Lakeweb"	0.00406738765288626	0.00163562001431406	2.48675585850668	0.0136451732608922
