"Estimate"	"Std. Error"	"t value"	"Pr(>|t|)"
"(Intercept)"	-0.627210106043786	0.136173493390316	-4.60596324900035	7.55207573170941e-06
"log(Species)"	0.556405969790521	0.0565456721258107	9.83993909476488	1.0835029809443e-18
"log(Species):Lakeweb"	-0.0689182793841312	0.0654955371166805	-1.05225916784762	0.294031263847795
"log(Species):Stream"	-0.195690496947253	0.0899695972362078	-2.17507361329498	0.0308729232877123
"log(Species):Latitude"	-0.000723260147656092	0.00104677502245277	-0.690941350474118	0.49045463575983
"log(Species):Lakeweb:Latitude"	0.00470554366244986	0.00159947394490254	2.94193205050089	0.00367205529393108
"log(Species):Stream:Latitude"	0.00676372390109471	0.00202204346603448	3.34499431624948	0.000993336554081546
