"Estimate"	"Std. Error"	"t value"	"Pr(>|t|)"
"(Intercept)"	-1.17526171966286	0.130712936377361	-8.99116607915483	7.44865295700031e-16
"log(Species)"	0.719719616133142	0.0536552521052639	13.4137775500739	8.0071997429731e-28
"log(Species):Lakeweb"	-0.0213242850603025	0.0840463109272225	-0.253720655018013	0.800043336164081
"log(Species):Terr"	-0.025476567477883	0.0281112764348775	-0.906275726643078	0.366178715209089
"log(Species):Latitude"	-0.00119770708709558	0.000941055281581764	-1.27272766067731	0.204996225585489
"log(Species):Lakeweb:Latitude"	0.00176345115808964	0.00187206295584565	0.941982828399621	0.347648622435086
