"Estimate"	"Std. Error"	"t value"	"Pr(>|t|)"
"(Intercept)"	-0.99593850714043	0.136529792299571	-7.29466067710088	8.00997267744859e-12
"log(Species)"	0.634223527935823	0.0537365102621986	11.8024695842963	1.92539319282938e-24
"log(Species):Lakeweb"	-0.0901688433222369	0.064411922500764	-1.3998781564262	0.163189117556215
"log(Species):Terr"	-0.0607542650460684	0.0256567697479867	-2.36796236014223	0.0188960062391754
"log(Species):Latitude"	-0.000837988206928693	0.00090986443948691	-0.921003361117454	0.358222766040429
"log(Species):Lakeweb:Latitude"	0.00369286764436393	0.00153100822978159	2.41204950602437	0.0168193119531837
