"Estimate"	"Std. Error"	"t value"	"Pr(>|t|)"
"(Intercept)"	-0.630387121865199	0.136067664375428	-4.63289441145902	6.72147857043549e-06
"log(Species)"	0.553258349001635	0.0562657512079909	9.83295054493223	1.13432679547416e-18
"log(Species):Lakeweb"	-0.0710634411353856	0.0664284938051487	-1.06977348220227	0.286092839764572
"log(Species):Stream"	-0.191813556507521	0.0897059676300929	-2.13824744969559	0.0337876549800292
"log(Species):Latitude"	-0.000642837808983577	0.00103652046405781	-0.620188246421079	0.53588488408271
"log(Species):Lakeweb:Latitude"	0.00476485750938395	0.00162059452840268	2.9401910384582	0.00369182662390669
"log(Species):Stream:Latitude"	0.00668506429511606	0.00201727926532756	3.31390125800482	0.00110372277889659
