"Estimate"	"Std. Error"	"t value"	"Pr(>|t|)"
"(Intercept)"	-1.47749066735913	0.121887398224135	-12.1217672120806	3.44232016223783e-26
"log(Species)"	0.771240206844115	0.0485553159919368	15.8837439544661	2.94654529639352e-38
"log(Species):Lakeweb"	-0.0454276183212138	0.0617985062111261	-0.735092498288173	0.463073217608585
"log(Species):Marine"	0.125017058861996	0.025335039908585	4.93455148731118	1.59413009351585e-06
"log(Species):Latitude"	-0.000879174589871993	0.000833207790157303	-1.05516847088769	0.292516274372995
"log(Species):Lakeweb:Latitude"	0.00407320512857387	0.00149942685044386	2.71650806264282	0.00712697210509639
