"Estimate"	"Std. Error"	"t value"	"Pr(>|t|)"
"(Intercept)"	-1.01460967584904	0.136027782132746	-7.45884156854744	3.07651329299706e-12
"log(Species)"	0.637978764623735	0.0537998880157769	11.8583660329673	1.31330870795441e-24
"log(Species):Lakeweb"	-0.089124391341997	0.0648023003280204	-1.37532758699709	0.170657857567761
"log(Species):Terr"	-0.0599981454826615	0.0257050768219527	-2.3340971084522	0.0206415062532011
"log(Species):Latitude"	-0.000823486848601981	0.000911879049309067	-0.903065871757817	0.367640456852788
"log(Species):Lakeweb:Latitude"	0.00369400129013923	0.00153885033064243	2.40049419789712	0.0173431132895984
