"Estimate"	"Std. Error"	"t value"	"Pr(>|t|)"
"(Intercept)"	-1.00834526095617	0.1359815217923	-7.41531090155268	3.96926076967136e-12
"log(Species)"	0.636390794152186	0.0537776240345437	11.8337469454471	1.55439121729352e-24
"log(Species):Lakeweb"	-0.0850139975499328	0.064687595223899	-1.31422411446398	0.190363550373448
"log(Species):Terr"	-0.0600259147121677	0.0256931193260021	-2.33626419394783	0.0205257065900184
"log(Species):Latitude"	-0.000825637389092265	0.000911455097653625	-0.905845379786363	0.366171043899798
"log(Species):Lakeweb:Latitude"	0.00361957813199945	0.00153629485078683	2.35604391314965	0.0194948846104066
