"Estimate"	"Std. Error"	"t value"	"Pr(>|t|)"
"(Intercept)"	-1.4911228142856	0.12155790745326	-12.2667693573036	1.19489773280812e-26
"log(Species)"	0.772605315578876	0.0485985842178891	15.8976918363494	2.65791477099982e-38
"log(Species):Latitude"	-0.000832500452215725	0.000828696970115272	-1.00458971401805	0.316208208737588
"log(Species):Lakeweb"	-0.042201490161414	0.0615782591706765	-0.6853310036655	0.493863160207084
"log(Species):Marine"	0.124060600110136	0.0254050348449362	4.88330761470551	2.01681447072602e-06
"log(Species):Latitude:Lakeweb"	0.00403026331934124	0.00149672006161959	2.69273020566058	0.00763765712957165
