"Estimate"	"Std. Error"	"t value"	"Pr(>|t|)"
"(Intercept)"	-1.02211827681629	0.135971144939234	-7.51717047961226	2.18410407518466e-12
"log(Species)"	0.640330600597864	0.0537615051919378	11.9105779927808	9.18484999251028e-25
"log(Species):Lakeweb"	-0.0870794382700374	0.0643901977565876	-1.3523710332312	0.177872523835639
"log(Species):Terr"	-0.0626943171222661	0.0258420247614497	-2.42606056224322	0.0162030029475733
"log(Species):Latitude"	-0.000831199444968077	0.000910232417508421	-0.91317275563896	0.36231508969391
"log(Species):Lakeweb:Latitude"	0.00366265827596672	0.00153147176870671	2.39159372755513	0.0177563493586086
