"Estimate"	"Std. Error"	"t value"	"Pr(>|t|)"
"(Intercept)"	-0.319632433595662	0.136694813748527	-2.33829232309925	0.020417849835587
"log(Species)"	0.637251519857737	0.0537918049636858	11.846628316115	1.42320040952502e-24
"log(Species):Lakeweb"	-0.0874190893472459	0.0643999028006907	-1.35744132437275	0.176259685361912
"log(Species):Terr"	-0.0601041902284885	0.0256548399593228	-2.34280121504507	0.0201798486733111
"log(Species):Latitude"	-0.000823491778756643	0.000909785225626593	-0.905149650225945	0.366538500903574
"log(Species):Lakeweb:Latitude"	0.00360586769879883	0.00153090232069588	2.35538717921583	0.0195283647527688
