"Estimate"	"Std. Error"	"t value"	"Pr(>|t|)"
"(Intercept)"	-0.846077034055956	0.128099108801919	-6.60486276578437	5.92487558675143e-10
"log(Species)"	0.69160884120946	0.0561609510901247	12.3147636887345	8.92086827098686e-25
"log(Species):Lakeweb"	-0.0231209944693964	0.082769488290724	-0.279342000861296	0.780352381014029
"log(Species):Stream"	-0.282055754830311	0.0843124196823001	-3.34536425230272	0.00102943614215958
"log(Species):Latitude"	-0.00177283976600159	0.00107395132364969	-1.65076361187099	0.100798652976376
"log(Species):Lakeweb:Latitude"	0.00309944365757556	0.00188036005774902	1.64832455614161	0.101298627862814
"log(Species):Stream:Latitude"	0.00847533839784165	0.00189691074702469	4.4679689917595	1.50955409003325e-05
