"Estimate"	"Std. Error"	"t value"	"Pr(>|t|)"
"(Intercept)"	-1.22744048294849	0.147373620739334	-8.32876655123725	9.21743030338434e-15
"log(Species)"	0.700579108878315	0.0543630989909006	12.8870340705849	1.35410789975923e-28
"log(Species):Lakeweb"	-0.0577312692914005	0.0685923087411355	-0.841658056871594	0.400905952495959
"log(Species):Marine"	0.128410318119992	0.0290066877924781	4.42692109622012	1.51407984169877e-05
"log(Species):Terr"	-0.0515254296588947	0.0271537489445367	-1.89754386269604	0.0590837692918973
"log(Species):Latitude"	-0.00116698667707862	0.000913537628141712	-1.27743690147987	0.202813059503686
"log(Species):Lakeweb:Latitude"	0.00342401314009743	0.00161662919105738	2.1179953690295	0.0353132326829368
