"Estimate"	"Std. Error"	"t value"	"Pr(>|t|)"
"(Intercept)"	-1.48212186743367	0.121461353710001	-12.2024151893808	1.91157593027822e-26
"log(Species)"	0.770189079873729	0.0486028193787743	15.846592640469	3.87777445374307e-38
"log(Species):Lakeweb"	-0.0428167270112113	0.0616250342325823	-0.69479437284553	0.487924023322119
"log(Species):Marine"	0.126678542750367	0.0254706274255149	4.97351481116119	1.33149354867969e-06
"log(Species):Latitude"	-0.000832525280085676	0.000829351786335836	-1.00382647484713	0.316575175544448
"log(Species):Lakeweb:Latitude"	0.00402782378925229	0.00149790199252461	2.68897685519709	0.00772122092366614
