"Estimate"	"Std. Error"	"t value"	"Pr(>|t|)"
"(Intercept)"	-0.83171124087818	0.127587206288291	-6.51876677195111	9.31513922273147e-10
"log(Species)"	0.688977162438265	0.0560841587968449	12.2847017271662	1.07759618756957e-24
"log(Species):Lakeweb"	-0.0254998729696039	0.082923712243326	-0.30751002674336	0.758865343663638
"log(Species):Stream"	-0.282711858873283	0.0844417900993751	-3.3480088299949	0.00102032082639377
"log(Species):Latitude"	-0.00178036251525311	0.00107587543261904	-1.65480357788179	0.0999748815150479
"log(Species):Lakeweb:Latitude"	0.00311593609712816	0.00188304056042106	1.65473658009332	0.0999884984022735
"log(Species):Stream:Latitude"	0.00847405296325676	0.00189925184354708	4.46178477701539	1.5486962264981e-05
