"Estimate"	"Std. Error"	"t value"	"Pr(>|t|)"
"(Intercept)"	-1.1937087852265	0.128665312473586	-9.277627064183	1.16610337720051e-16
"log(Species)"	0.669064503048645	0.0361718512097612	18.4968278004001	1.39762624265414e-41
"log(Species):Lakeweb"	0.0651787637359394	0.0251566651100196	2.59091431439294	0.0104566942190138
