"Estimate"	"Std. Error"	"t value"	"Pr(>|t|)"
"(Intercept)"	-0.63962592162077	0.137111001865503	-4.66502259423502	5.84549645877366e-06
"log(Species)"	0.555570037718658	0.0564181020889666	9.84737198076196	1.03193322862081e-18
"log(Species):Lakeweb"	-0.0637208967467531	0.0650501390193167	-0.979565881140256	0.328559315863461
"log(Species):Stream"	-0.192004375014659	0.0896918772603814	-2.14071085230224	0.0335855306431993
"log(Species):Latitude"	-0.000648353172990871	0.00103640193207241	-0.625580822388485	0.532348595220461
"log(Species):Lakeweb:Latitude"	0.00461952941167725	0.00159219677771709	2.90135583511278	0.00415899979638769
"log(Species):Stream:Latitude"	0.00669570570674056	0.00201704486537807	3.31956210874146	0.0010828103578337
