"Estimate"	"Std. Error"	"t value"	"Pr(>|t|)"
"(Intercept)"	-0.630582632443952	0.136152527119093	-4.63144273401828	6.763909916651e-06
"log(Species)"	0.552497857590472	0.0571271396758769	9.67137267374469	3.2644482115792e-18
"log(Species):Lakeweb"	-0.0638254598981198	0.0658609680621753	-0.969093862055993	0.333743446434324
"log(Species):Stream"	-0.191008183447965	0.0903118745000619	-2.11498415358253	0.0357486845205107
"log(Species):Latitude"	-0.00061885021437911	0.00107842882527275	-0.573844281492192	0.566759058887022
"log(Species):Lakeweb:Latitude"	0.00459811664328966	0.00162077363247749	2.83698880037988	0.00505368175075708
"log(Species):Stream:Latitude"	0.00666118517743098	0.00203988217302258	3.26547546006582	0.00129863334868256
