"Estimate"	"Std. Error"	"t value"	"Pr(>|t|)"
"(Intercept)"	-0.317580392587653	0.135780434780707	-2.33892602495023	0.0203842516280279
"log(Species)"	0.636490635020552	0.0537247185087279	11.8472586304412	1.41707257053998e-24
"log(Species):Lakeweb"	-0.087379049255164	0.0643455603444524	-1.3579654724803	0.176093584763304
"log(Species):Terr"	-0.0597508223224408	0.025670297012925	-2.32762489239436	0.0209907783302449
"log(Species):Latitude"	-0.00082743294453146	0.000909724214848178	-0.909542618550116	0.364222196207089
"log(Species):Lakeweb:Latitude"	0.00361164463491981	0.0015306484695915	2.35955198510321	0.0193168986394758
