"Estimate"	"Std. Error"	"t value"	"Pr(>|t|)"
"(Intercept)"	-0.509046900206354	0.143582052267105	-3.54533795950608	0.000480239177178241
"log(Species)"	0.688806641415574	0.0532703152550107	12.9304029480243	9.84732238158904e-29
"log(Species):Latitude"	-0.00107236431878284	0.000900138090549885	-1.19133311881929	0.23482422937033
"log(Species):Lakeweb"	-0.0580037778196381	0.0674367453860612	-0.860121251219622	0.390671471291759
"log(Species):Marine"	0.124777975107961	0.02843229655641	4.38859994515039	1.78086149093977e-05
"log(Species):Terr"	-0.0490736089348413	0.0270342138315961	-1.81524083668698	0.0708673797985826
"log(Species):Latitude:Lakeweb"	0.00328599672400853	0.00158942660019019	2.06741017396798	0.0398816992622276
