"Estimate"	"Std. Error"	"t value"	"Pr(>|t|)"
"(Intercept)"	-0.859033963144239	0.140596563212546	-6.10992149107941	4.61935342739203e-09
"log(Species)"	0.659303689384106	0.0611966233878256	10.7735305133725	6.38387762863251e-22
"log(Species):Lakeweb"	-0.0873776226522021	0.074013303656785	-1.18056644326256	0.239079424665734
"log(Species):Stream"	-0.159382965871506	0.0860848658352502	-1.8514632546043	0.065474242707107
"log(Species):Marine"	0.118934870751066	0.0367609431564338	3.23535961101286	0.00140663869449221
"log(Species):Terr"	-0.0589654655076724	0.0353341657919602	-1.66879461241135	0.096613620243935
"log(Species):Latitude"	-0.00107066077412558	0.00106410045369359	-1.00616513263313	0.315467180745545
"log(Species):Lakeweb:Latitude"	0.00477800146154	0.00168655558615142	2.83299376597662	0.00505003791947517
"log(Species):Stream:Latitude"	0.00514544992954469	0.0018818373924621	2.73426915107296	0.00677317551345298
