"Estimate"	"Std. Error"	"t value"	"Pr(>|t|)"
"(Intercept)"	-1.0976441800039	0.1160875447646	-9.45531393768105	5.63609253389042e-18
"log(Species)"	0.717668729533392	0.0517660613958308	13.8636919669379	1.10167788625704e-31
"log(Species):Lakeweb"	-0.0539335826354058	0.063066372275388	-0.855187648972378	0.393394849607839
"log(Species):Stream"	-0.13157563333277	0.0763926073258309	-1.72236081394069	0.0864355697971671
"log(Species):Marine"	0.133190707385746	0.0273325414174148	4.8729719403584	2.12632457811395e-06
"log(Species):Latitude"	-0.0010399134193038	0.00096573344553767	-1.07681205834683	0.28276542589819
"log(Species):Lakeweb:Latitude"	0.00487469221602585	0.00153269188032481	3.18047761497426	0.00168639948380288
"log(Species):Stream:Latitude"	0.00499223046941107	0.00173364962770391	2.87960749948241	0.00438235591214086
