"Estimate"	"Std. Error"	"t value"	"Pr(>|t|)"
"(Intercept)"	-0.322558255183282	0.134969292127655	-2.38986402090784	0.0178376589885018
"log(Species)"	0.638376898759437	0.0534404882228987	11.9455663671482	7.22697106402782e-25
"log(Species):Lakeweb"	-0.0875166802523533	0.0641165967617243	-1.3649614089405	0.173887848885132
"log(Species):Terr"	-0.0612919135714962	0.0255696790494649	-2.39705447428284	0.0175017960542366
"log(Species):Latitude"	-0.000800768434197907	0.000906558901430955	-0.883305467448322	0.378193412871269
"log(Species):Lakeweb:Latitude"	0.00358052689363001	0.00152515766038113	2.34764377915871	0.0199269554853126
