"Estimate"	"Std. Error"	"t value"	"Pr(>|t|)"
"(Intercept)"	-0.904803507770703	0.139653644229857	-6.47891082800157	6.45717045499208e-10
"log(Species)"	0.703696339788771	0.0603861543785393	11.6532729568694	1.57300003701719e-24
"log(Species):Lakeweb"	-0.105153205672501	0.0723610788335486	-1.45317354809461	0.147668252131936
"log(Species):Stream"	-0.169071838923575	0.0862290429274596	-1.96072962407582	0.0512327524069022
"log(Species):Marine"	0.0834015892029498	0.034873614598558	2.39153842132552	0.017660000250045
"log(Species):Terr"	-0.0945608651586826	0.0333823252554162	-2.83266262715897	0.00506576433076598
"log(Species):Latitude"	-0.00112526800181611	0.00105881933198614	-1.06275732584644	0.289112602379158
"log(Species):Lakeweb:Latitude"	0.00441352637743797	0.00166237666142815	2.65494967527174	0.00853991795871203
"log(Species):Stream:Latitude"	0.00494621631643747	0.0018962162039544	2.60846643232061	0.00974835703415213
