"Estimate"	"Std. Error"	"t value"	"Pr(>|t|)"
"(Intercept)"	-1.21910938555403	0.147049738660436	-8.29045598217056	1.17748990077122e-14
"log(Species)"	0.698247144642515	0.0542636913139722	12.8676676380607	1.56102144073338e-28
"log(Species):Lakeweb"	-0.058179535173918	0.0686250008518388	-0.847789208768498	0.397489496882659
"log(Species):Marine"	0.127591983011892	0.0289788618429036	4.4029328585635	1.67618768120967e-05
"log(Species):Terr"	-0.0519466297581515	0.0271532922217391	-1.91308771451893	0.0570531237552047
"log(Species):Latitude"	-0.00115427482355144	0.000913593034231328	-1.26344529818204	0.207784899499263
"log(Species):Lakeweb:Latitude"	0.00341288808853148	0.00161822526606689	2.10903151748862	0.0360883721214294
