"Estimate"	"Std. Error"	"t value"	"Pr(>|t|)"
"(Intercept)"	-1.00781156425871	0.135772918692024	-7.42277306820481	3.79983894623723e-12
"log(Species)"	0.63625550704065	0.0537206884856708	11.8437705281898	1.45131704014151e-24
"log(Species):Lakeweb"	-0.0942194789733346	0.0650927494337457	-1.44746503708889	0.149423391460189
"log(Species):Terr"	-0.0600282805111021	0.025674419233697	-2.33805796986896	0.0204302873243109
"log(Species):Latitude"	-0.000825820604344931	0.000910790194569823	-0.906707833778312	0.365715851284355
"log(Species):Lakeweb:Latitude"	0.00377166999819688	0.0015397599272615	2.44951822126251	0.0152158574366631
