"Estimate"	"Std. Error"	"t value"	"Pr(>|t|)"
"(Intercept)"	-1.19139369760425	0.13082123048087	-9.1070363214361	3.29223526017695e-16
"log(Species)"	0.668439544917959	0.0367525958186718	18.1875464855836	8.74484094535341e-41
"log(Species):Lakeweb"	0.0587250423450378	0.02505543879214	2.34380418687619	0.0203174278095844
