"Estimate"	"Std. Error"	"t value"	"Pr(>|t|)"
"(Intercept)"	-1.22322378755942	0.14582916763393	-8.38805986076827	6.30296363165855e-15
"log(Species)"	0.699765855052132	0.0539792086562102	12.96361826104	7.71494865441703e-29
"log(Species):Lakeweb"	-0.0583207772971572	0.0683918189066514	-0.852744936887256	0.394740980840615
"log(Species):Marine"	0.126278154295948	0.0288891778796645	4.37112315282729	1.91699335439938e-05
"log(Species):Terr"	-0.0533013879742856	0.0270849065970499	-1.96793693134209	0.0503488950623847
"log(Species):Latitude"	-0.00112890248997041	0.000910804581607646	-1.23945631452337	0.216515351269384
"log(Species):Lakeweb:Latitude"	0.00338715496180829	0.00161208128979928	2.10110680102864	0.0367857733917007
