"Estimate"	"Std. Error"	"t value"	"Pr(>|t|)"
"(Intercept)"	-0.503266493341992	0.14359106792995	-3.50485932444982	0.000554879049792259
"log(Species)"	0.681309788523836	0.0534178980612477	12.7543354053853	3.58565547534024e-28
"log(Species):Latitude"	-0.000962205956519991	0.000905797081643747	-1.06227539922504	0.289291439727782
"log(Species):Lakeweb"	-0.0562105711513953	0.0680487680277582	-0.826033634120549	0.409692269409741
"log(Species):Marine"	0.125763607888895	0.0283996338212682	4.42835314991675	1.5048941996485e-05
"log(Species):Terr"	-0.0498685703210879	0.0266558963882922	-1.87082698681974	0.0627151004126209
"log(Species):Latitude:Lakeweb"	0.00332475518774431	0.00161380648560005	2.06019446408909	0.0405728453306491
