"Estimate"	"Std. Error"	"t value"	"Pr(>|t|)"
"(Intercept)"	-0.874434531692502	0.140712321368525	-6.21434230626015	2.63734995451771e-09
"log(Species)"	0.662936679088448	0.0613545805678149	10.8050071071011	5.11210048943961e-22
"log(Species):Lakeweb"	-0.0796511259131351	0.073863857282318	-1.07835047943269	0.282085720107863
"log(Species):Stream"	-0.137775081462536	0.0891916714844787	-1.54470792137259	0.123887545272376
"log(Species):Marine"	0.11984519550193	0.0368780004271791	3.24977477394907	0.00134043959540055
"log(Species):Terr"	-0.0586421940262583	0.0354505549487442	-1.65419678510098	0.0995467125165968
"log(Species):Latitude"	-0.00106416589331124	0.00106761578926203	-0.996768597855625	0.319997343935682
"log(Species):Lakeweb:Latitude"	0.00452761041610997	0.00166980357295981	2.71146288667029	0.00724025551389234
"log(Species):Stream:Latitude"	0.00457694691566802	0.00196395765686508	2.33047128061501	0.0207080159060091
