"Estimate"	"Std. Error"	"t value"	"Pr(>|t|)"
"(Intercept)"	-0.855588391017295	0.141041191572574	-6.06623059177038	5.82940789071053e-09
"log(Species)"	0.661298236144926	0.0624294346042597	10.5927314629212	2.27886632301445e-21
"log(Species):Lakeweb"	-0.0905674450480601	0.0751189664026649	-1.20565350383798	0.229276311147743
"log(Species):Stream"	-0.161010820353963	0.0871064711946054	-1.84843695474986	0.065912394292198
"log(Species):Marine"	0.119900103777111	0.0371831428903445	3.22458228264092	0.00145810097602462
"log(Species):Terr"	-0.0592808666512571	0.0354664104651971	-1.67146508128949	0.0960846600189918
"log(Species):Latitude"	-0.00113998890347152	0.00110215382617617	-1.03432830916771	0.302144710392115
"log(Species):Lakeweb:Latitude"	0.00484972805359767	0.00171418891693916	2.82916778056021	0.00510857753674094
"log(Species):Stream:Latitude"	0.00514330249724943	0.00190701042043098	2.69705002245717	0.0075502515516888
