"Estimate"	"Std. Error"	"t value"	"Pr(>|t|)"
"(Intercept)"	-0.310282535452574	0.135574559417671	-2.28864867262206	0.023205898197283
"log(Species)"	0.634310451803979	0.0536146588931258	11.8309146211002	1.5848188620916e-24
"log(Species):Lakeweb"	-0.0877624707354773	0.0642128946182713	-1.36674216693083	0.173329732672302
"log(Species):Terr"	-0.0589561480369184	0.0256161852044305	-2.3015194325938	0.0224527887701608
"log(Species):Latitude"	-0.000843144813468953	0.000907953135670823	-0.92862151177661	0.354269716381617
"log(Species):Lakeweb:Latitude"	0.00363388521827714	0.00152758607235575	2.37884154879285	0.0183635671498232
