"Estimate"	"Std. Error"	"t value"	"Pr(>|t|)"
"(Intercept)"	-0.858872577261276	0.140808419064558	-6.09958256024093	4.88129403658304e-09
"log(Species)"	0.659265618500593	0.0612844405900432	10.7574714259153	7.14956888991778e-22
"log(Species):Lakeweb"	-0.0873955368436302	0.0741176362550665	-1.17914630389547	0.239643136030137
"log(Species):Stream"	-0.158793840464395	0.0862027049821471	-1.84209811626308	0.0668380281815249
"log(Species):Marine"	0.118925331261453	0.0368127879449576	3.23054400115714	0.00142942145958137
"log(Species):Terr"	-0.0589688531393237	0.0353838397495324	-1.66654759790741	0.097060518620828
"log(Species):Latitude"	-0.00107072883538394	0.00106559598285245	-1.0048168842733	0.316114565274687
"log(Species):Lakeweb:Latitude"	0.00477818186350933	0.00168892689556438	2.82912296326042	0.00510926691016855
"log(Species):Stream:Latitude"	0.00512271536184015	0.00188427490691334	2.71866665689018	0.00708966676471862
