"Estimate"	"Std. Error"	"t value"	"Pr(>|t|)"
"(Intercept)"	-1.18930988047042	0.129619008760621	-9.17542798577345	2.17303868542253e-16
"log(Species)"	0.667644239698071	0.0364614974982651	18.3109385381069	4.20195699846351e-41
"log(Species):Lakeweb"	0.0590660042994251	0.0250399116423388	2.35887431006558	0.0195380763985687
