"Estimate"	"Std. Error"	"t value"	"Pr(>|t|)"
"(Intercept)"	-0.316773979560399	0.135743126261856	-2.33362814224069	0.0206666412122782
"log(Species)"	0.636209880733072	0.0537128427999913	11.8446510660794	1.44259517433181e-24
"log(Species):Lakeweb"	-0.0873815732212914	0.0643355693141129	-1.35821558980318	0.176014364979898
"log(Species):Terr"	-0.0596391231567242	0.0256661151474781	-2.32365213099202	0.0212077294756835
"log(Species):Latitude"	-0.000828744915058901	0.000909579860905313	-0.911129358376563	0.36338781944839
"log(Species):Lakeweb:Latitude"	0.00361367802822409	0.00153040511152787	2.36125585376306	0.0192309685299813
