"Estimate"	"Std. Error"	"t value"	"Pr(>|t|)"
"(Intercept)"	-1.22063171148027	0.146050309280721	-8.35761127444182	7.66268455860848e-15
"log(Species)"	0.703675781848195	0.0544575016950443	12.9215582783929	1.05083562918333e-28
"log(Species):Lakeweb"	-0.0630930062169986	0.0687615626870864	-0.917562134300471	0.359866823496303
"log(Species):Marine"	0.128551810301141	0.0289424484493717	4.44163563169208	1.42220748114332e-05
"log(Species):Terr"	-0.0517271695142002	0.0271095535159273	-1.90807899081812	0.0577009818341603
"log(Species):Latitude"	-0.00129278326094231	0.000927159613537104	-1.39434811662078	0.164638424871345
"log(Species):Lakeweb:Latitude"	0.00355178938174925	0.00162317838000712	2.18816947385269	0.029724665613533
