"Estimate"	"Std. Error"	"t value"	"Pr(>|t|)"
"(Intercept)"	-1.1896536685654	0.129628607687017	-9.17740065092551	2.14712623700585e-16
"log(Species)"	0.667826579908913	0.0364520125105918	18.3207053304633	3.96542894602809e-41
"log(Species):Lakeweb"	0.0589945477879131	0.0250443344588878	2.35560453342281	0.0197048973407573
