"Estimate"	"Std. Error"	"t value"	"Pr(>|t|)"
"(Intercept)"	-0.501980953405132	0.128236591618814	-3.91449076327045	0.000133771024694035
"log(Species)"	0.670753170880297	0.0360903306208035	18.5853983419497	8.28381129241652e-42
"log(Species):Lakeweb"	0.0553355626797977	0.0247631177558609	2.23459595133981	0.026829007383281
