"Estimate"	"Std. Error"	"t value"	"Pr(>|t|)"
"(Intercept)"	-1.18991017781214	0.129561594747105	-9.18412728814244	2.06105635149575e-16
"log(Species)"	0.667633191491052	0.0364310088623052	18.3259594598229	3.84376089303939e-41
"log(Species):Lakeweb"	0.059270669420237	0.02503145723572	2.36784733953313	0.0190866619005044
