"Estimate"	"Std. Error"	"t value"	"Pr(>|t|)"
"(Intercept)"	-0.51149571648311	0.143334269045712	-3.56855146985111	0.000441800457204542
"log(Species)"	0.691885067865103	0.0530585971068535	13.0400181232031	4.39981545853807e-29
"log(Species):Latitude"	-0.00109852563047926	0.000895432169073465	-1.22681054849296	0.221223211785812
"log(Species):Lakeweb"	-0.0602675601724244	0.0672385649195117	-0.896324308000445	0.371072831533015
"log(Species):Marine"	0.123582697495131	0.0284042885815644	4.35084642730119	2.08744727069507e-05
"log(Species):Terr"	-0.0530486445448322	0.0266275279662752	-1.99224819562748	0.0475971646285392
"log(Species):Latitude:Lakeweb"	0.00331144603968092	0.00158487742891709	2.08940198103745	0.0378369657175382
