"Estimate"	"Std. Error"	"t value"	"Pr(>|t|)"
"(Intercept)"	-0.624923713517102	0.136075009072182	-4.59249437334673	8.00375088609518e-06
"log(Species)"	0.551833793652654	0.0562267811484446	9.8144297500466	1.28078786446532e-18
"log(Species):Lakeweb"	-0.0651492714245176	0.064963721572892	-1.00285620723587	0.31721927280544
"log(Species):Stream"	-0.191684431642607	0.0895997484889852	-2.13934117980445	0.0336977844129179
"log(Species):Latitude"	-0.000646353934723183	0.00103530064778435	-0.624315203613988	0.533177479175328
"log(Species):Lakeweb:Latitude"	0.00463068287238317	0.00159059763625267	2.91128489496106	0.00403467078042016
"log(Species):Stream:Latitude"	0.00665138030220999	0.00201530587142754	3.30043215598756	0.00115500350840615
