"Estimate"	"Std. Error"	"t value"	"Pr(>|t|)"
"(Intercept)"	-1.23631027970278	0.142122988393181	-8.69887618942089	9.36347599586911e-16
"log(Species)"	0.735575093519464	0.0535363954600846	13.7397201884443	3.82874149815756e-31
"log(Species):Lakeweb"	-0.103160697785346	0.0684033690543703	-1.50812305316933	0.133011812841695
"log(Species):Marine"	0.0969379902450308	0.0285114707473608	3.39996456527954	0.000805199661875046
"log(Species):Terr"	-0.0793163488308061	0.0267055004728437	-2.97003791078401	0.00332080909657179
"log(Species):Latitude"	-0.00146643900893667	0.000898706626941817	-1.63172159298166	0.104222686371034
"log(Species):Lakeweb:Latitude"	0.00398422190031713	0.0016104004164024	2.47405667543094	0.0141440323655465
