"Estimate"	"Std. Error"	"t value"	"Pr(>|t|)"
"(Intercept)"	-0.503046211818465	0.143697604651515	-3.50072788644191	0.000563080622925278
"log(Species)"	0.690321753693184	0.0531285579006291	12.9934216355797	6.19738039574593e-29
"log(Species):Latitude"	-0.00111223524475659	0.00089505251297175	-1.24264803308998	0.215338673669923
"log(Species):Lakeweb"	-0.0652989524073101	0.0676538753959549	-0.965191602478612	0.335523256660137
"log(Species):Marine"	0.123086398147325	0.0283993506014922	4.3341272085587	2.23883469866304e-05
"log(Species):Terr"	-0.0532726106675768	0.0266244732347493	-2.00088881375679	0.0466503186960096
"log(Species):Latitude:Lakeweb"	0.00347493781394651	0.00160828540570904	2.16064748309678	0.0318179600783635
