"Estimate"	"Std. Error"	"t value"	"Pr(>|t|)"
"(Intercept)"	-0.327017926816771	0.135089515098049	-2.42074987521732	0.0164342115693273
"log(Species)"	0.639552683494572	0.0534700732891127	11.9609464538511	6.50394988801578e-25
"log(Species):Lakeweb"	-0.0871258633214692	0.0641220066498317	-1.35875135345125	0.175844762437712
"log(Species):Terr"	-0.0613690118109311	0.0255749322008008	-2.39957671555468	0.0173853141173403
"log(Species):Latitude"	-0.000797866564509374	0.000906693259093396	-0.879974077790279	0.379990875250146
"log(Species):Lakeweb:Latitude"	0.00357363537027159	0.00152537779949793	2.34278705999775	0.0201805920110169
