"Estimate"	"Std. Error"	"t value"	"Pr(>|t|)"
"(Intercept)"	-0.881149750824231	0.138711508799399	-6.35239107735847	1.29293814374268e-09
"log(Species)"	0.697926971924708	0.0602531532591938	11.5832439328512	2.59045791186935e-24
"log(Species):Lakeweb"	-0.10814231606307	0.072310319186388	-1.4955308907477	0.136277199194506
"log(Species):Stream"	-0.16929648474481	0.0862212224442995	-1.96351292576695	0.0509064576323317
"log(Species):Marine"	0.0822145200370999	0.0348611607604014	2.35834143912061	0.0192752164872668
"log(Species):Terr"	-0.0948846326947224	0.0333786246806035	-2.84267652135651	0.00491510071432372
"log(Species):Latitude"	-0.0011347594290491	0.00105870531475186	-1.07183690611307	0.285023524783665
"log(Species):Lakeweb:Latitude"	0.00449644703472389	0.00165981529839084	2.70900445313591	0.00730548084981293
"log(Species):Stream:Latitude"	0.00491467585544238	0.00189650053772762	2.59144448296921	0.0102279205925629
