"Estimate"	"Std. Error"	"t value"	"Pr(>|t|)"
"(Intercept)"	-1.48670449603814	0.120933089754858	-12.293612104444	9.82111220490194e-27
"log(Species)"	0.771302721620443	0.0484270446591979	15.9271069925583	2.13860342165696e-38
"log(Species):Lakeweb"	-0.0423869630393388	0.0614406564203272	-0.689884605876628	0.491000502313868
"log(Species):Marine"	0.124646437394881	0.0252577608182379	4.93497576019793	1.59101700826251e-06
"log(Species):Latitude"	-0.000803343367470324	0.00082724672854755	-0.971104919182703	0.332572262253432
"log(Species):Lakeweb:Latitude"	0.00399989654877976	0.00149363961831223	2.67795290091429	0.00797144691706354
