"Estimate"	"Std. Error"	"t value"	"Pr(>|t|)"
"(Intercept)"	-0.836604861904097	0.127826134501945	-6.54486553288809	8.123881586096e-10
"log(Species)"	0.689389276856837	0.0561924622415708	12.2683585903953	1.19415722783388e-24
"log(Species):Lakeweb"	-0.0242051711956092	0.0828709158318097	-0.292082824868675	0.770611374057417
"log(Species):Stream"	-0.282155765839779	0.0844412457020712	-3.34144485309101	0.00104308554144366
"log(Species):Latitude"	-0.00176671411632535	0.00107544798948295	-1.64277039299199	0.102444601498226
"log(Species):Lakeweb:Latitude"	0.00309923222715818	0.0018830233906749	1.64588089691619	0.101801544343575
"log(Species):Stream:Latitude"	0.00846329099983276	0.00189943391578072	4.45569120858523	1.58821907881814e-05
