"Estimate"	"Std. Error"	"t value"	"Pr(>|t|)"
"(Intercept)"	-1.2120188492716	0.147160166264997	-8.23605245925769	1.6655662890395e-14
"log(Species)"	0.697366646410632	0.054455785603262	12.8061075363287	2.45264643884267e-28
"log(Species):Lakeweb"	-0.0637257759458403	0.0690002484862143	-0.92355864426448	0.356741947278704
"log(Species):Marine"	0.127158570915529	0.0289550803807214	4.39158065678148	1.75858954150541e-05
"log(Species):Terr"	-0.05319942059389	0.0272862350678183	-1.94967977303083	0.0525025952490792
"log(Species):Latitude"	-0.00117548934337954	0.000914147161278789	-1.28588633556019	0.199853169449899
"log(Species):Lakeweb:Latitude"	0.00359340827272727	0.00164062341422438	2.19027001661201	0.0295699136643119
