"Estimate"	"Std. Error"	"t value"	"Pr(>|t|)"
"(Intercept)"	-1.18136390509984	0.13065738906668	-9.04169227273426	5.49766350477202e-16
"log(Species)"	0.721106120804207	0.0537174459167862	13.424058208599	7.50624469771505e-28
"log(Species):Lakeweb"	-0.0205824457384992	0.0840198879834685	-0.244971116154653	0.806798693008216
"log(Species):Terr"	-0.0256137686675684	0.0281245801663282	-0.910725369626465	0.363836229327845
"log(Species):Latitude"	-0.00118771415463705	0.000941094586578794	-1.26205609040299	0.208800223183642
"log(Species):Lakeweb:Latitude"	0.00174964815313096	0.00187206902325185	0.934606647190689	0.351426291847228
