"Estimate"	"Std. Error"	"t value"	"Pr(>|t|)"
"(Intercept)"	-1.10030422852947	0.115974266016857	-9.48748602875007	4.53381490608902e-18
"log(Species)"	0.718378607972183	0.0517012670431129	13.8947969567774	8.7587859766658e-32
"log(Species):Lakeweb"	-0.050247984562831	0.0628270336740454	-0.799782858180508	0.42471529003315
"log(Species):Stream"	-0.132057798286955	0.0762865601114143	-1.73107554062063	0.0848662619571373
"log(Species):Marine"	0.133291584714993	0.0272944263552004	4.88347265410093	2.02681407962511e-06
"log(Species):Latitude"	-0.00103921586315313	0.00096437637717595	-1.07760402240082	0.282412501923671
"log(Species):Lakeweb:Latitude"	0.00483374673099987	0.00152959806281578	3.16014177090524	0.00180297970668561
"log(Species):Stream:Latitude"	0.00504042664135265	0.0017317626779447	2.91057585750419	0.00398552840551503
