"Estimate"	"Std. Error"	"t value"	"Pr(>|t|)"
"(Intercept)"	-0.876856548651451	0.14092263844739	-6.222254694577	2.5270501640867e-09
"log(Species)"	0.663508032194538	0.0614194246765597	10.8029021061111	5.18864914602726e-22
"log(Species):Lakeweb"	-0.0794167502119858	0.0739300904469105	-1.07421416275712	0.283930809801969
"log(Species):Stream"	-0.158637207150587	0.0864457103156694	-1.83510791421922	0.0678712473705153
"log(Species):Marine"	0.119988360475212	0.0369114542039343	3.25070802716906	0.00133625515922226
"log(Species):Terr"	-0.058591353759688	0.0354817496059994	-1.65130960029607	0.100135213177634
"log(Species):Latitude"	-0.00106314445625004	0.00106855268937495	-0.994938730510266	0.320884500469455
"log(Species):Lakeweb:Latitude"	0.00452588477495584	0.00167126946346125	2.70805209686689	0.00731255852336666
"log(Species):Stream:Latitude"	0.0051096931924278	0.00188978865929035	2.70384371676067	0.00740266780440041
