"Estimate"	"Std. Error"	"t value"	"Pr(>|t|)"
"(Intercept)"	-0.833804896336426	0.127130136940571	-6.55867221102891	7.5557173367813e-10
"log(Species)"	0.688677988972761	0.0560674748088177	12.2830213295865	1.08903636500506e-24
"log(Species):Lakeweb"	-0.0244704662026525	0.0828115447089598	-0.295495830788492	0.768008078048043
"log(Species):Stream"	-0.281473623951859	0.0843829049245903	-3.33567117893607	0.00106350075420947
"log(Species):Latitude"	-0.00176894838799386	0.00107474159813412	-1.64592902244128	0.101791620548812
"log(Species):Lakeweb:Latitude"	0.00310321473671963	0.00188178358766557	1.6490816250392	0.101143225540849
"log(Species):Stream:Latitude"	0.0084704777725844	0.00189832383311739	4.4620826145739	1.54678892006749e-05
