"Estimate"	"Std. Error"	"t value"	"Pr(>|t|)"
"(Intercept)"	-1.20531154713642	0.146678294791905	-8.21738177994511	1.87557506016262e-14
"log(Species)"	0.694738083139442	0.054213816318816	12.8147791524929	2.30144642410013e-28
"log(Species):Lakeweb"	-0.063423988758171	0.0690033378236023	-0.919143779976352	0.359040926986395
"log(Species):Marine"	0.127118682305972	0.0289631667496332	4.38897733127135	1.77802676392111e-05
"log(Species):Terr"	-0.0519040964652939	0.0271558952145639	-1.91133807429988	0.0572787367375138
"log(Species):Latitude"	-0.00116215857689848	0.000912981157814777	-1.27292723070004	0.204405925612862
"log(Species):Lakeweb:Latitude"	0.0035847464591733	0.00164045458031899	2.18521530689148	0.0299434923850972
