"Estimate"	"Std. Error"	"t value"	"Pr(>|t|)"
"(Intercept)"	-1.22015480272728	0.14756563980666	-8.268556313827	1.35406877655149e-14
"log(Species)"	0.698497586096359	0.0543437000665785	12.8533313933465	1.73427067878186e-28
"log(Species):Lakeweb"	-0.0580032243660935	0.0686775957599978	-0.844572727455295	0.39927960424744
"log(Species):Marine"	0.127654293763662	0.028987920160172	4.40370654597886	1.6707087006049e-05
"log(Species):Terr"	-0.0519246682719791	0.027154265849554	-1.91221035249723	0.0571661648043221
"log(Species):Latitude"	-0.00115393571747477	0.000913592897702041	-1.2630743084554	0.207917929458161
"log(Species):Lakeweb:Latitude"	0.00340767566812168	0.00161987784460412	2.10366212456871	0.0365596443328901
