"Estimate"	"Std. Error"	"t value"	"Pr(>|t|)"
"(Intercept)"	-0.328428595741468	0.134758347926872	-2.43716697921893	0.0157287623098993
"log(Species)"	0.640030594374223	0.0533414889631258	11.9987388206705	5.01945294281643e-25
"log(Species):Lakeweb"	-0.0871082318228351	0.0639711750295528	-1.36167940924321	0.174920020217602
"log(Species):Terr"	-0.0617181455251146	0.0255145298466287	-2.41894112476737	0.0165136224771489
"log(Species):Latitude"	-0.000791133180226888	0.000904555648833324	-0.874609739320378	0.38289632328826
"log(Species):Lakeweb:Latitude"	0.00356563999162831	0.0015217821604864	2.34306859694599	0.0201658119116986
