"Estimate"	"Std. Error"	"t value"	"Pr(>|t|)"
"(Intercept)"	-0.50758374833493	0.143769575196164	-3.53053660791836	0.000506365233654037
"log(Species)"	0.691524916476168	0.0531351064502997	13.0144637448499	5.30923667895545e-29
"log(Species):Latitude"	-0.00116868644036561	0.000895312269007972	-1.30533946737997	0.19315960993962
"log(Species):Lakeweb"	-0.0649280349965246	0.0676116970955575	-0.960307724634689	0.337969145093493
"log(Species):Marine"	0.125713039294294	0.0283993886211261	4.42661076164074	1.51607750915078e-05
"log(Species):Terr"	-0.0511051330410807	0.0265981704103683	-1.92137775841752	0.0559942322614413
"log(Species):Latitude:Lakeweb"	0.00352823043044678	0.00160759344109833	2.19472805763393	0.0292437895000211
