"Estimate"	"Std. Error"	"t value"	"Pr(>|t|)"
"(Intercept)"	-0.320600115796271	0.135473626656569	-2.36651312663981	0.0189679507044532
"log(Species)"	0.639245485683024	0.054740238634367	11.6777986656728	4.51552882035289e-24
"log(Species):Lakeweb"	-0.0890731259866555	0.065144905322546	-1.36730762821184	0.173152791230736
"log(Species):Terr"	-0.0609867748130911	0.0261863487433121	-2.3289529751133	0.0209186881927713
"log(Species):Latitude"	-0.000863711282118391	0.000940042152369952	-0.918800587761813	0.359370975736077
"log(Species):Lakeweb:Latitude"	0.00364522150684481	0.00154854135246683	2.35397104574442	0.0196007312395874
