"Estimate"	"Std. Error"	"t value"	"Pr(>|t|)"
"(Intercept)"	-1.00912823370804	0.136079889939468	-7.41570436422992	3.96014402576654e-12
"log(Species)"	0.636290559250018	0.0538460984201794	11.8168368353233	1.74511018291343e-24
"log(Species):Lakeweb"	-0.0876025631926035	0.064495178743482	-1.35828080329891	0.175993714280143
"log(Species):Terr"	-0.0595658743598299	0.0257297899394554	-2.31505482555412	0.0216839765680155
"log(Species):Latitude"	-0.000829565156769981	0.000911836427904139	-0.909774090377965	0.364100403110547
"log(Species):Lakeweb:Latitude"	0.00367264497187197	0.00153420187728527	2.39384726759077	0.0176509066862917
