"Estimate"	"Std. Error"	"t value"	"Pr(>|t|)"
"(Intercept)"	-0.496772566011341	0.129099162130471	-3.84799217758895	0.000171731987836711
"log(Species)"	0.667756524556287	0.0362944019799848	18.3983338511689	2.50307482376334e-41
"log(Species):Lakeweb"	0.0549873956176173	0.0251869447704578	2.18317053214461	0.0304801708752616
