"Estimate"	"Std. Error"	"t value"	"Pr(>|t|)"
"(Intercept)"	-0.885904468468923	0.13860672931789	-6.39149681136425	1.04418319028583e-09
"log(Species)"	0.696240143063257	0.0604933930550533	11.5093584257975	4.38190022424644e-24
"log(Species):Lakeweb"	-0.104868718309102	0.0724601383614647	-1.44726080684483	0.149315016930612
"log(Species):Stream"	-0.166405564636887	0.0863867349007907	-1.92628607653701	0.0554187032429289
"log(Species):Marine"	0.082337427648951	0.0348870522047749	2.36011420986958	0.0191857824004326
"log(Species):Terr"	-0.09211051879699	0.0336348129962178	-2.73854707642786	0.00670121540555177
"log(Species):Latitude"	-0.00106369620641077	0.00106423397212423	-0.999494692212847	0.318705396541504
"log(Species):Lakeweb:Latitude"	0.00442387234468204	0.00166399814686807	2.65858009097458	0.0084514704868905
"log(Species):Stream:Latitude"	0.00488360306635442	0.00190013472656172	2.57013515835862	0.0108580287370666
