"Estimate"	"Std. Error"	"t value"	"Pr(>|t|)"
"(Intercept)"	-0.488628366527892	0.130198638468925	-3.75294528632507	0.00024557363934869
"log(Species)"	0.720896226709162	0.0535288388230714	13.4674362933957	5.7155016035204e-28
"log(Species):Lakeweb"	-0.021434959228487	0.0837248861155214	-0.256016582679032	0.798273169066741
"log(Species):Terr"	-0.0257316246083625	0.0280258320736632	-0.918139541431967	0.359954155996306
"log(Species):Latitude"	-0.00118648108133454	0.000937790313416584	-1.26518803229255	0.207678492815515
"log(Species):Lakeweb:Latitude"	0.00171742259810674	0.00186549600974231	0.920625179114685	0.35865857082248
