"Estimate"	"Std. Error"	"t value"	"Pr(>|t|)"
"(Intercept)"	-0.887113877214181	0.138722394334651	-6.39488585436415	1.02498449087006e-09
"log(Species)"	0.699381676951451	0.0603167903009297	11.5951408133975	2.38007209372065e-24
"log(Species):Lakeweb"	-0.107606642073894	0.0724161602798419	-1.48594791077107	0.138792605286386
"log(Species):Stream"	-0.169472893415233	0.0863535298045867	-1.96254737702953	0.0510194526652602
"log(Species):Marine"	0.0825138310748671	0.0349116804997662	2.36350212575473	0.0190158819132459
"log(Species):Terr"	-0.0948029970158629	0.033428740639204	-2.83597273493101	0.00501550325102935
"log(Species):Latitude"	-0.00113236623325502	0.00106029560813974	-1.06797219998084	0.286759192596756
"log(Species):Lakeweb:Latitude"	0.00449215791507008	0.00166230651803384	2.70236437524371	0.00744789892597297
"log(Species):Stream:Latitude"	0.00494182942860656	0.00189906842564395	2.602238740782	0.00992141877281385
