"Estimate"	"Std. Error"	"t value"	"Pr(>|t|)"
"(Intercept)"	-0.629081856221771	0.136251930487798	-4.6170491234112	7.19884073895076e-06
"log(Species)"	0.552918007764862	0.0563111278264921	9.81898301643918	1.2431235838128e-18
"log(Species):Lakeweb"	-0.0647728055082313	0.0650689916955023	-0.995448120839846	0.320797870760858
"log(Species):Stream"	-0.191791688188098	0.089745924375283	-2.13705178840321	0.0338861374124521
"log(Species):Latitude"	-0.000643677848357072	0.001036988202261	-0.620718583831165	0.535536576803285
"log(Species):Lakeweb:Latitude"	0.0046242868822517	0.0015931849641694	2.90254238286924	0.00414395999901084
"log(Species):Stream:Latitude"	0.00667549362664005	0.00201856739795389	3.30704520116923	0.00112955454725153
