"Estimate"	"Std. Error"	"t value"	"Pr(>|t|)"
"(Intercept)"	-1.19514436930187	0.128812008186666	-9.27820617135275	1.16199118847693e-16
"log(Species)"	0.670967919870617	0.0362555371296753	18.5066329998302	1.31893512449953e-41
"log(Species):Lakeweb"	0.0576241510859501	0.0248717314889926	2.31685321592719	0.0217796392249127
