"Estimate"	"Std. Error"	"t value"	"Pr(>|t|)"
"(Intercept)"	-1.01893917097812	0.135580758597122	-7.51536708837787	2.20740618742322e-12
"log(Species)"	0.63650905077239	0.0536311500331958	11.8682715246347	1.2271896431096e-24
"log(Species):Lakeweb"	-0.0843746505992347	0.064420857619736	-1.30974118813013	0.191873197183928
"log(Species):Terr"	-0.0588196617118885	0.0256669632825347	-2.2916486482806	0.0230284112909347
"log(Species):Latitude"	-0.000784572263994801	0.000910413535757874	-0.861775702117262	0.3899030118131
"log(Species):Lakeweb:Latitude"	0.00361887514547892	0.00153107250872222	2.36362100740683	0.0191122464766453
