"Estimate"	"Std. Error"	"t value"	"Pr(>|t|)"
"(Intercept)"	-0.834502564423113	0.127124116989266	-6.56447088237064	7.32893181667855e-10
"log(Species)"	0.688855220744072	0.0560708258483532	12.285448097503	1.07255350160252e-24
"log(Species):Lakeweb"	-0.0244043625826263	0.0828206176234847	-0.294665305366017	0.768641325636966
"log(Species):Stream"	-0.281069766636033	0.0844129427834391	-3.32969989397379	0.00108500684433329
"log(Species):Latitude"	-0.00176839167399062	0.00107486145790841	-1.64522754163292	0.10193634738779
"log(Species):Lakeweb:Latitude"	0.00310222241386465	0.00188199335449615	1.64837054628983	0.101289182064186
"log(Species):Stream:Latitude"	0.00845995674998204	0.00189850174137629	4.45612272330555	1.5853886358726e-05
