"Estimate"	"Std. Error"	"t value"	"Pr(>|t|)"
"(Intercept)"	-1.23552105013028	0.142237275198202	-8.68633801096529	1.01573248053436e-15
"log(Species)"	0.734238083450388	0.0535663320512507	13.7070815815406	4.85965856327441e-31
"log(Species):Lakeweb"	-0.0900510559887173	0.0674759769748713	-1.33456468547692	0.183450437896293
"log(Species):Marine"	0.0978061577863957	0.0285662682207629	3.42383390894954	0.000741093589222637
"log(Species):Terr"	-0.0783914333386574	0.0267550875201535	-2.92996362951938	0.00376116029233842
"log(Species):Latitude"	-0.00146122901694077	0.000899444426860068	-1.62459066208445	0.105735594233997
"log(Species):Lakeweb:Latitude"	0.00372416040920665	0.00159156596643274	2.33993468555614	0.0202167971871134
