"Estimate"	"Std. Error"	"t value"	"Pr(>|t|)"
"(Intercept)"	-1.02911387281689	0.135129877732629	-7.61573894748216	1.22043627139244e-12
"log(Species)"	0.642533755731777	0.0534470977655082	12.0218642843959	4.28334031850585e-25
"log(Species):Lakeweb"	-0.0868251675551436	0.0640329169801363	-1.35594584238725	0.176734245192703
"log(Species):Terr"	-0.062013180569299	0.0255431376101307	-2.42778242500263	0.016128660129339
"log(Species):Latitude"	-0.000786579414667843	0.000905431385230166	-0.868734425931005	0.386094223493173
"log(Species):Lakeweb:Latitude"	0.00361177993618753	0.00152330901666176	2.3710093596784	0.018745527751884
