"Estimate"	"Std. Error"	"t value"	"Pr(>|t|)"
"(Intercept)"	-0.893293065418642	0.138570695155811	-6.44647892120489	7.72135180805573e-10
"log(Species)"	0.700888837523595	0.0602461103261804	11.6337608142483	1.80767265341901e-24
"log(Species):Lakeweb"	-0.107051652092305	0.0723289442566191	-1.48006656522583	0.140354124842958
"log(Species):Stream"	-0.16979178313473	0.0862496161701978	-1.96860914487639	0.0503135552838989
"log(Species):Marine"	0.0828239350386517	0.0348696743588003	2.37524257285612	0.0184373180224014
"log(Species):Terr"	-0.0947184176171563	0.0333883792816216	-2.83686778619091	0.00500199090142395
"log(Species):Latitude"	-0.00112988674065964	0.00105901536625432	-1.06692195095902	0.287232106603939
"log(Species):Lakeweb:Latitude"	0.00448771413305751	0.00166029954546191	2.70295450319417	0.00743514092191093
"log(Species):Stream:Latitude"	0.00499792745647424	0.00189746049064527	2.63400870854211	0.00906656502674179
