"Estimate"	"Std. Error"	"t value"	"Pr(>|t|)"
"(Intercept)"	-0.895548030840297	0.138508677217987	-6.46564568247856	6.9475581405926e-10
"log(Species)"	0.696770906539594	0.0602600664383098	11.5627304734704	2.99769914877909e-24
"log(Species):Lakeweb"	-0.102181182418908	0.0724578779989038	-1.41021494474974	0.159955656037974
"log(Species):Stream"	-0.164492187167472	0.0863046770325496	-1.90594754332299	0.0580226432660663
"log(Species):Marine"	0.0872455297132761	0.0351461752716736	2.48236199355645	0.0138353321891571
"log(Species):Terr"	-0.0903366885770648	0.0336540121356941	-2.68427693592147	0.00784865025755085
"log(Species):Latitude"	-0.00112058899114491	0.00105819362219074	-1.05896403800374	0.290832678854272
"log(Species):Lakeweb:Latitude"	0.0044776995572272	0.0016589720684683	2.69908073941316	0.00751924981463044
"log(Species):Stream:Latitude"	0.00494102727138888	0.00189505826379856	2.60732208912924	0.00977995260011319
