"Estimate"	"Std. Error"	"t value"	"Pr(>|t|)"
"(Intercept)"	-0.900847207670482	0.13918528527694	-6.47228768384566	6.69760781904512e-10
"log(Species)"	0.70273136197529	0.0603263959085738	11.648820576656	1.6237189676837e-24
"log(Species):Lakeweb"	-0.10675650524602	0.0723250839765697	-1.47606472576796	0.141424385412357
"log(Species):Stream"	-0.16910957719117	0.086238609910274	-1.96094971112265	0.0512068868911732
"log(Species):Marine"	0.0832030413836563	0.0348726395093783	2.38591177938454	0.0179250602030339
"log(Species):Terr"	-0.0946150181432669	0.0333856778595994	-2.83400021234142	0.00504539931758455
"log(Species):Latitude"	-0.00112685552698592	0.00105892742032817	-1.06414802880136	0.28848371718295
"log(Species):Lakeweb:Latitude"	0.0044457275628942	0.00166101827635334	2.67650731252309	0.00802669261334315
"log(Species):Stream:Latitude"	0.00494758582485098	0.00189642388826691	2.60890292273867	0.00973632959798746
