"Estimate"	"Std. Error"	"t value"	"Pr(>|t|)"
"(Intercept)"	-0.837033949645324	0.126955901140101	-6.59310785972544	6.30360513539824e-10
"log(Species)"	0.688619719207153	0.055988031373511	12.299409397219	9.82458184203217e-25
"log(Species):Lakeweb"	-0.0232859546530772	0.0827076475268337	-0.281545363087764	0.778665259298342
"log(Species):Stream"	-0.281136250366306	0.0842657983177412	-3.33630317375295	0.00106124802052345
"log(Species):Latitude"	-0.00177898254481268	0.00107334142331256	-1.65742466113193	0.0994433332549692
"log(Species):Lakeweb:Latitude"	0.00311123274254784	0.00187921789345216	1.65559978616021	0.0998131713706328
"log(Species):Stream:Latitude"	0.00847593653676052	0.00189570363213578	4.47112955478763	1.48991920362883e-05
