"Estimate"	"Std. Error"	"t value"	"Pr(>|t|)"
"(Intercept)"	-1.4900981952984	0.121012299989752	-12.3136094051976	8.48575167530215e-27
"log(Species)"	0.772701217198783	0.0484518087662028	15.947830161044	1.83495721852665e-38
"log(Species):Lakeweb"	-0.0426424781805684	0.0614418106392397	-0.694030298536399	0.488402106225171
"log(Species):Marine"	0.124724178865913	0.0252563946301652	4.93832079725851	1.56667815913553e-06
"log(Species):Latitude"	-0.000812862925492389	0.0008270726752325	-0.982819224760246	0.32678590857933
"log(Species):Lakeweb:Latitude"	0.00401034526346941	0.00149356393694927	2.68508442407955	0.00780875172952968
