"Estimate"	"Std. Error"	"t value"	"Pr(>|t|)"
"(Intercept)"	-0.875274392352759	0.141323827920257	-6.19339572974656	2.9526477362323e-09
"log(Species)"	0.663134801977369	0.0615123510827982	10.7805146495662	6.07691170996689e-22
"log(Species):Lakeweb"	-0.0795698535957025	0.0740057975152806	-1.07518405675276	0.283497431789473
"log(Species):Stream"	-0.15892389316858	0.0866838532846526	-1.83337365779882	0.0681296252829226
"log(Species):Marine"	0.119894839509806	0.0369504313276235	3.24474803681588	0.00136318815640938
"log(Species):Terr"	-0.0586245646121902	0.035516269742292	-1.65063969379592	0.100272160046797
"log(Species):Latitude"	-0.00106381169892732	0.00106958449768489	-0.994602765120416	0.321047558918982
"log(Species):Lakeweb:Latitude"	0.00452701203131596	0.00167288489123439	2.70611089563704	0.00735399941288718
"log(Species):Stream:Latitude"	0.00508702613335744	0.00189305142614061	2.68720968860758	0.00776873177503636
