"Estimate"	"Std. Error"	"t value"	"Pr(>|t|)"
"(Intercept)"	-0.485874285943113	0.129925420505184	-3.73963989536388	0.000257812155407907
"log(Species)"	0.719890420948547	0.0534379286160726	13.471525554829	5.57054064259162e-28
"log(Species):Lakeweb"	-0.0225547684327306	0.0837224056520382	-0.269399430858106	0.78797605868321
"log(Species):Terr"	-0.0252484778188675	0.0279859765983798	-0.902183196291577	0.368341567481569
"log(Species):Latitude"	-0.0011921030757638	0.000937308213780745	-1.27183679630343	0.205311824644254
"log(Species):Lakeweb:Latitude"	0.00170781799810008	0.00186496661880161	0.915736496773059	0.361209508354541
