"Estimate"	"Std. Error"	"t value"	"Pr(>|t|)"
"(Intercept)"	-1.01648048393898	0.135314455269404	-7.51198740677945	2.25173975280493e-12
"log(Species)"	0.63888557079914	0.0535738527471593	11.9253243520556	8.30224839690907e-25
"log(Species):Lakeweb"	-0.0876148627379328	0.064268609162498	-1.36326060077643	0.17442217000432
"log(Species):Terr"	-0.0612675430460763	0.0256314322906914	-2.39032849788605	0.0178157927369312
"log(Species):Latitude"	-0.000800377756219283	0.000908725838849254	-0.880769228739908	0.379561368717716
"log(Species):Lakeweb:Latitude"	0.00363688019645457	0.00152880368522828	2.37890595868855	0.0183604546833305
