"Estimate"	"Std. Error"	"t value"	"Pr(>|t|)"
"(Intercept)"	-0.877749397169039	0.140459266920662	-6.24913839016997	2.18504038506033e-09
"log(Species)"	0.663718654903808	0.0612337160087741	10.8391046332825	4.01782947325151e-22
"log(Species):Lakeweb"	-0.0793303503226059	0.0737137146449379	-1.0761952603355	0.283046076019264
"log(Species):Stream"	-0.159016396089099	0.0861918528499653	-1.84491214460722	0.0664257856311764
"log(Species):Marine"	0.120041136585509	0.0368031897789051	3.26170468664957	0.00128785488085587
"log(Species):Terr"	-0.058572612083882	0.0353782622564719	-1.65561020660836	0.0992596267073184
"log(Species):Latitude"	-0.00106276791530035	0.00106543765159986	-0.997494235072789	0.319645988072522
"log(Species):Lakeweb:Latitude"	0.0045252486373183	0.00166639706727633	2.7155884549861	0.00715366406946968
"log(Species):Stream:Latitude"	0.00514004386189166	0.00188411130462973	2.72809990007559	0.00689675594515205
