"Estimate"	"Std. Error"	"t value"	"Pr(>|t|)"
"(Intercept)"	-1.17673543446685	0.130422352016472	-9.02249818588024	6.17035741478817e-16
"log(Species)"	0.72386688986203	0.0541204573843331	13.3751066573871	1.0210245802294e-27
"log(Species):Lakeweb"	-0.0249575508025968	0.0844104729946657	-0.295668889382647	0.767873644158037
"log(Species):Terr"	-0.0252493565478735	0.0280850636607538	-0.899031487087462	0.37001266710865
"log(Species):Latitude"	-0.00130524974366742	0.000964745108497995	-1.35294777052516	0.178017391277715
"log(Species):Lakeweb:Latitude"	0.0018700736590376	0.00188369910019797	0.992766657286752	0.322351281925731
