"Estimate"	"Std. Error"	"t value"	"Pr(>|t|)"
"(Intercept)"	-0.498516831775522	0.143996296720394	-3.46201147619456	0.000645659061728389
"log(Species)"	0.688835287693169	0.0541512771712329	12.7205732473306	4.59282145865108e-28
"log(Species):Latitude"	-0.00113476351525221	0.000921189328220404	-1.23184613682445	0.219339748276987
"log(Species):Lakeweb"	-0.0653837371046237	0.0683636350209706	-0.956411066856921	0.339928875059865
"log(Species):Marine"	0.124116696824849	0.0284452232984465	4.36335814708219	1.98062930699076e-05
"log(Species):Terr"	-0.052365904648602	0.027109277438292	-1.93165991855743	0.0547038312882983
"log(Species):Latitude:Lakeweb"	0.00350061898582978	0.0016251012984646	2.15409278740788	0.0323348713905099
