"Estimate"	"Std. Error"	"t value"	"Pr(>|t|)"
"(Intercept)"	-0.887065950388179	0.138534808402527	-6.40319902714066	9.79346847677236e-10
"log(Species)"	0.69936998715983	0.0602535666401138	11.607113506443	2.18555352403539e-24
"log(Species):Lakeweb"	-0.107610946669805	0.072349411218801	-1.487378333244	0.138414867687053
"log(Species):Stream"	-0.169773465101729	0.0862759071726661	-1.96779692808048	0.0504076576118724
"log(Species):Marine"	0.0825114258562165	0.0348793435520565	2.36562439121225	0.018910128672308
"log(Species):Terr"	-0.0948036530279459	0.0333983190159603	-2.83857558767079	0.00497630061633743
"log(Species):Latitude"	-0.00113238546461782	0.0010593309136863	-1.06896291799632	0.28631357025293
"log(Species):Lakeweb:Latitude"	0.00449219238179293	0.00166079346930893	2.7048470895434	0.00739435807584181
"log(Species):Stream:Latitude"	0.00498974298952126	0.00189788975171508	2.62910054970904	0.00919414996693443
