"Estimate"	"Std. Error"	"t value"	"Pr(>|t|)"
"(Intercept)"	-1.24621323602231	0.141497019110206	-8.80734621731984	4.62101018738937e-16
"log(Species)"	0.739084678256335	0.053293487722097	13.8681987208334	1.4973896946239e-31
"log(Species):Lakeweb"	-0.0913293993790573	0.0670310906357486	-1.36249311346204	0.174487991732827
"log(Species):Marine"	0.0947811841640619	0.0283741295490742	3.3404085224935	0.000988446726278558
"log(Species):Terr"	-0.0816504962892784	0.0265885591079563	-3.07088834553827	0.00241358393994573
"log(Species):Latitude"	-0.00142605509542202	0.000894101065982102	-1.59495961886099	0.112210941312813
"log(Species):Lakeweb:Latitude"	0.00368558757072674	0.00158183261192123	2.32994789900707	0.0207494427523453
