"Estimate"	"Std. Error"	"t value"	"Pr(>|t|)"
"(Intercept)"	-1.48673662216897	0.121667121472097	-12.2197073801071	1.68491495078382e-26
"log(Species)"	0.771624069549728	0.0486944956378689	15.8462277808182	3.88824828308626e-38
"log(Species):Lakeweb"	-0.0426974910531729	0.061634808478798	-0.692749634613702	0.489203990340776
"log(Species):Marine"	0.125922044249827	0.0253471245444694	4.9679025338321	1.36655913135581e-06
"log(Species):Latitude"	-0.000840724907502661	0.000830234648730329	-1.0126352938755	0.312356986743448
"log(Species):Lakeweb:Latitude"	0.00403728688458519	0.00149863906070536	2.69396880839672	0.00761026079570003
