"Estimate"	"Std. Error"	"t value"	"Pr(>|t|)"
"(Intercept)"	-0.858276842850162	0.140842252378233	-6.09388751143553	5.03173964826038e-09
"log(Species)"	0.659125084923842	0.0613019774767446	10.7521015153856	7.42549416707369e-22
"log(Species):Lakeweb"	-0.0874616646863255	0.0741400457052628	-1.17968182854947	0.239430453671217
"log(Species):Stream"	-0.139628822748564	0.0887855254929158	-1.57265299690888	0.117269602365162
"log(Species):Marine"	0.11889011751089	0.0368239023868133	3.22861266201555	0.00143865453574575
"log(Species):Terr"	-0.0589813581286694	0.0353946242218114	-1.66639311549247	0.0970913039661926
"log(Species):Latitude"	-0.00107098007442003	0.00106592102880382	-1.0047461730086	0.316148542719143
"log(Species):Lakeweb:Latitude"	0.00477884779326108	0.00168944146821352	2.82865543623385	0.00511646339567529
"log(Species):Stream:Latitude"	0.00462213001395832	0.00195368338663952	2.36585418372663	0.0188773759364771
