"Estimate"	"Std. Error"	"t value"	"Pr(>|t|)"
"(Intercept)"	-1.18237254337968	0.129911944249624	-9.10133821958482	3.40804343019208e-16
"log(Species)"	0.665209741470103	0.0366281342739318	18.1611691301332	1.0230432631112e-40
"log(Species):Lakeweb"	0.0592629683853855	0.0250012079368932	2.37040420346786	0.0189597277789987
