"Estimate"	"Std. Error"	"t value"	"Pr(>|t|)"
"(Intercept)"	-1.23935919095612	0.142315842508573	-8.70851177992678	8.79551003983092e-16
"log(Species)"	0.734025414715386	0.0535384576299103	13.7102458159966	4.74861972139875e-31
"log(Species):Latitude"	-0.00143488317508778	0.000899597142341621	-1.59502860508519	0.112195507814553
"log(Species):Lakeweb"	-0.0885575031039819	0.0674886643359949	-1.31218337146361	0.190877243513321
"log(Species):Marine"	0.098085052736092	0.028555942052562	3.43483862502417	0.00071317494124584
"log(Species):Terr"	-0.0781272021146152	0.0267457696414472	-2.92110502565398	0.00386544848935005
"log(Species):Latitude:Lakeweb"	0.00369659446866813	0.00159111545606406	2.32327230219509	0.0211123198817699
