"Estimate"	"Std. Error"	"t value"	"Pr(>|t|)"
"(Intercept)"	-0.62908185622177	0.136251930487798	-4.61704912341119	7.19884073895108e-06
"log(Species)"	0.552918007764862	0.0563111278264922	9.81898301643918	1.24312358381283e-18
"log(Species):Lakeweb"	-0.0647728055082318	0.0650689916955024	-0.995448120839852	0.320797870760855
"log(Species):Stream"	-0.191791688188098	0.0897459243752831	-2.13705178840321	0.0338861374124521
"log(Species):Latitude"	-0.000643677848357073	0.001036988202261	-0.620718583831164	0.535536576803285
"log(Species):Lakeweb:Latitude"	0.0046242868822517	0.0015931849641694	2.90254238286924	0.00414395999901084
"log(Species):Stream:Latitude"	0.00667549362664005	0.00201856739795389	3.30704520116922	0.00112955454725154
