"Estimate"	"Std. Error"	"t value"	"Pr(>|t|)"
"(Intercept)"	-0.873995673505091	0.141007499714868	-6.19822119583995	2.87688791658643e-09
"log(Species)"	0.664849530532485	0.0629503997235696	10.5614822694058	2.83763913796544e-21
"log(Species):Lakeweb"	-0.0817099716626966	0.0750468664053612	-1.08878592240407	0.277467225814476
"log(Species):Stream"	-0.15998931581066	0.0874609773478775	-1.82926512671245	0.0687449855381032
"log(Species):Marine"	0.119883721868226	0.0369512216129846	3.2443777670966	0.00136487791685691
"log(Species):Terr"	-0.0594279919570976	0.0358476140582956	-1.65779490541422	0.0988171928827058
"log(Species):Latitude"	-0.0011131020754395	0.00111311870752835	-0.999985058117577	0.31844185768907
"log(Species):Lakeweb:Latitude"	0.00457667419673858	0.0017008820576668	2.69076516864237	0.0076891414426273
"log(Species):Stream:Latitude"	0.00511861730316293	0.00191571944641087	2.67190340044454	0.00811992221372767
