"Estimate"	"Std. Error"	"t value"	"Pr(>|t|)"
"(Intercept)"	-1.23179802473932	0.141864979161023	-8.68289011159816	1.03870961543151e-15
"log(Species)"	0.734975702184761	0.0534579789585057	13.7486623419724	3.58660845437e-31
"log(Species):Lakeweb"	-0.0920311419562406	0.0673139770452075	-1.36719216418357	0.17301294896314
"log(Species):Marine"	0.0951449032236774	0.0285013318402889	3.33826165587049	0.000995727773540375
"log(Species):Terr"	-0.080818989176386	0.0266962860678631	-3.02734953359957	0.00277285221426528
"log(Species):Latitude"	-0.00144337618569877	0.000897783136641939	-1.6077114024413	0.109386659687815
"log(Species):Lakeweb:Latitude"	0.00370749108284156	0.0015884012420594	2.33410235693011	0.0205263860012533
