"Estimate"	"Std. Error"	"t value"	"Pr(>|t|)"
"(Intercept)"	-1.210960852509	0.146157234761869	-8.28532952530195	1.21666099822696e-14
"log(Species)"	0.696723691089635	0.0540274793557397	12.8957282367758	1.27035669406721e-28
"log(Species):Lakeweb"	-0.0634498417480953	0.0688286970999482	-0.921851559327905	0.357629778553931
"log(Species):Marine"	0.125711500377152	0.0288941925332987	4.35075319139919	2.08826362213995e-05
"log(Species):Terr"	-0.0534016102935481	0.0270843322762443	-1.97167904118451	0.0499167890587057
"log(Species):Latitude"	-0.00113428182580176	0.000910795493648928	-1.24537487691938	0.214337060080148
"log(Species):Lakeweb:Latitude"	0.00355293722668186	0.00163634731796742	2.17126106888795	0.0309960866385317
