"Estimate"	"Std. Error"	"t value"	"Pr(>|t|)"
"(Intercept)"	-0.496958313146406	0.144101270585836	-3.44867405489243	0.000676641608232424
"log(Species)"	0.687898012514458	0.0532514003424472	12.9179328260055	1.07919567572217e-28
"log(Species):Latitude"	-0.00112848301680108	0.000897206071256387	-1.25777461048701	0.209825095851416
"log(Species):Lakeweb"	-0.0649871150527392	0.067801200974606	-0.958495043134697	0.338879878786346
"log(Species):Marine"	0.12429806895554	0.0284587002611456	4.36766499576379	1.9450877378261e-05
"log(Species):Terr"	-0.0518959584254012	0.0266809423232026	-1.94505717964357	0.0530600399740919
"log(Species):Latitude:Lakeweb"	0.00349542337217566	0.00161195690334172	2.1684347546323	0.0312131326176833
