"Estimate"	"Std. Error"	"t value"	"Pr(>|t|)"
"(Intercept)"	-0.876899309993311	0.140512242782002	-6.24073242752077	2.28678571066566e-09
"log(Species)"	0.663518119582821	0.0612600511908286	10.8311714842667	4.24949977998385e-22
"log(Species):Lakeweb"	-0.0794126122477812	0.0737468445527796	-1.07682725585563	0.282764230777135
"log(Species):Stream"	-0.159161738120368	0.0862325188561395	-1.84572757738754	0.0663067232515328
"log(Species):Marine"	0.119990888090199	0.0368196840978671	3.25887880437167	0.00130013460103721
"log(Species):Terr"	-0.058590456161506	0.0353942342830661	-1.65536724690603	0.0993089278390418
"log(Species):Latitude"	-0.00106312642251201	0.00106591896602658	-0.997380154023362	0.31970120963912
"log(Species):Lakeweb:Latitude"	0.00452585430831067	0.00166714980252919	2.71472563619935	0.00717169594833766
"log(Species):Stream:Latitude"	0.00514019836757958	0.00188506480655029	2.72680193790592	0.00692301460227913
