"Estimate"	"Std. Error"	"t value"	"Pr(>|t|)"
"(Intercept)"	-0.873827988505819	0.140973092213225	-6.19854452212863	2.87188038957528e-09
"log(Species)"	0.660522705232312	0.0623578556318733	10.592453806168	2.28331292708019e-21
"log(Species):Lakeweb"	-0.0774389298837569	0.0748214962397249	-1.03498237506031	0.30183985337067
"log(Species):Stream"	-0.155704147381124	0.0872086798636391	-1.78542030018785	0.0756027490380657
"log(Species):Marine"	0.121086102317444	0.0374669523864257	3.2318108254066	0.00142339510895204
"log(Species):Terr"	-0.0572639567279646	0.0361446154847959	-1.5843011734916	0.11459497190198
"log(Species):Latitude"	-0.00104113068171105	0.00107546054513578	-0.968078918766478	0.334092689120804
"log(Species):Lakeweb:Latitude"	0.00450475155760798	0.00167664504470914	2.68676519924314	0.00777873388094847
"log(Species):Stream:Latitude"	0.00504662585318842	0.00189395504109972	2.66459643638537	0.00829256838526482
