"Estimate"	"Std. Error"	"t value"	"Pr(>|t|)"
"(Intercept)"	-0.631444185055813	0.136524838954279	-4.6251230903651	6.95165639685772e-06
"log(Species)"	0.553533972738038	0.0563604591693291	9.82131765596521	1.22424125486046e-18
"log(Species):Lakeweb"	-0.0645589272572331	0.0650818463341656	-0.991965208327872	0.322489503267221
"log(Species):Stream"	-0.19257510605504	0.0901134578828689	-2.13702936919092	0.0338879863647845
"log(Species):Latitude"	-0.000642157507081156	0.00103713710068941	-0.619163567337722	0.536558183455725
"log(Species):Lakeweb:Latitude"	0.00462065318495391	0.00159344405067745	2.89979003843245	0.0041789230727867
"log(Species):Stream:Latitude"	0.00669862824975926	0.00202350831572449	3.31040312397279	0.00111683320847587
