"Estimate"	"Std. Error"	"t value"	"Pr(>|t|)"
"(Intercept)"	-1.19357193274079	0.129816991873833	-9.19426583155463	1.93777296522708e-16
"log(Species)"	0.669568465367982	0.036578451734761	18.3049974401099	4.35270822950218e-41
"log(Species):Lakeweb"	0.0585164397343761	0.0250199453245371	2.33879167101892	0.0205826500709805
