"Estimate"	"Std. Error"	"t value"	"Pr(>|t|)"
"(Intercept)"	-1.09724532540673	0.115923002315369	-9.46529423402669	5.26831504817573e-18
"log(Species)"	0.717562288513229	0.0516998334369225	13.8793926558527	9.81241735003544e-32
"log(Species):Lakeweb"	-0.0504618879256962	0.062839148154727	-0.803032654125822	0.4228386028545
"log(Species):Stream"	-0.110384461122795	0.0789163863722982	-1.3987520994948	0.163321535618735
"log(Species):Marine"	0.133175581576523	0.0272995254701626	4.87831122640134	2.07515025152893e-06
"log(Species):Latitude"	-0.00104001801268801	0.000964572082586603	-1.07821699535311	0.282139548525047
"log(Species):Lakeweb:Latitude"	0.0048337113872821	0.00152990945232576	3.15947547087438	0.00180692272092828
"log(Species):Stream:Latitude"	0.00447617606193473	0.00179994883583743	2.48683516598526	0.0136457446984451
