"Estimate"	"Std. Error"	"t value"	"Pr(>|t|)"
"(Intercept)"	-1.23978004292646	0.142678645307849	-8.68931745357877	9.9628376888671e-16
"log(Species)"	0.740730488034406	0.054326180956728	13.634871345446	8.23486127923619e-31
"log(Species):Lakeweb"	-0.0951221275331189	0.0676670283717864	-1.40573821286321	0.161265739906184
"log(Species):Marine"	0.0949400771927809	0.0286501147752701	3.31377650447426	0.00108238223379457
"log(Species):Terr"	-0.0797969812730744	0.0267422700540197	-2.9839269857003	0.0031795811477431
"log(Species):Latitude"	-0.00156512827156746	0.000910281352014009	-1.71938958005082	0.0870030062806923
"log(Species):Lakeweb:Latitude"	0.00382670578138136	0.00159779748066488	2.39498799296453	0.0174908567774451
