"Estimate"	"Std. Error"	"t value"	"Pr(>|t|)"
"(Intercept)"	-1.20319240588151	0.146583600808746	-8.20823338520226	1.9878474748513e-14
"log(Species)"	0.694434052958189	0.0541481339518171	12.8247088547155	2.13970895524574e-28
"log(Species):Lakeweb"	-0.0692703587830529	0.0697803658024922	-0.99269125328344	0.321966062002943
"log(Species):Marine"	0.12664327182302	0.028934330887445	4.37692070072967	1.87076454080051e-05
"log(Species):Terr"	-0.0522810039562525	0.0271153967204155	-1.92809290217352	0.0551486304005821
"log(Species):Latitude"	-0.00115943787679686	0.000912334775140683	-1.27084696143264	0.205143780622582
"log(Species):Lakeweb:Latitude"	0.00367922948303154	0.00164943975898675	2.23059342603193	0.0267316151534508
