"Estimate"	"Std. Error"	"t value"	"Pr(>|t|)"
"(Intercept)"	-1.23493988939607	0.14213447634212	-8.68853160174557	1.00137736007282e-15
"log(Species)"	0.728406550478578	0.0539347861800727	13.5053200738877	2.12041143780002e-30
"log(Species):Lakeweb"	-0.084413470974178	0.0678579854235887	-1.24397254718432	0.214883347488006
"log(Species):Marine"	0.0980233045937737	0.0285560020485032	3.43266905595812	0.000718599967880102
"log(Species):Terr"	-0.0775105527185406	0.026791463683655	-2.89310631303166	0.00421269938805453
"log(Species):Latitude"	-0.0013343817787512	0.000910470104895789	-1.46559647766131	0.144239812239532
"log(Species):Lakeweb:Latitude"	0.00359749791500643	0.00159741165177738	2.25207942549038	0.0253420586764429
