"Estimate"	"Std. Error"	"t value"	"Pr(>|t|)"
"(Intercept)"	-0.873462634020799	0.140957143393743	-6.19665391189795	2.90128286786324e-09
"log(Species)"	0.665514147619952	0.0624957518008795	10.6489501836921	1.5352214824499e-21
"log(Species):Lakeweb"	-0.0825519142087254	0.0748578529953402	-1.10278228543189	0.271354582442334
"log(Species):Stream"	-0.160786352356865	0.0872561297730492	-1.84269406373014	0.0667505479507109
"log(Species):Marine"	0.12095638993083	0.0372427428043204	3.24778415398552	0.00134940566306131
"log(Species):Terr"	-0.0589056171158526	0.0355268079792975	-1.6580610661723	0.0987633998927319
"log(Species):Latitude"	-0.00113243587469501	0.00110404105024877	-1.02571899336519	0.306176699678975
"log(Species):Lakeweb:Latitude"	0.00459616297781003	0.00169504875616422	2.71152258074914	0.0072389958723414
"log(Species):Stream:Latitude"	0.00513788734733543	0.00191028648521684	2.6895899578917	0.00771536704408248
