"Estimate"	"Std. Error"	"t value"	"Pr(>|t|)"
"(Intercept)"	-1.24083951491325	0.142319171059863	-8.71870954329352	8.2316087656356e-16
"log(Species)"	0.734942586551759	0.053520820735705	13.7319005286005	4.05383344815177e-31
"log(Species):Latitude"	-0.00144840340453349	0.000898814124700953	-1.61146043962693	0.108567172088431
"log(Species):Lakeweb"	-0.0889806535953332	0.0674382859825127	-1.31943824340978	0.188445826567735
"log(Species):Marine"	0.0982078167018381	0.0285468064095013	3.44023829821999	0.000699838932833928
"log(Species):Terr"	-0.0781298282138877	0.0267317153728771	-2.92273904326996	0.00384601518529967
"log(Species):Latitude:Lakeweb"	0.00370964412097866	0.00159027992538517	2.33269882978632	0.0206015060115052
