"Estimate"	"Std. Error"	"t value"	"Pr(>|t|)"
"(Intercept)"	-0.50836986822716	0.143860061289351	-3.53378042293933	0.00050052787242723
"log(Species)"	0.690633749143442	0.053233745957693	12.9736079383239	7.16887966095587e-29
"log(Species):Latitude"	-0.00112470472268404	0.000897776933728932	-1.25276633919804	0.21163907910442
"log(Species):Lakeweb"	-0.0600561127768381	0.0674110845753369	-0.890893732910067	0.373972884794816
"log(Species):Marine"	0.124972996881118	0.0284710869467774	4.38947052196277	1.77432869804227e-05
"log(Species):Terr"	-0.0516610986156773	0.0266973302708402	-1.93506609430919	0.0542819044780865
"log(Species):Latitude:Lakeweb"	0.00333853397570183	0.00158899760047869	2.10103147713759	0.0367924572138963
