"Estimate"	"Std. Error"	"t value"	"Pr(>|t|)"
"(Intercept)"	-1.21892478963681	0.146107621766445	-8.34265026628986	8.43355115980167e-15
"log(Species)"	0.702600213172031	0.0544619845227534	12.9007457096701	1.22439863817825e-28
"log(Species):Lakeweb"	-0.0625852767113643	0.0688391351176541	-0.909152571490021	0.364278240698407
"log(Species):Marine"	0.12833565768732	0.0289541950402841	4.43236834969049	1.47942386062809e-05
"log(Species):Terr"	-0.0517877087940717	0.0271228464906839	-1.90937587660129	0.057532646929889
"log(Species):Latitude"	-0.00127503763396433	0.000929235382319024	-1.37213633727798	0.171437743439618
"log(Species):Lakeweb:Latitude"	0.00353454004417338	0.00162497292489519	2.17513780692768	0.0307004961716033
