"Estimate"	"Std. Error"	"t value"	"Pr(>|t|)"
"(Intercept)"	-1.19606501753277	0.129666337593215	-9.22417521566026	1.61521500465557e-16
"log(Species)"	0.670579604756681	0.0365360019733492	18.3539404570272	3.25615667293103e-41
"log(Species):Lakeweb"	0.0583094074934198	0.0249909093577536	2.33322472018526	0.0208807758430071
