"Estimate"	"Std. Error"	"t value"	"Pr(>|t|)"
"(Intercept)"	-1.20650673467093	0.146382687115964	-8.24214091462292	1.60225524036288e-14
"log(Species)"	0.693116923916154	0.0542363410786834	12.7795664333369	2.97988387683329e-28
"log(Species):Lakeweb"	-0.0613882166675054	0.0690325485087292	-0.889264817736562	0.374845508786692
"log(Species):Marine"	0.12686866055003	0.0289259958685551	4.38597381837927	1.80070797960339e-05
"log(Species):Terr"	-0.0493629857134803	0.0274986390752567	-1.79510649884841	0.0740282739377711
"log(Species):Latitude"	-0.00110955484885519	0.00091558141842824	-1.21185819908834	0.226884562464758
"log(Species):Lakeweb:Latitude"	0.00353131076110314	0.00164098080736726	2.15195128745513	0.0325053154805529
