"Estimate"	"Std. Error"	"t value"	"Pr(>|t|)"
"(Intercept)"	-1.08829758716922	0.116272017608228	-9.35992691583093	1.07264497115386e-17
"log(Species)"	0.715174434912182	0.0517807621373073	13.8115857201126	1.61769045926013e-31
"log(Species):Lakeweb"	-0.0510875864922207	0.0628891545490664	-0.812343350113921	0.41748902496373
"log(Species):Stream"	-0.131313638510786	0.0763591424797894	-1.71968456227153	0.0869222061061647
"log(Species):Marine"	0.132836255459904	0.0273218219324329	4.86191059250768	2.23625373326831e-06
"log(Species):Latitude"	-0.00104236441719233	0.000965305638090741	-1.07982837358539	0.281422870359317
"log(Species):Lakeweb:Latitude"	0.00483360800174738	0.00153106952200537	3.1570140560413	0.00182155811592107
"log(Species):Stream:Latitude"	0.00495575806679264	0.00173338661692921	2.85900330508611	0.00466601509525896
