"Estimate"	"Std. Error"	"t value"	"Pr(>|t|)"
"(Intercept)"	-1.19313620115653	0.125648010211369	-9.49586228344878	3.06716359525954e-17
"log(Species)"	0.671929234864684	0.035344465705987	19.0108754353264	6.80199181952884e-43
"log(Species):Lakeweb"	0.0560151315433913	0.0242727907257704	2.30773346897932	0.0222949494100148
