"Estimate"	"Std. Error"	"t value"	"Pr(>|t|)"
"(Intercept)"	-0.835763439786504	0.127560549639897	-6.55189588117847	7.82950582789784e-10
"log(Species)"	0.689175526600567	0.0561546686516731	12.2728090673194	1.16122081904314e-24
"log(Species):Lakeweb"	-0.0242848954212178	0.0828697697636197	-0.293048906621664	0.7698742217006
"log(Species):Stream"	-0.28257180486587	0.0847513560230916	-3.33412724144354	0.00106902288746331
"log(Species):Latitude"	-0.00176738554086725	0.00107546112872467	-1.643374635923	0.102319427227796
"log(Species):Lakeweb:Latitude"	0.00310042901745704	0.00188304509906885	1.64649748377783	0.101674458969457
"log(Species):Stream:Latitude"	0.00847428060937339	0.00190378631749321	4.45127718983283	1.61745273570232e-05
