"Estimate"	"Std. Error"	"t value"	"Pr(>|t|)"
"(Intercept)"	-0.840302896483035	0.127299054476758	-6.6010144375146	6.0463283492709e-10
"log(Species)"	0.690328705263123	0.0560682489782293	12.3122929259155	9.0604686856961e-25
"log(Species):Lakeweb"	-0.023854784704792	0.0827620208417317	-0.288233473061397	0.773550628640014
"log(Species):Stream"	-0.2870489610553	0.0846970980307702	-3.38912392194377	0.000887962707277606
"log(Species):Latitude"	-0.00176376321793422	0.00107407293323672	-1.64212611951696	0.102578203925493
"log(Species):Lakeweb:Latitude"	0.00309397235602288	0.00188061401187582	1.6451926532956	0.101943549730948
"log(Species):Stream:Latitude"	0.00855374728959542	0.00190227849912446	4.49657991378884	1.34052635304316e-05
