"Estimate"	"Std. Error"	"t value"	"Pr(>|t|)"
"(Intercept)"	-0.835010796766559	0.12717273206909	-6.56595783688058	7.27186539543072e-10
"log(Species)"	0.688984329298964	0.0560935732010458	12.2827677037005	1.09077357157098e-24
"log(Species):Lakeweb"	-0.0248035548746346	0.0828827799751361	-0.299260653202937	0.765139494118315
"log(Species):Stream"	-0.281963883082967	0.0844208406640983	-3.33997956979453	0.0010482317042089
"log(Species):Latitude"	-0.00176798612288704	0.00107530959843864	-1.64416473679225	0.102155936254527
"log(Species):Lakeweb:Latitude"	0.00309499258969046	0.00188304788348223	1.64360801275379	0.102271114058241
"log(Species):Stream:Latitude"	0.00846369964713046	0.0018992724060521	4.45628527017007	1.58432369829274e-05
