"Estimate"	"Std. Error"	"t value"	"Pr(>|t|)"
"(Intercept)"	-0.496383025802018	0.129895878274692	-3.82139165918962	0.000189613672167731
"log(Species)"	0.667666813763839	0.0364447157372568	18.3199896132348	3.98229891392628e-41
"log(Species):Lakeweb"	0.056616392117175	0.0249766050145988	2.26677693321742	0.0247433619482775
