"Estimate"	"Std. Error"	"t value"	"Pr(>|t|)"
"(Intercept)"	-0.498494049795491	0.144024749568879	-3.46116935657013	0.000647575312588576
"log(Species)"	0.688393906207847	0.053245125679147	12.9287685478682	9.96626566298691e-29
"log(Species):Latitude"	-0.00112358851808142	0.00089712589174069	-1.25243126792532	0.211760847190295
"log(Species):Lakeweb"	-0.0649502587322388	0.067807009740223	-0.957869385201785	0.339194591804789
"log(Species):Marine"	0.124073964488924	0.0284637516198067	4.35901655362206	2.01708742831275e-05
"log(Species):Terr"	-0.0521577787852707	0.0266842840021191	-1.95462538103435	0.0519116648463471
"log(Species):Latitude:Lakeweb"	0.00348945984719499	0.00161196662087406	2.16472214871478	0.0315002356580878
