"Estimate"	"Std. Error"	"t value"	"Pr(>|t|)"
"(Intercept)"	-0.498925700103378	0.143976984847988	-3.4653156588197	0.00063819154014828
"log(Species)"	0.688547772833935	0.0532227981038713	12.9370833057319	9.37572129245442e-29
"log(Species):Latitude"	-0.001130144920093	0.00089760693214758	-1.25906438510793	0.209359783372181
"log(Species):Lakeweb"	-0.0649543850316503	0.0678020504106987	-0.95800030586392	0.339128721615682
"log(Species):Marine"	0.124335055986247	0.0284719957809615	4.36692450163213	1.95115469444628e-05
"log(Species):Terr"	-0.0519461839356388	0.0266754086692172	-1.9473435095142	0.0527837091357954
"log(Species):Latitude:Lakeweb"	0.00349571577743299	0.00161207590868738	2.16845606251839	0.0312114913845145
