"Estimate"	"Std. Error"	"t value"	"Pr(>|t|)"
"(Intercept)"	-1.01732244190934	0.135357422395164	-7.51582309937432	2.20149083306114e-12
"log(Species)"	0.639097453700076	0.0535874209179435	11.9262588635998	8.24925903712773e-25
"log(Species):Lakeweb"	-0.0875309810921759	0.0642789918445741	-1.36173543766562	0.17490236099202
"log(Species):Terr"	-0.0612592456758212	0.0256362049157446	-2.38955983840645	0.0178519918734833
"log(Species):Latitude"	-0.000800168988918653	0.00090888588365953	-0.880384439129872	0.379769178017646
"log(Species):Lakeweb:Latitude"	0.00363591820762052	0.00152907049600044	2.37786172523171	0.0184109724056841
