"Estimate"	"Std. Error"	"t value"	"Pr(>|t|)"
"(Intercept)"	-1.49741147056537	0.121567485991451	-12.3175325898462	8.24586684242696e-27
"log(Species)"	0.769180045487111	0.0484776298466875	15.8667007425832	3.34214557353622e-38
"log(Species):Latitude"	-0.000726939070318024	0.000833053282170108	-0.872620138323378	0.383830273213012
"log(Species):Lakeweb"	-0.0366582330141495	0.0617227481594341	-0.593917706312408	0.553182940009936
"log(Species):Marine"	0.126908397173298	0.0252838977350646	5.01933675349814	1.0760173266731e-06
"log(Species):Latitude:Lakeweb"	0.00392642370076563	0.00149726244833883	2.62240177406565	0.00934707716587574
