"Estimate"	"Std. Error"	"t value"	"Pr(>|t|)"
"(Intercept)"	-0.625578166492519	0.136276057290587	-4.59052146745466	8.07205936416292e-06
"log(Species)"	0.552004438866665	0.0562889334505821	9.80662458902844	1.34801221719537e-18
"log(Species):Lakeweb"	-0.0650900191918372	0.065020977182238	-1.00106184207914	0.318083639483491
"log(Species):Stream"	-0.191737861150046	0.0896766777666068	-2.13810174423571	0.0337996430132889
"log(Species):Latitude"	-0.000645932743626786	0.00103619465832377	-0.623370076691671	0.533796894124688
"log(Species):Lakeweb:Latitude"	0.00462967620304314	0.00159198115824347	2.90812248566518	0.00407389556702969
"log(Species):Stream:Latitude"	0.00666106199655581	0.002017027755731	3.30241464334325	0.00114731879113165
