"Estimate"	"Std. Error"	"t value"	"Pr(>|t|)"
"(Intercept)"	-1.01599167312419	0.13598636274238	-7.47127618266357	2.86015907832529e-12
"log(Species)"	0.638541966104849	0.0538058812509242	11.8675124588519	1.23358468235277e-24
"log(Species):Lakeweb"	-0.0874429684070409	0.0644879246706106	-1.35595879156725	0.176730131927237
"log(Species):Terr"	-0.0604932790159498	0.0257235132977754	-2.35167250739351	0.0197186925564965
"log(Species):Latitude"	-0.00081534598733341	0.00091184781624765	-0.894168931268207	0.372368751002932
"log(Species):Lakeweb:Latitude"	0.00365228572116819	0.00153410158859553	2.38073263747276	0.018272378015873
