"Estimate"	"Std. Error"	"t value"	"Pr(>|t|)"
"(Intercept)"	-1.18217006518798	0.129552204349954	-9.12504786097371	3.32741922116874e-16
"log(Species)"	0.721501442393299	0.0532834726525512	13.5408111835735	3.60499100212663e-28
"log(Species):Lakeweb"	-0.0206965916736211	0.0834376971965172	-0.248048452546279	0.804421051110373
"log(Species):Terr"	-0.0267497102607765	0.0279208641473491	-0.958054525805794	0.339508269904081
"log(Species):Latitude"	-0.00116194297159291	0.000934680099131856	-1.24314508533148	0.215667632653955
"log(Species):Lakeweb:Latitude"	0.00172337362117776	0.00185912361355747	0.926981728708211	0.355358841601853
