"Estimate"	"Std. Error"	"t value"	"Pr(>|t|)"
"(Intercept)"	-0.506122983805975	0.143700768841768	-3.52206176685998	0.000521919013020041
"log(Species)"	0.690194272569401	0.0531665305123472	12.9817437007501	6.75280436331545e-29
"log(Species):Latitude"	-0.0011215883668758	0.000896806850438455	-1.25064652029302	0.212410300563533
"log(Species):Lakeweb"	-0.0663559871054398	0.0681494921214324	-0.973682782363267	0.331298194386088
"log(Species):Marine"	0.124576160083934	0.0284350840969798	4.38107232808099	1.83831908703073e-05
"log(Species):Terr"	-0.051952358679613	0.0266531613815329	-1.94920061961614	0.0525601470350688
"log(Species):Latitude:Lakeweb"	0.0034413403469488	0.00159729438516937	2.15448096412353	0.0323040587110835
