"Estimate"	"Std. Error"	"t value"	"Pr(>|t|)"
"(Intercept)"	-0.85575028866925	0.14105689487642	-6.06670300958329	5.8147955240765e-09
"log(Species)"	0.658529071517067	0.0614045465905683	10.7244350472611	9.02438538032849e-22
"log(Species):Lakeweb"	-0.0876995746006796	0.0742689122297482	-1.18083828034783	0.238971628910863
"log(Species):Stream"	-0.158201436567721	0.0863763976793692	-1.83153547517653	0.0684043752048276
"log(Species):Marine"	0.118740773361804	0.0368874024630893	3.21900609511932	0.0014854083109494
"log(Species):Terr"	-0.0590343927234881	0.035455989554814	-1.66500479791214	0.0973683216383887
"log(Species):Latitude"	-0.00107204559795733	0.00106776993807986	-1.0040042894307	0.316505170455843
"log(Species):Lakeweb:Latitude"	0.0047671767370463	0.00169506230986762	2.81239026394175	0.0053726438750503
"log(Species):Stream:Latitude"	0.00507537855577587	0.00188746141964897	2.6889972440972	0.00772862444061463
