"Estimate"	"Std. Error"	"t value"	"Pr(>|t|)"
"(Intercept)"	-0.855239919441856	0.141003685765271	-6.06537279362737	5.85603246977525e-09
"log(Species)"	0.656406503986341	0.0615742141436202	10.6604122052665	1.4163242799098e-21
"log(Species):Lakeweb"	-0.0857965983529857	0.0743811948629862	-1.15347163367068	0.249997537576608
"log(Species):Stream"	-0.156205656674385	0.0864698963184368	-1.80647443012002	0.0722425447302111
"log(Species):Marine"	0.11864659254257	0.0368741649450646	3.21760757753648	0.00149233107392128
"log(Species):Terr"	-0.0571371242979769	0.0357189470033764	-1.59963070279132	0.111148968794223
"log(Species):Latitude"	-0.00102385320927536	0.00107329160817599	-0.95393758925904	0.341186511532045
"log(Species):Lakeweb:Latitude"	0.00473383493046052	0.00169544129185748	2.79209604791109	0.00570861667237107
"log(Species):Stream:Latitude"	0.00502712512352507	0.00189011966382209	2.65968616683216	0.00841043709267218
