"Estimate"	"Std. Error"	"t value"	"Pr(>|t|)"
"(Intercept)"	-1.17941765070535	0.131271957437023	-8.98453617766128	7.75120078006157e-16
"log(Species)"	0.720333161551487	0.0538245028024219	13.3829970375328	9.7162083065095e-28
"log(Species):Lakeweb"	-0.0204883086703686	0.084062362348856	-0.243727491089803	0.807760067810219
"log(Species):Terr"	-0.0253937782238741	0.0283858556802919	-0.894592662975624	0.372374271895212
"log(Species):Latitude"	-0.00119373689099196	0.000941404130259364	-1.26803872282043	0.206661336896808
"log(Species):Lakeweb:Latitude"	0.00175688608860155	0.00187280433928486	0.93810445210332	0.349631648970202
