"Estimate"	"Std. Error"	"t value"	"Pr(>|t|)"
"(Intercept)"	-0.861587471560387	0.14058618414677	-6.12853586424184	4.18203151800846e-09
"log(Species)"	0.659906061287243	0.0611774340589457	10.7867561207521	5.81505404625979e-22
"log(Species):Lakeweb"	-0.087094177546948	0.0739838317394166	-1.17720555287956	0.240415024516209
"log(Species):Stream"	-0.157303795725222	0.0860467186354723	-1.82812079553694	0.0689171957382673
"log(Species):Marine"	0.119085808159998	0.0367463879927277	3.24074867395308	0.00138154290787826
"log(Species):Terr"	-0.0589118651197449	0.0353196460951273	-1.66796306398643	0.096778809505387
"log(Species):Latitude"	-0.00106958388318033	0.001063661789399	-1.005567647386	0.315753965234622
"log(Species):Lakeweb:Latitude"	0.00477514707342023	0.00168586351576405	2.83246361806228	0.00505811285299503
"log(Species):Stream:Latitude"	0.00510212046453915	0.00188030881755715	2.71344814048561	0.00719846952901698
