"Estimate"	"Std. Error"	"t value"	"Pr(>|t|)"
"(Intercept)"	-0.320600115796271	0.135473626656569	-2.36651312663981	0.0189679507044535
"log(Species)"	0.639245485683024	0.054740238634367	11.6777986656729	4.51552882035244e-24
"log(Species):Lakeweb"	-0.0890731259866558	0.065144905322546	-1.36730762821185	0.173152791230734
"log(Species):Terr"	-0.0609867748130911	0.0261863487433121	-2.3289529751133	0.0209186881927712
"log(Species):Latitude"	-0.000863711282118397	0.000940042152369952	-0.918800587761818	0.359370975736074
"log(Species):Lakeweb:Latitude"	0.00364522150684482	0.00154854135246683	2.35397104574442	0.0196007312395871
