"Estimate"	"Std. Error"	"t value"	"Pr(>|t|)"
"(Intercept)"	-1.23740617234613	0.141582424031041	-8.73982897817058	7.17532348785117e-16
"log(Species)"	0.736561922333938	0.0533489927258311	13.8064822726691	2.35076813033419e-31
"log(Species):Latitude"	-0.00143281739071821	0.000895753619251359	-1.59956639853234	0.111184016598478
"log(Species):Lakeweb"	-0.0917457821647976	0.0671567129802697	-1.3661446204455	0.173340959480616
"log(Species):Marine"	0.0948521170461734	0.0284314694868031	3.33616653512054	0.00100288151139534
"log(Species):Terr"	-0.0812744506425824	0.0266358467900826	-3.05131844626932	0.00256940181404223
"log(Species):Latitude:Lakeweb"	0.0036951495253638	0.00158476132978487	2.33167572675781	0.0206564168711869
