"Estimate"	"Std. Error"	"t value"	"Pr(>|t|)"
"(Intercept)"	-0.478205101874256	0.130340239350727	-3.66889844806465	0.000333181884363874
"log(Species)"	0.717553299396998	0.0535185922199314	13.4075518363461	8.32669557085354e-28
"log(Species):Lakeweb"	-0.0217274987405871	0.083645921229009	-0.259755627307884	0.795392598029909
"log(Species):Terr"	-0.0243560047169965	0.0280018358709865	-0.869800281282001	0.385737421394927
"log(Species):Latitude"	-0.0012080494738843	0.000937072636244019	-1.28917378136919	0.199233820385474
"log(Species):Lakeweb:Latitude"	0.0017454990514863	0.00186385659782546	0.936498576941353	0.350454856025054
