"Estimate"	"Std. Error"	"t value"	"Pr(>|t|)"
"(Intercept)"	-1.18452155659335	0.130246803770846	-9.09443857583926	4.00177734876792e-16
"log(Species)"	0.718721477985165	0.0535267752571505	13.4273263153314	7.35366374494964e-28
"log(Species):Lakeweb"	-0.017096464938629	0.0838788328322472	-0.203823352821574	0.838755499099617
"log(Species):Terr"	-0.0238972493312807	0.028051611263944	-0.851902912329206	0.395565575931155
"log(Species):Latitude"	-0.00114705206575185	0.000939760536601102	-1.22057909550072	0.224075460402891
"log(Species):Lakeweb:Latitude"	0.00170701449500309	0.00186786743958439	0.913884175518853	0.362179051825925
