"Estimate"	"Std. Error"	"t value"	"Pr(>|t|)"
"(Intercept)"	-1.49079159415768	0.12073873685041	-12.3472518683437	6.63547815950607e-27
"log(Species)"	0.772969796658515	0.048345422785741	15.9884794075375	1.35892859813229e-38
"log(Species):Latitude"	-0.000807375533427878	0.000825341977348454	-0.97823151564604	0.329044145285717
"log(Species):Lakeweb"	-0.042677524474724	0.0613132852591511	-0.696056723992853	0.487134724827433
"log(Species):Marine"	0.12444172516088	0.0252039404273554	4.93739165586251	1.57340230354332e-06
"log(Species):Latitude:Lakeweb"	0.00400504771620964	0.00149044092192569	2.68715630206597	0.00776204969918471
