"Estimate"	"Std. Error"	"t value"	"Pr(>|t|)"
"(Intercept)"	-1.09793547683645	0.115806089637911	-9.48080951761131	4.74338318058527e-18
"log(Species)"	0.717746466965146	0.051646408092135	13.8973162603044	8.59756825609349e-32
"log(Species):Lakeweb"	-0.050413626929587	0.0627733815911865	-0.803105164190568	0.422796785703226
"log(Species):Stream"	-0.132406292944824	0.0762238276197268	-1.73707221323739	0.0837999461958272
"log(Species):Marine"	0.133201754269366	0.0272709639870462	4.88438011698587	2.01842912071219e-06
"log(Species):Latitude"	-0.00103983703126228	0.000963561991074264	-1.07915945304461	0.281720228958026
"log(Species):Lakeweb:Latitude"	0.00483371936155142	0.00152830728567621	3.16279285380276	0.00178736993381306
"log(Species):Stream:Latitude"	0.00505172109365081	0.00173039582466695	2.91940203601861	0.00387860456257326
