"Estimate"	"Std. Error"	"t value"	"Pr(>|t|)"
"(Intercept)"	-1.48211184519668	0.121342992678709	-12.2142351402277	1.75358008377922e-26
"log(Species)"	0.766986800906546	0.0491580582384578	15.6024633272945	2.35963659162239e-37
"log(Species):Lakeweb"	-0.0396178234818438	0.0619018545090952	-0.640010283957207	0.522837974559614
"log(Species):Marine"	0.125148151116293	0.025332658647388	4.94019016551965	1.55323381910951e-06
"log(Species):Latitude"	-0.000747669604425002	0.000846153031678365	-0.883610383031993	0.377879980588004
"log(Species):Lakeweb:Latitude"	0.00394296536961591	0.00150713346640622	2.61620185438384	0.0095131407882556
