"Estimate"	"Std. Error"	"t value"	"Pr(>|t|)"
"(Intercept)"	-1.22196902405175	0.146066579819394	-8.36583580968805	7.26909644462885e-15
"log(Species)"	0.699312872989243	0.0540670876594617	12.9341694413767	9.57858680238489e-29
"log(Species):Lakeweb"	-0.0582852155585438	0.0685031618667596	-0.850839785642451	0.395796232171249
"log(Species):Marine"	0.126649065814674	0.0289362099169993	4.37683671005825	1.87142657217817e-05
"log(Species):Terr"	-0.0529157438889294	0.027129001252273	-1.9505231098213	0.0524014297408349
"log(Species):Latitude"	-0.0011361813365797	0.000912287385835073	-1.24542041709771	0.21432036120774
"log(Species):Lakeweb:Latitude"	0.00339479863228659	0.00161470578357077	2.10242551109176	0.0366689270125013
