"Estimate"	"Std. Error"	"t value"	"Pr(>|t|)"
"(Intercept)"	-0.329668146555875	0.134627078525198	-2.44875065378597	0.0152472939078804
"log(Species)"	0.640377683750264	0.0532866083488921	12.0176101199276	4.41015467341143e-25
"log(Species):Lakeweb"	-0.0870198895055685	0.0639024985067139	-1.36176036209955	0.174894505656611
"log(Species):Terr"	-0.0618650051661971	0.0254872977015763	-2.42728773723121	0.0161499876741577
"log(Species):Latitude"	-0.000787531366950043	0.000903595441141912	-0.871553054710862	0.384558013222435
"log(Species):Lakeweb:Latitude"	0.00356092926745799	0.00152015998957826	2.34247006359239	0.0201972450598686
