"Estimate"	"Std. Error"	"t value"	"Pr(>|t|)"
"(Intercept)"	-1.01165777247734	0.135625779722718	-7.45918493184431	3.0703273219842e-12
"log(Species)"	0.634613411958992	0.0538480481148948	11.785263053638	2.16592971062557e-24
"log(Species):Lakeweb"	-0.0850368348633505	0.0645325970029717	-1.31773458395661	0.18918755176453
"log(Species):Terr"	-0.0568217396300893	0.026070260645114	-2.17956162401233	0.030526419634404
"log(Species):Latitude"	-0.00076445161553575	0.000914765637231046	-0.835680292768441	0.404389995808689
"log(Species):Lakeweb:Latitude"	0.00360526848742949	0.00153481797910067	2.34898765620534	0.0198572703620312
