"Estimate"	"Std. Error"	"t value"	"Pr(>|t|)"
"(Intercept)"	-0.837505731145973	0.127535424534301	-6.56684787151606	7.23791718082111e-10
"log(Species)"	0.689618128734261	0.0561436080848791	12.2831102641583	1.08842786440626e-24
"log(Species):Lakeweb"	-0.0241198143917162	0.0828534472272094	-0.291114192576349	0.771350682644279
"log(Species):Stream"	-0.283887748225648	0.08473466287795	-3.35031424665669	0.00101243611795635
"log(Species):Latitude"	-0.00176599525511956	0.00107524929932679	-1.64240539958988	0.10252027268713
"log(Species):Lakeweb:Latitude"	0.00309795088269781	0.00188267420299565	1.64550556743617	0.101878966395926
"log(Species):Stream:Latitude"	0.00849711207676623	0.00190341133610285	4.46414913875825	1.53361734035198e-05
