"Estimate"	"Std. Error"	"t value"	"Pr(>|t|)"
"(Intercept)"	-1.21086072564347	0.146234323415571	-8.28027714261323	1.25652862207099e-14
"log(Species)"	0.696271085292127	0.0540469109644289	12.8827174924091	1.39771600490369e-28
"log(Species):Lakeweb"	-0.0748662443487002	0.0698507897122843	-1.07180240419721	0.28499935215912
"log(Species):Marine"	0.127100332201791	0.028888683293617	4.39965819521703	1.69956920768015e-05
"log(Species):Terr"	-0.0521199125730918	0.0270744984180349	-1.92505551786598	0.0555297748924026
"log(Species):Latitude"	-0.00115695047378143	0.000910966920391067	-1.27002468243827	0.205435973458082
"log(Species):Lakeweb:Latitude"	0.00383032831430405	0.001656987463629	2.31162178253007	0.0217367008947901
