"Estimate"	"Std. Error"	"t value"	"Pr(>|t|)"
"(Intercept)"	-0.49549812882547	0.129675424858247	-3.82106424071574	0.000189844402661167
"log(Species)"	0.667283203102416	0.0365663766626473	18.2485459048517	6.08559073090029e-41
"log(Species):Lakeweb"	0.0567145925165218	0.0249468437032709	2.27341755899507	0.0243310751957042
