"Estimate"	"Std. Error"	"t value"	"Pr(>|t|)"
"(Intercept)"	-1.17785146021264	0.130876700932327	-8.99970316963964	7.0763097150908e-16
"log(Species)"	0.719854139298625	0.0537792566890262	13.3853493636239	9.5736061995841e-28
"log(Species):Lakeweb"	-0.0205555484348222	0.0840576086641715	-0.244541199321362	0.807131003667491
"log(Species):Terr"	-0.0250455752060497	0.0281405485515061	-0.890017305817914	0.374818363659158
"log(Species):Latitude"	-0.00119441960153933	0.000941537172378801	-1.26858464708474	0.206466962747353
"log(Species):Lakeweb:Latitude"	0.0017585466945911	0.00187293989163886	0.938923188320977	0.349212424015697
