"Estimate"	"Std. Error"	"t value"	"Pr(>|t|)"
"(Intercept)"	-0.32603964813422	0.135209552855027	-2.41136547861971	0.0168499246021386
"log(Species)"	0.639865974980426	0.0535422617339197	11.9506713810534	6.97849806631335e-25
"log(Species):Lakeweb"	-0.0877828063448961	0.06418159895897	-1.36772545042098	0.173022135759389
"log(Species):Terr"	-0.0593792911929422	0.0255842927424699	-2.3209276015816	0.0213576508477661
"log(Species):Latitude"	-0.000866134197791795	0.000908224810911968	-0.953656173433636	0.341475795792621
"log(Species):Lakeweb:Latitude"	0.00364277817855719	0.00152697445735433	2.38561827999974	0.0180386374109581
