"Estimate"	"Std. Error"	"t value"	"Pr(>|t|)"
"(Intercept)"	-0.628174426668805	0.13613991064925	-4.61418274533198	7.28861594144864e-06
"log(Species)"	0.552681400222255	0.056275828728592	9.82093756251439	1.22729584207963e-18
"log(Species):Lakeweb"	-0.064854961490454	0.0650358455440498	-0.997218702208257	0.319940153427517
"log(Species):Stream"	-0.192302728098549	0.0897065681791003	-2.1436861536673	0.0333427952742884
"log(Species):Latitude"	-0.000644261849442985	0.00103646964421893	-0.621592588877502	0.534962811488052
"log(Species):Lakeweb:Latitude"	0.00462568267621021	0.00159238302604072	2.90488067290659	0.00411446707701008
"log(Species):Stream:Latitude"	0.00667749403606143	0.00201722973005056	3.31022983480124	0.00111748642557301
