"Estimate"	"Std. Error"	"t value"	"Pr(>|t|)"
"(Intercept)"	-1.23382036591622	0.141917347745375	-8.69393619256414	9.66862135324558e-16
"log(Species)"	0.73536348859532	0.0534771730387765	13.7509790964849	3.5264125629257e-31
"log(Species):Latitude"	-0.00144040987476394	0.000898117860965412	-1.6038094078383	0.110244804531803
"log(Species):Lakeweb"	-0.0917440222400096	0.0673321890401527	-1.36255813969303	0.174467515529751
"log(Species):Marine"	0.0952595747960389	0.028507540517425	3.34155711320702	0.00098457172273039
"log(Species):Terr"	-0.0807672330629375	0.0267040845144123	-3.02452731601216	0.00279775861117552
"log(Species):Latitude:Lakeweb"	0.00370388189403342	0.00158890622384667	2.33108904631671	0.020687962478533
