"Estimate"	"Std. Error"	"t value"	"Pr(>|t|)"
"(Intercept)"	-0.842093231786341	0.125730212345748	-6.6976203736191	3.62629847819849e-10
"log(Species)"	0.690783512216601	0.0554415832143743	12.4596642477826	3.58864383518597e-25
"log(Species):Lakeweb"	-0.023685151541304	0.0818812735478768	-0.289262129361667	0.772764853199095
"log(Species):Stream"	-0.28253381506679	0.0834283671310577	-3.38654374743974	0.000895771952774129
"log(Species):Latitude"	-0.00176233459484988	0.00106266540502561	-1.65840968052161	0.099244163579873
"log(Species):Lakeweb:Latitude"	0.0030914258863284	0.00186063931119241	1.66148584937036	0.0986242344463715
"log(Species):Stream:Latitude"	0.00855390344421168	0.00187750574157093	4.55599322804442	1.04581323529842e-05
