"Estimate"	"Std. Error"	"t value"	"Pr(>|t|)"
"(Intercept)"	-1.18836878879679	0.130130934794273	-9.13210060832584	2.82757890055783e-16
"log(Species)"	0.667493882270709	0.0366948231120228	18.1904101358649	8.59718339304574e-41
"log(Species):Lakeweb"	0.0589128267070875	0.0250344743024515	2.3532679774034	0.0198248741864574
