"Estimate"	"Std. Error"	"t value"	"Pr(>|t|)"
"(Intercept)"	-0.843566191024827	0.126017854556943	-6.69402120826974	3.69628384601998e-10
"log(Species)"	0.691157694696618	0.0555567363015629	12.4405740996916	4.04605306631574e-25
"log(Species):Lakeweb"	-0.0235455895638064	0.0820433152431703	-0.286989738213516	0.774501012366266
"log(Species):Stream"	-0.288787758124798	0.0836807788130439	-3.45106441671624	0.000718563738099159
"log(Species):Latitude"	-0.00176115922643342	0.0010647642939224	-1.65403670698388	0.100130832583234
"log(Species):Lakeweb:Latitude"	0.00308933083404681	0.00186431448247283	1.65708675391992	0.0995117317903482
"log(Species):Stream:Latitude"	0.00854940482290156	0.00188125384998969	4.5445248247324	1.09734310304099e-05
