"Estimate"	"Std. Error"	"t value"	"Pr(>|t|)"
"(Intercept)"	-0.635442030715339	0.13543413529514	-4.69188974648507	5.19849729938413e-06
"log(Species)"	0.554576390228334	0.0559930865158959	9.90437257054753	7.09710812710728e-19
"log(Species):Lakeweb"	-0.0641969741603148	0.0647153446166577	-0.991989991563616	0.322477445495168
"log(Species):Stream"	-0.192492167486332	0.0892612091701214	-2.1565041441402	0.0323142827315101
"log(Species):Latitude"	-0.00063958458425884	0.00103136977525686	-0.620131207645245	0.535922352026804
"log(Species):Lakeweb:Latitude"	0.00461450376123242	0.00158454353568838	2.91219752395615	0.00402341545830044
"log(Species):Stream:Latitude"	0.00675393551973324	0.00200781023947329	3.36383159471535	0.000931565480884206
