"Estimate"	"Std. Error"	"t value"	"Pr(>|t|)"
"(Intercept)"	-1.09531744952449	0.116264545473044	-9.42090682131844	7.11080017681972e-18
"log(Species)"	0.717047802590019	0.0518391515221147	13.8321670308227	1.38995001899595e-31
"log(Species):Lakeweb"	-0.0505967006732233	0.0630000755410988	-0.803121269913652	0.422787497731178
"log(Species):Stream"	-0.131596814827277	0.076652644454755	-1.71679419233805	0.0874502756245088
"log(Species):Marine"	0.133102470515484	0.0273695373725798	4.86316113800423	2.22355537644129e-06
"log(Species):Latitude"	-0.00104052356800644	0.000967036379430554	-1.07599216548519	0.283131112806517
"log(Species):Lakeweb:Latitude"	0.00483368911187867	0.00153381748269317	3.15141088585807	0.00185528414689197
"log(Species):Stream:Latitude"	0.00499366755562448	0.00174167284073129	2.86716738002744	0.00455167529174215
