"Estimate"	"Std. Error"	"t value"	"Pr(>|t|)"
"(Intercept)"	-1.21089002801962	0.146396144639255	-8.27132456939671	1.33037573386724e-14
"log(Species)"	0.696660582437114	0.0541128615276749	12.874214424621	1.48776306489355e-28
"log(Species):Lakeweb"	-0.0634113022479233	0.0689222279864578	-0.920041387234066	0.358572752547599
"log(Species):Marine"	0.126092794553476	0.028931845764819	4.3582699693085	2.02342128884769e-05
"log(Species):Terr"	-0.0530565711479586	0.0271218835190722	-1.95622738039742	0.051721453927494
"log(Species):Latitude"	-0.00114225582041162	0.000912006078879152	-1.25246513906512	0.211748535780083
"log(Species):Lakeweb:Latitude"	0.00356096052221783	0.00163856836648789	2.17321449324108	0.0308468374352171
