"Estimate"	"Std. Error"	"t value"	"Pr(>|t|)"
"(Intercept)"	-0.632855864276445	0.135879249847742	-4.65748718060768	6.04048544596085e-06
"log(Species)"	0.55315999411472	0.056177536271136	9.84664032692608	1.0368991311239e-18
"log(Species):Lakeweb"	-0.0636890513570124	0.0649444342740999	-0.980669892175993	0.328015862895842
"log(Species):Stream"	-0.191148474083002	0.0895681459333984	-2.13411221245037	0.034129312342201
"log(Species):Latitude"	-0.00065917122179067	0.00103505153816113	-0.636848695439601	0.52499810126591
"log(Species):Lakeweb:Latitude"	0.00463640400148478	0.00159002925937965	2.91592370023032	0.00397775856988592
"log(Species):Stream:Latitude"	0.00670276746281442	0.00201420670661022	3.3277455788511	0.00105323110170509
