"Estimate"	"Std. Error"	"t value"	"Pr(>|t|)"
"(Intercept)"	-0.888153578253426	0.138806433454744	-6.3985044219366	1.00486817137752e-09
"log(Species)"	0.699635269553152	0.0603406927625728	11.594750366988	2.38669837540696e-24
"log(Species):Lakeweb"	-0.107513260283028	0.0724385448395015	-1.48419961391052	0.13925537068015
"log(Species):Stream"	-0.169200330651954	0.0863770972260077	-1.95885641085203	0.0514533461922504
"log(Species):Marine"	0.0825660087077135	0.0349225805435354	2.36425852335811	0.0189781307710035
"log(Species):Terr"	-0.0947887658117266	0.0334388041707652	-2.83469364896124	0.00503487096662421
"log(Species):Latitude"	-0.00113194903750973	0.00106061465160431	-1.06725759049012	0.287080914712691
"log(Species):Lakeweb:Latitude"	0.00449141021090187	0.00166280713671896	2.70110111492803	0.00747527590490283
"log(Species):Stream:Latitude"	0.00494540109413916	0.00190000377034564	2.60283751607477	0.00990466039624876
