"Estimate"	"Std. Error"	"t value"	"Pr(>|t|)"
"(Intercept)"	-1.21781686111137	0.146129197601979	-8.33383663974131	8.92313959342864e-15
"log(Species)"	0.701061390283438	0.0541055491464176	12.9572918368551	8.08206169625994e-29
"log(Species):Lakeweb"	-0.0654091782972896	0.068748492663403	-0.951427089718711	0.342446114586993
"log(Species):Marine"	0.125585983301575	0.0288498442434308	4.3530905138308	2.06789062565454e-05
"log(Species):Terr"	-0.0540400203605143	0.0270588267648471	-1.99713094843858	0.0470601290936903
"log(Species):Latitude"	-0.00118268937365961	0.000909439709143175	-1.30045935070713	0.194823002902744
"log(Species):Lakeweb:Latitude"	0.00359657230704279	0.00163392482733222	2.20118590946137	0.0287768994805115
