"Estimate"	"Std. Error"	"t value"	"Pr(>|t|)"
"(Intercept)"	-1.09173928116454	0.116512528683209	-9.37014494066055	1.00131768934343e-17
"log(Species)"	0.71609290851772	0.0518665488466081	13.8064499073481	1.6801119889201e-31
"log(Species):Lakeweb"	-0.0508469152810024	0.0629795062115107	-0.807356524997796	0.420349257293892
"log(Species):Stream"	-0.129627781770628	0.0766214399578814	-1.69179516649497	0.0921271332527695
"log(Species):Marine"	0.132966775221102	0.0273612385498278	4.85967676422816	2.25911129763417e-06
"log(Species):Latitude"	-0.00104146188673394	0.000966682722236244	-1.07735647154705	0.282522786010393
"log(Species):Lakeweb:Latitude"	0.00483364776837494	0.00153325273153699	3.1525446972656	0.00184841335619754
"log(Species):Stream:Latitude"	0.0049586679279322	0.00173744980705968	2.85399204499833	0.00473748976003694
