"Estimate"	"Std. Error"	"t value"	"Pr(>|t|)"
"(Intercept)"	-1.48428478327999	0.121575233443004	-12.208775926191	1.82486431940982e-26
"log(Species)"	0.770765532444621	0.0486413662073502	15.8458857664271	3.89809200980873e-38
"log(Species):Lakeweb"	-0.0426647206616526	0.0616428928302303	-0.692127165075701	0.489594005587757
"log(Species):Marine"	0.125688966781217	0.0253366741700898	4.96075238357818	1.41253050214249e-06
"log(Species):Latitude"	-0.000833256488959814	0.000829859574913744	-1.00409336006809	0.316446824657358
"log(Species):Lakeweb:Latitude"	0.0040291471801455	0.00149846774562886	2.68884478287826	0.00772417632165063
