"Estimate"	"Std. Error"	"t value"	"Pr(>|t|)"
"(Intercept)"	-0.62829364987615	0.135949125020757	-4.62153507630313	7.06047615215585e-06
"log(Species)"	0.552712487054307	0.0562098228667211	9.83302310638554	1.13378709490548e-18
"log(Species):Lakeweb"	-0.064844167374622	0.0649684968918063	-0.998086310702381	0.319520412883767
"log(Species):Stream"	-0.192258742105157	0.0896112570347063	-2.14547533945089	0.0331975570182336
"log(Species):Latitude"	-0.000644185120089905	0.00103540762972315	-0.622156049074267	0.534593077848586
"log(Species):Lakeweb:Latitude"	0.00462549928893568	0.00159074526641037	2.90775612324999	0.00407846220365058
"log(Species):Stream:Latitude"	0.00672401561988264	0.00201570764345575	3.33580896104304	0.00102482440343201
