"Estimate"	"Std. Error"	"t value"	"Pr(>|t|)"
"(Intercept)"	-1.4878028688395	0.1219243650234	-12.2026706356351	1.90801562639538e-26
"log(Species)"	0.771906938115848	0.0487440096503916	15.8359343774184	4.19569172137168e-38
"log(Species):Lakeweb"	-0.0426212532306331	0.0616324745027391	-0.691538893651574	0.489962748463153
"log(Species):Marine"	0.125973290802598	0.0253491104506265	4.96953496841484	1.35626847403185e-06
"log(Species):Latitude"	-0.000840660476500455	0.000830033885431882	-1.01280259909274	0.312277233490422
"log(Species):Lakeweb:Latitude"	0.00403751437992273	0.00149850146574096	2.69436798843991	0.00760145035388194
