"Estimate"	"Std. Error"	"t value"	"Pr(>|t|)"
"(Intercept)"	-0.499000687745097	0.143885777111383	-3.46803344821786	0.000632109991874162
"log(Species)"	0.688058354274624	0.0531895878242757	12.9359595067325	9.45344766472842e-29
"log(Species):Latitude"	-0.00112601311686117	0.000896596129249567	-1.25587550528868	0.210511608348816
"log(Species):Lakeweb"	-0.0644389531143908	0.0677840250012672	-0.950651028958314	0.342839154004286
"log(Species):Marine"	0.124671588531416	0.0284588389313764	4.38076861926941	1.84067419097153e-05
"log(Species):Terr"	-0.0515924042189523	0.0266722082869247	-1.93431318711784	0.0543749318006986
"log(Species):Latitude:Lakeweb"	0.00349153177530476	0.0016111156953058	2.16715148730647	0.0313121134510339
