"Estimate"	"Std. Error"	"t value"	"Pr(>|t|)"
"(Intercept)"	-0.498753054261777	0.143883986709851	-3.46635553869894	0.000635858175647812
"log(Species)"	0.688428722971598	0.0531878404831061	12.9433478915216	8.95398891171149e-29
"log(Species):Latitude"	-0.00112397897988371	0.000896603568190256	-1.25359637164103	0.211337656926174
"log(Species):Lakeweb"	-0.0647700564359016	0.0677773064849212	-0.955630428457812	0.340322358493396
"log(Species):Marine"	0.12413688487195	0.0284324102497519	4.36603452825578	1.95847036449793e-05
"log(Species):Terr"	-0.0521071816631252	0.0266475265297606	-1.95542282714047	0.0518169077873038
"log(Species):Latitude:Lakeweb"	0.00344702215005364	0.00161408189110819	2.13559310035193	0.033833032027943
