"Estimate"	"Std. Error"	"t value"	"Pr(>|t|)"
"(Intercept)"	-1.23228235408743	0.142704610257417	-8.63519652143387	1.41480564717889e-15
"log(Species)"	0.7344357767021	0.0536482351079725	13.6898404061937	5.51188840623261e-31
"log(Species):Latitude"	-0.00146557442882299	0.00090136183839324	-1.62595571101114	0.105444633680745
"log(Species):Lakeweb"	-0.0913295835858401	0.0676265515156244	-1.35049890226532	0.178295849129183
"log(Species):Marine"	0.0967864501252221	0.0286172356085164	3.3821034096116	0.000856519965652502
"log(Species):Terr"	-0.0793083367271413	0.0267996412661441	-2.95930590784927	0.00343385061366135
"log(Species):Latitude:Lakeweb"	0.00372953536350641	0.0015943702833732	2.33919021346525	0.0202560850840868
