"Estimate"	"Std. Error"	"t value"	"Pr(>|t|)"
"(Intercept)"	-0.496007236550119	0.129537536409286	-3.82906183257135	0.000184284036223095
"log(Species)"	0.667464146248367	0.0365110780045248	18.2811404846948	5.01473337852204e-41
"log(Species):Lakeweb"	0.0566978544395993	0.0249485941352686	2.27258714988867	0.0243823006220363
