"Estimate"	"Std. Error"	"t value"	"Pr(>|t|)"
"(Intercept)"	-0.87733284370797	0.14058305708732	-6.24067268051393	2.2875252617841e-09
"log(Species)"	0.663620390061791	0.0612871749825354	10.8280466549633	4.34436541186963e-22
"log(Species):Lakeweb"	-0.0793706597057187	0.0737778453502864	-1.07580614924275	0.283219699629729
"log(Species):Stream"	-0.133761593060146	0.0887828942580983	-1.5066144686756	0.133377351748303
"log(Species):Marine"	0.120016514187675	0.036835215730985	3.25820038802486	0.00130309877682598
"log(Species):Terr"	-0.0585813559074639	0.0354090300124458	-1.65441854484219	0.0995016259240727
"log(Species):Latitude"	-0.00106294358836553	0.00106636419292917	-0.99679227360941	0.319985876047753
"log(Species):Lakeweb:Latitude"	0.00452554542376014	0.00166784623371269	2.71340686706238	0.00719933603627734
"log(Species):Stream:Latitude"	0.00447900947006603	0.0019534219038952	2.29290429329922	0.0228204874755056
