"Estimate"	"Std. Error"	"t value"	"Pr(>|t|)"
"(Intercept)"	-0.509898042681277	0.143651860703751	-3.54954011861234	0.000473055886834392
"log(Species)"	0.691098630425064	0.0531739050929012	12.9969508392816	6.03868217434913e-29
"log(Species):Latitude"	-0.00112036383619354	0.000897239267757995	-1.24867900509202	0.213127938878109
"log(Species):Lakeweb"	-0.060033147257037	0.0673913790592481	-0.890813455594342	0.374015860380039
"log(Species):Marine"	0.124801167633566	0.0284467310886663	4.38718836426477	1.79150303402481e-05
"log(Species):Terr"	-0.0518730545459028	0.0266657903391681	-1.94530347258108	0.0530302140979666
"log(Species):Latitude:Lakeweb"	0.003299273266137	0.00159066134867274	2.07415190473443	0.039245066573548
