"Estimate"	"Std. Error"	"t value"	"Pr(>|t|)"
"(Intercept)"	-0.893477747586499	0.138091286175514	-6.47019643550055	6.77533685602214e-10
"log(Species)"	0.700933883195059	0.0600567960299955	11.6711834385067	1.38444926636509e-24
"log(Species):Lakeweb"	-0.107035064678303	0.0721112088990904	-1.48430550967581	0.139227306606387
"log(Species):Stream"	-0.169882096193004	0.0859896096180739	-1.97561190180467	0.0495083592592752
"log(Species):Marine"	0.0828332033552005	0.0347645403910893	2.38269231876375	0.0180782961582584
"log(Species):Terr"	-0.0947158897273765	0.0332882763792284	-2.84532273910338	0.00487597491655575
"log(Species):Latitude"	-0.00112981263415041	0.00105584052474027	-1.07005992635899	0.285820688722026
"log(Species):Lakeweb:Latitude"	0.00448758131831415	0.00165532145305128	2.71100293543717	0.0072631012922084
"log(Species):Stream:Latitude"	0.00502137831572072	0.00189158326615482	2.65459015501236	0.00854872211761252
