"Estimate"	"Std. Error"	"t value"	"Pr(>|t|)"
"(Intercept)"	-1.20742938740335	0.146586424356491	-8.23697960233307	1.65576780356825e-14
"log(Species)"	0.695489934865683	0.0541921621879678	12.8337734976019	2.00199415503085e-28
"log(Species):Lakeweb"	-0.0634411575996231	0.0690130490341278	-0.919263218876921	0.358978607680178
"log(Species):Marine"	0.126824553943477	0.0289700179046193	4.37778652263981	1.86395303795005e-05
"log(Species):Terr"	-0.0522597621648629	0.0271589000508074	-1.92422233842675	0.055634711402382
"log(Species):Latitude"	-0.00115735146048426	0.000913082487985884	-1.26752125433617	0.206327429338126
"log(Species):Lakeweb:Latitude"	0.00357846511417743	0.00164063762543075	2.18114290365486	0.0302474365103618
