"Estimate"	"Std. Error"	"t value"	"Pr(>|t|)"
"(Intercept)"	-1.18430505426834	0.129535074200417	-9.1427365258307	2.99059570966243e-16
"log(Species)"	0.722084202502785	0.0532710119717333	13.554918064743	3.29939687739368e-28
"log(Species):Lakeweb"	-0.0205347019800238	0.0834066928993206	-0.246199690530963	0.805849242286182
"log(Species):Terr"	-0.0268473804522723	0.0279119308029198	-0.961860382996645	0.337598812513954
"log(Species):Latitude"	-0.00115974241058938	0.000934353853661438	-1.24122398173316	0.216374354237603
"log(Species):Lakeweb:Latitude"	0.001719840019206	0.00185845525553456	0.925413734920033	0.35617099595867
