"Estimate"	"Std. Error"	"t value"	"Pr(>|t|)"
"(Intercept)"	-0.888794617103377	0.135732517091346	-6.5481333150643	4.40040722965148e-10
"log(Species)"	0.70938799516732	0.0591257146894806	11.9979605979043	1.33883366365849e-25
"log(Species):Lakeweb"	-0.117052055106347	0.0709689826136563	-1.64934103316035	0.100572822478159
"log(Species):Stream"	-0.178820914544692	0.0846017985343299	-2.11367745890331	0.0357230183623042
"log(Species):Marine"	0.067260774269662	0.0345509968050429	1.94671009491237	0.05290323474278
"log(Species):Terr"	-0.109439750386651	0.0330825474883592	-3.30808110908508	0.0011051607950012
"log(Species):Latitude"	-0.000997664581846289	0.00103902643399924	-0.960191722944188	0.33806295985917
"log(Species):Lakeweb:Latitude"	0.00435692197671812	0.00162808971895021	2.6760945210854	0.00803625290678342
"log(Species):Stream:Latitude"	0.00481773070696562	0.00185965099613497	2.59066390251645	0.0102504108209546
