"Estimate"	"Std. Error"	"t value"	"Pr(>|t|)"
"(Intercept)"	-0.889074024911811	0.138673100835243	-6.41129404013338	9.36826814564862e-10
"log(Species)"	0.699859774919613	0.0603209705112562	11.60226317627	2.26236824250996e-24
"log(Species):Lakeweb"	-0.10743880956783	0.0724339538766863	-1.48326584174511	0.139503025162179
"log(Species):Stream"	-0.16922187896559	0.0863738524758883	-1.95917947521016	0.0514152443711949
"log(Species):Marine"	0.082612201532365	0.0349200453676528	2.36575298406945	0.018903737520972
"log(Species):Terr"	-0.0947761669358983	0.0334375067408128	-2.83442685097742	0.00503891935298845
"log(Species):Latitude"	-0.00113157969438595	0.0010605739609227	-1.06695028925797	0.287219339266826
"log(Species):Lakeweb:Latitude"	0.00447535744195806	0.00166483676512877	2.68816591253733	0.00776087852683518
"log(Species):Stream:Latitude"	0.00495166121661433	0.00189939387465997	2.60696914035315	0.00978971612243688
