"Estimate"	"Std. Error"	"t value"	"Pr(>|t|)"
"(Intercept)"	-0.864994165764837	0.141560104668682	-6.1104374554493	4.60664854391275e-09
"log(Species)"	0.662966811162004	0.0616805768126636	10.7483886406505	7.6224534868088e-22
"log(Species):Lakeweb"	-0.0889731386131783	0.0742106395764848	-1.19892698837986	0.231876077178946
"log(Species):Stream"	-0.16034278122183	0.0863411383085282	-1.85708440221007	0.0646668231677757
"log(Species):Marine"	0.119359341100654	0.0368597451798724	3.23820309983672	0.00139334486675502
"log(Species):Terr"	-0.0609912838597108	0.0355315364604451	-1.71653944454691	0.0875036097766662
"log(Species):Latitude"	-0.00112271863518964	0.00106916206068348	-1.0500921015397	0.294854669970904
"log(Species):Lakeweb:Latitude"	0.00482591042563914	0.001691793652061	2.8525408047016	0.0047603779677546
"log(Species):Stream:Latitude"	0.00512715722245759	0.00188696371144857	2.71714670046389	0.00712120241652526
