"Estimate"	"Std. Error"	"t value"	"Pr(>|t|)"
"(Intercept)"	-0.51213247090375	0.143751788020221	-3.56261635390379	0.000451343328524054
"log(Species)"	0.691971582140715	0.0532128894505728	13.0038340200161	5.74074922453774e-29
"log(Species):Latitude"	-0.00111393035368414	0.000897311235311277	-1.24140912299813	0.215794865426661
"log(Species):Lakeweb"	-0.0601422462946647	0.0673878966476928	-0.892478461066848	0.373125147717018
"log(Species):Marine"	0.124353014260188	0.0284627914956773	4.3689676144054	1.93445910355798e-05
"log(Species):Terr"	-0.0523794555255997	0.0266893008479515	-1.96256379378406	0.0509748546352869
"log(Species):Latitude:Lakeweb"	0.00332666562583811	0.00158834322002854	2.09442492270551	0.037382752108574
