"Estimate"	"Std. Error"	"t value"	"Pr(>|t|)"
"(Intercept)"	-1.48078518434837	0.120471243159145	-12.2916070716745	9.96606195377375e-27
"log(Species)"	0.778936658661972	0.0484543109744699	16.0756936379177	7.13600006144512e-39
"log(Species):Lakeweb"	-0.0520144937801635	0.0614304576368499	-0.846721573973134	0.398078865085462
"log(Species):Marine"	0.118337975309403	0.0254836510427594	4.64368214392993	5.913382206647e-06
"log(Species):Latitude"	-0.00104784286164178	0.000832600987826971	-1.25851743747815	0.209550818169416
"log(Species):Lakeweb:Latitude"	0.00424277540202156	0.00149258382435288	2.84257093825939	0.00490010752253229
