"Estimate"	"Std. Error"	"t value"	"Pr(>|t|)"
"(Intercept)"	-0.323993272987467	0.135612436977072	-2.38911179689399	0.0178731218261372
"log(Species)"	0.638721743506432	0.0536758798772926	11.8996045331087	9.90188726645464e-25
"log(Species):Lakeweb"	-0.0873574293018266	0.064318830347822	-1.35819368650544	0.176021301351927
"log(Species):Terr"	-0.0606540837104344	0.0256579244527885	-2.36395129395754	0.0190957187952359
"log(Species):Latitude"	-0.000816560020900095	0.000909332939195218	-0.897976951789266	0.370340340183106
"log(Species):Lakeweb:Latitude"	0.00359503470329224	0.00152997881414913	2.34972842110337	0.0198189506474923
