"Estimate"	"Std. Error"	"t value"	"Pr(>|t|)"
"(Intercept)"	-0.642089804077515	0.137372073538405	-4.67409268520654	5.61884151827829e-06
"log(Species)"	0.556309762602962	0.0564684026157872	9.85170000979329	1.00303835181857e-18
"log(Species):Lakeweb"	-0.0630553037994235	0.0650674565698191	-0.969075896362469	0.33375238573718
"log(Species):Stream"	-0.192178488018478	0.0896749486449716	-2.14305657178934	0.0333940321543941
"log(Species):Latitude"	-0.000635306228049573	0.00103621286319092	-0.613103977587391	0.540548587053319
"log(Species):Lakeweb:Latitude"	0.0045569640110254	0.00159552685107112	2.85608732185622	0.00477144816003819
"log(Species):Stream:Latitude"	0.00668402582019759	0.00201653729273497	3.31460560847463	0.00110110039977162
