"Estimate"	"Std. Error"	"t value"	"Pr(>|t|)"
"(Intercept)"	-0.631590606135989	0.135944969036116	-4.64592850043752	6.35182698514854e-06
"log(Species)"	0.552106321683171	0.0562328413919206	9.81821846481506	1.24936998765244e-18
"log(Species):Lakeweb"	-0.0630798411356173	0.0650078602942264	-0.970341753291326	0.33312290634214
"log(Species):Stream"	-0.190385255862919	0.0896395617297741	-2.12389766514981	0.034986029828959
"log(Species):Latitude"	-0.000571582928284763	0.00103969426387831	-0.549760586494555	0.583136093893153
"log(Species):Lakeweb:Latitude"	0.00454994761682739	0.00159371801185067	2.85492639412657	0.00478818483036874
"log(Species):Stream:Latitude"	0.00661447715458282	0.00201745462472348	3.27862499286169	0.00124275867650781
