"Estimate"	"Std. Error"	"t value"	"Pr(>|t|)"
"(Intercept)"	-1.21817491166671	0.146144202955787	-8.33543094442993	8.83253758681847e-15
"log(Species)"	0.695914180748044	0.0542208976764335	12.8347963713355	1.98702083297926e-28
"log(Species):Lakeweb"	-0.0561487050849959	0.0686401207446466	-0.81801582625239	0.414245462894986
"log(Species):Marine"	0.127564100739503	0.0289396568222133	4.40793412040698	1.64107271875161e-05
"log(Species):Terr"	-0.0491205846805674	0.0275166260028453	-1.78512382570044	0.0756379710586052
"log(Species):Latitude"	-0.00110581655139662	0.000916200609452461	-1.20695897818435	0.228761973099954
"log(Species):Lakeweb:Latitude"	0.00336553698944969	0.00161778913153715	2.08033106654136	0.0386692099356726
