"Estimate"	"Std. Error"	"t value"	"Pr(>|t|)"
"(Intercept)"	-1.09500237223726	0.116342895665923	-9.4118542087997	7.55878463332055e-18
"log(Species)"	0.716963718946203	0.0518513975609434	13.8272785820965	1.44095770976225e-31
"log(Species):Lakeweb"	-0.0506187334374517	0.0630002774973465	-0.803468420271381	0.422587329649157
"log(Species):Stream"	-0.131537089321243	0.0764964361557	-1.7195191819592	0.086952350956948
"log(Species):Marine"	0.133090521802919	0.0273697987347602	4.86267813266348	2.22845164955059e-06
"log(Species):Latitude"	-0.00104060619210052	0.000967029147148142	-1.07608565384959	0.283089399030673
"log(Species):Lakeweb:Latitude"	0.00483368547135713	0.00153380497213838	3.15143421697099	0.00185514252476786
"log(Species):Stream:Latitude"	0.00499007881373467	0.00173654917729575	2.87356032237767	0.00446393116273727
