"Estimate"	"Std. Error"	"t value"	"Pr(>|t|)"
"(Intercept)"	-0.503568057595692	0.143223844898657	-3.51595125764156	0.000533410526966535
"log(Species)"	0.690158328456997	0.0529428838825046	13.035903559554	4.53496418433468e-29
"log(Species):Latitude"	-0.00109071791820611	0.000892521656449383	-1.22206325227467	0.223009508356183
"log(Species):Lakeweb"	-0.0649544978616825	0.0674472717108929	-0.963041146276524	0.336598806242614
"log(Species):Marine"	0.122494741591527	0.0283142631081622	4.32625567981725	2.31369979994595e-05
"log(Species):Terr"	-0.0537797263221535	0.0265406785770569	-2.0263131617382	0.043956389140509
"log(Species):Latitude:Lakeweb"	0.00345305723055745	0.00160350896580328	2.15343805628654	0.0323869000679832
