"Estimate"	"Std. Error"	"t value"	"Pr(>|t|)"
"(Intercept)"	-0.874253760777877	0.140826987751555	-6.20799872763182	2.72917792659664e-09
"log(Species)"	0.662894035281526	0.0614044045457169	10.7955453714723	5.46525894548809e-22
"log(Species):Lakeweb"	-0.0796686188995939	0.0739237630715967	-1.07771324928945	0.282369434996633
"log(Species):Stream"	-0.15127518773527	0.0869826022756183	-1.73914304444388	0.0834408888399776
"log(Species):Marine"	0.11983451016669	0.0369079120786906	3.24685151279198	0.00135362556394769
"log(Species):Terr"	-0.0586459885667773	0.0354793025651077	-1.65296339912986	0.0997977752236785
"log(Species):Latitude"	-0.00106424212981782	0.00106848152535958	-0.996032317413878	0.32035411313554
"log(Species):Lakeweb:Latitude"	0.00452773921195867	0.00167115763021751	2.70934299080415	0.00728511736317632
"log(Species):Stream:Latitude"	0.0049401762661886	0.00189814590414202	2.60263252440629	0.00989484989211851
