"Estimate"	"Std. Error"	"t value"	"Pr(>|t|)"
"(Intercept)"	-1.2320375168001	0.142194226574901	-8.66446934222833	1.17048831012309e-15
"log(Species)"	0.73906688470466	0.0539468544729388	13.6999069162669	5.12113907435162e-31
"log(Species):Lakeweb"	-0.096042399950553	0.0677433724427366	-1.41773868774746	0.157735184289234
"log(Species):Marine"	0.0975687884521943	0.0285652656963221	3.41564435246113	0.000762530159055438
"log(Species):Terr"	-0.0791645407118628	0.0267351048380331	-2.96107089130409	0.00341502070500379
"log(Species):Latitude"	-0.00159373319058659	0.000915677431070916	-1.74049631071792	0.0832228660327285
"log(Species):Lakeweb:Latitude"	0.00385777195609123	0.00160104995918502	2.40952628239967	0.0168274845584765
