"Estimate"	"Std. Error"	"t value"	"Pr(>|t|)"
"(Intercept)"	-0.501954987425698	0.143839480932254	-3.48968853455548	0.000585556686479513
"log(Species)"	0.689569396110136	0.053167833982785	12.9696725342132	7.37923515158912e-29
"log(Species):Latitude"	-0.00110859551755865	0.000896078795765377	-1.2371629847705	0.217363695797544
"log(Species):Lakeweb"	-0.0649251426766887	0.0677185695203635	-0.958749470588937	0.338751952881106
"log(Species):Marine"	0.123341836704269	0.0284265797263878	4.33896155961998	2.19401247317434e-05
"log(Species):Terr"	-0.0529554714020013	0.0266482266790674	-1.98720432844407	0.048157358799484
"log(Species):Latitude:Lakeweb"	0.00347205768803386	0.00160995239245139	2.15662134129764	0.0321346144622317
