"Estimate"	"Std. Error"	"t value"	"Pr(>|t|)"
"(Intercept)"	-0.494214637766754	0.14397282793937	-3.43269382730246	0.000715595283360146
"log(Species)"	0.687341494203752	0.0531884659707711	12.9227546171659	1.04164159394101e-28
"log(Species):Latitude"	-0.00112545112387684	0.000896223217171519	-1.25577099802074	0.210549434402542
"log(Species):Lakeweb"	-0.0713081667278851	0.0685268530634267	-1.0405872083734	0.299225162455135
"log(Species):Marine"	0.12386637836901	0.028422971488417	4.35796723152215	2.02599508116009e-05
"log(Species):Terr"	-0.0522025219479903	0.0266365051372578	-1.9598112319537	0.051298056311124
"log(Species):Latitude:Lakeweb"	0.0035990546389702	0.00162008490883952	2.22152222968871	0.0273485967377694
