"Estimate"	"Std. Error"	"t value"	"Pr(>|t|)"
"(Intercept)"	-0.492832454158748	0.130018793083901	-3.79047091939028	0.00021395271437299
"log(Species)"	0.722354328364298	0.0534462378352046	13.5155318245523	4.22522730055813e-28
"log(Species):Lakeweb"	-0.0214267428329776	0.0835757944785579	-0.256374982333848	0.797996936058033
"log(Species):Terr"	-0.0263389000886561	0.0279771343369202	-0.941443815205113	0.347923788737343
"log(Species):Latitude"	-0.00117932976578318	0.000936125887646678	-1.25979826147944	0.209611627974867
"log(Species):Lakeweb:Latitude"	0.00170764634123953	0.00186218399562429	0.917012682555599	0.360542483154948
