"Estimate"	"Std. Error"	"t value"	"Pr(>|t|)"
"(Intercept)"	-1.21156808942972	0.145894753937178	-8.30439790831282	1.07716755965194e-14
"log(Species)"	0.696987081655253	0.0539314571702887	12.9235722197254	1.03540445927443e-28
"log(Species):Lakeweb"	-0.0635025806514388	0.0687087563017224	-0.924228352680093	0.356394023411679
"log(Species):Marine"	0.125363961891094	0.0288442502972366	4.34623748578079	2.12817050803603e-05
"log(Species):Terr"	-0.0537420483690925	0.0270370745896098	-1.98771683641193	0.0481001839804311
"log(Species):Latitude"	-0.0011278572761525	0.000909201869648527	-1.24049159356491	0.216133169749062
"log(Species):Lakeweb:Latitude"	0.00354608997942016	0.00163348805173279	2.17086986076114	0.0310260513551367
