"Estimate"	"Std. Error"	"t value"	"Pr(>|t|)"
"(Intercept)"	-0.49841177538323	0.143782983484465	-3.46641697998346	0.000635720559166038
"log(Species)"	0.692738936289409	0.0535228577996917	12.9428615131496	8.98604230423829e-29
"log(Species):Latitude"	-0.00124464658220778	0.000912344072041377	-1.36422937392783	0.173908587291174
"log(Species):Lakeweb"	-0.0693238299665433	0.0680180755669248	-1.01919716764603	0.309244312785662
"log(Species):Marine"	0.124870307616862	0.0284336671251518	4.39163569958248	1.75818078400158e-05
"log(Species):Terr"	-0.0519517491606298	0.0266304480760406	-1.95084021914639	0.0523634322279867
"log(Species):Latitude:Lakeweb"	0.00361057518253864	0.00161919494985846	2.22985822853156	0.0267811652797778
