"Estimate"	"Std. Error"	"t value"	"Pr(>|t|)"
"(Intercept)"	-0.322925861231985	0.132903926332705	-2.4297691583888	0.0160432569403168
"log(Species)"	0.639155566799939	0.0526244941258599	12.145590706702	1.8324349455399e-25
"log(Species):Lakeweb"	-0.0881662149629455	0.0631409991166296	-1.39633861035508	0.164250323811746
"log(Species):Terr"	-0.062766422217707	0.0251800876460785	-2.49270070461737	0.0135373664558424
"log(Species):Latitude"	-0.00077962321537511	0.000892708033213433	-0.873323848749005	0.383594824386194
"log(Species):Lakeweb:Latitude"	0.00355905281184559	0.00150189576893811	2.36970693003681	0.0188097194987708
