"Estimate"	"Std. Error"	"t value"	"Pr(>|t|)"
"(Intercept)"	-1.01045761027998	0.136216292442515	-7.41803782911215	3.90650003808301e-12
"log(Species)"	0.636821806342545	0.0538633867515505	11.8229068899796	1.67410131724058e-24
"log(Species):Lakeweb"	-0.0876668244342602	0.0645130159141966	-1.35890135024626	0.175797301133507
"log(Species):Terr"	-0.0597754633034939	0.0257354725254716	-2.32268761509357	0.0212606974429109
"log(Species):Latitude"	-0.000828544688545088	0.000912221945928906	-0.908270944634411	0.364891768314867
"log(Species):Lakeweb:Latitude"	0.00367043523399794	0.00153474380199717	2.39156218075068	0.0177578293673549
