"Estimate"	"Std. Error"	"t value"	"Pr(>|t|)"
"(Intercept)"	-0.51181582105743	0.144064541249007	-3.55268421098005	0.000467747422872033
"log(Species)"	0.69110992998993	0.0531894035454649	12.9933761975576	6.19945054338353e-29
"log(Species):Latitude"	-0.0011137440602197	0.000898087032366929	-1.24012931940951	0.216266850481143
"log(Species):Lakeweb"	-0.0593859335809336	0.0674842523404797	-0.879996910706109	0.379834488697051
"log(Species):Marine"	0.125107600194708	0.0284973419734655	4.39014980103049	1.76924737378468e-05
"log(Species):Terr"	-0.0516112308985307	0.0267050478787359	-1.93263951942309	0.0545822058254704
"log(Species):Latitude:Lakeweb"	0.00332657139866454	0.00158919603672895	2.09324169062971	0.0374893263284872
