"Estimate"	"Std. Error"	"t value"	"Pr(>|t|)"
"(Intercept)"	-1.18991959442559	0.130011714444865	-9.15240291620184	2.49950231484623e-16
"log(Species)"	0.668081539887389	0.0366468993878127	18.2302336909181	6.78499900552905e-41
"log(Species):Lakeweb"	0.0588253582114852	0.0250363794074314	2.3495952531389	0.0200147616943551
