"Estimate"	"Std. Error"	"t value"	"Pr(>|t|)"
"(Intercept)"	-1.21089464558179	0.129589325368164	-9.34409251797269	7.77103154992814e-17
"log(Species)"	0.672810674913146	0.0363539012963154	18.5072482160625	1.31414862332787e-41
"log(Species):Lakeweb"	0.060861411683626	0.0248989453134538	2.44433693545808	0.0155975824784899
