"Estimate"	"Std. Error"	"t value"	"Pr(>|t|)"
"(Intercept)"	-0.496780757087667	0.129073394662429	-3.84882382916261	0.00017119960033136
"log(Species)"	0.667758735738144	0.0362871578210941	18.4020677240798	2.44833326434353e-41
"log(Species):Lakeweb"	0.0547510333522593	0.0251819175976727	2.17422017762934	0.0311578379943193
