"Estimate"	"Std. Error"	"t value"	"Pr(>|t|)"
"(Intercept)"	-1.18943354938208	0.12957145841088	-9.17974964525212	2.11667110048691e-16
"log(Species)"	0.667525181994388	0.0364421897220962	18.3173729977495	4.04458959702905e-41
"log(Species):Lakeweb"	0.0592249495577298	0.0250324252239927	2.36592935074324	0.0191823710771881
