"Estimate"	"Std. Error"	"t value"	"Pr(>|t|)"
"(Intercept)"	-0.631929260778414	0.136793788477452	-4.61957569720042	7.12059289574214e-06
"log(Species)"	0.553660453713149	0.0564045211160144	9.81588785364145	1.26860454077257e-18
"log(Species):Lakeweb"	-0.0645150099390101	0.0650859978008312	-0.991227178177888	0.322848712476093
"log(Species):Stream"	-0.191992351404168	0.0897714046203042	-2.13868048758082	0.0337520480710771
"log(Species):Latitude"	-0.000641845323344326	0.001037143940386	-0.618858480825185	0.536758733509011
"log(Species):Lakeweb:Latitude"	0.00461990704905739	0.00159348670518718	2.89924417569252	0.00418588914852761
"log(Species):Stream:Latitude"	0.00668509245343167	0.00201842387337129	3.31203596114122	0.00111069564539979
