"Estimate"	"Std. Error"	"t value"	"Pr(>|t|)"
"(Intercept)"	-1.22849614738946	0.145816687711205	-8.42493521607441	4.97281982320527e-15
"log(Species)"	0.700495849122501	0.0539383827530138	12.9869642612405	6.49861172933121e-29
"log(Species):Lakeweb"	-0.0356785785932061	0.0702932863593907	-0.507567371523805	0.612272255075895
"log(Species):Marine"	0.128151468929684	0.0288445665641698	4.44282872632488	1.41499754702084e-05
"log(Species):Terr"	-0.0517494383923233	0.0270362433764628	-1.91407651099099	0.0569259497474379
"log(Species):Latitude"	-0.00115123000272766	0.000909693288902813	-1.26551445060804	0.207044080269843
"log(Species):Lakeweb:Latitude"	0.00295181099975707	0.00164565006657483	1.79370515014824	0.0742525244845202
