"Estimate"	"Std. Error"	"t value"	"Pr(>|t|)"
"(Intercept)"	-1.20145963212603	0.129649326846248	-9.26699475694812	1.2442289070942e-16
"log(Species)"	0.67041976157092	0.036388663007142	18.4238635379194	2.15192512160946e-41
"log(Species):Lakeweb"	0.060209202793013	0.0249709553309763	2.4111693763804	0.0170342609332867
