"Estimate"	"Std. Error"	"t value"	"Pr(>|t|)"
"(Intercept)"	-1.08705641031729	0.11664278339801	-9.31953421077087	1.4075435979187e-17
"log(Species)"	0.714843206110359	0.0518602810325953	13.7840210634621	1.98217771420122e-31
"log(Species):Lakeweb"	-0.0511743796634609	0.0629301257039462	-0.813193666642428	0.417002474411831
"log(Species):Stream"	-0.128437547898187	0.0765298031605881	-1.67826836858155	0.094740899016705
"log(Species):Marine"	0.132789186165963	0.0273402802911853	4.85690654052202	2.2877714168935e-06
"log(Species):Latitude"	-0.0010426898964228	0.000965895317044667	-1.07950611005456	0.281566100996885
"log(Species):Lakeweb:Latitude"	0.00483359366072296	0.00153200086687936	3.15508546060346	0.00183310196444135
"log(Species):Stream:Latitude"	0.00493849342946003	0.00173558717927106	2.84543092299989	0.00486190756244358
