"Estimate"	"Std. Error"	"t value"	"Pr(>|t|)"
"(Intercept)"	-0.516511327935287	0.142996935062648	-3.61204474563738	0.000377442474117678
"log(Species)"	0.693989545265724	0.052940754346216	13.1087959330396	2.65297859143052e-29
"log(Species):Latitude"	-0.0011018988600072	0.000892806564840595	-1.23419663721215	0.218464568746767
"log(Species):Lakeweb"	-0.0607035015134576	0.0670537590667893	-0.905296024537468	0.366312611000662
"log(Species):Marine"	0.123192137536464	0.0283226535249455	4.34959730831582	2.09840971049623e-05
"log(Species):Terr"	-0.0536573074760676	0.0265568750846565	-2.02046766816585	0.0445637715055152
"log(Species):Latitude:Lakeweb"	0.00331336097466632	0.00158041536213154	2.09651276117533	0.0371953328444207
