"Estimate"	"Std. Error"	"t value"	"Pr(>|t|)"
"(Intercept)"	-1.09860338702266	0.116069285032853	-9.46506551420306	5.27647023245853e-18
"log(Species)"	0.717924709969242	0.0517513289273013	13.8725850108653	1.03175503809582e-31
"log(Species):Lakeweb"	-0.0503669212219563	0.0628928523342965	-0.80083696879002	0.424106027446208
"log(Species):Stream"	-0.132064951956152	0.0763676594980293	-1.72933088200196	0.0851785604647238
"log(Species):Marine"	0.133227083504947	0.0273229615131662	4.87601182766183	2.09704108187888e-06
"log(Species):Latitude"	-0.00103966188225503	0.000965390181790868	-1.07693438556251	0.28271089341463
"log(Species):Lakeweb:Latitude"	0.00483372707883706	0.00153120641191148	3.15680958571934	0.00182277880297087
"log(Species):Stream:Latitude"	0.00503243962295777	0.00173364928352451	2.90280143209059	0.00408193605140077
