"Estimate"	"Std. Error"	"t value"	"Pr(>|t|)"
"(Intercept)"	-0.499533969145525	0.143260211109094	-3.48689957440539	0.000591366615924766
"log(Species)"	0.693974705325798	0.0531011169142474	13.0689285961064	3.55712649040542e-29
"log(Species):Latitude"	-0.00120658678046841	0.000894543359034817	-1.34882984517405	0.178797513479797
"log(Species):Lakeweb"	-0.0701703078163186	0.0675796692611292	-1.03833458469853	0.300269904336331
"log(Species):Marine"	0.122361288761012	0.0283351324421022	4.3183595139721	2.39120592346082e-05
"log(Species):Terr"	-0.0543192356386916	0.0265758963730556	-2.04392863654315	0.0421684262376713
"log(Species):Latitude:Lakeweb"	0.00357173422173626	0.00160516192408492	2.22515508756068	0.0271000364864307
