"Estimate"	"Std. Error"	"t value"	"Pr(>|t|)"
"(Intercept)"	-1.09661320998678	0.116045122868471	-9.44988624149001	5.84670286050946e-18
"log(Species)"	0.717393597941184	0.0517552171647504	13.8612807991421	1.12143916610635e-31
"log(Species):Lakeweb"	-0.0505060905724031	0.0629070595710322	-0.802868404862789	0.422933335776282
"log(Species):Stream"	-0.132094026689063	0.0763861316933514	-1.72929331229062	0.0851852958204089
"log(Species):Marine"	0.133151609790021	0.0273290215364876	4.8721689363173	2.13412577371558e-06
"log(Species):Latitude"	-0.00104018377507726	0.000965614931610898	-1.07722420296667	0.282581723808705
"log(Species):Lakeweb:Latitude"	0.00483370408358266	0.00153156355905509	3.15605843127063	0.00182726969316753
"log(Species):Stream:Latitude"	0.00503004160008134	0.00173406756619492	2.9007183446253	0.00410812718084225
