"Estimate"	"Std. Error"	"t value"	"Pr(>|t|)"
"(Intercept)"	-1.22090963887529	0.146634339825519	-8.32621908570706	9.36890623479987e-15
"log(Species)"	0.698238924012892	0.0541381870027377	12.897345897039	1.2553544309552e-28
"log(Species):Lakeweb"	-0.0575636906853677	0.068688024858672	-0.838045507987848	0.402927258505596
"log(Species):Marine"	0.127887708861931	0.0290056726716573	4.40905854208633	1.63327567834989e-05
"log(Species):Terr"	-0.051691543448365	0.0271814079422844	-1.90172427999772	0.0585317893487714
"log(Species):Latitude"	-0.00114780873018041	0.000914106954808297	-1.25566130324555	0.210589143383228
"log(Species):Lakeweb:Latitude"	0.00340673404329175	0.00161754384304949	2.1061154279869	0.0363436665040746
