"Estimate"	"Std. Error"	"t value"	"Pr(>|t|)"
"(Intercept)"	-0.501087052789176	0.143688051050075	-3.48732583626282	0.000590475147774485
"log(Species)"	0.689287335266337	0.0531148254123409	12.9773058635751	6.97667927254463e-29
"log(Species):Latitude"	-0.0011027578577725	0.000895505189195833	-1.23143659140913	0.219492496325108
"log(Species):Lakeweb"	-0.0649441700370009	0.0676710668306593	-0.959703652958771	0.33827246884304
"log(Species):Marine"	0.123103056062728	0.0284087834498993	4.33327447054634	2.24683146109486e-05
"log(Species):Terr"	-0.0531307468904936	0.026628373249945	-1.99526821979647	0.0472643949906924
"log(Species):Latitude:Lakeweb"	0.00346682419753665	0.00160883778036338	2.1548624975438	0.0322737980517706
