"Estimate"	"Std. Error"	"t value"	"Pr(>|t|)"
"(Intercept)"	-0.903413817118719	0.138572586589627	-6.51942667270919	5.16053354383788e-10
"log(Species)"	0.703357381516447	0.0601449854494099	11.6943644804448	1.17349791862577e-24
"log(Species):Lakeweb"	-0.10614264663498	0.0721565519313751	-1.47100497174432	0.142786605491139
"log(Species):Stream"	-0.175179097381127	0.086156589887857	-2.03326405570535	0.0432840085387712
"log(Species):Marine"	0.08333184726188	0.0347874408813165	2.39545781899225	0.0174774154156469
"log(Species):Terr"	-0.0945798869453387	0.0333066211913362	-2.83967222018729	0.00495986750263008
"log(Species):Latitude"	-0.00112582563617963	0.00105642092434539	-1.06569797155167	0.287783917826661
"log(Species):Lakeweb:Latitude"	0.00448043576365521	0.00165623551335819	2.70519242433744	0.00738693838653134
"log(Species):Stream:Latitude"	0.00505004258963646	0.00189344902401302	2.66711304375825	0.00824682316529848
