"Estimate"	"Std. Error"	"t value"	"Pr(>|t|)"
"(Intercept)"	-0.511214518708703	0.143723357670635	-3.55693414761595	0.000460660760305422
"log(Species)"	0.69195391047956	0.0532367503401489	12.9976737133355	6.00668087938843e-29
"log(Species):Latitude"	-0.00114134572258839	0.000899181910418411	-1.2693157072714	0.205688148735034
"log(Species):Lakeweb"	-0.0604299484354914	0.0674055808218482	-0.896512539446945	0.370972564209425
"log(Species):Marine"	0.125253528712861	0.0284780043759413	4.39825512558307	1.70968279429909e-05
"log(Species):Terr"	-0.0515764852918618	0.0266808603828456	-1.93308928392065	0.0545264400052852
"log(Species):Latitude:Lakeweb"	0.00335434789035203	0.00158948619329846	2.11033471350335	0.0359747800897757
