"Estimate"	"Std. Error"	"t value"	"Pr(>|t|)"
"(Intercept)"	-1.08850210019033	0.116254204212992	-9.36312030656598	1.04982731006644e-17
"log(Species)"	0.715229012632378	0.0517776481152916	13.8134704581367	1.59536908231036e-31
"log(Species):Lakeweb"	-0.0510732852799202	0.0628884988443632	-0.812124414136783	0.417614354500101
"log(Species):Stream"	-0.131287490618514	0.0763586453346519	-1.719353323296	0.0869825915335029
"log(Species):Marine"	0.132844011230961	0.0273215000492935	4.86225174281369	2.23278266816244e-06
"log(Species):Latitude"	-0.00104231078684897	0.000965297776344288	-1.07978160977056	0.281443651536781
"log(Species):Lakeweb:Latitude"	0.00483361036476778	0.001531057274124	3.15704085435559	0.00182139818616443
"log(Species):Stream:Latitude"	0.00495522671120899	0.00173338514625604	2.85869918864358	0.00467032447192688
