"Estimate"	"Std. Error"	"t value"	"Pr(>|t|)"
"(Intercept)"	-0.512774932824663	0.143508440962016	-3.57313430058365	0.000434561974306436
"log(Species)"	0.692161264495352	0.0531201830491262	13.0300993852983	4.73269009205642e-29
"log(Species):Latitude"	-0.0011025906516829	0.000896310029387856	-1.23014427545335	0.219974995137406
"log(Species):Lakeweb"	-0.0601182017902394	0.0673034308917392	-0.893241265619021	0.372717519334036
"log(Species):Marine"	0.123880416136683	0.0284294352457128	4.35747017364211	2.03022773769793e-05
"log(Species):Terr"	-0.0528222669009111	0.0266538771523515	-1.98178548655353	0.0487654041647869
"log(Species):Latitude:Lakeweb"	0.00331513912732722	0.00158642661380249	2.08968955669573	0.0378108338932904
