"Estimate"	"Std. Error"	"t value"	"Pr(>|t|)"
"(Intercept)"	-0.873332583081745	0.140982081196986	-6.19463534420014	2.93300112299636e-09
"log(Species)"	0.66267672972716	0.061470981416514	10.7803180371728	6.08534862095534e-22
"log(Species):Lakeweb"	-0.0797577601698952	0.0740034523327165	-1.07775728909656	0.282349820825474
"log(Species):Stream"	-0.157869332643758	0.0865350375115881	-1.82434002669285	0.0694887023839924
"log(Species):Marine"	0.119780059523903	0.0369477135697604	3.24188015850422	0.00137632690500716
"log(Species):Terr"	-0.0586653248969613	0.0355175258329151	-1.65172892878125	0.100049567626179
"log(Species):Latitude"	-0.0010646306180302	0.00106963254379079	-0.995323697105496	0.320697726628832
"log(Species):Lakeweb:Latitude"	0.0045283955335987	0.00167295790040324	2.7068197786132	0.00733884160463078
"log(Species):Stream:Latitude"	0.00507060629168999	0.00189077455770634	2.68176143529297	0.00789213517277352
