"Estimate"	"Std. Error"	"t value"	"Pr(>|t|)"
"(Intercept)"	-0.861816209187271	0.140132957931118	-6.14998942369357	3.72819321298324e-09
"log(Species)"	0.659960020427834	0.0609892189623118	10.8209292012028	4.56839214375362e-22
"log(Species):Lakeweb"	-0.0870687871623632	0.0737600652109199	-1.1804326218176	0.239132503634275
"log(Species):Stream"	-0.159574906476499	0.0857881436620359	-1.86010443477071	0.0642364546471876
"log(Species):Marine"	0.119099328798704	0.0366351963684272	3.25095374407069	0.00133515545606075
"log(Species):Terr"	-0.0589070637157406	0.0352130969732984	-1.67287369697726	0.0958065863963263
"log(Species):Latitude"	-0.0010694874176752	0.00106045388983566	-1.00851854844999	0.314339250687698
"log(Species):Lakeweb:Latitude"	0.00477489138365607	0.00168077715410105	2.84088308316511	0.00493125077191426
"log(Species):Stream:Latitude"	0.00516833259676662	0.00187529435444626	2.75601138803233	0.00635345599061413
