"Estimate"	"Std. Error"	"t value"	"Pr(>|t|)"
"(Intercept)"	-1.23238437691983	0.142420680858676	-8.65312796912356	1.25973628264809e-15
"log(Species)"	0.736351607460023	0.054603276708982	13.4854838727819	2.45071413386537e-30
"log(Species):Lakeweb"	-0.0932113667580008	0.0681265289558961	-1.36820953872968	0.172694832658564
"log(Species):Marine"	0.0967094658198196	0.0285746931988119	3.38444459042663	0.000849623281005973
"log(Species):Terr"	-0.080327910729374	0.0272152501845667	-2.95157715562456	0.00351743169609126
"log(Species):Latitude"	-0.00150776178337298	0.000925319634276805	-1.62944968151615	0.104702806999443
"log(Species):Lakeweb:Latitude"	0.00377169028622824	0.00160772475623438	2.34598010113517	0.0199002353834639
