"Estimate"	"Std. Error"	"t value"	"Pr(>|t|)"
"(Intercept)"	-1.02598222519428	0.134887111874323	-7.60622872665708	1.29114213463512e-12
"log(Species)"	0.641425068151658	0.0533699157263764	12.0184763161365	4.38403342506076e-25
"log(Species):Lakeweb"	-0.0868165709203116	0.0639849191763054	-1.35682864084106	0.176453991713363
"log(Species):Terr"	-0.061985161231626	0.0255208970128559	-2.42880025731077	0.0160848566516099
"log(Species):Latitude"	-0.000780398494290361	0.000904817726699387	-0.862492490213598	0.389509624393803
"log(Species):Lakeweb:Latitude"	0.00360840060984145	0.00152217954480846	2.37054861376127	0.018768214033368
