"Estimate"	"Std. Error"	"t value"	"Pr(>|t|)"
"(Intercept)"	-0.502909391376139	0.130232442937354	-3.86162909973251	0.000164291430581981
"log(Species)"	0.732207639187336	0.0542264951701142	13.5027653343688	4.57797181983189e-28
"log(Species):Lakeweb"	-0.0277653802632381	0.0835506293253814	-0.332318026655527	0.740092398004858
"log(Species):Terr"	-0.0258060876240498	0.0278860390577926	-0.925412446370306	0.356171663858292
"log(Species):Latitude"	-0.00138753263197539	0.000947932254123416	-1.46374661895906	0.14526248896806
"log(Species):Lakeweb:Latitude"	0.0019095573859566	0.00186412225437918	1.02437347200307	0.307234658983411
