"Estimate"	"Std. Error"	"t value"	"Pr(>|t|)"
"(Intercept)"	-0.324139968075836	0.134979651137448	-2.40139876895792	0.017301595004895
"log(Species)"	0.638809431093098	0.0534412967151461	11.9534792446765	6.84548785908953e-25
"log(Species):Lakeweb"	-0.0873935855676418	0.0641095914443996	-1.36319049300814	0.174444221352253
"log(Species):Terr"	-0.0613412540672232	0.0255680132759099	-2.39914041835306	0.0174054140142556
"log(Species):Latitude"	-0.000799566971936902	0.000906477408221085	-0.882059458609135	0.378865082322639
"log(Species):Lakeweb:Latitude"	0.00357791041986926	0.00152502101626106	2.34613843463045	0.0200052687371406
