"Estimate"	"Std. Error"	"t value"	"Pr(>|t|)"
"(Intercept)"	-1.11181157953464	0.116378858789825	-9.55338101005542	2.90060901904814e-18
"log(Species)"	0.721449537050217	0.0517205167093827	13.949000956507	5.87268373594644e-32
"log(Species):Lakeweb"	-0.0494432970722821	0.0627459151244514	-0.787992285620751	0.431565112468197
"log(Species):Stream"	-0.137004498255882	0.0762889165052069	-1.79586373135252	0.073913772920778
"log(Species):Marine"	0.133727979323945	0.0272604225058353	4.90557251250669	1.83188503417114e-06
"log(Species):Latitude"	-0.00103619824020591	0.000963057608469028	-1.07594626852401	0.283151593205698
"log(Species):Lakeweb:Latitude"	0.00483387969126371	0.00152749895604898	3.16457151877013	0.00177696723773935
"log(Species):Stream:Latitude"	0.0050855835125062	0.0017302281766223	2.93925597861556	0.00364760995395597
