"Estimate"	"Std. Error"	"t value"	"Pr(>|t|)"
"(Intercept)"	-0.534492881138773	0.144124831154413	-3.70854124759478	0.00026477107734041
"log(Species)"	0.694620093890658	0.0530116684196708	13.1031547317403	2.76540271298862e-29
"log(Species):Latitude"	-0.00108131495410488	0.000893915217932053	-1.20963927273366	0.227733493060453
"log(Species):Lakeweb"	-0.0553521533719699	0.0671912835860069	-0.823799612357716	0.410957915983876
"log(Species):Marine"	0.12731141560786	0.028384021843923	4.48531981506763	1.17992796066359e-05
"log(Species):Terr"	-0.0501597176296707	0.0265821012037686	-1.88697339029615	0.0604989238934269
"log(Species):Latitude:Lakeweb"	0.00328754891240601	0.00158204537639384	2.07803705346287	0.0388821472536718
