"Estimate"	"Std. Error"	"t value"	"Pr(>|t|)"
"(Intercept)"	-0.496430785241175	0.129163374433904	-3.84343307394166	0.000174678566158245
"log(Species)"	0.667422722669872	0.0363333287209955	18.3694350659425	2.97046034548568e-41
"log(Species):Lakeweb"	0.0568758873027012	0.0249518918110554	2.27942184638285	0.0239634825158995
