"Estimate"	"Std. Error"	"t value"	"Pr(>|t|)"
"(Intercept)"	-1.20290661401199	0.1465288780514	-8.2093484233874	1.97381488730629e-14
"log(Species)"	0.694365588298212	0.0541327579343947	12.8270868655858	2.10269109696541e-28
"log(Species):Lakeweb"	-0.0700378985584539	0.0697434581197893	-1.00422176425721	0.316390209257972
"log(Species):Marine"	0.126626237564644	0.0289275843413909	4.3773526358183	1.86736348782299e-05
"log(Species):Terr"	-0.0522870076974874	0.0271094016060891	-1.92874075412063	0.0550676198162142
"log(Species):Latitude"	-0.00115953058022866	0.000912134493538335	-1.27122764070749	0.205008611160005
"log(Species):Lakeweb:Latitude"	0.00369254704686761	0.00164884740709705	2.23947166425102	0.026139513859214
