"Estimate"	"Std. Error"	"t value"	"Pr(>|t|)"
"(Intercept)"	-0.514213793880057	0.143506478800014	-3.58320960962779	0.000419038344726281
"log(Species)"	0.692132517214284	0.0531023698516468	13.0339289780834	4.60128681118641e-29
"log(Species):Latitude"	-0.00111896391901756	0.000895818021864447	-1.24909735203662	0.212975202228557
"log(Species):Lakeweb"	-0.0707000571939109	0.0682687315361386	-1.03561404471805	0.301534921028546
"log(Species):Marine"	0.125058402456686	0.0284031052884738	4.40298344799065	1.6758288985719e-05
"log(Species):Terr"	-0.0517823918777342	0.026623705829829	-1.94497310812823	0.0530702241971247
"log(Species):Latitude:Lakeweb"	0.00356587158116067	0.00160559872147561	2.22089836860576	0.027391480013468
