"Estimate"	"Std. Error"	"t value"	"Pr(>|t|)"
"(Intercept)"	-1.09479665949777	0.116207597938906	-9.42104198792012	7.10431517623721e-18
"log(Species)"	0.715407626936917	0.0522278134482758	13.6978284117796	3.74129516664586e-31
"log(Species):Lakeweb"	-0.0491319244196376	0.0632542661079507	-0.776736929265581	0.438163756048265
"log(Species):Stream"	-0.130060967766231	0.0767141956694558	-1.69539635567105	0.0914411995328188
"log(Species):Marine"	0.133658589053542	0.0274526862934486	4.86868890078122	2.16825544682716e-06
"log(Species):Latitude"	-0.00101886156299097	0.000970662002208751	-1.04965637953535	0.295049114006539
"log(Species):Lakeweb:Latitude"	0.00481188452041443	0.00153600210987435	3.13273301480559	0.00197192484638641
"log(Species):Stream:Latitude"	0.0049710717424299	0.00173783710834424	2.86049349421834	0.0046449512429067
