"Estimate"	"Std. Error"	"t value"	"Pr(>|t|)"
"(Intercept)"	-0.496568785298865	0.129121013727158	-3.84576275359913	0.000173166933967093
"log(Species)"	0.667326614959266	0.0363155014002632	18.3758061772054	2.86041277317385e-41
"log(Species):Lakeweb"	0.0570165048643694	0.024945402024585	2.28565187316591	0.0235872177404544
