"Estimate"	"Std. Error"	"t value"	"Pr(>|t|)"
"(Intercept)"	-0.871116779166422	0.140967130845117	-6.17957373427382	3.18064432802722e-09
"log(Species)"	0.662154022218929	0.0614435975125587	10.7766154493735	6.24642896560964e-22
"log(Species):Lakeweb"	-0.0799721808800164	0.0739612946969025	-1.08127069986737	0.280788036993256
"log(Species):Stream"	-0.158147975183141	0.0864775222530609	-1.82877551371499	0.0688186236794716
"log(Species):Marine"	0.119649083765388	0.036926965015364	3.24015482224456	0.00138428783039464
"log(Species):Terr"	-0.0587118365703443	0.0354968314261002	-1.65400218023895	0.0995862916938467
"log(Species):Latitude"	-0.00106556508887736	0.0010690073405558	-0.996779955059382	0.31999184278287
"log(Species):Lakeweb:Latitude"	0.0045299742518697	0.0016719804655729	2.70934639796614	0.00728504505875823
"log(Species):Stream:Latitude"	0.00505517207757655	0.00188988006743258	2.6748639581368	0.00805089847652857
