"Estimate"	"Std. Error"	"t value"	"Pr(>|t|)"
"(Intercept)"	-0.859312986484757	0.140911395236033	-6.09825050021946	4.91608310794908e-09
"log(Species)"	0.659369510910123	0.061320065434235	10.7529159703407	7.38297196818745e-22
"log(Species):Lakeweb"	-0.0873466504417245	0.0741567956265039	-1.17786441153219	0.240152781307182
"log(Species):Stream"	-0.158717281309488	0.0862474496021067	-1.84025477903072	0.0671092169792264
"log(Species):Marine"	0.118951363768979	0.036832289632217	3.22954030164155	0.00143421291869351
"log(Species):Terr"	-0.0589596085623035	0.0354022526272478	-1.6654196890546	0.0972854698416653
"log(Species):Latitude"	-0.00107054310162957	0.00106614961614181	-1.00412089018393	0.316449102198074
"log(Species):Lakeweb:Latitude"	0.00477768956090037	0.00168980638422177	2.82735916109152	0.00513646479611345
"log(Species):Stream:Latitude"	0.00511715085415364	0.00188527529580146	2.71427248081466	0.00718118279847052
