"Estimate"	"Std. Error"	"t value"	"Pr(>|t|)"
"(Intercept)"	-1.22377083907305	0.146915053726012	-8.32978519243722	9.15754186669626e-15
"log(Species)"	0.70020059329782	0.0544382185120232	12.8622980772814	1.62378784536545e-28
"log(Species):Lakeweb"	-0.0585735287231621	0.0686082691928436	-0.853738615071663	0.394191269232464
"log(Species):Marine"	0.12785878757599	0.0289682218193761	4.41376030511022	1.60105584113867e-05
"log(Species):Terr"	-0.0529776720656943	0.0273037924303344	-1.94030452732406	0.0536383516996912
"log(Species):Latitude"	-0.00117210791507494	0.000914752862395707	-1.28133834094296	0.201442388919658
"log(Species):Lakeweb:Latitude"	0.00343020133108396	0.00161750971649846	2.12066814566626	0.0350848940114339
