"Estimate"	"Std. Error"	"t value"	"Pr(>|t|)"
"(Intercept)"	-1.21961597952031	0.146047414712441	-8.35082210747563	8.0034373127297e-15
"log(Species)"	0.703465567107862	0.0544476005286774	12.9200471697067	1.06256464683504e-28
"log(Species):Lakeweb"	-0.063220693528732	0.0687912844694512	-0.919021850170671	0.359104553027743
"log(Species):Marine"	0.128496952251438	0.0289427571562429	4.43969285848504	1.43402331359923e-05
"log(Species):Terr"	-0.0517472813796798	0.0271112129049663	-1.90870403183624	0.0576198005329059
"log(Species):Latitude"	-0.00129402173223798	0.000928164231740998	-1.39417323786625	0.164691147074525
"log(Species):Lakeweb:Latitude"	0.00355332317822869	0.00162386136603909	2.18819367991735	0.0297228783094309
