"Estimate"	"Std. Error"	"t value"	"Pr(>|t|)"
"(Intercept)"	-0.858250798686333	0.140910074842177	-6.09076958938241	5.11602026254014e-09
"log(Species)"	0.659118941113062	0.0613286845173987	10.7473190775203	7.68015085540807e-22
"log(Species):Lakeweb"	-0.0874645556463517	0.0741711450296045	-1.17922617496927	0.239611406912538
"log(Species):Stream"	-0.158681516189464	0.086264938498197	-1.83946709928716	0.0672253769609048
"log(Species):Marine"	0.118888578045196	0.0368393647122399	3.227215750702	0.00144536716019083
"log(Species):Terr"	-0.0589819048185786	0.0354093848963977	-1.66571390582328	0.0972267505461015
"log(Species):Latitude"	-0.00107099105802362	0.00106636528336007	-1.00433788940406	0.316344774135938
"log(Species):Lakeweb:Latitude"	0.00477887690620677	0.00169014620601507	2.8274932010019	0.00513439327959316
"log(Species):Stream:Latitude"	0.0051137204353982	0.00188563524766699	2.71193511137702	0.00723029622138294
