"Estimate"	"Std. Error"	"t value"	"Pr(>|t|)"
"(Intercept)"	-1.23766570226166	0.141665032914439	-8.73656453395365	7.32933861985072e-16
"log(Species)"	0.73649725137568	0.0533771742016262	13.7979812980291	2.50142353558919e-31
"log(Species):Lakeweb"	-0.0915944995447295	0.067191433320198	-1.363187165665	0.174269533907833
"log(Species):Marine"	0.0949479704319719	0.028445837780416	3.3378510826403	0.000997125906496567
"log(Species):Terr"	-0.0811827408546723	0.0266494279077246	-3.04632208750495	0.00261064145844735
"log(Species):Latitude"	-0.00143165934514349	0.000896263953224829	-1.59736352219931	0.111674136993892
"log(Species):Lakeweb:Latitude"	0.00369390897835853	0.00158561220636802	2.3296421177406	0.020765944201119
