"Estimate"	"Std. Error"	"t value"	"Pr(>|t|)"
"(Intercept)"	-1.22453737048852	0.145780602421954	-8.39986493500803	5.84269487156736e-15
"log(Species)"	0.690047279014453	0.0543066987272936	12.7064854831186	5.09247486001597e-28
"log(Species):Lakeweb"	-0.0481652135650853	0.068802401504909	-0.700051342853909	0.484645064904434
"log(Species):Marine"	0.129488461071477	0.0288933837906334	4.48159557945077	1.19892887280131e-05
"log(Species):Terr"	-0.0493489381042502	0.0271242351603907	-1.81936699090097	0.0702335693585148
"log(Species):Latitude"	-0.000966790454167816	0.000921733347380168	-1.04888301688955	0.295398737967181
"log(Species):Lakeweb:Latitude"	0.00322466100032526	0.00161785674274687	1.99316844014896	0.047495555508795
