"Estimate"	"Std. Error"	"t value"	"Pr(>|t|)"
"(Intercept)"	-0.630786077703487	0.136367215815218	-4.6256431498772	6.93601846688294e-06
"log(Species)"	0.55336237466423	0.0563351780522716	9.82267907542217	1.21336228739395e-18
"log(Species):Lakeweb"	-0.0646185103463678	0.0650803756963857	-0.992903154828537	0.32203337145001
"log(Species):Stream"	-0.191624764468376	0.0898896543754626	-2.13177774238594	0.0343234998766764
"log(Species):Latitude"	-0.00064258105005167	0.00103714883413523	-0.619564935043726	0.536294400395935
"log(Species):Lakeweb:Latitude"	0.00462166547539939	0.0015934430189645	2.90042720096936	0.00417080527641636
"log(Species):Stream:Latitude"	0.00667931855977641	0.00202366816486018	3.30059971084138	0.00115435216495165
