"Estimate"	"Std. Error"	"t value"	"Pr(>|t|)"
"(Intercept)"	-0.634458655602166	0.136036970619486	-4.66386933429172	5.8749400090722e-06
"log(Species)"	0.554319980275376	0.0562283324447287	9.85837488280949	9.6004643766882e-19
"log(Species):Lakeweb"	-0.0642860060284656	0.0649775207107336	-0.989357632074844	0.32375982221891
"log(Species):Stream"	-0.192408169922738	0.0896236168371177	-2.14684674322418	0.0330866022455466
"log(Species):Latitude"	-0.000640217462185371	0.00103553577544306	-0.618247555871694	0.537160442099597
"log(Species):Lakeweb:Latitude"	0.00461601637346488	0.00159095063226303	2.90142024513914	0.00415818210315686
"log(Species):Stream:Latitude"	0.00672686701311111	0.00201609313486552	3.336585446763	0.00102212696422098
