"Estimate"	"Std. Error"	"t value"	"Pr(>|t|)"
"(Intercept)"	-0.508923806172185	0.127574208858312	-3.98923740720517	0.000100649656542387
"log(Species)"	0.673265148672431	0.035924938276278	18.7408853285909	3.31452460602924e-42
"log(Species):Lakeweb"	0.0550628980284272	0.0246155939788273	2.23691120660296	0.0266739973808332
