"Estimate"	"Std. Error"	"t value"	"Pr(>|t|)"
"(Intercept)"	-0.502158684630208	0.143868974159571	-3.49038899848722	0.000584105918073388
"log(Species)"	0.68948901774445	0.053171230236744	12.9673324215842	7.50723033294571e-29
"log(Species):Latitude"	-0.00110617120857638	0.000896265596468577	-1.23420023365268	0.21846323159545
"log(Species):Lakeweb"	-0.0647741013567796	0.0677252016747034	-0.956425374233679	0.339921666119565
"log(Species):Marine"	0.123382497509129	0.0284285621613798	4.34008926686922	2.18368120493849e-05
"log(Species):Terr"	-0.0529111087298365	0.0266498729912763	-1.98541691914092	0.0483572102928684
"log(Species):Latitude:Lakeweb"	0.00346949158543024	0.00161017302281453	2.15473215379405	0.0322841332879168
