"Estimate"	"Std. Error"	"t value"	"Pr(>|t|)"
"(Intercept)"	-0.857012685755146	0.140592705965268	-6.09571229084147	4.98304662050008e-09
"log(Species)"	0.658826870627631	0.0612019741312052	10.764797704323	6.78952137220108e-22
"log(Species):Lakeweb"	-0.0876019889314264	0.0740227754345738	-1.18344642465959	0.237939135868249
"log(Species):Stream"	-0.159477463115525	0.0860976477161863	-1.85228594910315	0.0653555508709741
"log(Species):Marine"	0.118815393419441	0.0367656078669469	3.23169941455689	0.0014239241488955
"log(Species):Terr"	-0.0590078938981486	0.0353389030527914	-1.66977152092127	0.0964198450471803
"log(Species):Latitude"	-0.00107151320731295	0.00106424378785058	-1.00683059609589	0.315147970543996
"log(Species):Lakeweb:Latitude"	0.00478026090589103	0.00168678123480597	2.83395428360981	0.00503543770781938
"log(Species):Stream:Latitude"	0.00514530205152807	0.00188212262737059	2.73377620390031	0.00678297589940007
