"Estimate"	"Std. Error"	"t value"	"Pr(>|t|)"
"(Intercept)"	-0.627073928174846	0.136409054754911	-4.59701102175015	7.84946046261553e-06
"log(Species)"	0.552394450956114	0.0563298256294667	9.80642927229569	1.34973872847317e-18
"log(Species):Lakeweb"	-0.0649545973623625	0.0650584356009997	-0.998403923523861	0.319366845740237
"log(Species):Stream"	-0.18877744606782	0.0901005663955647	-2.09518600847678	0.0374939229920628
"log(Species):Latitude"	-0.00064497010532182	0.00103677920848055	-0.622090122994511	0.534636330781323
"log(Species):Lakeweb:Latitude"	0.00462737544579677	0.0015928859641137	2.90502619148351	0.00411263800833371
"log(Species):Stream:Latitude"	0.00663038147541948	0.00202313232391096	3.27728512715478	0.0012483478946918
