"Estimate"	"Std. Error"	"t value"	"Pr(>|t|)"
"(Intercept)"	-0.633162534166082	0.135970636811321	-4.65661225845905	6.06352764587179e-06
"log(Species)"	0.553982023343171	0.0562149169129076	9.85471568340913	9.83382518603326e-19
"log(Species):Lakeweb"	-0.0644033530217525	0.064971745934207	-0.991251690957634	0.322836777555234
"log(Species):Stream"	-0.192146295351221	0.0896146362997949	-2.14413965491551	0.0333059302788723
"log(Species):Latitude"	-0.000641051616554339	0.00103545606800871	-0.61910073866016	0.536599481075324
"log(Species):Lakeweb:Latitude"	0.00461801004720412	0.00159082149526712	2.90290900704021	0.00413932301253235
"log(Species):Stream:Latitude"	0.00672152686819412	0.00201574122988435	3.33451872122483	0.00102932126665213
