"Estimate"	"Std. Error"	"t value"	"Pr(>|t|)"
"(Intercept)"	-1.48525344044564	0.121112288623172	-12.2634412851932	1.224301159017e-26
"log(Species)"	0.770959896625453	0.0485017505404706	15.8955066164499	2.70119101990235e-38
"log(Species):Latitude"	-0.000812289523774927	0.000828517534675589	-0.98041319559155	0.327968976361443
"log(Species):Lakeweb"	-0.0425328460965922	0.0615368917872722	-0.691176379912469	0.490190055816915
"log(Species):Marine"	0.124910597412404	0.025298139831442	4.93754079330202	1.57232112539499e-06
"log(Species):Latitude:Lakeweb"	0.0040084454223921	0.00149597395145892	2.67948878286479	0.00793615199616485
