"Estimate"	"Std. Error"	"t value"	"Pr(>|t|)"
"(Intercept)"	-0.333632178593353	0.134551291250996	-2.47959105774009	0.0140286065604763
"log(Species)"	0.641346586057859	0.053237043740928	12.0469984993701	3.60502383241816e-25
"log(Species):Lakeweb"	-0.0865962993373867	0.063825619632096	-1.35676394270115	0.176474519460867
"log(Species):Terr"	-0.0620586734420781	0.0254573591149527	-2.43774985307203	0.0157042171697613
"log(Species):Latitude"	-0.000779599345925379	0.0009025650544555	-0.863759727985144	0.388814735065159
"log(Species):Lakeweb:Latitude"	0.00354945099543871	0.00151838986263312	2.33764139420914	0.0204524120827649
