"Estimate"	"Std. Error"	"t value"	"Pr(>|t|)"
"(Intercept)"	-0.520149990146533	0.143330460403687	-3.62902615872119	0.000354797734043886
"log(Species)"	0.69663496229371	0.0531405942422774	13.1092806210941	2.64353486771687e-29
"log(Species):Latitude"	-0.00114464362990202	0.000894087693858851	-1.28023642173373	0.201828828772347
"log(Species):Lakeweb"	-0.0621384501536893	0.067159388152516	-0.925238479132295	0.355869654640385
"log(Species):Marine"	0.123510135685286	0.0283571327558729	4.35552270917469	2.04689303941438e-05
"log(Species):Terr"	-0.0536951390739861	0.0266014638146041	-2.01850317141223	0.0447694888835562
"log(Species):Latitude:Lakeweb"	0.00335504779952386	0.00158252529302171	2.12005951141397	0.035136778507029
