"Estimate"	"Std. Error"	"t value"	"Pr(>|t|)"
"(Intercept)"	-0.87384257186144	0.14055002410717	-6.21730645307562	2.59548711492577e-09
"log(Species)"	0.655083930201779	0.0616460632603608	10.6265330753571	1.79724583074147e-21
"log(Species):Lakeweb"	-0.071995303429832	0.0740903819516025	-0.971722665390779	0.332280478238039
"log(Species):Stream"	-0.150261749504414	0.0865301522635013	-1.73652473240585	0.0839034741584076
"log(Species):Marine"	0.11480388784581	0.0370928933718695	3.09503728099235	0.00222949116048515
"log(Species):Terr"	-0.057986778837601	0.0354154813868063	-1.63732855143975	0.103024619538589
"log(Species):Latitude"	-0.000877931451355736	0.00107880561557992	-0.813799482202175	0.416660196852336
"log(Species):Lakeweb:Latitude"	0.00434154808712599	0.00167588052159312	2.59060716512108	0.010236223153582
"log(Species):Stream:Latitude"	0.00488342836709986	0.00189210745384463	2.58094663555026	0.0105180710164692
