"Estimate"	"Std. Error"	"t value"	"Pr(>|t|)"
"(Intercept)"	-0.630605689075677	0.136154808666988	-4.63153446616808	6.76122103390618e-06
"log(Species)"	0.553315339266495	0.0562997515942872	9.82802452227233	1.17157002088715e-18
"log(Species):Lakeweb"	-0.064635635487007	0.065075811659121	-0.993235948029051	0.321871633182884
"log(Species):Stream"	-0.191820372215315	0.0897580459379117	-2.13708275632474	0.0338835835758464
"log(Species):Latitude"	-0.000642697144082537	0.00103712251529483	-0.619692596201938	0.536210513937708
"log(Species):Lakeweb:Latitude"	0.0046143807965243	0.00159608553694829	2.89106109272	0.00429159889373544
"log(Species):Stream:Latitude"	0.00668504489985589	0.00201845011911525	3.31196933555443	0.00111094546346809
