"Estimate"	"Std. Error"	"t value"	"Pr(>|t|)"
"(Intercept)"	-1.47915595699433	0.119886716183861	-12.3379470560013	7.1026551831065e-27
"log(Species)"	0.76937034506417	0.0480069980150519	16.0262123622674	1.02837265073337e-38
"log(Species):Lakeweb"	-0.0429968955665066	0.0609040593470371	-0.705977500145043	0.480955893561244
"log(Species):Marine"	0.12351726859223	0.0250403948760451	4.93272047839759	1.60763280306603e-06
"log(Species):Latitude"	-0.000787399486065951	0.00081990203693476	-0.960358006926875	0.337939007224273
"log(Species):Lakeweb:Latitude"	0.00398188596233016	0.0014805486639879	2.68946645198736	0.00771027405793482
