"Estimate"	"Std. Error"	"t value"	"Pr(>|t|)"
"(Intercept)"	-0.627012100267569	0.136222516166247	-4.60285214158252	7.65417122372612e-06
"log(Species)"	0.552378329650436	0.0562878843800113	9.81344983444775	1.28904100167927e-18
"log(Species):Lakeweb"	-0.069276966176989	0.065657013945341	-1.05513428062174	0.292717992734208
"log(Species):Stream"	-0.191708311256151	0.0896973837432671	-2.13727873942077	0.0338674252524444
"log(Species):Latitude"	-0.000645009896361092	0.00103642756480127	-0.622339580947722	0.534472675213188
"log(Species):Lakeweb:Latitude"	0.00469832471232036	0.00159922796242622	2.93787053672601	0.00371833044423637
"log(Species):Stream:Latitude"	0.00668536378844714	0.00201708073897631	3.31437589941989	0.00110195499458247
