"Estimate"	"Std. Error"	"t value"	"Pr(>|t|)"
"(Intercept)"	-0.318375162108942	0.13622544884522	-2.33711956765642	0.0204801565399566
"log(Species)"	0.636916298697338	0.0537577987714569	11.8478865067577	1.41099462216449e-24
"log(Species):Lakeweb"	-0.0874763083530277	0.0643633447746559	-1.35910134346332	0.175734035168484
"log(Species):Terr"	-0.0600913798166636	0.0256448828201045	-2.34321132360779	0.020158322698703
"log(Species):Latitude"	-0.000823973081918862	0.000909750875474597	-0.905712876054131	0.36624100929938
"log(Species):Lakeweb:Latitude"	0.00361390984677985	0.00153225125735918	2.3585621675445	0.0193669726195615
