"Estimate"	"Std. Error"	"t value"	"Pr(>|t|)"
"(Intercept)"	-0.88019332744494	0.138098116932223	-6.37368087992779	1.15106535662289e-09
"log(Species)"	0.697693691506658	0.0600328087271795	11.6218732106529	1.96744452686148e-24
"log(Species):Lakeweb"	-0.108228218187443	0.0720689468745048	-1.50173164561295	0.134668562996998
"log(Species):Stream"	-0.169257574075002	0.0859362362036905	-1.96957164465312	0.0502022333900833
"log(Species):Marine"	0.0821665217125368	0.0347443973294706	2.36488550753598	0.0189468885837425
"log(Species):Terr"	-0.0948977240121662	0.0332681923898805	-2.85250616865592	0.00477119042317087
"log(Species):Latitude"	-0.00113514320837553	0.00105520317391167	-1.0757579549041	0.283269880391843
"log(Species):Lakeweb:Latitude"	0.00449713484950936	0.00165432314608162	2.71841378763341	0.00710788046420742
"log(Species):Stream:Latitude"	0.00489126855575934	0.00189021375000682	2.58768012651569	0.0103367891231851
