"Estimate"	"Std. Error"	"t value"	"Pr(>|t|)"
"(Intercept)"	-1.50562373602692	0.121148714536496	-12.427896918158	3.67809699811034e-27
"log(Species)"	0.77422048544958	0.0483045840181485	16.0278884744913	1.01572043454346e-38
"log(Species):Latitude"	-0.000801626295200053	0.000824327193676933	-0.972461300984598	0.331898878661258
"log(Species):Lakeweb"	-0.0389328242531285	0.0612741064343918	-0.635387874563542	0.525841855009316
"log(Species):Marine"	0.12763277857391	0.025185630787853	5.06768242769077	8.5809750691823e-07
"log(Species):Latitude:Lakeweb"	0.00400335935151703	0.00148853775487743	2.68945771674208	0.00771046924600198
