"Estimate"	"Std. Error"	"t value"	"Pr(>|t|)"
"(Intercept)"	-0.828376400663338	0.127078080536704	-6.51864111548396	9.32127155924265e-10
"log(Species)"	0.687298963728448	0.0559890946327494	12.2755863125965	1.14112930881535e-24
"log(Species):Lakeweb"	-0.0249848128126453	0.0826576965073489	-0.302268438008358	0.762850063345783
"log(Species):Stream"	-0.282937532382995	0.0842237570824946	-3.35935539073454	0.000982060942829924
"log(Species):Latitude"	-0.00177328013200709	0.00107272543961876	-1.65306057497555	0.10032962226147
"log(Species):Lakeweb:Latitude"	0.003110935915927	0.001878254363631	1.6562910626828	0.0996729437749025
"log(Species):Stream:Latitude"	0.00844895178953402	0.00189475162102179	4.45913421885751	1.56577000106891e-05
