"Estimate"	"Std. Error"	"t value"	"Pr(>|t|)"
"(Intercept)"	-0.633064334838943	0.136504643881078	-4.63767617598756	6.58351893454606e-06
"log(Species)"	0.553956418378682	0.0563521221985092	9.83026719787559	1.1544656966963e-18
"log(Species):Lakeweb"	-0.0644122436977816	0.0650722192753768	-0.98985779822873	0.323515904577728
"log(Species):Stream"	-0.193850142986031	0.0901001280896075	-2.15149686350324	0.0327127581198024
"log(Species):Latitude"	-0.000641114815414791	0.00103698368494596	-0.618249664601235	0.537159055260222
"log(Species):Lakeweb:Latitude"	0.00461816109587462	0.00159320834471001	2.89865485026392	0.00419342179613917
"log(Species):Stream:Latitude"	0.00672143868721763	0.00202320899364602	3.32216726414651	0.00107331098761329
