"Estimate"	"Std. Error"	"t value"	"Pr(>|t|)"
"(Intercept)"	-1.20776590720652	0.146467318378826	-8.24597542014619	1.56361155803426e-14
"log(Species)"	0.693618741226959	0.0543443864805808	12.7633926178339	3.35521771988204e-28
"log(Species):Lakeweb"	-0.0614532245903041	0.0691904476749455	-0.888174981595861	0.375430050447929
"log(Species):Marine"	0.127386020422298	0.0289730603229972	4.3967057329179	1.72091819354789e-05
"log(Species):Terr"	-0.0515492515453061	0.0271797663179728	-1.89660392743034	0.0592084750897246
"log(Species):Latitude"	-0.00112419868191722	0.000917128272524792	-1.22578129537145	0.221609616293253
"log(Species):Lakeweb:Latitude"	0.00354507808417988	0.00164255891570754	2.15826540544686	0.0320049824748563
