"Estimate"	"Std. Error"	"t value"	"Pr(>|t|)"
"(Intercept)"	-0.509658931985329	0.143616332364318	-3.5487532900677	0.000474393187699235
"log(Species)"	0.691041348765785	0.0530352932423018	13.0298393111288	4.74174864076315e-29
"log(Species):Latitude"	-0.00112044139746962	0.000893381352787185	-1.25415803002161	0.211133870831253
"log(Species):Lakeweb"	-0.0431752945246556	0.0694884886718007	-0.621330170649929	0.535034548172729
"log(Species):Marine"	0.124786915746757	0.0283345959323813	4.40404783059385	1.66829730988673e-05
"log(Species):Terr"	-0.0518780776375231	0.0265522314817892	-1.95381234428841	0.0520084247061285
"log(Species):Latitude:Lakeweb"	0.00303790976993711	0.00164098252110557	1.85127491052763	0.0654887912391202
