"Estimate"	"Std. Error"	"t value"	"Pr(>|t|)"
"(Intercept)"	-1.17840982789793	0.13049160082665	-9.0305415860702	5.87903345862242e-16
"log(Species)"	0.719992790191962	0.0536763399931418	13.4135969457671	8.01629299494023e-28
"log(Species):Lakeweb"	-0.0204994496731256	0.0840588745560202	-0.243870141985591	0.80764977771829
"log(Species):Terr"	-0.02519654075636	0.0281200957250624	-0.896033249769604	0.371606799276379
"log(Species):Latitude"	-0.00119008649449254	0.000942242972869167	-1.26303568056197	0.208448899669195
"log(Species):Lakeweb:Latitude"	0.00175386495484795	0.00187320778340121	0.936289593919703	0.350562076518548
