"Estimate"	"Std. Error"	"t value"	"Pr(>|t|)"
"(Intercept)"	-0.874881581676291	0.140509619808917	-6.22648885440062	2.46989683234675e-09
"log(Species)"	0.66304213805143	0.0612659216640064	10.8223645387672	4.52230599461391e-22
"log(Species):Lakeweb"	-0.0796078654177816	0.0737570009512345	-1.07932622518662	0.28165166482412
"log(Species):Stream"	-0.159254813762555	0.0862460131178762	-1.846517978111	0.0661914848555983
"log(Species):Marine"	0.119871620543567	0.0368246542272344	3.25520016573335	0.00131628297720823
"log(Species):Terr"	-0.0586328100538374	0.0353992637556844	-1.65632851740941	0.099113982839134
"log(Species):Latitude"	-0.00106397735894943	0.00106607109659307	-0.998036024379306	0.319383817729335
"log(Species):Lakeweb:Latitude"	0.00452729190147401	0.00166738760315275	2.71520064855566	0.0071617636827108
"log(Species):Stream:Latitude"	0.00513996517686549	0.00188536557884798	2.72624324668438	0.00693434512097328
