"Estimate"	"Std. Error"	"t value"	"Pr(>|t|)"
"(Intercept)"	-0.855703316162465	0.141059427228575	-6.06626109984037	5.82846315945903e-09
"log(Species)"	0.658532878213002	0.0614064029683911	10.7241728285564	9.04107424850954e-22
"log(Species):Lakeweb"	-0.0877622193609967	0.074269620037092	-1.18167050426764	0.238641828998339
"log(Species):Stream"	-0.158216912331535	0.0863784406473279	-1.831671319207	0.0683840394988087
"log(Species):Marine"	0.119221522104858	0.0371231767891277	3.21151184830105	0.00152285637082876
"log(Species):Terr"	-0.0590366677548932	0.0354567913984147	-1.66503130786766	0.0973630260277335
"log(Species):Latitude"	-0.00107242535104136	0.00106779759505441	-1.00433392621259	0.316346679340291
"log(Species):Lakeweb:Latitude"	0.0047820845017755	0.00169240942117829	2.8256073512319	0.00516360811592085
"log(Species):Stream:Latitude"	0.00507575269063432	0.00188750644153375	2.6891313210618	0.00772562370553794
