"Estimate"	"Std. Error"	"t value"	"Pr(>|t|)"
"(Intercept)"	-0.499394700481687	0.129332962574233	-3.86131029972386	0.000163392285443242
"log(Species)"	0.668873055607044	0.0364322329314806	18.3593757995843	3.15292682386705e-41
"log(Species):Lakeweb"	0.0563815208203673	0.0249402948127749	2.26065975737735	0.0251285417495825
