"Estimate"	"Std. Error"	"t value"	"Pr(>|t|)"
"(Intercept)"	-0.896746076117841	0.137912314919145	-6.50229152228778	5.67428890870593e-10
"log(Species)"	0.701731058444665	0.0599653569296288	11.7022743526428	1.10911856410358e-24
"log(Species):Lakeweb"	-0.106741516475624	0.0719946253914078	-1.4826317366791	0.139671396686122
"log(Species):Stream"	-0.173826945582684	0.0858956709790855	-2.02369855897637	0.0442681539812907
"log(Species):Marine"	0.0829972251650213	0.034708452617269	2.39126837719428	0.0176726420138007
"log(Species):Terr"	-0.0946711535496118	0.0332341686158183	-2.84860905184646	0.00482778006851283
"log(Species):Latitude"	-0.0011285011679635	0.00105412416587137	-1.07055810358986	0.285597050451163
"log(Species):Lakeweb:Latitude"	0.00448523088989894	0.00165263104909405	2.71399408377186	0.00720008645177363
"log(Species):Stream:Latitude"	0.00500283510969787	0.00188810482184208	2.64965962261406	0.00867029145946131
