"Estimate"	"Std. Error"	"t value"	"Pr(>|t|)"
"(Intercept)"	-1.01510832180433	0.136424296597654	-7.44081770711351	3.41911836632038e-12
"log(Species)"	0.638614543301892	0.0540907083758991	11.8063630977781	1.87477605163758e-24
"log(Species):Lakeweb"	-0.0878258508828358	0.06452407537426	-1.36113304023991	0.175092296949507
"log(Species):Terr"	-0.0606167248877013	0.0258948954704679	-2.34087544229836	0.0202812001393521
"log(Species):Latitude"	-0.00083500328689176	0.000913606068263352	-0.91396425209718	0.361900112656814
"log(Species):Lakeweb:Latitude"	0.00367273327304212	0.00153500922807422	2.39264572868387	0.0177070574003345
