"Estimate"	"Std. Error"	"t value"	"Pr(>|t|)"
"(Intercept)"	-1.22491902047157	0.145469042501745	-8.42047902017964	5.11745815775017e-15
"log(Species)"	0.700256771215006	0.0538439351443031	13.0053044848654	5.67902984821893e-29
"log(Species):Lakeweb"	-0.0582477428290291	0.0682207673237069	-0.853812484293003	0.394150422758188
"log(Species):Marine"	0.125869336853674	0.0288167072692796	4.36792919043387	1.94292754114277e-05
"log(Species):Terr"	-0.0537268031169097	0.0270169181936535	-1.98863551837421	0.0479978405719023
"log(Species):Latitude"	-0.00111839418113344	0.000908561946107075	-1.23094983883646	0.219674140284441
"log(Species):Lakeweb:Latitude"	0.00337615376213884	0.00160807216986271	2.09950388136316	0.036928232472587
