"Estimate"	"Std. Error"	"t value"	"Pr(>|t|)"
"(Intercept)"	-0.888748309783017	0.138672987601591	-6.40895047517404	9.48946621528829e-10
"log(Species)"	0.699780330017852	0.0603198617202515	11.6011593869903	2.28022176343231e-24
"log(Species):Lakeweb"	-0.107459843874636	0.0724321070153776	-1.48359406211699	0.139415935869654
"log(Species):Stream"	-0.168909906667862	0.0863840532682528	-1.95533666547618	0.0518700052307352
"log(Species):Marine"	0.0825958554446328	0.0349191577184311	2.36534500948277	0.0189240206911241
"log(Species):Terr"	-0.0947806252545045	0.0334366255113466	-2.83463488928753	0.00503576233014335
"log(Species):Latitude"	-0.00113171039250086	0.00106054599724152	-1.06710165843296	0.287151149001112
"log(Species):Lakeweb:Latitude"	0.00449098250791143	0.00166269823754706	2.70102079048142	0.00747701974052579
"log(Species):Stream:Latitude"	0.00495228816779829	0.00189934571170984	2.60736533495006	0.00977875690441614
