"Estimate"	"Std. Error"	"t value"	"Pr(>|t|)"
"(Intercept)"	-0.497020570980123	0.129556746606662	-3.83631562228938	0.000179374753130852
"log(Species)"	0.667859808012252	0.0365186558625079	18.2881815400527	4.80947224784033e-41
"log(Species):Lakeweb"	0.0566290285141268	0.024948766168393	2.26981278881313	0.0245541273292081
