"Estimate"	"Std. Error"	"t value"	"Pr(>|t|)"
"(Intercept)"	-0.49530193175969	0.129721913277181	-3.81818244309551	0.000193122328151963
"log(Species)"	0.722607348106238	0.0533006544037006	13.5571946759451	3.2525692139177e-28
"log(Species):Lakeweb"	-0.020818448563443	0.0833985571960001	-0.249626003894962	0.803202894146263
"log(Species):Terr"	-0.0266595961520314	0.027913030081663	-0.955095024582981	0.340997920827365
"log(Species):Latitude"	-0.00115980913860249	0.00093440515562994	-1.24122724667609	0.216373151728227
"log(Species):Lakeweb:Latitude"	0.00168658382569864	0.00185837477974123	0.907558499009274	0.36550243547773
