"Estimate"	"Std. Error"	"t value"	"Pr(>|t|)"
"(Intercept)"	-0.514033486867111	0.143096074480066	-3.59222633279656	0.000405589321556536
"log(Species)"	0.692630342386547	0.0529679724466777	13.0763990085482	3.36694851499225e-29
"log(Species):Latitude"	-0.00109045016184946	0.000893820625694933	-1.21998769160384	0.223793750086756
"log(Species):Lakeweb"	-0.0601685983655498	0.0671153458254264	-0.896495393498444	0.370981696830189
"log(Species):Marine"	0.123287085563705	0.0283505525439588	4.34866605765595	2.10661838037913e-05
"log(Species):Terr"	-0.0534066428353898	0.0265790743301823	-2.00934924113377	0.0457387327180252
"log(Species):Latitude:Lakeweb"	0.00330263271152262	0.00158200042431079	2.0876307368637	0.0379982588833829
