"Estimate"	"Std. Error"	"t value"	"Pr(>|t|)"
"(Intercept)"	-1.00781156425871	0.135772918692023	-7.4227730682048	3.79983894623757e-12
"log(Species)"	0.636255507040649	0.0537206884856707	11.8437705281897	1.45131704014161e-24
"log(Species):Lakeweb"	-0.0942194789733345	0.0650927494337457	-1.44746503708889	0.149423391460189
"log(Species):Terr"	-0.0600282805111021	0.025674419233697	-2.33805796986896	0.0204302873243109
"log(Species):Latitude"	-0.000825820604344932	0.000910790194569822	-0.906707833778314	0.365715851284354
"log(Species):Lakeweb:Latitude"	0.00377166999819688	0.0015397599272615	2.44951822126251	0.0152158574366631
