"Estimate"	"Std. Error"	"t value"	"Pr(>|t|)"
"(Intercept)"	-1.23038972478518	0.142308119026106	-8.64595592440842	1.31962547008837e-15
"log(Species)"	0.734281333280037	0.0536162203602078	13.6951342028018	5.30282298172021e-31
"log(Species):Latitude"	-0.00145761458912357	0.00090045887835421	-1.6187464238097	0.106988553336949
"log(Species):Lakeweb"	-0.0918067581748334	0.0675154147054938	-1.35978959138887	0.175340907843771
"log(Species):Marine"	0.0960107927014562	0.0285891370516831	3.35829628323125	0.000929682550176266
"log(Species):Terr"	-0.0799708330222798	0.0267743949601208	-2.9868399693585	0.00315066953453641
"log(Species):Latitude:Lakeweb"	0.00372217716783952	0.00159312533224313	2.33639946117652	0.0204039586812392
