"Estimate"	"Std. Error"	"t value"	"Pr(>|t|)"
"(Intercept)"	-0.884237286915651	0.138704833069238	-6.37495657036164	1.14306769447585e-09
"log(Species)"	0.698680050243103	0.0602829525002876	11.5900104634021	2.46862234476929e-24
"log(Species):Lakeweb"	-0.107865005914579	0.072362444623203	-1.49062136411008	0.137561421970127
"log(Species):Stream"	-0.169100144606385	0.086285549890549	-1.95977362166532	0.0513452335509668
"log(Species):Marine"	0.0823694687372522	0.0348860092792364	2.36110321699299	0.0191360471312433
"log(Species):Terr"	-0.0948423711649784	0.0334033852903503	-2.83930417053797	0.00496537723320087
"log(Species):Latitude"	-0.00113352050855934	0.00105949106885567	-1.06987264157273	0.285904794130978
"log(Species):Lakeweb:Latitude"	0.00449422662374234	0.00166104607165155	2.70566042715108	0.00737689384849056
"log(Species):Stream:Latitude"	0.00491997655885037	0.00189801753858983	2.59216601470699	0.0102071710443125
