"Estimate"	"Std. Error"	"t value"	"Pr(>|t|)"
"(Intercept)"	-0.322807025791593	0.136087069557429	-2.37206243650775	0.01869376694832
"log(Species)"	0.638555471469087	0.0539570016246515	11.8345247556778	1.54613775921374e-24
"log(Species):Lakeweb"	-0.087607864364487	0.0643645783967829	-1.36111921411833	0.175096658147358
"log(Species):Terr"	-0.0607002752493866	0.0258308859122423	-2.34991070208003	0.0198095312488513
"log(Species):Latitude"	-0.000834285203172593	0.000911347726618818	-0.915441141514519	0.361126591146953
"log(Species):Lakeweb:Latitude"	0.00361382111066546	0.00153121484077216	2.36010063019183	0.019289192330274
