"Estimate"	"Std. Error"	"t value"	"Pr(>|t|)"
"(Intercept)"	-1.48170603988545	0.121452620714505	-12.199868814428	1.94743073520388e-26
"log(Species)"	0.770092094699496	0.0485971301547181	15.8464520898202	3.88180581823223e-38
"log(Species):Lakeweb"	-0.0468445276434758	0.0624091270578477	-0.750603795500217	0.453700539084432
"log(Species):Marine"	0.125531428293672	0.0253180290748193	4.95818327416815	1.42941125855759e-06
"log(Species):Latitude"	-0.000832872592116056	0.000829265096528789	-1.0043502320336	0.316323321839937
"log(Species):Lakeweb:Latitude"	0.00409593393027331	0.0015062020496127	2.71937880533792	0.0070674515371202
