"Estimate"	"Std. Error"	"t value"	"Pr(>|t|)"
"(Intercept)"	-0.888857864217363	0.13847648377642	-6.41883618053506	8.98845192524595e-10
"log(Species)"	0.699807051347335	0.0602356722919875	11.6178175609144	2.0251153776861e-24
"log(Species):Lakeweb"	-0.107450004133316	0.0723316537710778	-1.48551842148369	0.138906178262163
"log(Species):Stream"	-0.169622303117219	0.0862533347460283	-1.96655936395583	0.0505513256708094
"log(Species):Marine"	0.0826013534588083	0.0348707186899501	2.36878838641816	0.0187534274586229
"log(Species):Terr"	-0.0947791256969775	0.033390280954983	-2.83852435457968	0.00497706955880436
"log(Species):Latitude"	-0.00113166643212941	0.00105907605177981	-1.06854123481275	0.286503184612984
"log(Species):Lakeweb:Latitude"	0.00449090372150639	0.0016603936491215	2.70472229515121	0.00739704100095902
"log(Species):Stream:Latitude"	0.00499010451968896	0.00189732973786179	2.63006709909718	0.00916889815327863
