"Estimate"	"Std. Error"	"t value"	"Pr(>|t|)"
"(Intercept)"	-0.499388164894339	0.145288389387989	-3.43722004902082	0.00070435426773305
"log(Species)"	0.68858087087412	0.0534201488362454	12.889909254744	1.32581806795149e-28
"log(Species):Latitude"	-0.00112377296655202	0.000897024889963681	-1.25277790964922	0.211634875202936
"log(Species):Lakeweb"	-0.0647602586699503	0.067889053104002	-0.953913123088363	0.341189006019507
"log(Species):Marine"	0.124174739827833	0.0284692503737191	4.36171441810994	1.99435741403415e-05
"log(Species):Terr"	-0.0520938396464338	0.0266625813980343	-1.95381830696537	0.0520077145327596
"log(Species):Latitude:Lakeweb"	0.00348436545377345	0.00161535207790368	2.1570315855199	0.0321022249695644
