"Estimate"	"Std. Error"	"t value"	"Pr(>|t|)"
"(Intercept)"	-0.502265101173148	0.128358304662459	-3.91299263802169	0.0001345305804327
"log(Species)"	0.670752258984235	0.0361278373507547	18.5660783531573	9.28424827897951e-42
"log(Species):Lakeweb"	0.0554281221812732	0.0247841279154707	2.23643625348924	0.0267057324364923
