"Estimate"	"Std. Error"	"t value"	"Pr(>|t|)"
"(Intercept)"	-1.21741242153126	0.146514669588765	-8.30915037346278	1.04494388734329e-14
"log(Species)"	0.697748846662072	0.0542029377689767	12.8728972152028	1.50222136235517e-28
"log(Species):Lakeweb"	-0.0582370274670746	0.0686149535076488	-0.848751248670345	0.396955029201355
"log(Species):Marine"	0.127727154678312	0.0289777265133642	4.40777003742534	1.6422134963737e-05
"log(Species):Terr"	-0.0517625675127319	0.0271743856572683	-1.90482935531928	0.0581245938647024
"log(Species):Latitude"	-0.00115821176934475	0.000913824548897947	-1.26743341568305	0.20635875944674
"log(Species):Lakeweb:Latitude"	0.00341815390224277	0.00161738639494122	2.11338113943205	0.0357104377822074
