"Estimate"	"Std. Error"	"t value"	"Pr(>|t|)"
"(Intercept)"	-1.11691296517618	0.115928374797046	-9.63450895547823	1.67095754622616e-18
"log(Species)"	0.722810927130163	0.0515328679941154	14.0262119161057	3.32271345771724e-32
"log(Species):Lakeweb"	-0.0490865667345725	0.0625264509225099	-0.785052821811465	0.433282804547255
"log(Species):Stream"	-0.159451482372033	0.0774422253141359	-2.05897340533844	0.0406963517275339
"log(Species):Marine"	0.133921439764245	0.0271649775424868	4.92993007466279	1.63805505565859e-06
"log(Species):Latitude"	-0.00103486048155341	0.000959694936374125	-1.07832233174353	0.282092660969442
"log(Species):Lakeweb:Latitude"	0.00483393863459312	0.00152216602694658	3.17569736087847	0.00171315804921892
"log(Species):Stream:Latitude"	0.00558522894643611	0.00175322375996271	3.18569088212386	0.0016576586950001
