"Estimate"	"Std. Error"	"t value"	"Pr(>|t|)"
"(Intercept)"	-1.21167902301764	0.14628409017447	-8.2830540325506	1.23445905483475e-14
"log(Species)"	0.69689610544675	0.0540705894399556	12.888635257447	1.33827975414714e-28
"log(Species):Lakeweb"	-0.0633731213667261	0.0688716675839349	-0.920162435293038	0.358509645834189
"log(Species):Marine"	0.12589442544267	0.0289107445755957	4.35458952340305	2.05492512000478e-05
"log(Species):Terr"	-0.0532625437856906	0.0271016847455857	-1.96528534243119	0.0506569843949584
"log(Species):Latitude"	-0.00113734029360839	0.000911361313555312	-1.24795761756829	0.213391501315627
"log(Species):Lakeweb:Latitude"	0.00355549577600698	0.00163738016550984	2.17145404036325	0.0309813151383085
