"Estimate"	"Std. Error"	"t value"	"Pr(>|t|)"
"(Intercept)"	-1.21941495856553	0.146300056598111	-8.3350272509825	8.85539234530341e-15
"log(Species)"	0.69839529130078	0.0541542173656841	12.8964155567934	1.26396069965172e-28
"log(Species):Lakeweb"	-0.0582172910660026	0.068614547003634	-0.848468635418073	0.397111991573874
"log(Species):Marine"	0.127791432976293	0.0289922931262252	4.40777252147392	1.64219622049486e-05
"log(Species):Terr"	-0.0517884047478464	0.0271677897868801	-1.9062428395576	0.0579400179266992
"log(Species):Latitude"	-0.00116017761661311	0.000914197192294986	-1.26906714042801	0.205776615039679
"log(Species):Lakeweb:Latitude"	0.00341953750966737	0.00161753548268223	2.11404172970414	0.0356533381168321
