"Estimate"	"Std. Error"	"t value"	"Pr(>|t|)"
"(Intercept)"	-1.02726076484467	0.136261540103329	-7.53889002036589	1.92185540791214e-12
"log(Species)"	0.646865038056922	0.0544646190163227	11.8767935907724	1.15762450635466e-24
"log(Species):Lakeweb"	-0.0918074130621486	0.0644925405395003	-1.42353537779952	0.156229727190441
"log(Species):Terr"	-0.0601373661205514	0.0256432182208474	-2.34515674291073	0.0200564855013637
"log(Species):Latitude"	-0.000964933270272755	0.000920698336505488	-1.04804498065584	0.295956264322543
"log(Species):Lakeweb:Latitude"	0.00379179159524294	0.00153599027733354	2.46862994590399	0.014451444445864
