"Estimate"	"Std. Error"	"t value"	"Pr(>|t|)"
"(Intercept)"	-1.48704143280353	0.121398716873496	-12.2492351739855	1.3581517111776e-26
"log(Species)"	0.771606878446204	0.0485949473197708	15.8783355267118	3.06672465869709e-38
"log(Species):Latitude"	-0.000824087795184471	0.000829468966407383	-0.993512510484606	0.321561730203288
"log(Species):Lakeweb"	-0.0425776412973618	0.0616154501047471	-0.691022157997373	0.490286775052327
"log(Species):Marine"	0.1253293043519	0.0253269937079742	4.94844772328583	1.49517054625356e-06
"log(Species):Latitude:Lakeweb"	0.00402073322598866	0.00149780738492964	2.68441273987812	0.00782394642667728
