"Estimate"	"Std. Error"	"t value"	"Pr(>|t|)"
"(Intercept)"	-0.877145255290545	0.140502487769364	-6.24291618757944	2.25991536886332e-09
"log(Species)"	0.663576138007912	0.0612547833839817	10.8330501121556	4.19346355569122e-22
"log(Species):Lakeweb"	-0.0793888124138158	0.0737400559644413	-1.07660363659201	0.28286393430341
"log(Species):Stream"	-0.15892340279958	0.0862224788434756	-1.84317830954596	0.0666795345457493
"log(Species):Marine"	0.120005425871108	0.0368163093177251	3.25957240405225	0.00129711056458685
"log(Species):Terr"	-0.0585852935533637	0.0353909537245702	-1.65537481722881	0.0993073913800374
"log(Species):Latitude"	-0.00106302270001713	0.00106582007378633	-0.997375378979994	0.319703521162437
"log(Species):Lakeweb:Latitude"	0.00452567907695028	0.00166699515031682	2.71487237145841	0.00716862646087276
"log(Species):Stream:Latitude"	0.00513546225099513	0.00188475762545569	2.72473350505931	0.00696504734152656
