"Estimate"	"Std. Error"	"t value"	"Pr(>|t|)"
"(Intercept)"	-0.877889940299567	0.141602472014503	-6.19967948165238	2.85437022601104e-09
"log(Species)"	0.663751808987998	0.0615406880434421	10.7855766662773	5.86366087697111e-22
"log(Species):Lakeweb"	-0.0793167501309818	0.0739987463233119	-1.07186613384549	0.284981849711395
"log(Species):Stream"	-0.158101289086222	0.0865092967006405	-1.82756414762359	0.0690010945354238
"log(Species):Marine"	0.12004944406389	0.036948253379445	3.24912365494051	0.00134336622959329
"log(Species):Terr"	-0.058569661959939	0.0355108183744744	-1.64934700581385	0.100536845141472
"log(Species):Latitude"	-0.00106270864405467	0.00106941145668441	-0.993732241610242	0.321470314960803
"log(Species):Lakeweb:Latitude"	0.00452514850300295	0.00167261610185422	2.70543162772766	0.00736855050096189
"log(Species):Stream:Latitude"	0.0050653828440151	0.00189040161860001	2.67952735237627	0.00794324645003277
