"Estimate"	"Std. Error"	"t value"	"Pr(>|t|)"
"(Intercept)"	-0.512457842531784	0.143447022393248	-3.57245367650034	0.000435629910704448
"log(Species)"	0.692011859525235	0.0530969768969081	13.0329804061883	4.63349125822403e-29
"log(Species):Latitude"	-0.00109903369403403	0.000896067965149026	-1.22650706952932	0.221337093954203
"log(Species):Lakeweb"	-0.0600742827798821	0.0672814478675665	-0.8928803508826	0.372910350734819
"log(Species):Marine"	0.123778746839006	0.0284208903399685	4.35520299886367	2.04964144218837e-05
"log(Species):Terr"	-0.0528937514298711	0.0266444996477126	-1.98516587397849	0.0483853359301372
"log(Species):Latitude:Lakeweb"	0.00331167436402953	0.00158593660470036	2.08815053149947	0.0379508643767977
