"Estimate"	"Std. Error"	"t value"	"Pr(>|t|)"
"(Intercept)"	-0.891865345862342	0.138515325663865	-6.43874850373332	8.05686531110254e-10
"log(Species)"	0.700540603653363	0.0602388542412298	11.629381276875	1.86497008396922e-24
"log(Species):Lakeweb"	-0.107179884155166	0.0723286316113816	-1.48184587164649	0.139880282985176
"log(Species):Stream"	-0.169607967280688	0.0862487345609102	-1.9664980378455	0.050558453957634
"log(Species):Marine"	0.0827522846083797	0.03486937929168	2.37320784852987	0.018536462835946
"log(Species):Terr"	-0.0947379599352728	0.0333885936690062	-2.83743486995727	0.00499344695419798
"log(Species):Latitude"	-0.00113045963469539	0.00105902236906407	-1.06745586091298	0.286991627415375
"log(Species):Lakeweb:Latitude"	0.00448874088192376	0.00166030995244155	2.70355596876529	0.00742215812607682
"log(Species):Stream:Latitude"	0.00499256536689195	0.00189729026821228	2.63141884536002	0.00913368735579018
