"Estimate"	"Std. Error"	"t value"	"Pr(>|t|)"
"(Intercept)"	-0.509884515658126	0.143783506617525	-3.54619613649052	0.000478763912269901
"log(Species)"	0.691124603793711	0.0532273676963404	12.9843844192436	6.62300858921594e-29
"log(Species):Latitude"	-0.00111985919116427	0.000897693277714293	-1.24748532596307	0.213564183597237
"log(Species):Lakeweb"	-0.0600430919016149	0.0674171553479982	-0.890620370908275	0.374119238758165
"log(Species):Marine"	0.124749420385191	0.0284760118412998	4.38085997015435	1.83996550819664e-05
"log(Species):Terr"	-0.0519217836093381	0.026700559602065	-1.94459533369939	0.0531160071904308
"log(Species):Latitude:Lakeweb"	0.00333324805877671	0.0015890221180873	2.09767253761636	0.0370915714544255
