"Estimate"	"Std. Error"	"t value"	"Pr(>|t|)"
"(Intercept)"	-1.47981943974664	0.12117249366899	-12.2125029776898	1.77589168326487e-26
"log(Species)"	0.76863473225486	0.0485417301455452	15.8345145496508	4.23996644136095e-38
"log(Species):Latitude"	-0.000793449028659687	0.000828946841849403	-0.957177214029166	0.339538101001851
"log(Species):Lakeweb"	-0.0420378251824132	0.0615198436241017	-0.683321392025516	0.495129372875282
"log(Species):Marine"	0.124719286264225	0.025294549098818	4.93067837568425	1.62282279230091e-06
"log(Species):Latitude:Lakeweb"	0.0039881171590352	0.00149591090771313	2.66601248675431	0.00825070353911803
