"Estimate"	"Std. Error"	"t value"	"Pr(>|t|)"
"(Intercept)"	-0.642263709540802	0.135710848991939	-4.73258928310846	4.34818460754762e-06
"log(Species)"	0.556355107549222	0.0560528593390883	9.92554374761841	6.17488524294255e-19
"log(Species):Lakeweb"	-0.0450916127529595	0.066238880957171	-0.680742369154984	0.496872075197592
"log(Species):Stream"	-0.192183911013167	0.089298106245125	-2.15216110502521	0.0326596554848954
"log(Species):Latitude"	-0.000635194306436398	0.00103181757678179	-0.615607177789654	0.538898350424553
"log(Species):Lakeweb:Latitude"	0.00422023323972489	0.00161111653415451	2.61944629718521	0.0095262541561271
"log(Species):Stream:Latitude"	0.00668401038814035	0.00200809883504935	3.32852660012429	0.00105044783598853
