"Estimate"	"Std. Error"	"t value"	"Pr(>|t|)"
"(Intercept)"	-0.873679795040148	0.14095658972781	-6.19821887523843	2.87692388790768e-09
"log(Species)"	0.662758636928583	0.0614616663053177	10.7832845539243	5.95928246212649e-22
"log(Species):Lakeweb"	-0.0797241608815433	0.0739930306196404	-1.07745500101711	0.282484470702974
"log(Species):Stream"	-0.158176964216921	0.0865187850280583	-1.82823838968178	0.0688994825774142
"log(Species):Marine"	0.119800583158374	0.0369424844957797	3.24289459124116	0.0013716660512727
"log(Species):Terr"	-0.0586580366125189	0.0355125637499335	-1.6517544896383	0.10004434886337
"log(Species):Latitude"	-0.00106448418835262	0.00106948327812058	-0.995325696184102	0.320696756924706
"log(Species):Lakeweb:Latitude"	0.00452814815166259	0.00167272440587746	2.70704973021976	0.00733393069253496
"log(Species):Stream:Latitude"	0.00508341156428629	0.00189118460527331	2.68795100706291	0.00775207609628104
