"Estimate"	"Std. Error"	"t value"	"Pr(>|t|)"
"(Intercept)"	-1.22363515869259	0.146038949900796	-8.37882742599698	6.68781275770976e-15
"log(Species)"	0.699331344551974	0.0540394719125214	12.9411209954835	9.10168793400843e-29
"log(Species):Lakeweb"	-0.0695432375026788	0.0694734756783404	-1.0010041504856	0.317939705628972
"log(Species):Marine"	0.127861735923763	0.0289043373158848	4.42361762272594	1.53547510428022e-05
"log(Species):Terr"	-0.0518515550772053	0.0270935366428596	-1.91379795708105	0.0569617518945947
"log(Species):Latitude"	-0.00115280678073353	0.0009116265990862	-1.26456027269178	0.207385464700635
"log(Species):Lakeweb:Latitude"	0.00366063372966312	0.00163393285938764	2.24038197691613	0.026079454006702
