"Estimate"	"Std. Error"	"t value"	"Pr(>|t|)"
"(Intercept)"	-1.2211708861052	0.146340944180305	-8.34469732954993	8.32370353883825e-15
"log(Species)"	0.698942808133412	0.0541591487230022	12.9053507046088	1.18368161677003e-28
"log(Species):Lakeweb"	-0.0581806660754702	0.0685950440987012	-0.848175940987139	0.397274592727725
"log(Species):Marine"	0.127185085061205	0.0289723221266242	4.38988233339875	1.77124648794389e-05
"log(Species):Terr"	-0.0523954163509454	0.0271661185165302	-1.9287045486113	0.0550721444938827
"log(Species):Latitude"	-0.00114592243663266	0.00091352424814118	-1.25439739444723	0.211047065910602
"log(Species):Lakeweb:Latitude"	0.00340477179182477	0.00161689030792978	2.10575310837514	0.0363754944233137
