"Estimate"	"Std. Error"	"t value"	"Pr(>|t|)"
"(Intercept)"	-0.63020970114558	0.136143269858769	-4.62901839950915	6.8353476623654e-06
"log(Species)"	0.553212087470545	0.0562952070437241	9.8269837970552	1.17959282391572e-18
"log(Species):Lakeweb"	-0.0646706937716155	0.0650707352899108	-0.993852205349869	0.321572271842951
"log(Species):Stream"	-0.19139012045457	0.089778906447136	-2.13179384811581	0.0343221569050931
"log(Species):Latitude"	-0.000642951992936015	0.00103704150568388	-0.619986750204386	0.536017249971203
"log(Species):Lakeweb:Latitude"	0.00462255204881407	0.00159325303086483	2.90132951845377	0.00415933393193404
"log(Species):Stream:Latitude"	0.00668250002523412	0.00201833711752411	3.310893887455	0.00111498519588982
