"Estimate"	"Std. Error"	"t value"	"Pr(>|t|)"
"(Intercept)"	-1.21841807324614	0.145919818643331	-8.34991493667006	8.05009152225691e-15
"log(Species)"	0.698354079588195	0.0540136454651822	12.929215822664	9.9335734099386e-29
"log(Species):Lakeweb"	-0.0585077117213838	0.0684561588189192	-0.854674184628864	0.393674130414698
"log(Species):Marine"	0.126342611942386	0.0289212534173502	4.36850402433083	1.93823533793074e-05
"log(Species):Terr"	-0.0530618310203785	0.0271087477383995	-1.95736931607566	0.0515862267214585
"log(Species):Latitude"	-0.00113257889150508	0.00091165765275279	-1.24232916609125	0.215456020033282
"log(Species):Lakeweb:Latitude"	0.00339222863006166	0.00161357012556333	2.10231249099097	0.0366789288472567
