"Estimate"	"Std. Error"	"t value"	"Pr(>|t|)"
"(Intercept)"	-0.497872930710816	0.143569754421285	-3.46781209397265	0.000632603274408745
"log(Species)"	0.688589589156459	0.0530727399222626	12.9744495981375	7.1246745280731e-29
"log(Species):Latitude"	-0.00110381220803846	0.000894864342765729	-1.23349669361832	0.218724919473247
"log(Species):Lakeweb"	-0.0653614090926521	0.0676305888012182	-0.96644743526874	0.334896184274109
"log(Species):Marine"	0.122839751913112	0.0283957756369511	4.32598684690486	2.31629852813825e-05
"log(Species):Terr"	-0.0532700554549214	0.026611778430077	-2.00174729377406	0.0465571235169692
"log(Species):Latitude:Lakeweb"	0.00347011589813862	0.00160776405137087	2.15834897862021	0.0319984049278131
