"Estimate"	"Std. Error"	"t value"	"Pr(>|t|)"
"(Intercept)"	-1.24509982141054	0.142640647237758	-8.72892717133541	7.70259821813955e-16
"log(Species)"	0.737080440526401	0.0535806357775854	13.7564705948254	3.38773063874098e-31
"log(Species):Lakeweb"	-0.0896967361152538	0.0674143126111687	-1.33052956621549	0.184773239572053
"log(Species):Marine"	0.0983097031448163	0.0285514387504269	3.44324865741999	0.000692505698509729
"log(Species):Terr"	-0.0782999105025124	0.0267238161256565	-2.92996741686677	0.00376111626179224
"log(Species):Latitude"	-0.00146973140653286	0.000898599181001748	-1.63558062104444	0.103411200116888
"log(Species):Lakeweb:Latitude"	0.00372961782291632	0.00159010303721116	2.34551958938308	0.0199241953321313
