"Estimate"	"Std. Error"	"t value"	"Pr(>|t|)"
"(Intercept)"	-1.01216472544285	0.135746354091251	-7.45629399933982	3.12279616614255e-12
"log(Species)"	0.636970125792344	0.05376010417328	11.8483796783439	1.40623889332189e-24
"log(Species):Lakeweb"	-0.0872154653251807	0.0644973170125564	-1.35223400545796	0.177916264976394
"log(Species):Terr"	-0.0595800397689457	0.0257220296816046	-2.31630398170153	0.021614202196505
"log(Species):Latitude"	-0.000825391607062602	0.000911661841024261	-0.905370357648475	0.36642190682572
"log(Species):Lakeweb:Latitude"	0.00366575495526098	0.00153393165377391	2.38977724088435	0.0178417469712834
