"Estimate"	"Std. Error"	"t value"	"Pr(>|t|)"
"(Intercept)"	-1.17285009582734	0.130141786918745	-9.01209460539853	6.56855545844876e-16
"log(Species)"	0.7142800118944	0.0537622108407973	13.2859121811332	1.78890494357394e-27
"log(Species):Lakeweb"	-0.0167258163715009	0.0838405826998712	-0.199495469054351	0.84213333120044
"log(Species):Terr"	-0.0191487417377742	0.0285767597673669	-0.670080929176617	0.503790592424763
"log(Species):Latitude"	-0.00109614106570579	0.000942611255924212	-1.16287712332805	0.246643838099091
"log(Species):Lakeweb:Latitude"	0.0016633909024212	0.00186833975395492	0.890304292300215	0.374664765848635
