"Estimate"	"Std. Error"	"t value"	"Pr(>|t|)"
"(Intercept)"	-0.333632178593355	0.134551291250996	-2.47959105774011	0.0140286065604757
"log(Species)"	0.641346586057859	0.053237043740928	12.0469984993701	3.60502383241811e-25
"log(Species):Lakeweb"	-0.086596299337386	0.0638256196320958	-1.35676394270115	0.17647451946087
"log(Species):Terr"	-0.062058673442078	0.0254573591149528	-2.43774985307203	0.0157042171697614
"log(Species):Latitude"	-0.000779599345925374	0.0009025650544555	-0.863759727985139	0.388814735065162
"log(Species):Lakeweb:Latitude"	0.00354945099543871	0.00151838986263312	2.33764139420914	0.0204524120827651
