"Estimate"	"Std. Error"	"t value"	"Pr(>|t|)"
"(Intercept)"	-1.23673885079191	0.142004388127613	-8.70915939358513	8.75858652889948e-16
"log(Species)"	0.736261879017959	0.0535062309691911	13.7603016635931	3.294222215114e-31
"log(Species):Lakeweb"	-0.0916684408392753	0.0673459835157493	-1.36115676175162	0.174909197691381
"log(Species):Marine"	0.095377760152906	0.0285108259227686	3.34531733353743	0.000971984728388612
"log(Species):Terr"	-0.0807742459256887	0.0267115345455292	-3.02394629511123	0.00280291166014566
"log(Species):Latitude"	-0.00144293357955941	0.000898267664461684	-1.60635146587864	0.109685137465315
"log(Species):Lakeweb:Latitude"	0.00370547784768005	0.00158922566294682	2.33162472396096	0.0206591575969229
