"Estimate"	"Std. Error"	"t value"	"Pr(>|t|)"
"(Intercept)"	-1.09531375538675	0.116299538107253	-9.41804046011467	7.24971552883445e-18
"log(Species)"	0.717046816747578	0.0518447418708631	13.8306565115827	1.40551556994437e-31
"log(Species):Lakeweb"	-0.0505969589973524	0.0630003923775887	-0.803121331278429	0.422787462343097
"log(Species):Stream"	-0.131580532161501	0.0765412286634199	-1.71908048066629	0.0870323568143375
"log(Species):Marine"	0.13310233042227	0.0273697516165494	4.86311795178251	2.2239927356566e-06
"log(Species):Latitude"	-0.00104052453673632	0.000967036684505534	-1.0759928277885	0.283130817277221
"log(Species):Lakeweb:Latitude"	0.00483368906919522	0.00153381750801128	3.15141080601075	0.00185528463159016
"log(Species):Stream:Latitude"	0.00499327571764577	0.00173823139823582	2.87261852634441	0.0044767597782026
