"Estimate"	"Std. Error"	"t value"	"Pr(>|t|)"
"(Intercept)"	-1.20368399772848	0.146739895346129	-8.20284078088813	2.05711944814751e-14
"log(Species)"	0.694312619580618	0.0542123946254125	12.8072671273435	2.43186680245282e-28
"log(Species):Lakeweb"	-0.0635631252368584	0.0689906814024243	-0.921329141048676	0.357901760719291
"log(Species):Marine"	0.127227860851734	0.0289556889015238	4.39388132965605	1.74158184054296e-05
"log(Species):Terr"	-0.0517517020751006	0.0271496487356262	-1.90616470139413	0.0579502085600154
"log(Species):Latitude"	-0.00116668390198104	0.000912930285526484	-1.27795508646996	0.20263061556194
"log(Species):Lakeweb:Latitude"	0.00359040472137707	0.00164024226055091	2.1889478205318	0.0296672413894039
