"Estimate"	"Std. Error"	"t value"	"Pr(>|t|)"
"(Intercept)"	-1.21081527874719	0.146331728886221	-8.27445481552847	1.30407894530344e-14
"log(Species)"	0.696260197976455	0.0540796551726469	12.8747159306707	1.48229490568498e-28
"log(Species):Lakeweb"	-0.0673996217523082	0.0690618821350466	-0.975930856047509	0.330185417442876
"log(Species):Marine"	0.127097623397742	0.0289051976419529	4.39705083397433	1.71840958241799e-05
"log(Species):Terr"	-0.0521208672937618	0.027089755820625	-1.9240065373376	0.0556619180257747
"log(Species):Latitude"	-0.00115696521556978	0.000911479319378828	-1.26932689636694	0.205684167129071
"log(Species):Lakeweb:Latitude"	0.00363065231072125	0.00163900142805967	2.21516116372113	0.0277885932333381
