"Estimate"	"Std. Error"	"t value"	"Pr(>|t|)"
"(Intercept)"	-0.85884654815905	0.141386253726024	-6.07446993979561	5.57963756322438e-09
"log(Species)"	0.659259478242842	0.0614386035760845	10.7303786197944	8.65423119978465e-22
"log(Species):Lakeweb"	-0.0873984261317865	0.0742624844958654	-1.17688529713347	0.240542568149563
"log(Species):Stream"	-0.159899947906981	0.0865207617646115	-1.84811072678723	0.0659597709534748
"log(Species):Marine"	0.118923792686047	0.0368852823024739	3.22415297545576	0.00146018668201702
"log(Species):Terr"	-0.058969399513077	0.0354500029032459	-1.66345260038548	0.0976787919832906
"log(Species):Latitude"	-0.00107073981263561	0.00106757921594837	-1.0029605266195	0.317007363203013
"log(Species):Lakeweb:Latitude"	0.00477821095961873	0.00169209146327951	2.82384910231619	0.00519098238792907
"log(Species):Stream:Latitude"	0.00510596727061314	0.00188949018361933	2.70229891368509	0.00743599576746528
