"Estimate"	"Std. Error"	"t value"	"Pr(>|t|)"
"(Intercept)"	-0.882308358323104	0.141186047805952	-6.24926026356203	2.18359838922887e-09
"log(Species)"	0.671640478957205	0.0623630390839352	10.7698484362386	6.55188157102631e-22
"log(Species):Lakeweb"	-0.0857355514971485	0.0742630307572273	-1.15448495197329	0.249582999516068
"log(Species):Stream"	-0.164715199157271	0.0867985948463131	-1.89767126356041	0.0590792460559804
"log(Species):Marine"	0.118144106944819	0.0369483213017099	3.19755005863693	0.00159496738705584
"log(Species):Terr"	-0.0590697096126008	0.0354679546132653	-1.66543885196324	0.097281644471143
"log(Species):Latitude"	-0.00122637371101036	0.00108660641243632	-1.12862734562799	0.26031284803604
"log(Species):Lakeweb:Latitude"	0.00468752891006188	0.00168201663093512	2.78685051256351	0.00579850591490444
"log(Species):Stream:Latitude"	0.00523288319136645	0.00189864392074259	2.75611615964292	0.00635149180907384
