"Estimate"	"Std. Error"	"t value"	"Pr(>|t|)"
"(Intercept)"	-1.0976319609963	0.116014804252455	-9.46113703392366	5.41851793015316e-18
"log(Species)"	0.71766546868685	0.0517368630467966	13.8714530882499	1.04040248799645e-31
"log(Species):Lakeweb"	-0.0504348512234879	0.0628816268215086	-0.802060216518392	0.423399651286738
"log(Species):Stream"	-0.132066867542824	0.0763542155595354	-1.72966045915105	0.0851194937045594
"log(Species):Marine"	0.133190244002901	0.0273180095937882	4.87554715674407	2.10149190727566e-06
"log(Species):Latitude"	-0.00103991662354756	0.000965222344619686	-1.07738556752673	0.282509822205715
"log(Species):Lakeweb:Latitude"	0.00483371585461519	0.00153094065504693	3.15735024651692	0.00181955270426862
"log(Species):Stream:Latitude"	0.00503320087069051	0.00173331318311544	2.90380349017128	0.00406939138750675
