"Estimate"	"Std. Error"	"t value"	"Pr(>|t|)"
"(Intercept)"	-0.49891996638344	0.143905063965845	-3.46700771073528	0.00063439886035622
"log(Species)"	0.686548474931843	0.0533937024261323	12.8582294116361	1.67302071124752e-28
"log(Species):Latitude"	-0.00109000509642045	0.000901084311390283	-1.20965938774217	0.227725787112423
"log(Species):Lakeweb"	-0.062957076168094	0.0679800511724802	-0.926111044082009	0.355417090283666
"log(Species):Marine"	0.124619269558814	0.0284662144785329	4.37779563744918	1.86388145756677e-05
"log(Species):Terr"	-0.0514649104569897	0.0267042918096468	-1.92721495195758	0.0552585732131358
"log(Species):Latitude:Lakeweb"	0.00345557994500281	0.00161382449305998	2.14123652222595	0.0333697997516957
