"Estimate"	"Std. Error"	"t value"	"Pr(>|t|)"
"(Intercept)"	-0.499001439737531	0.144063650730776	-3.46375672979478	0.000641704615735671
"log(Species)"	0.688553379543117	0.0532469589497655	12.9313183912102	9.781321653602e-29
"log(Species):Latitude"	-0.00112181940061143	0.000897205614323255	-1.25034817292979	0.212519007624594
"log(Species):Lakeweb"	-0.0649337175152539	0.0678047703804397	-0.957657066765704	0.339301433271779
"log(Species):Marine"	0.123997798094488	0.0284615267111062	4.35668119117805	2.03696366854883e-05
"log(Species):Terr"	-0.0522456605852206	0.0266826608321319	-1.9580378776282	0.0515071945036803
"log(Species):Latitude:Lakeweb"	0.0034873375355931	0.00161200362224714	2.16335589291775	0.0316064635300839
