"Estimate"	"Std. Error"	"t value"	"Pr(>|t|)"
"(Intercept)"	-0.83798618850206	0.125879737798012	-6.65703792493359	4.49714657895647e-10
"log(Species)"	0.689740181483818	0.0555200714294752	12.4232581789806	4.51119000027394e-25
"log(Species):Lakeweb"	-0.0240742913541686	0.0820058137074593	-0.293568105305915	0.769478142587864
"log(Species):Stream"	-0.282992207236407	0.0835572676262171	-3.38680542430297	0.000894977033735986
"log(Species):Latitude"	-0.00176561186745543	0.00106428611504352	-1.65896354607917	0.0991323139022962
"log(Species):Lakeweb:Latitude"	0.00309726750786041	0.00186347683617693	1.66209069398185	0.0985027103102211
"log(Species):Stream:Latitude"	0.00855836235272652	0.00188052438776031	4.5510509772859	1.06772713461128e-05
