"Estimate"	"Std. Error"	"t value"	"Pr(>|t|)"
"(Intercept)"	-0.877169913862898	0.140845446507624	-6.22788975868963	2.45126779883825e-09
"log(Species)"	0.66358195495806	0.0613903629737776	10.8092202556532	4.96225217942914e-22
"log(Species):Lakeweb"	-0.0793864262330904	0.0738971285830909	-1.07428296275176	0.283900053005657
"log(Species):Stream"	-0.158356813996876	0.0864031534933558	-1.83276660161545	0.0682202596721378
"log(Species):Marine"	0.120006883434747	0.0368949313434011	3.2526658558537	0.00132751622913926
"log(Species):Terr"	-0.0585847759482384	0.0354660313440903	-1.65185597959497	0.100023629805367
"log(Species):Latitude"	-0.00106301230075895	0.00106807975992984	-0.995255542365843	0.320730787979959
"log(Species):Lakeweb:Latitude"	0.00452566150818509	0.00167052968738401	2.70911767828091	0.00728990022804552
"log(Species):Stream:Latitude"	0.00510780533274827	0.00188861196484664	2.7045287374122	0.00738793222692133
