"Estimate"	"Std. Error"	"t value"	"Pr(>|t|)"
"(Intercept)"	-0.326224787793252	0.135450580365551	-2.40844141762142	0.0169813431577567
"log(Species)"	0.639158664036029	0.0535928596790894	11.9261906877757	8.25311334780657e-25
"log(Species):Lakeweb"	-0.0870104592000506	0.0642522055416862	-1.35420190585674	0.177288858206359
"log(Species):Terr"	-0.0609698026519716	0.0256275063184804	-2.37907668012183	0.0183522071974157
"log(Species):Latitude"	-0.000803715142206135	0.000908597452369359	-0.884566801403942	0.377514235708291
"log(Species):Lakeweb:Latitude"	0.00358019349572791	0.00152853819686627	2.34223358177627	0.0202096762356222
