"Estimate"	"Std. Error"	"t value"	"Pr(>|t|)"
"(Intercept)"	-0.324980227916949	0.135022586323764	-2.4068582654586	0.017052873752789
"log(Species)"	0.639020867600675	0.0534548607584848	11.9544014993855	6.80235472353717e-25
"log(Species):Lakeweb"	-0.0873098540504938	0.0641199837553098	-1.36166369573142	0.17492497309564
"log(Species):Terr"	-0.0613329171618214	0.0255727881781346	-2.39836644853073	0.0174411207833864
"log(Species):Latitude"	-0.000799359615143531	0.000906637556428926	-0.881674942180928	0.379072507812555
"log(Species):Lakeweb:Latitude"	0.00357695136070085	0.00152528800702633	2.34509898735414	0.0200595023105515
