"Estimate"	"Std. Error"	"t value"	"Pr(>|t|)"
"(Intercept)"	-1.02077391523621	0.13509357217718	-7.55605095627666	1.7368826490259e-12
"log(Species)"	0.640107996929707	0.0534741810072408	11.9704123536372	6.09534214092666e-25
"log(Species):Lakeweb"	-0.087329084414013	0.0641303094321372	-1.36174431695866	0.174899562509864
"log(Species):Terr"	-0.0616445466398761	0.0255779996744455	-2.4100612801815	0.0169084287253731
"log(Species):Latitude"	-0.000791939969226079	0.000906805817330541	-0.873329167161053	0.38359193378412
"log(Species):Lakeweb:Latitude"	0.00362460147556776	0.0015255677388326	2.37590333310364	0.018506045848532
