"Estimate"	"Std. Error"	"t value"	"Pr(>|t|)"
"(Intercept)"	-1.02274549107354	0.135493115377761	-7.54832072627514	1.81791813912411e-12
"log(Species)"	0.640041117542472	0.0535890192189248	11.9435124372727	7.32941507801294e-25
"log(Species):Lakeweb"	-0.0696666343068653	0.0658422779469669	-1.05808359733512	0.291367784767769
"log(Species):Terr"	-0.0599620806108335	0.0256045237859922	-2.3418549437595	0.0202295941707336
"log(Species):Latitude"	-0.000820693866278663	0.00090831192831412	-0.90353747506313	0.367390878901786
"log(Species):Lakeweb:Latitude"	0.00330071116799453	0.0015559156399169	2.12139468446427	0.0351918015303229
