"Estimate"	"Std. Error"	"t value"	"Pr(>|t|)"
"(Intercept)"	-0.833780792249292	0.127261313932938	-6.55172233007641	7.83664472394879e-10
"log(Species)"	0.688671865702771	0.0561047743387738	12.2747462015337	1.14717000073487e-24
"log(Species):Lakeweb"	-0.0244727500500114	0.0828525205887027	-0.2953772543807	0.768098478999534
"log(Species):Stream"	-0.282211311799113	0.0844232673127051	-3.34281437786337	0.00103829703625035
"log(Species):Latitude"	-0.00176896762218717	0.00107526616580194	-1.64514394523691	0.101953605699376
"log(Species):Lakeweb:Latitude"	0.00310324902098321	0.00188270239677309	1.64829503924896	0.10130469063491
"log(Species):Stream:Latitude"	0.0084595973658269	0.00189926078473125	4.45415260181026	1.59835092897498e-05
