"Estimate"	"Std. Error"	"t value"	"Pr(>|t|)"
"(Intercept)"	-1.0970719954122	0.116125170892137	-9.44732297902256	5.94886594664388e-18
"log(Species)"	0.717516032505218	0.0517851208636727	13.8556407813379	1.16905794665071e-31
"log(Species):Lakeweb"	-0.0504740085673859	0.0629396591095684	-0.80194283352438	0.423467405134999
"log(Species):Stream"	-0.131925048567476	0.0764246666744671	-1.72621032329018	0.0857394819442802
"log(Species):Marine"	0.133169008363006	0.0273432282192509	4.87027381314283	2.15264682261233e-06
"log(Species):Latitude"	-0.00104006346577002	0.000966112693603846	-1.07654466467087	0.282884652832052
"log(Species):Lakeweb:Latitude"	0.00483370938456211	0.00153235279500466	3.15443636760386	0.00183700239099118
"log(Species):Stream:Latitude"	0.00502172166194206	0.00173491609790983	2.89450404431203	0.00418717598829115
