"Estimate"	"Std. Error"	"t value"	"Pr(>|t|)"
"(Intercept)"	-0.8680073490084	0.140919247451383	-6.15960817778185	3.54073627711483e-09
"log(Species)"	0.661420508536297	0.0613967964961844	10.7728830538805	6.41310540757434e-22
"log(Species):Lakeweb"	-0.0802730767390516	0.0738935275001315	-1.08633434422127	0.278547550917403
"log(Species):Stream"	-0.157584136298135	0.0863972624127441	-1.8239482582829	0.0695481461129625
"log(Species):Marine"	0.119465285925388	0.0368935032105605	3.23811174134292	0.00139377016418673
"log(Species):Terr"	-0.0587771062446675	0.035463733705371	-1.65738629589827	0.0988998216152879
"log(Species):Latitude"	-0.00106687642866417	0.00106800812254129	-0.99894036959717	0.318946523306184
"log(Species):Lakeweb:Latitude"	0.00453218966189262	0.00167041815388822	2.71320666106453	0.00720354056198488
"log(Species):Stream:Latitude"	0.00502986471908367	0.00188852902071841	2.66337697959774	0.00832170113395405
