"Estimate"	"Std. Error"	"t value"	"Pr(>|t|)"
"(Intercept)"	-0.515381401649453	0.144367102891588	-3.56993658061059	0.000439600841624759
"log(Species)"	0.692510527142439	0.053301954429625	12.9922164121912	6.25252458737787e-29
"log(Species):Latitude"	-0.00112085774209549	0.000897252244826279	-1.24921141023448	0.212933573884803
"log(Species):Lakeweb"	-0.0596003743000983	0.0674010737876344	-0.884264462727785	0.377532149434587
"log(Species):Marine"	0.12512669984211	0.0284598490688945	4.39660447738874	1.72165490746488e-05
"log(Species):Terr"	-0.0529143586002061	0.0267943655403011	-1.9748315563068	0.0495551980327045
"log(Species):Latitude:Lakeweb"	0.00333264838406415	0.0015883748973405	2.09814974389496	0.0370489494924298
