"Estimate"	"Std. Error"	"t value"	"Pr(>|t|)"
"(Intercept)"	-0.495881865836241	0.143946264412832	-3.44490958385742	0.000685635026968176
"log(Species)"	0.686209982315927	0.0533496676078239	12.8624978014913	1.62140869332732e-28
"log(Species):Latitude"	-0.00108951628953993	0.000899174356436764	-1.21168523294798	0.226950655145672
"log(Species):Lakeweb"	-0.063672506508098	0.0678156890593626	-0.938905250263875	0.348823278121055
"log(Species):Marine"	0.123985941822408	0.0284299973253209	4.36109579623427	1.9995476162998e-05
"log(Species):Terr"	-0.0501019305049225	0.0269485670976009	-1.85916862753652	0.0643569531093763
"log(Species):Latitude:Lakeweb"	0.00345720595987279	0.00161229742765348	2.14427307305475	0.0331228173510247
