"Estimate"	"Std. Error"	"t value"	"Pr(>|t|)"
"(Intercept)"	-0.322840692437613	0.135204793432164	-2.38779028644121	0.0179355738832604
"log(Species)"	0.636765647095274	0.0535246043682775	11.8966904026789	1.01015222473215e-24
"log(Species):Lakeweb"	-0.0858062135092468	0.0642428407239272	-1.33565409845409	0.183268564580841
"log(Species):Terr"	-0.0591131181716429	0.0256135724300564	-2.30788260142409	0.0220884340429277
"log(Species):Latitude"	-0.000813822646236282	0.000907888212067711	-0.8963908060694	0.371184387349338
"log(Species):Lakeweb:Latitude"	0.00359332843531038	0.00152753937878139	2.35236386388742	0.0196831465042938
