"Estimate"	"Std. Error"	"t value"	"Pr(>|t|)"
"(Intercept)"	-0.621277765521668	0.136018635262263	-4.56759299432579	8.90827262311092e-06
"log(Species)"	0.55088313165046	0.0561767275273525	9.80625173266341	1.35131000765218e-18
"log(Species):Lakeweb"	-0.0654793647499086	0.0648872730126167	-1.00912492866169	0.314211753578278
"log(Species):Stream"	-0.191929906644336	0.08949167806091	-2.14466764735045	0.0332630542103521
"log(Species):Latitude"	-0.000648700384187557	0.00103405871802433	-0.627334186038258	0.531201363110682
"log(Species):Lakeweb:Latitude"	0.00463629101261666	0.00158870236972294	2.91828796946102	0.003949035552834
"log(Species):Stream:Latitude"	0.00664765060160436	0.00201276710791304	3.30274206860278	0.00114605418513982
