"Estimate"	"Std. Error"	"t value"	"Pr(>|t|)"
"(Intercept)"	-0.485108885391587	0.130416623421003	-3.71968597765016	0.000277253282243079
"log(Species)"	0.719642247769717	0.0535902037376447	13.4286156345437	7.29432567123399e-28
"log(Species):Lakeweb"	-0.0214085186213051	0.0837621166848769	-0.255587125404753	0.798604202616059
"log(Species):Terr"	-0.0251631353323296	0.0280416246525032	-0.897349409820424	0.370906481530021
"log(Species):Latitude"	-0.00119319100207162	0.000938227338955426	-1.27175040902139	0.205342447295837
"log(Species):Lakeweb:Latitude"	0.00172633000668333	0.00186635585094968	0.924973662340387	0.356399147058604
