"Estimate"	"Std. Error"	"t value"	"Pr(>|t|)"
"(Intercept)"	-0.888964501099866	0.14077639891467	-6.31472681467509	1.52983202135401e-09
"log(Species)"	0.666364294705101	0.0612492874994106	10.8795436144708	3.01863425563715e-22
"log(Species):Lakeweb"	-0.0782450780508585	0.0736783388459143	-1.06198211409862	0.28943522967826
"log(Species):Stream"	-0.163936561084932	0.0862437566857179	-1.90085134721503	0.0586590351819063
"log(Species):Marine"	0.120704059299028	0.0367872919262186	3.28113467936467	0.00120629818854246
"log(Species):Terr"	-0.0583371971866611	0.0353585675124459	-1.64987445167644	0.100428780006359
"log(Species):Latitude"	-0.00105803817021835	0.00106483287781591	-0.99361899154401	0.321525339969555
"log(Species):Lakeweb:Latitude"	0.00451725808844155	0.00166545360902443	2.71232897990333	0.00722199894418137
"log(Species):Stream:Latitude"	0.00517163913637449	0.00188366464522479	2.74552009535504	0.00655294888177572
