"Estimate"	"Std. Error"	"t value"	"Pr(>|t|)"
"(Intercept)"	-1.09674136909922	0.115758011094243	-9.47443169359851	4.95255884595863e-18
"log(Species)"	0.71742779934382	0.0516288608182697	13.8958673109043	8.68992490042075e-32
"log(Species):Lakeweb"	-0.0504971286458456	0.0627545713713227	-0.804676496745567	0.421891184548208
"log(Species):Stream"	-0.132449444384718	0.0762011985631482	-1.73815434510464	0.0836086921148947
"log(Species):Marine"	0.13315646998293	0.0272627624028853	4.88418847713092	2.02019707402051e-06
"log(Species):Latitude"	-0.00104015016735309	0.000963275028174941	-1.07980601274778	0.281432807068258
"log(Species):Lakeweb:Latitude"	0.00483370556438128	0.00152785231151614	3.16372566114367	0.00178190731039492
"log(Species):Stream:Latitude"	0.00505353316070515	0.00172986878800145	2.92133900314116	0.00385549329983951
