"Estimate"	"Std. Error"	"t value"	"Pr(>|t|)"
"(Intercept)"	-1.23321958750873	0.143620483496582	-8.58665531186625	1.93614952593762e-15
"log(Species)"	0.73481821936166	0.0538467451034989	13.6464742288371	7.5658257958765e-31
"log(Species):Lakeweb"	-0.0913119935447864	0.067608509116413	-1.35059912928355	0.17826377360278
"log(Species):Marine"	0.0967697822695899	0.0285947484370517	3.38418022745045	0.000850399439596938
"log(Species):Terr"	-0.0793698508961283	0.0267691503798333	-2.9649745983691	0.0033737093769165
"log(Species):Latitude"	-0.0014673027050618	0.000900800120168868	-1.6288882208261	0.104821732018848
"log(Species):Lakeweb:Latitude"	0.00372431434127984	0.00159651495367962	2.33277761207065	0.0205972830155381
