"Estimate"	"Std. Error"	"t value"	"Pr(>|t|)"
"(Intercept)"	-1.48812085289599	0.121260588425372	-12.2720899858723	1.14934731125599e-26
"log(Species)"	0.771675617938888	0.0485365944692658	15.8988414077449	2.63542778761104e-38
"log(Species):Lakeweb"	-0.0422828376607105	0.0615666765869085	-0.68678122654588	0.49295049129348
"log(Species):Marine"	0.125081058942772	0.025306822031994	4.94258262790322	1.53619027166186e-06
"log(Species):Latitude"	-0.000811825574912776	0.000829033688878673	-0.9792431668378	0.328545300713283
"log(Species):Lakeweb:Latitude"	0.00400876653879138	0.00149670949893277	2.67838651498493	0.0079614680547286
