"Estimate"	"Std. Error"	"t value"	"Pr(>|t|)"
"(Intercept)"	-1.21234553793371	0.146316994250892	-8.28574660203094	1.21342645816628e-14
"log(Species)"	0.695344298088413	0.0540492354750662	12.8650163499387	1.59170433689973e-28
"log(Species):Lakeweb"	-0.0615900986948741	0.0689025514271954	-0.893872540553917	0.372380388059106
"log(Species):Marine"	0.12818995018119	0.0289270271498465	4.43149410124816	1.48493414184639e-05
"log(Species):Terr"	-0.0510552776482382	0.0271068807471946	-1.88348036516604	0.0609727373794112
"log(Species):Latitude"	-0.00114987668769915	0.000911175727161343	-1.26197028018015	0.208314181195868
"log(Species):Lakeweb:Latitude"	0.00356756820907353	0.00163730098523807	2.17893242674303	0.0304135305769503
