"Estimate"	"Std. Error"	"t value"	"Pr(>|t|)"
"(Intercept)"	-0.319939582890621	0.135271102876497	-2.36517316771437	0.0190346851308307
"log(Species)"	0.642101238729315	0.05394476143256	11.9029396307934	9.67824282857453e-25
"log(Species):Lakeweb"	-0.0921609122487282	0.0646006215629739	-1.42662578190348	0.155337617674202
"log(Species):Terr"	-0.0600583835447698	0.0256094717796834	-2.34516291712098	0.0200561630206988
"log(Species):Latitude"	-0.000951424519534763	0.000925108885677401	-1.02844598540213	0.305054462153688
"log(Species):Lakeweb:Latitude"	0.00373352566165324	0.00153856150308013	2.42663400467183	0.0161782104629384
