"Estimate"	"Std. Error"	"t value"	"Pr(>|t|)"
"(Intercept)"	-1.09118823054124	0.115923956611973	-9.41296572712507	7.50230335609293e-18
"log(Species)"	0.714694899156424	0.0517205831717783	13.8183843902673	1.53860921439688e-31
"log(Species):Lakeweb"	-0.0496344969323401	0.0628211810859934	-0.790091750494112	0.430340715221107
"log(Species):Stream"	-0.130294138351439	0.0762804076552993	-1.70809441580622	0.0890554673607441
"log(Species):Marine"	0.130377172867348	0.0273963302991823	4.75892834710198	3.56104583235164e-06
"log(Species):Latitude"	-0.0009516239273312	0.00096743462885139	-0.983657085400219	0.32638466548111
"log(Species):Lakeweb:Latitude"	0.00474365893751261	0.00153142211055089	3.09755155344217	0.00221022918793308
"log(Species):Stream:Latitude"	0.00490369867834618	0.00173271899560818	2.83005997555016	0.00509278574546666
