"Estimate"	"Std. Error"	"t value"	"Pr(>|t|)"
"(Intercept)"	-0.630695096544712	0.136149938705886	-4.63235681587162	6.73716204025536e-06
"log(Species)"	0.55333865179965	0.0562977378747348	9.82879015549177	1.16570255885006e-18
"log(Species):Lakeweb"	-0.064628105976557	0.0650734840390054	-0.99315576737552	0.321910596278275
"log(Species):Stream"	-0.191823160260156	0.0897548354880081	-2.13719026074963	0.0338747192783959
"log(Species):Latitude"	-0.000642639603462626	0.00103708541968023	-0.619659279040655	0.536232406083589
"log(Species):Lakeweb:Latitude"	0.00460885563572618	0.00159602844844325	2.88770268488737	0.00433568495433305
"log(Species):Stream:Latitude"	0.0066850369659983	0.00201837792354857	3.31208387091608	0.00111051603615687
