"Estimate"	"Std. Error"	"t value"	"Pr(>|t|)"
"(Intercept)"	-0.492534653395321	0.130085882302637	-3.78622679630575	0.000217325202146288
"log(Species)"	0.72196162263519	0.053451052651307	13.506967343468	4.45872844126392e-28
"log(Species):Lakeweb"	-0.0211379052134934	0.0836050398605707	-0.252830514150168	0.800729917046011
"log(Species):Terr"	-0.026217874105973	0.0279846471256015	-0.936866346332729	0.350266219844306
"log(Species):Latitude"	-0.00117412870576274	0.000936611683242212	-1.25359177850347	0.211853948172035
"log(Species):Lakeweb:Latitude"	0.00170263122156963	0.00186292961394365	0.913953596972092	0.362142685531372
