"Estimate"	"Std. Error"	"t value"	"Pr(>|t|)"
"(Intercept)"	-0.628411794740465	0.136025203727026	-4.61981880947267	7.11310711300727e-06
"log(Species)"	0.552743292714014	0.056239348188353	9.82840858793036	1.16862305261005e-18
"log(Species):Lakeweb"	-0.064833470888774	0.0650012825548337	-0.997418333001074	0.319843541811707
"log(Species):Stream"	-0.194061381323635	0.0897182492298546	-2.16300900864056	0.0318028961515154
"log(Species):Latitude"	-0.000644109084733971	0.00103592843972854	-0.621769863662353	0.534846472574219
"log(Species):Lakeweb:Latitude"	0.00462531756035159	0.00159154633101615	2.9061783940644	0.00409818185008557
"log(Species):Stream:Latitude"	0.00675970254096287	0.00201925321692944	3.34762499536435	0.000984486173722808
