"Estimate"	"Std. Error"	"t value"	"Pr(>|t|)"
"(Intercept)"	-0.634783800141013	0.135488881817495	-4.68513572202976	5.35431650431236e-06
"log(Species)"	0.554404760025029	0.0560176547065195	9.8969648574114	7.45117124285727e-19
"log(Species):Lakeweb"	-0.0642565684056045	0.0647450829924782	-0.992454800205748	0.322251357359207
"log(Species):Stream"	-0.192383381446126	0.0893021283600965	-2.15429783118237	0.0324893397948772
"log(Species):Latitude"	-0.000640008206532246	0.00103184541746326	-0.620255898510139	0.535840446131067
"log(Species):Lakeweb:Latitude"	0.00461551624121606	0.00158527336618322	2.91149548063663	0.00403207110360995
"log(Species):Stream:Latitude"	0.00674919579253258	0.00200870611055672	3.35997175348962	0.000943922702588275
