"Estimate"	"Std. Error"	"t value"	"Pr(>|t|)"
"(Intercept)"	-0.491864593151195	0.129207239137406	-3.80678819882622	0.000201442990270777
"log(Species)"	0.721735397736326	0.0531304599097976	13.5842113725658	2.74512919942663e-28
"log(Species):Lakeweb"	-0.0211453865351588	0.0831873657940106	-0.254189880077694	0.799681477592385
"log(Species):Terr"	-0.0268504685276018	0.0278381441033932	-0.964520782271867	0.336268194205018
"log(Species):Latitude"	-0.00115574333884172	0.000931975117236311	-1.24010106865189	0.216788221873446
"log(Species):Lakeweb:Latitude"	0.00168466422576105	0.00185361254011609	0.908854568741507	0.364819945383649
