"Estimate"	"Std. Error"	"t value"	"Pr(>|t|)"
"(Intercept)"	-1.20715043597934	0.147322526493467	-8.1939297723955	2.17686452763708e-14
"log(Species)"	0.695382243630217	0.0542848637992702	12.809873599417	2.38579883509343e-28
"log(Species):Lakeweb"	-0.0634299026564647	0.0690272787262302	-0.918910665854795	0.359162578021735
"log(Species):Marine"	0.126879185138043	0.0289659295526034	4.38029046876003	1.84438786533397e-05
"log(Species):Terr"	-0.052197856074729	0.027135766210375	-1.92358143381895	0.0557155446179057
"log(Species):Latitude"	-0.00115815399502014	0.000912979682442278	-1.26854301064182	0.205963246933274
"log(Species):Lakeweb:Latitude"	0.00357952934164996	0.00164199156974889	2.17999252103187	0.0303337774578879
