"Estimate"	"Std. Error"	"t value"	"Pr(>|t|)"
"(Intercept)"	-0.856457621489132	0.141478487437993	-6.05362438486982	6.23289349556248e-09
"log(Species)"	0.658975950478747	0.0617122796426124	10.6781981527016	1.24973385298434e-21
"log(Species):Lakeweb"	-0.0879436216499916	0.074308399226681	-1.1834950364321	0.237919921955625
"log(Species):Stream"	-0.158472597534925	0.0864480123720568	-1.83315490069207	0.068162274546078
"log(Species):Marine"	0.118791536390697	0.0368966241208002	3.21957737926839	0.00148258899441573
"log(Species):Terr"	-0.0592863913223479	0.0355989500536277	-1.66539718820461	0.0972899616989233
"log(Species):Latitude"	-0.00107851747967685	0.0010709312404647	-1.00708377804803	0.31502658010555
"log(Species):Lakeweb:Latitude"	0.00478765155848312	0.00169405895353622	2.82614223577595	0.00515530656692177
"log(Species):Stream:Latitude"	0.00508193503922562	0.00188936022832028	2.68976501307201	0.00771145546303912
