"Estimate"	"Std. Error"	"t value"	"Pr(>|t|)"
"(Intercept)"	-0.496308907656693	0.144110149274481	-3.44395526724071	0.000687932624010056
"log(Species)"	0.687622714889888	0.053264603147507	12.9095623407845	1.14762780237253e-28
"log(Species):Latitude"	-0.00112846192092562	0.000896996049239163	-1.25804558658066	0.20972727319901
"log(Species):Lakeweb"	-0.0649370974485889	0.0677951794319985	-0.957842401076961	0.339208169370448
"log(Species):Marine"	0.124369195574095	0.0284560594985978	4.37056984577304	1.92146217014255e-05
"log(Species):Terr"	-0.0517986307494191	0.0266804309295048	-1.94144655632744	0.0534989059256762
"log(Species):Latitude:Lakeweb"	0.00349585432745295	0.00161173236151381	2.16900424098297	0.0311692937394418
