"Estimate"	"Std. Error"	"t value"	"Pr(>|t|)"
"(Intercept)"	-1.22944583376089	0.14003691882688	-8.77944076505127	5.54371668147546e-16
"log(Species)"	0.735142335423125	0.0527671205947948	13.9318258630857	9.40503787908358e-32
"log(Species):Lakeweb"	-0.092982760498202	0.0664465178417632	-1.39936242738307	0.163165792940137
"log(Species):Marine"	0.0933339529144933	0.028134711411697	3.31739506934092	0.00106914805517037
"log(Species):Terr"	-0.0824316556681168	0.0263518640215351	-3.12811479297072	0.00200653521325609
"log(Species):Latitude"	-0.00142208227657006	0.000886150948986352	-1.60478559346661	0.110029616471116
"log(Species):Lakeweb:Latitude"	0.00368694490686053	0.00156787647920596	2.35155317128538	0.0196122764547333
