"Estimate"	"Std. Error"	"t value"	"Pr(>|t|)"
"(Intercept)"	-1.242413438124	0.141332476570666	-8.79071440811269	5.15077901260107e-16
"log(Species)"	0.737823671323054	0.0532421238508115	13.8578932987439	1.61452404687486e-31
"log(Species):Latitude"	-0.00142078830781103	0.000893806202861874	-1.58959325104459	0.113416672959163
"log(Species):Lakeweb"	-0.0913364805959982	0.0670044335160594	-1.36314085207671	0.174284105028272
"log(Species):Marine"	0.0946337784797834	0.0283648613164195	3.33630323180896	0.00100241330668917
"log(Species):Terr"	-0.0816248809480545	0.0265759919626734	-3.07137664184647	0.00240980986809519
"log(Species):Latitude:Lakeweb"	0.00368152869304698	0.00158122945395812	2.32826974214995	0.0208401462480211
