"Estimate"	"Std. Error"	"t value"	"Pr(>|t|)"
"(Intercept)"	-0.495634386431557	0.129168866979808	-3.83710407949182	0.000180020740596539
"log(Species)"	0.722925815122922	0.0530998022689135	13.6144728272585	2.27021880989087e-28
"log(Species):Lakeweb"	-0.0210209607454079	0.0831075237235586	-0.252936915980437	0.800647839303156
"log(Species):Terr"	-0.0270794532317881	0.0278144823025973	-0.973573871955883	0.331765784392361
"log(Species):Latitude"	-0.00115468982758079	0.000931055893595519	-1.24019388688004	0.216753990438849
"log(Species):Lakeweb:Latitude"	0.00168125693717607	0.00185183637301924	0.907886334706206	0.365329726330227
