"Estimate"	"Std. Error"	"t value"	"Pr(>|t|)"
"(Intercept)"	-0.635442030715337	0.13543413529514	-4.69188974648506	5.19849729938446e-06
"log(Species)"	0.554576390228333	0.0559930865158958	9.90437257054753	7.09710812710688e-19
"log(Species):Lakeweb"	-0.0641969741603144	0.0647153446166577	-0.991989991563611	0.322477445495171
"log(Species):Stream"	-0.192492167486331	0.0892612091701213	-2.15650414414019	0.0323142827315107
"log(Species):Latitude"	-0.000639584584258836	0.00103136977525686	-0.620131207645242	0.535922352026807
"log(Species):Lakeweb:Latitude"	0.00461450376123241	0.00158454353568838	2.91219752395614	0.0040234154583005
"log(Species):Stream:Latitude"	0.00675393551973322	0.00200781023947328	3.36383159471535	0.000931565480884228
