"Estimate"	"Std. Error"	"t value"	"Pr(>|t|)"
"(Intercept)"	-0.630128504247872	0.136096998719954	-4.62999559266171	6.80646567574677e-06
"log(Species)"	0.553190915801216	0.0562771719005697	9.82975684667651	1.15833604089214e-18
"log(Species):Lakeweb"	-0.0646780450980766	0.0650506509045522	-0.994272066439085	0.321368419531593
"log(Species):Stream"	-0.180403332382721	0.0943780588726303	-1.91149653359779	0.05746179198592
"log(Species):Latitude"	-0.000643004249418382	0.00103672238310573	-0.620227999218194	0.535858771833492
"log(Species):Lakeweb:Latitude"	0.0046226769446133	0.00159276222569561	2.90230196951992	0.00414700327576954
"log(Species):Stream:Latitude"	0.0064137283740992	0.00213431668064866	3.00505001542225	0.00301756875979115
