"Estimate"	"Std. Error"	"t value"	"Pr(>|t|)"
"(Intercept)"	-1.25386593085094	0.142799208413377	-8.78062241928707	5.50117310978531e-16
"log(Species)"	0.737597177269971	0.0534847492309901	13.7907943455888	2.63629567982959e-31
"log(Species):Lakeweb"	-0.0872880016094499	0.067358073499978	-1.29588031655149	0.196425798429311
"log(Species):Marine"	0.0989286504228021	0.0285116099780968	3.4697672456519	0.000630943681408724
"log(Species):Terr"	-0.0778306517518636	0.0266853146442011	-2.9166098578784	0.00391937374501217
"log(Species):Latitude"	-0.00143254082623355	0.000897535846278174	-1.59608201964733	0.111960048790443
"log(Species):Lakeweb:Latitude"	0.00368964060213383	0.00158784339856926	2.32368041171969	0.0210899768046041
