"Estimate"	"Std. Error"	"t value"	"Pr(>|t|)"
"(Intercept)"	-1.20897299687387	0.14628945771011	-8.26425236512665	1.3917382576789e-14
"log(Species)"	0.700875626874709	0.0544729742933339	12.8664835354966	1.57465117160411e-28
"log(Species):Lakeweb"	-0.0682913684977751	0.0691509278040463	-0.987569808047884	0.324463247105219
"log(Species):Marine"	0.127855675528621	0.028928950821875	4.41964440106624	1.56159262592039e-05
"log(Species):Terr"	-0.051972354448743	0.0270920154714737	-1.91836426874431	0.0563772244762529
"log(Species):Latitude"	-0.00129636799507084	0.000926537270318027	-1.39915364076598	0.163194664956797
"log(Species):Lakeweb:Latitude"	0.00371640714223211	0.00164619285837542	2.25757700461642	0.0249673282417358
