"Estimate"	"Std. Error"	"t value"	"Pr(>|t|)"
"(Intercept)"	-1.0131203538206	0.136020878591897	-7.44827091479283	3.27309785389238e-12
"log(Species)"	0.637422983424012	0.0537683882836904	11.8549765721239	1.34414163126499e-24
"log(Species):Lakeweb"	-0.0873326280600706	0.0645913491973184	-1.35207932866181	0.177965649623522
"log(Species):Terr"	-0.059922134089486	0.0257335100706067	-2.3285643476181	0.0209397608795679
"log(Species):Latitude"	-0.000821455635564784	0.000912731533725205	-0.8999969927763	0.369267142255625
"log(Species):Lakeweb:Latitude"	0.00366096407188227	0.0015351343866802	2.38478409684984	0.0180783588481998
