"Estimate"	"Std. Error"	"t value"	"Pr(>|t|)"
"(Intercept)"	-0.88902055728121	0.138683443968887	-6.41043034293737	9.41275653731060e-10
"log(Species)"	0.69985791466621	0.0603260353179679	11.6012582457538	2.27861703353709e-24
"log(Species):Lakeweb"	-0.107446572683914	0.0724392782139243	-1.48326398789628	0.139503517178219
"log(Species):Stream"	-0.169233569972622	0.0863802430570992	-1.95916987476819	0.051416376292738
"log(Species):Marine"	0.0828742890387735	0.0351751013127952	2.3560497609321	0.0193913724686178
"log(Species):Terr"	-0.0947778176954857	0.0334399152597845	-2.83427206555955	0.00504126942169325
"log(Species):Latitude"	-0.00113187278511839	0.00106065808587945	-1.06714199437786	0.287132979927576
"log(Species):Lakeweb:Latitude"	0.00449105835633224	0.00166286627816552	2.70079345242769	0.00748195721843139
"log(Species):Stream:Latitude"	0.00495195136094759	0.00189953507758721	2.60692809486707	0.00979085211978023
