"Estimate"	"Std. Error"	"t value"	"Pr(>|t|)"
"(Intercept)"	-0.634783800141017	0.135488881817495	-4.68513572202978	5.35431650431174e-06
"log(Species)"	0.55440476002503	0.0560176547065196	9.8969648574114	7.45117124285764e-19
"log(Species):Lakeweb"	-0.0642565684056037	0.0647450829924781	-0.992454800205737	0.322251357359213
"log(Species):Stream"	-0.192383381446125	0.0893021283600964	-2.15429783118237	0.0324893397948777
"log(Species):Latitude"	-0.000640008206532241	0.00103184541746326	-0.620255898510135	0.53584044613107
"log(Species):Lakeweb:Latitude"	0.00461551624121604	0.00158527336618322	2.91149548063662	0.00403207110361004
"log(Species):Stream:Latitude"	0.00674919579253257	0.00200870611055672	3.35997175348961	0.000943922702588298
