"Estimate"	"Std. Error"	"t value"	"Pr(>|t|)"
"(Intercept)"	-1.09437870680061	0.116484592446888	-9.39505117210761	8.46594284161194e-18
"log(Species)"	0.716684847448459	0.0519214921063174	13.8032405921797	1.72033492023964e-31
"log(Species):Lakeweb"	-0.0505499092475941	0.0629986402675417	-0.802396830041403	0.423205392291904
"log(Species):Stream"	-0.131447748637127	0.0764995370270335	-1.71828162294206	0.0871781979870952
"log(Species):Marine"	0.132835994552888	0.0274610069297823	4.83725869530383	2.50137301622362e-06
"log(Species):Latitude"	-0.00103268208933125	0.000969258730182323	-1.06543491141627	0.287868664616704
"log(Species):Lakeweb:Latitude"	0.00482559061600952	0.00153528722743439	3.14311910486843	0.00190625427657835
"log(Species):Stream:Latitude"	0.00498487658253227	0.00173720017865239	2.86948887283631	0.00451963214099142
