"Estimate"	"Std. Error"	"t value"	"Pr(>|t|)"
"(Intercept)"	-1.23556287250522	0.142016425907358	-8.70014059719555	9.28692108228101e-16
"log(Species)"	0.727274859349103	0.0538899903984914	13.4955462780981	2.27719259901972e-30
"log(Species):Lakeweb"	-0.0830738747087884	0.0678016256656501	-1.22524900978703	0.221840925321763
"log(Species):Marine"	0.0982752122907348	0.0285322847313282	3.44435130996815	0.000689837680483901
"log(Species):Terr"	-0.0771559106185039	0.0267692119118317	-2.88226305924239	0.00435466993430061
"log(Species):Latitude"	-0.00130931556609554	0.000909713909815697	-1.43926079613403	0.151551501763262
"log(Species):Lakeweb:Latitude"	0.00357223366353275	0.0015960849142761	2.23812256577397	0.0262528314136097
