"Estimate"	"Std. Error"	"t value"	"Pr(>|t|)"
"(Intercept)"	-1.19485905069439	0.128690468946636	-9.28475170286205	1.11650332430559e-16
"log(Species)"	0.670968470639227	0.0362180678182414	18.525794197704	1.17775620079147e-41
"log(Species):Lakeweb"	0.0575315750752006	0.0248507637044446	2.31508277811643	0.0218788513570404
