"Estimate"	"Std. Error"	"t value"	"Pr(>|t|)"
"(Intercept)"	-0.855952882821604	0.141057432441596	-6.06811614252234	5.7712997218642e-09
"log(Species)"	0.656322492962484	0.0622916759871694	10.5362792469683	3.38615679857497e-21
"log(Species):Lakeweb"	-0.0854652589537272	0.0750865377346297	-1.13822346231728	0.25629393438578
"log(Species):Stream"	-0.15594452889346	0.0870592606253633	-1.79124573047463	0.0746604117139658
"log(Species):Marine"	0.120020220099868	0.0374070839038916	3.20848907678104	0.00153820722740726
"log(Species):Terr"	-0.0576492897969034	0.0360832390547625	-1.59767502328188	0.111583957629631
"log(Species):Latitude"	-0.0010488385839002	0.00107362468071333	-0.97691362982019	0.329709826719154
"log(Species):Lakeweb:Latitude"	0.00475832401128623	0.00169610240730926	2.80544617517226	0.00548552518772991
"log(Species):Stream:Latitude"	0.00505219577333269	0.00189071031457708	2.67211520156264	0.00811496653159649
