"Estimate"	"Std. Error"	"t value"	"Pr(>|t|)"
"(Intercept)"	-1.21838330923011	0.145890822170274	-8.35133623284474	7.97711579502094e-15
"log(Species)"	0.69844908984422	0.054003218879704	12.9334714547306	9.62782848335042e-29
"log(Species):Lakeweb"	-0.0586142868713136	0.0684429859676737	-0.856395816789726	0.392723574781517
"log(Species):Marine"	0.126290050902002	0.0289155843103493	4.36754275986742	1.94608798291897e-05
"log(Species):Terr"	-0.0531191218444369	0.0271038089466529	-1.95983973872412	0.0512947002573986
"log(Species):Latitude"	-0.00113382835057164	0.000911431054692285	-1.24400890745866	0.214838378982919
"log(Species):Lakeweb:Latitude"	0.0033934881968041	0.00161322354289681	2.10354492515683	0.0365699895434819
