"Estimate"	"Std. Error"	"t value"	"Pr(>|t|)"
"(Intercept)"	-1.09530474922209	0.116055390959411	-9.43777570492317	6.34524346677638e-18
"log(Species)"	0.717044413301908	0.0517629284782712	13.8524699892686	1.19671107174429e-31
"log(Species):Lakeweb"	-0.0505975887815696	0.0629184567983507	-0.804177205803558	0.422178815126533
"log(Species):Stream"	-0.132030977136036	0.0763997618267819	-1.72815953844704	0.0853887585861954
"log(Species):Marine"	0.133101988880441	0.027333948958122	4.86947528453957	2.1604973070338e-06
"log(Species):Latitude"	-0.00104052689846225	0.000965791301639262	-1.07738276032942	0.282511072943552
"log(Species):Lakeweb:Latitude"	0.00483368896513461	0.00153184344313351	3.15547191640349	0.00183078337622931
"log(Species):Stream:Latitude"	0.00502625218013401	0.00173433493464189	2.8980862229889	0.00414144102752202
