"Estimate"	"Std. Error"	"t value"	"Pr(>|t|)"
"(Intercept)"	-0.891933025631819	0.138175615996231	-6.45506820578348	7.36464679528049e-10
"log(Species)"	0.693951225977458	0.0602754640584656	11.5129968191426	4.27000153283944e-24
"log(Species):Lakeweb"	-0.100567920037566	0.0723675904204932	-1.38968175468071	0.16609703784233
"log(Species):Stream"	-0.162588722201698	0.0862113207489736	-1.88593239019173	0.0606843806124539
"log(Species):Marine"	0.0888528032935402	0.035137163773034	2.52874147348598	0.0121821394076194
"log(Species):Terr"	-0.08857985924549	0.0336699083885575	-2.63083160854674	0.00914896896062167
"log(Species):Latitude"	-0.00111855515380969	0.00105667610905264	-1.05856008688654	0.291016259166519
"log(Species):Lakeweb:Latitude"	0.00447681488645547	0.0016565891261148	2.70242923600191	0.00744649573156757
"log(Species):Stream:Latitude"	0.00493879422476983	0.00189235058136792	2.60987275476182	0.00970965366996806
