"Estimate"	"Std. Error"	"t value"	"Pr(>|t|)"
"(Intercept)"	-0.8323770466454	0.126737204288731	-6.56774031995442	7.20403361617277e-10
"log(Species)"	0.68831526587458	0.0558949442852914	12.3144458711932	8.93870401499906e-25
"log(Species):Lakeweb"	-0.0246057540784075	0.0825572408841257	-0.298044772510544	0.766065573733918
"log(Species):Stream"	-0.282415607843133	0.0841180701926246	-3.35737145653033	0.000988652404658551
"log(Species):Latitude"	-0.00177008776061629	0.00107144146987422	-1.65206202147849	0.100533306631426
"log(Species):Lakeweb:Latitude"	0.00310524562778218	0.00187600532381314	1.65524350510398	0.0998855061056174
"log(Species):Stream:Latitude"	0.00851591815021153	0.00189305180234856	4.49851300405329	1.32978862823156e-05
