"Estimate"	"Std. Error"	"t value"	"Pr(>|t|)"
"(Intercept)"	-1.4888798382564	0.121797162003762	-12.2242572303155	1.62987167827594e-26
"log(Species)"	0.771988449115715	0.0486592363896145	15.8651986014413	3.37946359045981e-38
"log(Species):Latitude"	-0.000832157730341414	0.000829322837331118	-1.00341832261538	0.316771531310224
"log(Species):Lakeweb"	-0.0424738815737634	0.0616230012901487	-0.689253698854706	0.491396590565701
"log(Species):Marine"	0.125871085225921	0.0253233966772026	4.97054509828993	1.3499383704772e-06
"log(Species):Latitude:Lakeweb"	0.00401041658668184	0.00149858570569618	2.67613428543867	0.00801342209277014
