"Estimate"	"Std. Error"	"t value"	"Pr(>|t|)"
"(Intercept)"	-0.890712928910605	0.138893731973498	-6.41290946866169	9.28561228380926e-10
"log(Species)"	0.700259518608716	0.0603498425361637	11.6033363001585	2.24514442406339e-24
"log(Species):Lakeweb"	-0.10728338963868	0.072435133484655	-1.48109604383358	0.140079816064898
"log(Species):Stream"	-0.168294168843251	0.0864757209824221	-1.94614357569172	0.0529716903182261
"log(Species):Marine"	0.0826944503018589	0.0349211834000277	2.36803115617763	0.0187908258312411
"log(Species):Terr"	-0.0947537339705687	0.0334366144200252	-2.83383158295538	0.00504796262214276
"log(Species):Latitude"	-0.00113092205940299	0.00106054484911279	-1.06635948526748	0.287485595743145
"log(Species):Lakeweb:Latitude"	0.00448956964608366	0.00166269868247636	2.70017032755272	0.00749550575722215
"log(Species):Stream:Latitude"	0.00492368751984858	0.00190365850842978	2.58643422549029	0.0103730497948809
