"Estimate"	"Std. Error"	"t value"	"Pr(>|t|)"
"(Intercept)"	-1.09484724886314	0.116061765045309	-9.43331551468067	6.53930779712191e-18
"log(Species)"	0.716922321679355	0.0517652163277388	13.8494991915099	1.22321294847108e-31
"log(Species):Lakeweb"	-0.0506295809242967	0.0629208789292737	-0.804654699455279	0.421903739074208
"log(Species):Stream"	-0.132034714207142	0.0764028020570185	-1.72813968404726	0.0853923251030715
"log(Species):Marine"	0.133084639041182	0.0273350054566361	4.8686523678331	2.1686165199837e-06
"log(Species):Latitude"	-0.00104064687078089	0.000965828228691331	-1.07746578518515	0.282474083080387
"log(Species):Lakeweb:Latitude"	0.00483368367900329	0.0015319019878123	3.15534787307524	0.00183152729327925
"log(Species):Stream:Latitude"	0.00502572402866145	0.00173440023499064	2.89767259440471	0.00414669856496437
