"Estimate"	"Std. Error"	"t value"	"Pr(>|t|)"
"(Intercept)"	-0.827612838013342	0.127155618433285	-6.50866118391431	9.82122275132004e-10
"log(Species)"	0.687104992463963	0.056004469767099	12.2687527499389	1.19120287209093e-24
"log(Species):Lakeweb"	-0.0250571599018189	0.0826674609949514	-0.303107892757818	0.76221146961889
"log(Species):Stream"	-0.282164763966642	0.084226069647487	-3.3500882226559	0.00101320661300227
"log(Species):Latitude"	-0.00177388942749833	0.00107284553690936	-1.65344345152288	0.100251611469386
"log(Species):Lakeweb:Latitude"	0.00311202196340896	0.0018784649509836	1.65668353928001	0.0995933993123973
"log(Species):Stream:Latitude"	0.00843215247073713	0.00189522625047308	4.44915348161326	1.63170170044006e-05
