"Estimate"	"Std. Error"	"t value"	"Pr(>|t|)"
"(Intercept)"	-0.859867984675924	0.141692521205922	-6.06854883629515	5.75804538672473e-09
"log(Species)"	0.65950043482427	0.0614785331267528	10.7273287322024	8.84224282690934e-22
"log(Species):Lakeweb"	-0.0872850444099148	0.0742707877387825	-1.17522712586414	0.241203711781292
"log(Species):Stream"	-0.158320266833598	0.0863624611874536	-1.83320698202379	0.0681545002885107
"log(Species):Marine"	0.118984169609134	0.0368899363793187	3.22538288994826	0.00145421876407773
"log(Species):Terr"	-0.0589479586620495	0.0354510930988045	-1.66279664488082	0.0978102353585833
"log(Species):Latitude"	-0.00107030904227698	0.00106760310853041	-1.00253458773673	0.317212449210628
"log(Species):Lakeweb:Latitude"	0.00477706916731429	0.00169214974844355	2.82307707796444	0.00520304374170232
"log(Species):Stream:Latitude"	0.00507095320910362	0.00188719358877289	2.68703393190357	0.00777268534605194
