"Estimate"	"Std. Error"	"t value"	"Pr(>|t|)"
"(Intercept)"	-1.21287047811498	0.14544255110208	-8.33917219496319	8.62349134902006e-15
"log(Species)"	0.7039248455576	0.0539579049758988	13.0458149898892	4.2162081200297e-29
"log(Species):Lakeweb"	-0.069988543399873	0.0685913860496434	-1.02036928294784	0.30868957555932
"log(Species):Marine"	0.124781386253772	0.0287575800153522	4.33907812086963	2.19294245330143e-05
"log(Species):Terr"	-0.0550602384558857	0.026976719216603	-2.04102796985033	0.0424585101405118
"log(Species):Latitude"	-0.00126719898083176	0.000908117736811131	-1.39541265351952	0.164317765801656
"log(Species):Lakeweb:Latitude"	0.00368452509135294	0.00162928327090005	2.26143922125803	0.024723294699859
