"Estimate"	"Std. Error"	"t value"	"Pr(>|t|)"
"(Intercept)"	-1.10074741496306	0.115861535139878	-9.50054229502604	4.15022470715687e-18
"log(Species)"	0.71849687968435	0.0516536351416589	13.9098996172078	7.83565618369625e-32
"log(Species):Lakeweb"	-0.0502169933660798	0.0627708493188471	-0.80000500090417	0.424586851537266
"log(Species):Stream"	-0.132478689825367	0.0762205700424807	-1.73809628754458	0.0836189440622685
"log(Species):Marine"	0.133308391725598	0.0272699976799767	4.88846362548395	1.9811108781671e-06
"log(Species):Latitude"	-0.0010390996444377	0.000963515158781066	-1.07844659730341	0.282037354463972
"log(Species):Lakeweb:Latitude"	0.0048337518517427	0.00152823220390278	3.16296950123045	0.00178633427865164
"log(Species):Stream:Latitude"	0.00505533314911363	0.0017303823838265	2.9215121445784	0.00385343357838146
