"Estimate"	"Std. Error"	"t value"	"Pr(>|t|)"
"(Intercept)"	-0.635829319225641	0.13629572838979	-4.66507150838392	5.84425079781276e-06
"log(Species)"	0.554677373695759	0.0562899729640306	9.85392858600587	9.88475450610123e-19
"log(Species):Lakeweb"	-0.0641619102064647	0.0650172449524831	-0.986844494154688	0.324987239820936
"log(Species):Stream"	-0.19709542562348	0.0900862509129391	-2.18785245946084	0.0299136495926465
"log(Species):Latitude"	-0.000639335334154695	0.00103612892489346	-0.617042260663105	0.537953420289955
"log(Species):Lakeweb:Latitude"	0.00461390804009779	0.00159188355701732	2.89839543838418	0.0041967414774984
"log(Species):Stream:Latitude"	0.00678121632785464	0.00202262307414635	3.35268415283784	0.00096767217583185
