"Estimate"	"Std. Error"	"t value"	"Pr(>|t|)"
"(Intercept)"	-0.884722959029978	0.137992113772287	-6.4114023247005	9.36270507803003e-10
"log(Species)"	0.709950894949713	0.0603977970186635	11.7545826171496	7.63569273981829e-25
"log(Species):Lakeweb"	-0.11897376961858	0.0724811904473959	-1.64144337150376	0.102202167577649
"log(Species):Stream"	-0.18041576764797	0.0862620737214287	-2.09148423941902	0.0376870098315644
"log(Species):Marine"	0.0764503507033339	0.0349881952413482	2.18503269962855	0.0299929180743802
"log(Species):Terr"	-0.0957522785488282	0.0332727906345916	-2.87779524117465	0.00441842509529845
"log(Species):Latitude"	-0.0014042666877941	0.00107102407863017	-1.31114390032215	0.191241002124869
"log(Species):Lakeweb:Latitude"	0.00476481841366854	0.00166450382273116	2.8626058700486	0.00462733630611225
"log(Species):Stream:Latitude"	0.00522410843921492	0.00189856640925226	2.75160690390198	0.00644881131630022
