"Estimate"	"Std. Error"	"t value"	"Pr(>|t|)"
"(Intercept)"	-0.630695096544714	0.136149938705886	-4.63235681587163	6.737162040255e-06
"log(Species)"	0.553338651799651	0.0562977378747349	9.82879015549177	1.16570255885001e-18
"log(Species):Lakeweb"	-0.0646281059765566	0.0650734840390053	-0.993155767375514	0.321910596278277
"log(Species):Stream"	-0.191823160260156	0.089754835488008	-2.13719026074962	0.0338747192783961
"log(Species):Latitude"	-0.000642639603462621	0.00103708541968023	-0.61965927904065	0.536232406083593
"log(Species):Lakeweb:Latitude"	0.00460885563572616	0.00159602844844324	2.88770268488736	0.00433568495433314
"log(Species):Stream:Latitude"	0.0066850369659983	0.00201837792354857	3.31208387091608	0.00111051603615687
