"Estimate"	"Std. Error"	"t value"	"Pr(>|t|)"
"(Intercept)"	-1.01612530545476	0.136449835477145	-7.44687820180592	3.29990703539476e-12
"log(Species)"	0.638443214390852	0.0538881190864495	11.8475690971258	1.41406394095728e-24
"log(Species):Lakeweb"	-0.0872972740818153	0.0645133642171584	-1.35316573769063	0.177619002389049
"log(Species):Terr"	-0.06074787021126	0.0258559428646695	-2.34947418197881	0.0198320950777824
"log(Species):Latitude"	-0.000824807916032513	0.000911860582365574	-0.904532920912946	0.366864426808767
"log(Species):Lakeweb:Latitude"	0.00366162810144268	0.00153429650970024	2.38651921469734	0.0179958240155121
