"Estimate"	"Std. Error"	"t value"	"Pr(>|t|)"
"(Intercept)"	-0.858626179758215	0.140882976389313	-6.09460562066423	5.01252200184362e-09
"log(Species)"	0.659207493400277	0.0613153589541833	10.7510989847235	7.47817083177671e-22
"log(Species):Lakeweb"	-0.0971105472711178	0.0750043563071527	-1.29473209360584	0.196801394733432
"log(Species):Stream"	-0.158165419928808	0.0862430673135913	-1.8339493811566	0.068043761070968
"log(Species):Marine"	0.11891076675074	0.0368310441359372	3.228547263332	0.00143896815147034
"log(Species):Terr"	-0.0589740252396644	0.0354013320307604	-1.66587023303026	0.0971955626305776
"log(Species):Latitude"	-0.00107083274858757	0.00106612262266195	-1.0044179964157	0.316306266335941
"log(Species):Lakeweb:Latitude"	0.00498691867269175	0.00170772487944243	2.92021199241413	0.00387069491674415
"log(Species):Stream:Latitude"	0.00507450968219121	0.00188454799317661	2.69269326149534	0.007646289012131
