"Estimate"	"Std. Error"	"t value"	"Pr(>|t|)"
"(Intercept)"	-0.515317130459316	0.142646234658679	-3.61255333302246	0.000376744950269782
"log(Species)"	0.699497151540507	0.0529917456472568	13.2001152820433	1.35469483728079e-29
"log(Species):Latitude"	-0.00122839340710604	0.000892715760382381	-1.3760185062487	0.170234334290548
"log(Species):Lakeweb"	-0.0666083797001351	0.0670013025787122	-0.994135593436925	0.321264100048108
"log(Species):Marine"	0.122709906772057	0.0282641177773012	4.34154385213483	2.1704241500597e-05
"log(Species):Terr"	-0.0547118252885375	0.0265185741739123	-2.06315109288042	0.0402884223170065
"log(Species):Latitude:Lakeweb"	0.00344020273599388	0.00157794793173537	2.18017506585941	0.0303200625021138
