"Estimate"	"Std. Error"	"t value"	"Pr(>|t|)"
"(Intercept)"	-0.893771091683974	0.138243121300628	-6.46521203568855	6.96419202477895e-10
"log(Species)"	0.694859468721961	0.0602467957105449	11.5335506316453	3.68934179142445e-24
"log(Species):Lakeweb"	-0.100862753900218	0.0723794095572214	-1.39352827713354	0.164933164417144
"log(Species):Stream"	-0.163031110905334	0.0862198454757765	-1.89087686257959	0.0600175334964974
"log(Species):Marine"	0.0885205470747874	0.0351295975340178	2.51982810190377	0.0124854540499764
"log(Species):Terr"	-0.0889833811847643	0.0336530882644816	-2.64413715868923	0.00880830157175557
"log(Species):Latitude"	-0.00111864453701633	0.00105692438657023	-1.05839599429283	0.291090855378632
"log(Species):Lakeweb:Latitude"	0.00447631997062883	0.00165697960856321	2.70149369822983	0.00746675824502588
"log(Species):Stream:Latitude"	0.00493898489685457	0.00189279160774141	2.60936538214476	0.00972360112416004
