"Estimate"	"Std. Error"	"t value"	"Pr(>|t|)"
"(Intercept)"	-1.23316499351337	0.142199344495673	-8.67208634390643	1.1140985710073e-15
"log(Species)"	0.739282194777272	0.0539608151128233	13.7003526212781	5.10449330935107e-31
"log(Species):Latitude"	-0.00159172880151261	0.000914444972007588	-1.74065017604953	0.0831958092839089
"log(Species):Lakeweb"	-0.0958814426800044	0.0677089029371283	-1.41608324047188	0.158218682809114
"log(Species):Marine"	0.0976185844757786	0.0285652552615949	3.41738883765634	0.000757915855215481
"log(Species):Terr"	-0.0791480478823143	0.0267337044691228	-2.96060906836647	0.00341993854504029
"log(Species):Latitude:Lakeweb"	0.00385540915576601	0.00160023429092779	2.40927792737819	0.0168386274559462
