"Estimate"	"Std. Error"	"t value"	"Pr(>|t|)"
"(Intercept)"	-1.21181723243788	0.146448098567994	-8.27472151763888	1.3018623680021e-14
"log(Species)"	0.697359472492814	0.0541518380785943	12.8778541456098	1.44853031949315e-28
"log(Species):Lakeweb"	-0.0637885432975914	0.0689254898699175	-0.925471018312369	0.355749010166464
"log(Species):Marine"	0.127914715633146	0.0289466606157338	4.41898004509781	1.56600109975323e-05
"log(Species):Terr"	-0.0515281701803627	0.0271134183141981	-1.90046749484847	0.0586972793580865
"log(Species):Latitude"	-0.00119451514316267	0.000913073987494738	-1.3082347756288	0.192177719047247
"log(Species):Lakeweb:Latitude"	0.00361257441798567	0.00163901967865064	2.20410679935204	0.0285678563043631
