"Estimate"	"Std. Error"	"t value"	"Pr(>|t|)"
"(Intercept)"	-0.640047264420573	0.136813355552841	-4.67825134347625	5.5177775186055e-06
"log(Species)"	0.55577718099668	0.0563717539570766	9.85914295694734	9.55218581523255e-19
"log(Species):Lakeweb"	-0.0640255316548158	0.0650128088725692	-0.984814112251501	0.325981105386589
"log(Species):Stream"	-0.192114794322479	0.0896625997661774	-2.14264135574339	0.0334278605748628
"log(Species):Latitude"	-0.000636620760261762	0.00103604981381024	-0.61446925792157	0.539648209296462
"log(Species):Lakeweb:Latitude"	0.00457531559466605	0.00159332918343074	2.87154446315639	0.00455363693725254
"log(Species):Stream:Latitude"	0.00668420707148384	0.00201627739926354	3.31512274745792	0.00109917872951554
