"Estimate"	"Std. Error"	"t value"	"Pr(>|t|)"
"(Intercept)"	-0.494868472778095	0.141921403029086	-3.48691925400903	0.000591325430974817
"log(Species)"	0.688519668622853	0.0524606308088403	13.1245022792754	2.36344176442965e-29
"log(Species):Latitude"	-0.00108307410821993	0.000884504539949237	-1.22449807694836	0.222092046683205
"log(Species):Lakeweb"	-0.0663337408269337	0.0668524192493822	-0.992241441248167	0.322184880279696
"log(Species):Marine"	0.121084081238722	0.0280699548743685	4.3136542891021	2.43856708687816e-05
"log(Species):Terr"	-0.054803294927388	0.0263053542718498	-2.08335133452412	0.0383903816484694
"log(Species):Latitude:Lakeweb"	0.00345146920144709	0.0015892038661902	2.17182280692615	0.0309531038713971
