"Estimate"	"Std. Error"	"t value"	"Pr(>|t|)"
"(Intercept)"	-0.523058377701905	0.14437951987568	-3.62280175299301	0.000362945241598911
"log(Species)"	0.691897075288083	0.0530330615979979	13.0465233278971	4.19430381540715e-29
"log(Species):Latitude"	-0.00108523694275905	0.000893401650581503	-1.21472457774471	0.225791292603004
"log(Species):Lakeweb"	-0.0599320149510153	0.0675960952980412	-0.886619481299418	0.376265336015781
"log(Species):Marine"	0.126622719904733	0.0283737529242847	4.46267084381209	1.30011487252405e-05
"log(Species):Terr"	-0.0504081276129854	0.026567505490203	-1.89736020310879	0.0591081190338211
"log(Species):Latitude:Lakeweb"	0.00343400904354369	0.0016051152365861	2.13941589069171	0.0335186430606237
