"Estimate"	"Std. Error"	"t value"	"Pr(>|t|)"
"(Intercept)"	-0.515132519035794	0.144083936719096	-3.57522518308261	0.000431296637319072
"log(Species)"	0.695246495708024	0.0538933578895899	12.9004115336877	1.22740726545266e-28
"log(Species):Latitude"	-0.00118557121025073	0.000907512126848848	-1.30639709947171	0.192800504030602
"log(Species):Lakeweb"	-0.0624191382774592	0.0675685432265878	-0.92378990720785	0.356621778257115
"log(Species):Marine"	0.123652039760857	0.0285430026866264	4.33213145506913	2.25759331635425e-05
"log(Species):Terr"	-0.0521293344489428	0.0266671863224898	-1.9548119482324	0.0518894828059427
"log(Species):Latitude:Lakeweb"	0.00339743421511287	0.0015937368956775	2.13174095694673	0.0341523998977773
