"Estimate"	"Std. Error"	"t value"	"Pr(>|t|)"
"(Intercept)"	-0.835387571833001	0.127331975031633	-6.56070536583971	7.4754249112039e-10
"log(Species)"	0.689080043168761	0.0561213950936802	12.2783840640191	1.12124089872131e-24
"log(Species):Lakeweb"	-0.0243205086775103	0.0828670771499609	-0.293488192343246	0.769539101532631
"log(Species):Stream"	-0.281958799573655	0.0844310255060898	-3.33951646191149	0.00104986309306094
"log(Species):Latitude"	-0.00176768546995541	0.00107544996865582	-1.64367057647955	0.102258165366068
"log(Species):Lakeweb:Latitude"	0.00310096363035941	0.00188302445721199	1.64679944462894	0.101612268035052
"log(Species):Stream:Latitude"	0.00846652710982198	0.00189991431709536	4.45626786094535	1.58443772316564e-05
