"Estimate"	"Std. Error"	"t value"	"Pr(>|t|)"
"(Intercept)"	-0.852601425481902	0.12806619871489	-6.65750552477958	4.48602501556148e-10
"log(Species)"	0.693452956064581	0.0561147503429452	12.3577660388141	6.80830887607361e-25
"log(Species):Lakeweb"	-0.0219442925272713	0.0826483079238074	-0.265514117330768	0.790963986583789
"log(Species):Stream"	-0.282406685025337	0.0841739757398297	-3.35503559791708	0.000996466111885917
"log(Species):Latitude"	-0.00175394943478496	0.00107224557308788	-1.63577213915082	0.103903332085696
"log(Species):Lakeweb:Latitude"	0.00301156833814068	0.00187948270487199	1.60233894695285	0.111103598515703
"log(Species):Stream:Latitude"	0.00846044840537341	0.001893694084161	4.4676954298676	1.51126524733903e-05
