"Estimate"	"Std. Error"	"t value"	"Pr(>|t|)"
"(Intercept)"	-0.8886229224994	0.139089857870339	-6.38884053881043	1.0594772430298e-09
"log(Species)"	0.6996299307628	0.0606353215752965	11.5383230860581	3.56620301245839e-24
"log(Species):Lakeweb"	-0.107351289510497	0.0724853715705898	-1.4810062662913	0.140103721111864
"log(Species):Stream"	-0.169106365782585	0.0864486136618601	-1.95614896086174	0.0517735961469023
"log(Species):Marine"	0.0825846924637319	0.034929347940673	2.36433536074023	0.0189742995798057
"log(Species):Terr"	-0.094668313653623	0.0335940857674739	-2.81800535692154	0.00529387883239273
"log(Species):Latitude"	-0.0011288498385354	0.001063780619431	-1.06116789299959	0.289832492918587
"log(Species):Lakeweb:Latitude"	0.00448816181305142	0.00166470499115891	2.69607037696626	0.0075852044435596
"log(Species):Stream:Latitude"	0.00494890650221356	0.00190131440939436	2.60288697006718	0.00990327742613606
