"Estimate"	"Std. Error"	"t value"	"Pr(>|t|)"
"(Intercept)"	-1.49608505120681	0.121440369551986	-12.3195034462274	8.12792446402142e-27
"log(Species)"	0.779789191542222	0.0491328351491633	15.8710399913794	3.23664470933353e-38
"log(Species):Lakeweb"	-0.0477141102796491	0.0616455244561991	-0.774007694809237	0.439764815642095
"log(Species):Marine"	0.123302014927371	0.0253485150047849	4.86426975718681	2.19995677010563e-06
"log(Species):Latitude"	-0.000970848130642825	0.000836867633103665	-1.16009759756423	0.247277999633864
"log(Species):Lakeweb:Latitude"	0.00416996960239648	0.00149978833251952	2.78037207783267	0.00590453732277204
