"Estimate"	"Std. Error"	"t value"	"Pr(>|t|)"
"(Intercept)"	-1.12875994840113	0.116595709105	-9.68097331424632	1.21741192355462e-18
"log(Species)"	0.725972492746452	0.0516200467019501	14.0637705529047	2.51858119383466e-32
"log(Species):Lakeweb"	-0.0482581293993781	0.0624952633759387	-0.772188591463044	0.440846782937642
"log(Species):Stream"	-0.136699486114261	0.0759170041762965	-1.80064384254171	0.0731540395213478
"log(Species):Marine"	0.134370714285322	0.0271530545147295	4.94864083200772	1.50279457747536e-06
"log(Species):Latitude"	-0.00103175379536482	0.000959119435644988	-1.07573025529504	0.283247997411166
"log(Species):Lakeweb:Latitude"	0.00483407551909543	0.00152124348739031	3.17771320578555	0.00170182630662497
"log(Species):Stream:Latitude"	0.00507148843939822	0.00172225888342639	2.94467253918797	0.00358681480212418
