"Estimate"	"Std. Error"	"t value"	"Pr(>|t|)"
"(Intercept)"	-1.2227655528948	0.146185259087971	-8.36449283958907	7.33196806153909e-15
"log(Species)"	0.699374577881674	0.0540999084197042	12.9274632492159	1.00622883665534e-28
"log(Species):Lakeweb"	-0.0580819403762983	0.0685342390812309	-0.847487929463347	0.397656964401215
"log(Species):Marine"	0.126824643976017	0.0289472101835878	4.38123892325633	1.83702845589661e-05
"log(Species):Terr"	-0.0527707927292641	0.0271409291518513	-1.94432520839709	0.0531487644098473
"log(Species):Latitude"	-0.00113589928934707	0.00091280077919157	-1.24441095498745	0.214690736854878
"log(Species):Lakeweb:Latitude"	0.00339428499341735	0.00161550369342618	2.10106916327669	0.0367891130258109
