"Estimate"	"Std. Error"	"t value"	"Pr(>|t|)"
"(Intercept)"	-0.636968889774549	0.135684945960733	-4.6944698637304	5.14013547031518e-06
"log(Species)"	0.554974510797282	0.0560828296490478	9.8956224974769	7.51718801897502e-19
"log(Species):Lakeweb"	-0.0640587368665057	0.0648093775254611	-0.988417715342807	0.324218521094001
"log(Species):Stream"	-0.192781513704996	0.0893916966246223	-2.15659307278318	0.0323072439144697
"log(Species):Latitude"	-0.000638601932387186	0.00103285610589208	-0.61828741558886	0.537134228032349
"log(Species):Lakeweb:Latitude"	0.00461215517048686	0.00158683370837929	2.90651449243379	0.00409397374341464
"log(Species):Stream:Latitude"	0.00675324791070765	0.00201087606413407	3.35836108010753	0.000949124370530809
