"Estimate"	"Std. Error"	"t value"	"Pr(>|t|)"
"(Intercept)"	-0.63044222729635	0.135961284473766	-4.63692461965521	6.6050199080609e-06
"log(Species)"	0.553272717456581	0.0562217943643962	9.84089397557461	1.07673700410025e-18
"log(Species):Lakeweb"	-0.0646496415431022	0.0649871547355328	-0.994806463003279	0.321109080656122
"log(Species):Stream"	-0.171203469710688	0.094087157090226	-1.81962634439587	0.0704065728544225
"log(Species):Latitude"	-0.000642802344377501	0.00103571108636006	-0.620638663468	0.535589058376559
"log(Species):Lakeweb:Latitude"	0.0046221943807225	0.00159120817291687	2.9048332326307	0.00411506352953978
"log(Species):Stream:Latitude"	0.00619452108499047	0.00212748497344263	2.91166384830756	0.00402999371009804
