"Estimate"	"Std. Error"	"t value"	"Pr(>|t|)"
"(Intercept)"	-0.634063150363822	0.135895340607992	-4.6658196486137	5.82523033809446e-06
"log(Species)"	0.554216854338793	0.0561807802624923	9.86488353756101	9.19892339091328e-19
"log(Species):Lakeweb"	-0.0643218139005186	0.0649302036471764	-0.990630096434569	0.323139512581298
"log(Species):Stream"	-0.192051332999823	0.0895564225903376	-2.14447303102239	0.0332788526491834
"log(Species):Latitude"	-0.000640472000389375	0.00103479136305811	-0.618938293509326	0.536706264595926
"log(Species):Lakeweb:Latitude"	0.00461662473344216	0.00158980170976749	2.90389971596982	0.00412681645969018
"log(Species):Stream:Latitude"	0.00672468859078235	0.00201436382396536	3.3383684271814	0.00101595810261207
