"Estimate"	"Std. Error"	"t value"	"Pr(>|t|)"
"(Intercept)"	-1.4841888665401	0.121614742074249	-12.2040210029305	1.88930443924581e-26
"log(Species)"	0.770748172170275	0.0486368367345091	15.8470045323365	3.86598441777707e-38
"log(Species):Latitude"	-0.000833704209401551	0.00083003951763089	-1.00441508108086	0.316292147763381
"log(Species):Lakeweb"	-0.0426796646514387	0.0616449995487855	-0.69234593176795	0.489456915667827
"log(Species):Marine"	0.125695030147119	0.0253363091486561	4.96106316865754	1.4105015721005e-06
"log(Species):Latitude:Lakeweb"	0.00402956863966322	0.00149855402387144	2.68897121857044	0.00772134703428439
