"Estimate"	"Std. Error"	"t value"	"Pr(>|t|)"
"(Intercept)"	-0.639327536566622	0.135224506872485	-4.72789697188174	4.4389016345614e-06
"log(Species)"	0.555589515697139	0.0558919565547365	9.9404198733504	5.59923527943157e-19
"log(Species):Lakeweb"	-0.063845191976674	0.0645884157670906	-0.988492924286969	0.324181801873756
"log(Species):Stream"	-0.198805685069988	0.0891792122647461	-2.22928281178123	0.0269790515427419
"log(Species):Latitude"	-0.000637083960789998	0.0010293341833114	-0.618928207300452	0.536712895132992
"log(Species):Lakeweb:Latitude"	0.00460852713684849	0.00158142305157714	2.91416463940655	0.00399925295032867
"log(Species):Stream:Latitude"	0.00678049801640206	0.00200407612097387	3.38335352906013	0.00087134772970604
