"Estimate"	"Std. Error"	"t value"	"Pr(>|t|)"
"(Intercept)"	-1.22255044154071	0.146155757035281	-8.36470944655018	7.32179120533757e-15
"log(Species)"	0.699455318152179	0.0540966107385443	12.9297438157953	9.89511910244544e-29
"log(Species):Lakeweb"	-0.0582342414235025	0.0685279456437816	-0.849788226925883	0.396379418175316
"log(Species):Marine"	0.126784229909983	0.0289452653421473	4.38013707635188	1.84558074726709e-05
"log(Species):Terr"	-0.0528149303375384	0.0271393234294664	-1.94606658028162	0.052937891912883
"log(Species):Latitude"	-0.00113842156205403	0.000912613019002118	-1.24743077114857	0.213584136817562
"log(Species):Lakeweb:Latitude"	0.00339686980998695	0.00161529324225301	2.10294311963381	0.0366231505778021
