"Estimate"	"Std. Error"	"t value"	"Pr(>|t|)"
"(Intercept)"	-1.17848800043727	0.130485428471977	-9.03156784813225	5.84286126592894e-16
"log(Species)"	0.719967335205296	0.0536722700048579	13.4141398368307	7.9889900715391e-28
"log(Species):Lakeweb"	-0.0204467293638606	0.0840565356868694	-0.243249727065002	0.808129477648213
"log(Species):Terr"	-0.0249785448464404	0.0281265818376526	-0.888076090817478	0.375858351379173
"log(Species):Latitude"	-0.00119472458707187	0.000941393268295386	-1.26910253908571	0.206282693276123
"log(Species):Lakeweb:Latitude"	0.00175845423818582	0.00187273068096404	0.938978709571095	0.349184006636926
