"Estimate"	"Std. Error"	"t value"	"Pr(>|t|)"
"(Intercept)"	-0.882990331385607	0.141467578075261	-6.24164450539934	2.27552504221941e-09
"log(Species)"	0.667252028499282	0.0617413668618415	10.8072118000301	5.0331326887619e-22
"log(Species):Lakeweb"	-0.0811202300670014	0.0739464186004224	-1.09701364315348	0.273862581012669
"log(Species):Stream"	-0.160157330660963	0.0864863727271762	-1.85182157154612	0.0654225255997673
"log(Species):Marine"	0.120424367651267	0.0369173277087352	3.26200120987557	0.00128657262353313
"log(Species):Terr"	-0.060651577215334	0.0355908587410379	-1.70413357139371	0.0898008450438063
"log(Species):Latitude"	-0.00111609445155944	0.001070955284018	-1.04214850817309	0.29851325818064
"log(Species):Lakeweb:Latitude"	0.00457705136619346	0.00167252764593033	2.73660730053135	0.00672686459535891
"log(Species):Stream:Latitude"	0.00512268550044937	0.00189013749972056	2.71021843712783	0.00726656055799968
