"Estimate"	"Std. Error"	"t value"	"Pr(>|t|)"
"(Intercept)"	-1.09432447717694	0.116058349336497	-9.4290887595177	6.72865490704837e-18
"log(Species)"	0.716782811311451	0.0517620304371124	13.8476563855488	1.23994622024065e-31
"log(Species):Lakeweb"	-0.0506661373686173	0.0629159319648965	-0.80529900434259	0.421532733643958
"log(Species):Stream"	-0.132220355053182	0.0763989503573971	-1.7306566966516	0.0849411509404733
"log(Species):Marine"	0.133064813909797	0.0273328690265516	4.86830759626936	2.17202693235414e-06
"log(Species):Latitude"	-0.00104078395948495	0.000965751537472634	-1.07769329801811	0.282372736782496
"log(Species):Lakeweb:Latitude"	0.0048336776387025	0.00153178027168427	3.15559465548387	0.00183004755625261
"log(Species):Stream:Latitude"	0.00503036081780936	0.00173439192415525	2.90035991735803	0.00411264922184397
