"Estimate"	"Std. Error"	"t value"	"Pr(>|t|)"
"(Intercept)"	-0.500535518980251	0.144022471964868	-3.47539874959478	0.000615900569260347
"log(Species)"	0.689046115490901	0.0532295548027496	12.9448032778833	8.85875626627806e-29
"log(Species):Latitude"	-0.00111615209593703	0.000896976965613509	-1.24434867195682	0.214713603953353
"log(Species):Lakeweb"	-0.064894278406622	0.0677852542991895	-0.957350961909691	0.339455507570955
"log(Species):Marine"	0.123743346882427	0.0284532512603406	4.34900552313706	2.10362254438212e-05
"log(Species):Terr"	-0.0525339715561475	0.0266746335513075	-1.96943554838723	0.0501754704668941
"log(Species):Latitude:Lakeweb"	0.00348060235837823	0.001611558260097	2.15977445219307	0.031886393926091
