"Estimate"	"Std. Error"	"t value"	"Pr(>|t|)"
"(Intercept)"	-0.641980078555972	0.133825572815927	-4.79714052439734	3.26814009125086e-06
"log(Species)"	0.555353291041423	0.0553142835855926	10.0399617430112	2.9058347558179e-19
"log(Species):Lakeweb"	-0.0626771774850197	0.0639360278109992	-0.980310782995454	0.328192570996228
"log(Species):Stream"	-0.191247205182321	0.0881802318766558	-2.16882175417539	0.0313518538624884
"log(Species):Latitude"	-0.000490392284133794	0.00102056333130747	-0.480511369642822	0.631422490491881
"log(Species):Lakeweb:Latitude"	0.00445946247743658	0.00156660533555045	2.84657684755662	0.00491014351043905
"log(Species):Stream:Latitude"	0.00653905099626892	0.00198375366298633	3.29630191403155	0.00117116782907673
