"Estimate"	"Std. Error"	"t value"	"Pr(>|t|)"
"(Intercept)"	-1.22311886728234	0.147183836176873	-8.31014396045836	1.03832864923774e-14
"log(Species)"	0.6939016350969	0.0540704596085885	12.833285311795	2.00918012708158e-28
"log(Species):Lakeweb"	-0.0564101469152496	0.0692737633447588	-0.81430752699994	0.416361505101035
"log(Species):Marine"	0.12864363458294	0.0289526906507129	4.44323590283558	1.41254500106724e-05
"log(Species):Terr"	-0.0505335151344189	0.0271359747415951	-1.86223327577613	0.0639219332250857
"log(Species):Latitude"	-0.00104770164966821	0.000918610969765232	-1.14052812795821	0.255323542698895
"log(Species):Lakeweb:Latitude"	0.00345789385662631	0.00164227218708583	2.10555466007268	0.036392937224538
