"Estimate"	"Std. Error"	"t value"	"Pr(>|t|)"
"(Intercept)"	-0.317754837505645	0.136735449307696	-2.32386582348956	0.0211960098935603
"log(Species)"	0.63675905222346	0.0538408309173641	11.8266943762582	1.63126350863764e-24
"log(Species):Lakeweb"	-0.0877057748041119	0.0644132744591128	-1.36161025100167	0.1749418195931
"log(Species):Terr"	-0.0600941296243587	0.025644851950846	-2.34332137068065	0.0201525499331262
"log(Species):Latitude"	-0.000824186036073288	0.000909756911383982	-0.905940945059139	0.366120588179808
"log(Species):Lakeweb:Latitude"	0.00361872368651166	0.00153417070751151	2.35874904193771	0.0193575100668043
