"Estimate"	"Std. Error"	"t value"	"Pr(>|t|)"
"(Intercept)"	-1.0131293926904	0.135745279895262	-7.4634594548857	2.9943396833877e-12
"log(Species)"	0.637603526714746	0.0537450906869157	11.8634747577042	1.26816522145277e-24
"log(Species):Lakeweb"	-0.087514006509067	0.064488409274708	-1.35705016596509	0.17638371870753
"log(Species):Terr"	-0.0600047073601025	0.0256978178315715	-2.3350117801202	0.0205925603183134
"log(Species):Latitude"	-0.000823995021978773	0.000911618149488531	-0.903881765014311	0.367208743866588
"log(Species):Lakeweb:Latitude"	0.00362526609668363	0.00153677658874322	2.35900658770993	0.0193444756785391
