"Estimate"	"Std. Error"	"t value"	"Pr(>|t|)"
"(Intercept)"	-0.631444185055812	0.136524838954279	-4.62512309036509	6.95165639685797e-06
"log(Species)"	0.553533972738038	0.0563604591693291	9.82131765596521	1.22424125486046e-18
"log(Species):Lakeweb"	-0.064558927257233	0.0650818463341656	-0.99196520832787	0.322489503267222
"log(Species):Stream"	-0.19257510605504	0.0901134578828689	-2.13702936919092	0.0338879863647846
"log(Species):Latitude"	-0.00064215750708115	0.00103713710068941	-0.619163567337717	0.536558183455728
"log(Species):Lakeweb:Latitude"	0.00462065318495391	0.00159344405067745	2.89979003843245	0.00417892307278675
"log(Species):Stream:Latitude"	0.00669862824975925	0.00202350831572449	3.31040312397278	0.00111683320847588
