"Estimate"	"Std. Error"	"t value"	"Pr(>|t|)"
"(Intercept)"	-0.481733853062226	0.130055039708185	-3.70407678274623	0.000293419762182625
"log(Species)"	0.720524770379484	0.0534328205245477	13.4846853171164	5.12855011738542e-28
"log(Species):Lakeweb"	-0.0234681981461012	0.0837367851604073	-0.280261513516971	0.779645816707051
"log(Species):Terr"	-0.0259843268552284	0.0280039819417203	-0.927879717581055	0.354894253091916
"log(Species):Latitude"	-0.00121902851324931	0.000938078239300733	-1.29949556676424	0.195678818805132
"log(Species):Lakeweb:Latitude"	0.00175427481499219	0.00186472988100588	0.940766184347245	0.34826991768066
