"Estimate"	"Std. Error"	"t value"	"Pr(>|t|)"
"(Intercept)"	-1.01260116700946	0.135799989460917	-7.45656292779674	3.11787811259585e-12
"log(Species)"	0.637508329065992	0.0537727185862101	11.8556090491114	1.33833383345047e-24
"log(Species):Lakeweb"	-0.087600354601395	0.0645176804391503	-1.35777284622027	0.1761546136364
"log(Species):Terr"	-0.0599449014428424	0.0257227905828736	-2.33041983721448	0.0208393177662424
"log(Species):Latitude"	-0.000826857389785869	0.000912717531817735	-0.905929119318143	0.36612683159445
"log(Species):Lakeweb:Latitude"	0.00366683029428322	0.00153492553397389	2.38893041592049	0.0178816821586515
