"Estimate"	"Std. Error"	"t value"	"Pr(>|t|)"
"(Intercept)"	-0.317303940009845	0.13541474384037	-2.34320082888381	0.0201588732989031
"log(Species)"	0.634596906934152	0.0537781702044337	11.8002695986453	1.95459470004883e-24
"log(Species):Lakeweb"	-0.085582433939515	0.0643608904379426	-1.32972731354664	0.185210735884056
"log(Species):Terr"	-0.0576003667325122	0.0259450334984043	-2.22009220901776	0.0276011266867011
"log(Species):Latitude"	-0.000777353079143561	0.000912039029496507	-0.852324356746773	0.395112840926629
"log(Species):Lakeweb:Latitude"	0.00356181208595613	0.00153093946123598	2.32655318916435	0.0210491108356859
