"Estimate"	"Std. Error"	"t value"	"Pr(>|t|)"
"(Intercept)"	-0.324312296743445	0.13506528978936	-2.40115204468317	0.0173129105095039
"log(Species)"	0.638704027881474	0.0534710002752843	11.9448677711888	7.2616535395182e-25
"log(Species):Lakeweb"	-0.0872276464242341	0.0641452780372704	-1.35984516854931	0.175498883337706
"log(Species):Terr"	-0.0612399723987692	0.0255819336503079	-2.39387582017406	0.0176495742731235
"log(Species):Latitude"	-0.00079821663448339	0.000907045427079664	-0.880018365842315	0.379966944822753
"log(Species):Lakeweb:Latitude"	0.00357640591597533	0.00152591795582507	2.34377340034743	0.0201288529551632
