"Estimate"	"Std. Error"	"t value"	"Pr(>|t|)"
"(Intercept)"	-1.19628429727335	0.129615654733337	-9.22947386050325	1.56391988931658e-16
"log(Species)"	0.670693020646136	0.0365193252062882	18.3654275334379	3.04184841708204e-41
"log(Species):Lakeweb"	0.0582667169989966	0.0249845952678967	2.33210569850075	0.0209411590665336
