"Estimate"	"Std. Error"	"t value"	"Pr(>|t|)"
"(Intercept)"	-1.19329874006839	0.1464940831812	-8.1457128790136	2.95499015791392e-14
"log(Species)"	0.694316259360641	0.0539893879445418	12.8602357943722	1.64855893552493e-28
"log(Species):Lakeweb"	-0.0671694309856587	0.0688604402297556	-0.97544295043054	0.330426719241956
"log(Species):Marine"	0.124958482602922	0.0289022100437741	4.32349230088856	2.34054631723967e-05
"log(Species):Terr"	-0.0537168840788207	0.0270756972468947	-1.98395201382972	0.0485215249972175
"log(Species):Latitude"	-0.00118975989656428	0.000910385187357396	-1.30687527992172	0.192638306024463
"log(Species):Lakeweb:Latitude"	0.00362070989367937	0.00163557982027822	2.21371641346337	0.027889379190675
