"Estimate"	"Std. Error"	"t value"	"Pr(>|t|)"
"(Intercept)"	-0.631454254837859	0.136003323299515	-4.64293253663539	6.43501743512706e-06
"log(Species)"	0.553536598381403	0.056237139470267	9.84290103649498	1.06265240390272e-18
"log(Species):Lakeweb"	-0.0645580155690119	0.0650034772750216	-0.993147109590383	0.321914803639733
"log(Species):Stream"	-0.173917712184279	0.0937610751571314	-1.85490313429977	0.0651759535324611
"log(Species):Latitude"	-0.000642151026397743	0.0010359694296464	-0.619855188793479	0.536103683589197
"log(Species):Lakeweb:Latitude"	0.00462063769577251	0.00159160604784389	2.90312901363499	0.0041365426935688
"log(Species):Stream:Latitude"	0.00625827620765202	0.00211965485399028	2.95249775965683	0.00355413576484055
