"Estimate"	"Std. Error"	"t value"	"Pr(>|t|)"
"(Intercept)"	-0.484034290106155	0.129965106012781	-3.72434036300909	0.000272598226270081
"log(Species)"	0.723632484091262	0.053930717186627	13.4178168183289	7.80650244319637e-28
"log(Species):Lakeweb"	-0.0257735564699643	0.0841145394307503	-0.306410243037509	0.759698280793426
"log(Species):Terr"	-0.0253695500757754	0.0279866006065017	-0.906489160026164	0.366066138151316
"log(Species):Latitude"	-0.00130304536777646	0.000961362821346899	-1.35541477040984	0.177232159964799
"log(Species):Lakeweb:Latitude"	0.00183685532642393	0.00187709506436818	0.978562759708818	0.329301530381891
