"Estimate"	"Std. Error"	"t value"	"Pr(>|t|)"
"(Intercept)"	-1.09435137365019	0.115938352120029	-9.4390799389422	6.28958511406581e-18
"log(Species)"	0.715569683195821	0.0517299552924277	13.8327914484118	1.38356598335551e-31
"log(Species):Lakeweb"	-0.0494439506592836	0.0628631730258785	-0.786532850305365	0.432417444384845
"log(Species):Stream"	-0.130339749381397	0.0763271453296928	-1.70764606508469	0.0891388357515484
"log(Species):Marine"	0.130560058406529	0.0274224022671138	4.76107297729719	3.5269732227496e-06
"log(Species):Latitude"	-0.00095299887371514	0.000968704076191887	-0.983787409527081	0.326320717706988
"log(Species):Lakeweb:Latitude"	0.0047458999168844	0.0015327342774337	3.09636183307038	0.00221873416467315
"log(Species):Stream:Latitude"	0.00490519234107208	0.00173413248988845	2.82861452032861	0.00511500252559468
