"Estimate"	"Std. Error"	"t value"	"Pr(>|t|)"
"(Intercept)"	-0.83441193794537	0.127394116417656	-6.54984673868131	7.91420589509297e-10
"log(Species)"	0.688832198491106	0.0561304246951659	12.2719933482069	1.16718892868152e-24
"log(Species):Lakeweb"	-0.0244129493853813	0.0828677819707842	-0.294601216598126	0.768690197642654
"log(Species):Stream"	-0.282290942536901	0.0845439427659535	-3.33898483204621	0.00105173878811357
"log(Species):Latitude"	-0.00176846399065551	0.00107545264937494	-1.64439037988642	0.102109283795133
"log(Species):Lakeweb:Latitude"	0.00310235131574055	0.00188302945039649	1.64753202085465	0.101461515961537
"log(Species):Stream:Latitude"	0.00847395183596269	0.00190438363896891	4.44970837942649	1.62796701436655e-05
