"Estimate"	"Std. Error"	"t value"	"Pr(>|t|)"
"(Intercept)"	-1.48961333058554	0.120728506740694	-12.3385385175433	7.07200543865046e-27
"log(Species)"	0.772036502081438	0.0483368476019299	15.9720076997867	1.5347766649788e-38
"log(Species):Lakeweb"	-0.0421410630020049	0.0613205380262142	-0.687225917424107	0.492670816342272
"log(Species):Marine"	0.124427928310581	0.025207078977081	4.9362295577252	1.58185166764503e-06
"log(Species):Latitude"	-0.000793833305601388	0.000825658401014933	-0.9614548881542	0.337388698678651
"log(Species):Lakeweb:Latitude"	0.0039911828930763	0.00149071918804753	2.67735394102209	0.00798524946968753
