"Estimate"	"Std. Error"	"t value"	"Pr(>|t|)"
"(Intercept)"	-0.510907500740844	0.14302110325875	-3.57225254944735	0.000435945961948468
"log(Species)"	0.696701086931799	0.0530839266631098	13.1245205606835	2.36312385740667e-29
"log(Species):Latitude"	-0.00120292416132321	0.000895112465575636	-1.34388047042739	0.180390463664677
"log(Species):Lakeweb"	-0.0652792601019917	0.0671929717179179	-0.971519169832819	0.332371467081545
"log(Species):Marine"	0.123038607328379	0.0283474020646306	4.34038389295278	2.18098973770132e-05
"log(Species):Terr"	-0.054081024363449	0.026592184972437	-2.03371871922162	0.043197024844356
"log(Species):Latitude:Lakeweb"	0.00341601559489847	0.00158237975092027	2.15878368824665	0.0319642103354809
