"Estimate"	"Std. Error"	"t value"	"Pr(>|t|)"
"(Intercept)"	-0.48734174117315	0.130527439196608	-3.733634430988	0.000263523200181527
"log(Species)"	0.720336947338797	0.0535891038039079	13.4418547093946	6.71207196077265e-28
"log(Species):Lakeweb"	-0.021324434058255	0.083759763228798	-0.254590429058464	0.799372615217012
"log(Species):Terr"	-0.0254349350319094	0.0280394740164449	-0.907111703200711	0.365737897578828
"log(Species):Latitude"	-0.00118861024069683	0.000938383204053572	-1.26665762511769	0.207153669977744
"log(Species):Lakeweb:Latitude"	0.00172035509849049	0.0018664104624126	0.921745314407788	0.358075693212376
