"Estimate"	"Std. Error"	"t value"	"Pr(>|t|)"
"(Intercept)"	-0.635829319225645	0.13629572838979	-4.66507150838394	5.8442507978121e-06
"log(Species)"	0.554677373695759	0.0562899729640307	9.85392858600587	9.88475450610095e-19
"log(Species):Lakeweb"	-0.064161910206464	0.065017244952483	-0.98684449415468	0.32498723982094
"log(Species):Stream"	-0.19709542562348	0.090086250912939	-2.18785245946084	0.0299136495926464
"log(Species):Latitude"	-0.000639335334154693	0.00103612892489346	-0.617042260663103	0.537953420289956
"log(Species):Lakeweb:Latitude"	0.00461390804009779	0.00159188355701732	2.89839543838418	0.00419674147749842
"log(Species):Stream:Latitude"	0.00678121632785464	0.00202262307414635	3.35268415283784	0.000967672175831841
