"Estimate"	"Std. Error"	"t value"	"Pr(>|t|)"
"(Intercept)"	-0.629478739617936	0.136251550004377	-4.61997488907622	7.10830519287175e-06
"log(Species)"	0.553021493048939	0.056313382158595	9.82042761153056	1.23140593683928e-18
"log(Species):Lakeweb"	-0.0647368728618532	0.0650732728484359	-0.994830443101175	0.321097446515568
"log(Species):Stream"	-0.192898794660952	0.0899541944246283	-2.14441134062492	0.0332838618632332
"log(Species):Latitude"	-0.000643422423201933	0.00103705855385959	-0.620430178033175	0.535725977499849
"log(Species):Lakeweb:Latitude"	0.00462367640241358	0.00159329189849549	2.90196442144696	0.0041512795838792
"log(Species):Stream:Latitude"	0.00671588312865546	0.00202560348791532	3.31549741532446	0.00109778843032974
