"Estimate"	"Std. Error"	"t value"	"Pr(>|t|)"
"(Intercept)"	-0.487660904959115	0.129915666674696	-3.75367280514521	0.000244920575584183
"log(Species)"	0.721270328185829	0.0534679006004058	13.4897820951727	4.96695532191928e-28
"log(Species):Lakeweb"	-0.0221464957174949	0.0836709629022888	-0.264685560549335	0.791598868518024
"log(Species):Terr"	-0.0248609319832249	0.027982927672048	-0.888432128138557	0.375667473145901
"log(Species):Latitude"	-0.00122701958308306	0.000938678421074773	-1.30717778904318	0.193063555413188
"log(Species):Lakeweb:Latitude"	0.00175856516191733	0.00186479821683412	0.943032412859584	0.347113210534075
