"Estimate"	"Std. Error"	"t value"	"Pr(>|t|)"
"(Intercept)"	-1.23185610985284	0.141760965665817	-8.68967070072579	9.94002537295967e-16
"log(Species)"	0.727800941165247	0.0536394519258637	13.5683888450456	1.33807186676515e-30
"log(Species):Latitude"	-0.00131299120862755	0.00090412192307046	-1.4522280404047	0.147916578822695
"log(Species):Lakeweb"	-0.084836996473097	0.0674444156493361	-1.25788022116153	0.209818810232783
"log(Species):Marine"	0.090913024277097	0.0287689114442728	3.16011345973938	0.00180757740590545
"log(Species):Terr"	-0.0785541737532764	0.0266592109409478	-2.94660535629805	0.00357217928349232
"log(Species):Latitude:Lakeweb"	0.00357708764121319	0.00159120499049054	2.24803696732401	0.0256029782970372
