"Estimate"	"Std. Error"	"t value"	"Pr(>|t|)"
"(Intercept)"	-1.18266182881109	0.130696886244047	-9.04889062622909	5.264644661193e-16
"log(Species)"	0.721397738027392	0.0537061028010262	13.4323233376302	7.12634410381706e-28
"log(Species):Lakeweb"	-0.0204213680767814	0.0839981385487503	-0.243116912226923	0.80823217850563
"log(Species):Terr"	-0.025733682951367	0.0281168205018518	-0.915241570421243	0.361468402089385
"log(Species):Latitude"	-0.00118305029492306	0.000940978339947411	-1.25725560801876	0.210528148125836
"log(Species):Lakeweb:Latitude"	0.00174417389794626	0.00187166962077133	0.931881288551061	0.352828686897047
