"Estimate"	"Std. Error"	"t value"	"Pr(>|t|)"
"(Intercept)"	-0.871174886858135	0.141041790148541	-6.17671461728217	3.22991649110464e-09
"log(Species)"	0.662167729806741	0.0614633351852552	10.7733777838595	6.39076019979641e-22
"log(Species):Lakeweb"	-0.0838218968058379	0.0746742774693321	-1.12250027247016	0.262901760548954
"log(Species):Stream"	-0.158008264376504	0.0864972372582587	-1.82674348204592	0.069124940566317
"log(Species):Marine"	0.119652518500269	0.0369361931709134	3.23943829150463	0.00138760654618001
"log(Species):Terr"	-0.058710616838779	0.0355052421271051	-1.653576016426	0.0996730100069644
"log(Species):Latitude"	-0.00106554058312415	0.00106925941848411	-0.996522045730275	0.32011678312967
"log(Species):Lakeweb:Latitude"	0.00459766604467632	0.00168130951446254	2.7345744523108	0.00676711218352913
"log(Species):Stream:Latitude"	0.00507071842592185	0.00189010169619617	2.68277544860505	0.00786903463447444
