"Estimate"	"Std. Error"	"t value"	"Pr(>|t|)"
"(Intercept)"	-1.0924365532995	0.116764109399371	-9.35592759555095	1.10191738884684e-17
"log(Species)"	0.716278987248925	0.0519142235084507	13.7973553073047	1.79661365475194e-31
"log(Species):Lakeweb"	-0.0507981563473205	0.0629955824797054	-0.806376484631849	0.42091272669729
"log(Species):Stream"	-0.130468200268275	0.0766094056420443	-1.70303109879072	0.0900006482643699
"log(Species):Marine"	0.132993217953277	0.0273687182861233	4.85931480469468	2.26283623896669e-06
"log(Species):Latitude"	-0.00104127903801454	0.000966899993143237	-1.07692527189861	0.282714955964823
"log(Species):Lakeweb:Latitude"	0.00483365582491958	0.00153359437771514	3.15184764313046	0.00185263464593373
"log(Species):Stream:Latitude"	0.00497372368536558	0.0017373924504275	2.86275198452817	0.00461319267066472
