"Estimate"	"Std. Error"	"t value"	"Pr(>|t|)"
"(Intercept)"	-0.885251071078867	0.138879618641416	-6.37423316494386	1.14759620484227e-09
"log(Species)"	0.698927321481477	0.0603335954460032	11.5843804155016	2.56958359044055e-24
"log(Species):Lakeweb"	-0.107773951873908	0.0724105722552757	-1.48837315487527	0.13815263168623
"log(Species):Stream"	-0.169172080012387	0.0863412585494332	-1.95934229885624	0.0513960501633357
"log(Species):Marine"	0.0824203457257875	0.0349094293848483	2.36097659509612	0.0191424083608593
"log(Species):Terr"	-0.0948284947054652	0.0334250604922124	-2.83704781110446	0.00499927712127811
"log(Species):Latitude"	-0.001133113712352	0.00106017825851908	-1.06879546269397	0.28638885810063
"log(Species):Lakeweb:Latitude"	0.00449349755777444	0.00166212429468707	2.70346662529256	0.00742408533297139
"log(Species):Stream:Latitude"	0.00493136784796707	0.00189923825765001	2.59649774224157	0.0100833923445303
