"Estimate"	"Std. Error"	"t value"	"Pr(>|t|)"
"(Intercept)"	-0.631454254837861	0.136003323299515	-4.6429325366354	6.43501743512668e-06
"log(Species)"	0.553536598381403	0.0562371394702671	9.84290103649495	1.06265240390288e-18
"log(Species):Lakeweb"	-0.0645580155690118	0.0650034772750216	-0.993147109590382	0.321914803639734
"log(Species):Stream"	-0.173917712184279	0.0937610751571314	-1.85490313429976	0.0651759535324616
"log(Species):Latitude"	-0.000642151026397742	0.0010359694296464	-0.619855188793478	0.536103683589197
"log(Species):Lakeweb:Latitude"	0.00462063769577251	0.00159160604784389	2.90312901363499	0.00413654269356881
"log(Species):Stream:Latitude"	0.00625827620765202	0.00211965485399028	2.95249775965683	0.00355413576484057
