"Estimate"	"Std. Error"	"t value"	"Pr(>|t|)"
"(Intercept)"	-0.509288364964636	0.143359463048228	-3.55252701241847	0.000468011501397522
"log(Species)"	0.691221931795856	0.0530659048452685	13.0257259121718	4.88734588235064e-29
"log(Species):Latitude"	-0.00109889799182577	0.000895661417328801	-1.22691228020417	0.221185045860962
"log(Species):Lakeweb"	-0.0603387404751441	0.067255005261569	-0.897163567833709	0.370625904302697
"log(Species):Marine"	0.123570803443283	0.0284137918970922	4.34897263592364	2.10391260043008e-05
"log(Species):Terr"	-0.0529736578294208	0.0266330890198404	-1.98901666231649	0.0479554343174371
"log(Species):Latitude:Lakeweb"	0.0033124601909076	0.00158525791042019	2.08954023766998	0.0378244004917364
