"Estimate"	"Std. Error"	"t value"	"Pr(>|t|)"
"(Intercept)"	-0.498725311295149	0.130362306052635	-3.82568647637901	0.000186611657073631
"log(Species)"	0.668283668337172	0.0366236667147317	18.2473173301448	6.13016322468461e-41
"log(Species):Lakeweb"	0.0565131346443205	0.0249675436326189	2.26346393845844	0.0249513253976746
