"Estimate"	"Std. Error"	"t value"	"Pr(>|t|)"
"(Intercept)"	-0.841466959333807	0.126727807140466	-6.63995517890657	4.92261507344976e-10
"log(Species)"	0.690624417400307	0.0558629258575909	12.3628400553327	6.59463217119174e-25
"log(Species):Lakeweb"	-0.02374449046912	0.0824908045552595	-0.287844088770087	0.773848134776096
"log(Species):Stream"	-0.282637643218162	0.0840499045673105	-3.36273603965623	0.000970923570599754
"log(Species):Latitude"	-0.00176283433770873	0.0010705694502236	-1.64663239488157	0.10164666931031
"log(Species):Lakeweb:Latitude"	0.00309231666015045	0.00187447894333097	1.64969399691168	0.101017665264663
"log(Species):Stream:Latitude"	0.00852729068895458	0.00189163187801906	4.50790176886025	1.2788043208427e-05
