"Estimate"	"Std. Error"	"t value"	"Pr(>|t|)"
"(Intercept)"	-1.01227383325403	0.13571861595769	-7.45862184130736	3.08047832053807e-12
"log(Species)"	0.637495522187326	0.053736033670846	11.8634643950879	1.26825520480905e-24
"log(Species):Lakeweb"	-0.0877025341272785	0.0644794520922838	-1.3601625212596	0.175398627928382
"log(Species):Terr"	-0.060460940884095	0.0257118379301119	-2.35148265357131	0.0197284637626979
"log(Species):Latitude"	-0.00081515517774196	0.000911684066172718	-0.894120241855285	0.372394731152145
"log(Species):Lakeweb:Latitude"	0.00365542091732359	0.00153374978113637	2.38332286157867	0.0181481248437045
