"Estimate"	"Std. Error"	"t value"	"Pr(>|t|)"
"(Intercept)"	-0.832604132482698	0.127444380189089	-6.53307843976616	8.6420711580429e-10
"log(Species)"	0.688372953514235	0.0561293270207264	12.2640514335767	1.22692219820578e-24
"log(Species):Lakeweb"	-0.0245842378356718	0.082850159448659	-0.296731327969335	0.767066342488321
"log(Species):Stream"	-0.281973828473467	0.0844117937967871	-3.34045535333949	0.00104655812928767
"log(Species):Latitude"	-0.00176990655429774	0.00107521574854171	-1.6460943366001	0.10175753762214
"log(Species):Lakeweb:Latitude"	0.00310492263398227	0.00188261503606111	1.64926050972084	0.101106534187168
"log(Species):Stream:Latitude"	0.00845255202528657	0.00189949915907973	4.44988458398774	1.62678280827031e-05
