"Estimate"	"Std. Error"	"t value"	"Pr(>|t|)"
"(Intercept)"	-1.48725310965368	0.121202414500748	-12.2708208064988	1.1600529461816e-26
"log(Species)"	0.771521599921727	0.048526379122557	15.8990143891262	2.63206058478828e-38
"log(Species):Lakeweb"	-0.0424210710996543	0.0615588214449402	-0.689114412913133	0.491484058618811
"log(Species):Marine"	0.125035599793146	0.0253049998608421	4.94114208578325	1.5464306684133e-06
"log(Species):Latitude"	-0.000813584430542341	0.000828837794383004	-0.981596684002546	0.327386694441717
"log(Species):Lakeweb:Latitude"	0.00401028781608607	0.00149649913730016	2.67977957095321	0.00792948550679814
