"Estimate"	"Std. Error"	"t value"	"Pr(>|t|)"
"(Intercept)"	-1.00012331188002	0.135381283254254	-7.38745628523649	4.67022725797067e-12
"log(Species)"	0.637094222422265	0.0534894862556744	11.9106438857352	9.18070484539791e-25
"log(Species):Lakeweb"	-0.0915694918914473	0.0642454066458601	-1.42530799744495	0.155717545749885
"log(Species):Terr"	-0.061482238247089	0.0255974195646471	-2.40189203805538	0.0172789918256851
"log(Species):Latitude"	-0.000864820338521121	0.000907753547497565	-0.952703892929089	0.341956936632108
"log(Species):Lakeweb:Latitude"	0.00371595602014668	0.00152702873863419	2.43345519709755	0.0158858669958876
