"Estimate"	"Std. Error"	"t value"	"Pr(>|t|)"
"(Intercept)"	-0.630903250811162	0.136106730399842	-4.63535674509081	6.65009278600326e-06
"log(Species)"	0.553392926943442	0.0562806880269885	9.83273208525936	1.13595320813223e-18
"log(Species):Lakeweb"	-0.0646079018404849	0.0650543625687651	-0.993137113167342	0.321919661574411
"log(Species):Stream"	-0.181801096166715	0.0939064758630122	-1.93598039427995	0.0543698346553607
"log(Species):Latitude"	-0.000642505640096272	0.00103678108996469	-0.619711958787898	0.536197791316733
"log(Species):Lakeweb:Latitude"	0.00462148524155616	0.00159285266157037	2.90138903180153	0.0041585783419662
"log(Species):Stream:Latitude"	0.00644634990055382	0.00212303749819995	3.03638061316367	0.00273420236577688
