"Estimate"	"Std. Error"	"t value"	"Pr(>|t|)"
"(Intercept)"	-0.635448479984853	0.13544048631183	-4.69171735341997	5.2024195125066e-06
"log(Species)"	0.554578071841861	0.0559956002623811	9.90395797604186	7.11647425363446e-19
"log(Species):Lakeweb"	-0.0641963902625679	0.0647181721745053	-0.991937629039793	0.322502921749367
"log(Species):Stream"	-0.192819323497504	0.0892665767851955	-2.16003940603089	0.0320354803316547
"log(Species):Latitude"	-0.000639580433655206	0.00103141473961084	-0.620100148943504	0.535942754596388
"log(Species):Lakeweb:Latitude"	0.00461449384106683	0.00158461266998126	2.91206420880214	0.00402505782097228
"log(Species):Stream:Latitude"	0.00676106656204126	0.00200802495457637	3.36702317699415	0.000921461959939615
