"Estimate"	"Std. Error"	"t value"	"Pr(>|t|)"
"(Intercept)"	-0.321409996656099	0.135705210492209	-2.36844256377725	0.0188722205472871
"log(Species)"	0.637769600559786	0.0536978074198772	11.8770138149757	1.15588000290801e-24
"log(Species):Lakeweb"	-0.0873127444231958	0.0643546541093536	-1.35674327881292	0.17648107618007
"log(Species):Terr"	-0.0602553530830925	0.0256708434256711	-2.34722919243224	0.0199484967664603
"log(Species):Latitude"	-0.000820447559327858	0.000909935095211532	-0.901655034128703	0.368387723863917
"log(Species):Lakeweb:Latitude"	0.00360123325892998	0.00153091137867404	2.35234600062159	0.0196840642326823
