"Estimate"	"Std. Error"	"t value"	"Pr(>|t|)"
"(Intercept)"	-0.621311292166642	0.135939854943881	-4.57048664957846	8.79831209923562e-06
"log(Species)"	0.550891873548995	0.0561518443899808	9.81075295983138	1.31202917959105e-18
"log(Species):Lakeweb"	-0.0654763293468408	0.0648638604220112	-1.00944237547449	0.314059957894427
"log(Species):Stream"	-0.191900996076325	0.0894600857647074	-2.14510185672135	0.0332278295579417
"log(Species):Latitude"	-0.000648678807199004	0.00103369236721872	-0.627535645778596	0.531069628281704
"log(Species):Lakeweb:Latitude"	0.00463623944245525	0.00158813585535503	2.919296498988	0.00393684100234947
"log(Species):Stream:Latitude"	0.00664478042196173	0.00201206881000717	3.302461818857	0.00114713650625356
