"Estimate"	"Std. Error"	"t value"	"Pr(>|t|)"
"(Intercept)"	-1.18964509883813	0.129541881449846	-9.18347862114944	2.06920450649053e-16
"log(Species)"	0.667967510509547	0.0364188662497486	18.3412494482625	3.5105868611154e-41
"log(Species):Lakeweb"	0.0570776964494149	0.0252733182748391	2.25841719036311	0.0252710561844304
