"Estimate"	"Std. Error"	"t value"	"Pr(>|t|)"
"(Intercept)"	-1.22506278326552	0.146609094627767	-8.35598082353545	7.74318255229198e-15
"log(Species)"	0.69967334809155	0.0541735881316788	12.9153960854663	1.09949262045267e-28
"log(Species):Lakeweb"	-0.0608690485960851	0.0687452476777037	-0.885429184595502	0.376905290854924
"log(Species):Marine"	0.127946827658106	0.0289528027429582	4.41915170679719	1.56486085922146e-05
"log(Species):Terr"	-0.051821564411163	0.0271337919292198	-1.90985338674162	0.0574707700820338
"log(Species):Latitude"	-0.00115234369654066	0.000912958452972371	-1.26220825579621	0.208228721729508
"log(Species):Lakeweb:Latitude"	0.00346383204656109	0.00161873924543001	2.13983324141927	0.0334844726822238
