"Estimate"	"Std. Error"	"t value"	"Pr(>|t|)"
"(Intercept)"	-1.49287828686127	0.121932854433609	-12.2434457373761	1.41680176450285e-26
"log(Species)"	0.77290891195411	0.048652400035852	15.8863470534764	2.89039401944256e-38
"log(Species):Latitude"	-0.000836719876869134	0.000828881668677988	-1.00945636571219	0.313874927496837
"log(Species):Lakeweb"	-0.0419138524118761	0.0615978524783199	-0.680443403877241	0.496945767655045
"log(Species):Marine"	0.126407476007545	0.0253311158754191	4.99020558862189	1.23228151834638e-06
"log(Species):Latitude:Lakeweb"	0.00403496337263124	0.00149703932004198	2.69529552003891	0.00758101402107652
