"Estimate"	"Std. Error"	"t value"	"Pr(>|t|)"
"(Intercept)"	-1.09560034806078	0.116185375602376	-9.42976121031167	6.69817051291611e-18
"log(Species)"	0.720040379685033	0.0528181213748107	13.6324496393093	6.05637710306328e-31
"log(Species):Lakeweb"	-0.0534939989978269	0.0637641961089014	-0.838934735513104	0.402433414887161
"log(Species):Stream"	-0.13448304498008	0.0771303430408734	-1.74358157474826	0.0826548552972985
"log(Species):Marine"	0.134486911373415	0.0277706592645145	4.84276984901338	2.43958752472523e-06
"log(Species):Latitude"	-0.0011141193518057	0.000999139565986639	-1.11507880353584	0.266055747532378
"log(Species):Lakeweb:Latitude"	0.00490736235011367	0.00155411721079417	3.15765266353749	0.00181775050047703
"log(Species):Stream:Latitude"	0.00506635969458627	0.00175384515593404	2.88871550458403	0.00426205632773587
