"Estimate"	"Std. Error"	"t value"	"Pr(>|t|)"
"(Intercept)"	-1.01270965902953	0.135767786719474	-7.45913064873046	3.0713044580424e-12
"log(Species)"	0.637300945225334	0.0537576507008105	11.8550743367162	1.34324225450729e-24
"log(Species):Lakeweb"	-0.0873548594840871	0.064506038438034	-1.35421212648181	0.177285604004092
"log(Species):Terr"	-0.0597046565564063	0.0257233477393355	-2.32102979602097	0.0213520106945051
"log(Species):Latitude"	-0.000826949834163486	0.000911859315805666	-0.90688313408614	0.365623373487124
"log(Species):Lakeweb:Latitude"	0.00366682568093516	0.00153421368399952	2.39003583345455	0.0178295677832078
