"Estimate"	"Std. Error"	"t value"	"Pr(>|t|)"
"(Intercept)"	-1.20865606234312	0.146528895710554	-8.24858507587907	1.53784119296786e-14
"log(Species)"	0.696270213151221	0.0542031305014177	12.845571957011	1.83591908002337e-28
"log(Species):Lakeweb"	-0.0637958999760017	0.0690022090807681	-0.92454866048314	0.356227694716492
"log(Species):Marine"	0.127334078160099	0.0289729089606982	4.39493591523128	1.73383868041544e-05
"log(Species):Terr"	-0.0519036008051301	0.0271396146156525	-1.91246639055793	0.0571331569900024
"log(Species):Latitude"	-0.00117857395835178	0.000914620285523749	-1.28859372245049	0.198911507612488
"log(Species):Lakeweb:Latitude"	0.00359883372363569	0.00164104994792803	2.19300681748263	0.029369334163906
