"Estimate"	"Std. Error"	"t value"	"Pr(>|t|)"
"(Intercept)"	-0.899287176252594	0.141019284052457	-6.37705106996623	1.08785737361608e-09
"log(Species)"	0.668799410813549	0.0612127597735645	10.9258169912211	2.17549493475247e-22
"log(Species):Lakeweb"	-0.0772461650508002	0.0735713552190655	-1.0499489212995	0.29492034572092
"log(Species):Stream"	-0.18403064818482	0.0874873446421462	-2.10351164431347	0.0365836788922352
"log(Species):Marine"	0.121314230712973	0.0367359336393641	3.30233149656445	0.00112282005754107
"log(Species):Terr"	-0.0581205151545453	0.0353040562026115	-1.64628434820603	0.101166179728961
"log(Species):Latitude"	-0.00105368478906934	0.00106317765447661	-0.991071233140293	0.322764860505824
"log(Species):Lakeweb:Latitude"	0.00450990337814591	0.00166286759907582	2.71212415267	0.00722631278242219
"log(Species):Stream:Latitude"	0.00563012964716959	0.00191071126409203	2.94661456860413	0.0035669282664337
