"Estimate"	"Std. Error"	"t value"	"Pr(>|t|)"
"(Intercept)"	-1.48096532768629	0.12184685115474	-12.1543176015729	2.71507250018069e-26
"log(Species)"	0.770322759407173	0.0486034403822542	15.8491405824109	3.80541482135113e-38
"log(Species):Lakeweb"	-0.0433399231766886	0.0616691663096117	-0.702781077971759	0.482941975608165
"log(Species):Marine"	0.125314278717365	0.0253466942863545	4.94400876507312	1.52611694919522e-06
"log(Species):Latitude"	-0.000838703648703951	0.000829663099906198	-1.01089665045821	0.313186585964735
"log(Species):Lakeweb:Latitude"	0.00403368551030247	0.00149812567250479	2.69248807648984	0.00764302311179028
