"Estimate"	"Std. Error"	"t value"	"Pr(>|t|)"
"(Intercept)"	-1.22333505962077	0.146043763144747	-8.37649642325569	6.7886057329456e-15
"log(Species)"	0.699689621276718	0.054054305861767	12.9441976938162	8.89825891253627e-29
"log(Species):Lakeweb"	-0.0582075268093124	0.0684775685745548	-0.850023270699793	0.396249019481347
"log(Species):Marine"	0.12658571436297	0.0289241245489508	4.37647522049417	1.87427847126906e-05
"log(Species):Terr"	-0.053020873941528	0.0271190841010894	-1.95511300248514	0.0518537055829978
"log(Species):Latitude"	-0.00113350612190924	0.000911966917869428	-1.24292460581507	0.2152369295923
"log(Species):Lakeweb:Latitude"	0.00339172624127299	0.00161412040121325	2.10128453783473	0.036770006145996
