"Estimate"	"Std. Error"	"t value"	"Pr(>|t|)"
"(Intercept)"	-1.10264407860997	0.115746305200285	-9.52638683975252	3.48349110809206e-18
"log(Species)"	0.719003036100536	0.0515940093697673	13.9357852759133	6.47391794682853e-32
"log(Species):Lakeweb"	-0.0300030801855169	0.064264587458141	-0.466868011952298	0.641064879574316
"log(Species):Stream"	-0.131599287542023	0.0761223277531486	-1.72878695944213	0.085276115156486
"log(Species):Marine"	0.133380319121411	0.0272362616920829	4.89715955256011	1.90385160662838e-06
"log(Species):Latitude"	-0.00103860227404016	0.00096231719332055	-1.07927228282847	0.28167005712583
"log(Species):Lakeweb:Latitude"	0.00441102726471974	0.00155364018905336	2.8391562575421	0.00495497898198351
"log(Species):Stream:Latitude"	0.00499110697600264	0.00172751609930251	2.88918116480525	0.00425598763738532
