"Estimate"	"Std. Error"	"t value"	"Pr(>|t|)"
"(Intercept)"	-0.514373932054017	0.143636681493925	-3.58107641240494	0.000422280921719914
"log(Species)"	0.693039086319195	0.0531836370234039	13.0310585192626	4.69943201171855e-29
"log(Species):Latitude"	-0.00115718190312104	0.000897617308323947	-1.28917066592863	0.198711262475421
"log(Species):Lakeweb"	-0.06046408690031	0.0673269188428889	-0.898067042714463	0.370145157243853
"log(Species):Marine"	0.125833217905703	0.028450768670348	4.42284070998928	1.54054884633628e-05
"log(Species):Terr"	-0.0512014174503599	0.0266537797208614	-1.92098148880122	0.0560444702688432
"log(Species):Latitude:Lakeweb"	0.00336926546798193	0.00158743989950463	2.12245230136481	0.0349331786643793
