"Estimate"	"Std. Error"	"t value"	"Pr(>|t|)"
"(Intercept)"	-1.22988951083458	0.143036582202529	-8.59842630393074	1.79445731479221e-15
"log(Species)"	0.733702438508517	0.0539551749521216	13.5983701129611	1.07501115694298e-30
"log(Species):Lakeweb"	-0.0913947973825149	0.0675627018862775	-1.35274041491638	0.177579533449094
"log(Species):Marine"	0.096591113743142	0.0285850056295053	3.37908325067605	0.000865494029651086
"log(Species):Terr"	-0.0790261058946643	0.0269286309929423	-2.93464996105358	0.00370703790364305
"log(Species):Latitude"	-0.00146128296112667	0.000902228819782201	-1.61963675853252	0.106796911092506
"log(Species):Lakeweb:Latitude"	0.00372600455182558	0.00159463159554521	2.33659270406694	0.0203936888462388
