"Estimate"	"Std. Error"	"t value"	"Pr(>|t|)"
"(Intercept)"	-0.48559575311091	0.130129902742008	-3.7316231156619	0.000265462529625601
"log(Species)"	0.719862746485405	0.0534832367425681	13.4595957598889	6.00408707128845e-28
"log(Species):Lakeweb"	-0.0214592057184431	0.0837854844694035	-0.256120804866618	0.798192838210021
"log(Species):Terr"	-0.0252786183106236	0.0280293477943076	-0.901862522671945	0.368511378053315
"log(Species):Latitude"	-0.00119253785125025	0.000938184247531029	-1.27111263527243	0.205568629696684
"log(Species):Lakeweb:Latitude"	0.00172537286619666	0.00186630750399819	0.924484771400422	0.356652716551699
