"Estimate"	"Std. Error"	"t value"	"Pr(>|t|)"
"(Intercept)"	-0.873577672553861	0.140975235005054	-6.19667470334446	2.90095792301214e-09
"log(Species)"	0.662749530711379	0.0614701985752651	10.7816396574658	6.02885969385844e-22
"log(Species):Lakeweb"	-0.0797490276011366	0.0740025516698146	-1.07765240254095	0.282396536067729
"log(Species):Stream"	-0.157993157189586	0.0865267729880962	-1.82594533152555	0.0692455651820258
"log(Species):Marine"	0.120281220837438	0.0371826053822256	3.23487877196836	0.00140889831136601
"log(Species):Terr"	-0.0586614776850497	0.0355171416564879	-1.65163847508923	0.100068037321263
"log(Species):Latitude"	-0.00106488954387795	0.00106962463047337	-0.995573132423724	0.32057674655814
"log(Species):Lakeweb:Latitude"	0.00452858319941305	0.00167294190815905	2.70695783118758	0.00733589295820515
"log(Species):Stream:Latitude"	0.00507035477589537	0.00189074734019095	2.68166701500333	0.00789428929929577
