"Estimate"	"Std. Error"	"t value"	"Pr(>|t|)"
"(Intercept)"	-1.48450349375696	0.121122531588548	-12.2562125666248	1.29067821046223e-26
"log(Species)"	0.770758086108723	0.048506881284846	15.8896648412132	2.82037563153637e-38
"log(Species):Lakeweb"	-0.0425836137632247	0.0615434153087035	-0.691928024299987	0.489718815039664
"log(Species):Marine"	0.124919065113576	0.0253015141088396	4.93721698141112	1.57466952831531e-06
"log(Species):Latitude"	-0.000813316202659462	0.000828594034643845	-0.981561740314785	0.327403877214747
"log(Species):Lakeweb:Latitude"	0.00400926677431255	0.00149613170174409	2.67975524456759	0.0079300430099933
