"Estimate"	"Std. Error"	"t value"	"Pr(>|t|)"
"(Intercept)"	-1.48973829046429	0.120544365430259	-12.3584232672092	6.11492764886108e-27
"log(Species)"	0.777327642233495	0.0484078539075422	16.0578827501457	8.13902820012835e-39
"log(Species):Latitude"	-0.000913755305823282	0.000825417020920692	-1.10702261119362	0.269504171364664
"log(Species):Lakeweb"	-0.0473901173103043	0.0612924289793128	-0.773180604839453	0.440253047607001
"log(Species):Marine"	0.124266823286675	0.0251703569270713	4.93703063674169	1.57602250702208e-06
"log(Species):Latitude:Lakeweb"	0.0041111391059068	0.00148912168024364	2.76078117755572	0.00625760484834239
