"Estimate"	"Std. Error"	"t value"	"Pr(>|t|)"
"(Intercept)"	-0.33625079142855	0.133992945895563	-2.50946636915222	0.0129314828697465
"log(Species)"	0.642265570175826	0.0530203505420774	12.1135670286849	2.2830387382808e-25
"log(Species):Lakeweb"	-0.0865954123151837	0.0635642228590159	-1.36232944288882	0.174715222916847
"log(Species):Terr"	-0.0625036486018472	0.0253535279376454	-2.46528407232196	0.0145827531916331
"log(Species):Latitude"	-0.000773346499731981	0.000898834784008499	-0.860387819308814	0.390665401094833
"log(Species):Lakeweb:Latitude"	0.00354085551975001	0.00151214877923706	2.34160524967425	0.0202427385628359
