"Estimate"	"Std. Error"	"t value"	"Pr(>|t|)"
"(Intercept)"	-1.10475118779437	0.11667696087637	-9.46846043551778	5.15670030930335e-18
"log(Species)"	0.718333151794853	0.0517840035039175	13.8717191253957	1.03836357739375e-31
"log(Species):Lakeweb"	-0.0487048154019387	0.0629593651816131	-0.773591272107722	0.440018343612769
"log(Species):Stream"	-0.130377054511207	0.0764048778897146	-1.70639700124118	0.0893714263031649
"log(Species):Marine"	0.134606436384355	0.0273999035354592	4.91266095919485	1.77329809757437e-06
"log(Species):Latitude"	-0.00103602392879348	0.000965711389725644	-1.07280906057017	0.284553891644193
"log(Species):Lakeweb:Latitude"	0.00483177232404457	0.00153169109346376	3.15453445192923	0.00183641250616726
"log(Species):Stream:Latitude"	0.00498860771294918	0.00173358747550676	2.87762099313213	0.00440900219593425
