"Estimate"	"Std. Error"	"t value"	"Pr(>|t|)"
"(Intercept)"	-1.4843197589419	0.121446191037457	-12.2220363295223	1.65651182277535e-26
"log(Species)"	0.770781137782287	0.0486086133244454	15.8568838949919	3.59369820882435e-38
"log(Species):Latitude"	-0.000833530240332236	0.000829945480398321	-1.00431927158901	0.316338205785765
"log(Species):Lakeweb"	-0.0426685463764741	0.0616430398026064	-0.692187577269186	0.489556146269754
"log(Species):Marine"	0.125696031449818	0.0253380995397391	4.96075213741592	1.4125321103082e-06
"log(Species):Latitude:Lakeweb"	0.00402943050746056	0.00149851874609978	2.6889423425286	0.0077219931192599
