"Estimate"	"Std. Error"	"t value"	"Pr(>|t|)"
"(Intercept)"	-1.210666948589	0.14608470533488	-8.28743122569678	1.20044822789426e-14
"log(Species)"	0.696603299608718	0.054000757631345	12.8998801158369	1.23220689928058e-28
"log(Species):Lakeweb"	-0.0634314061054773	0.0687997908344425	-0.921970914971478	0.357567657834189
"log(Species):Marine"	0.125605800387278	0.0288826296193179	4.34883533953805	2.10512393041973e-05
"log(Species):Terr"	-0.0534800936477171	0.0270725229504975	-1.975438112861	0.0494858808456812
"log(Species):Latitude"	-0.00113114014376727	0.000910441826815085	-1.2424079281641	0.215427030460575
"log(Species):Lakeweb:Latitude"	0.00355000013116217	0.00163567249578812	2.17036120635608	0.0310650493437803
