"Estimate"	"Std. Error"	"t value"	"Pr(>|t|)"
"(Intercept)"	-0.873116411610441	0.140919989948933	-6.19583078260825	2.91417608494955e-09
"log(Species)"	0.660627124811176	0.061638578935263	10.7177539817232	9.45932787543677e-22
"log(Species):Lakeweb"	-0.0777800686982359	0.0741162349631741	-1.04943361919129	0.295156792781616
"log(Species):Stream"	-0.155985339281953	0.0866186731464531	-1.80082808493517	0.0731313764540071
"log(Species):Marine"	0.119703382545319	0.0369332861617646	3.24107045392681	0.00138005767734877
"log(Species):Terr"	-0.0567652749056035	0.0357798801052705	-1.58651383790528	0.114092410224398
"log(Species):Latitude"	-0.00101640026448607	0.00107513182990285	-0.945372684741289	0.345529863070065
"log(Species):Lakeweb:Latitude"	0.00448022803214744	0.00167606559540758	2.67306246511071	0.0080928359861425
"log(Species):Stream:Latitude"	0.00502181032661346	0.00189337134738309	2.65231135643535	0.00859030215112641
