"Estimate"	"Std. Error"	"t value"	"Pr(>|t|)"
"(Intercept)"	-1.22088386497074	0.146058439862392	-8.35887242203183	7.60098894361592e-15
"log(Species)"	0.703664566501738	0.0544623143147357	12.9202105227348	1.06129044576769e-28
"log(Species):Lakeweb"	-0.0629979073410018	0.0687565451940326	-0.916245968485184	0.360555007984385
"log(Species):Marine"	0.128554547663444	0.0289435067630618	4.44156780019162	1.42261844858275e-05
"log(Species):Terr"	-0.0517245240389808	0.0271101722624614	-1.90793785956876	0.0577193254239285
"log(Species):Latitude"	-0.00129073550113788	0.000926933693622439	-1.39247878248304	0.16520265223443
"log(Species):Lakeweb:Latitude"	0.0035496683080403	0.00162306341558254	2.18701763218923	0.0298098218242513
