"Estimate"	"Std. Error"	"t value"	"Pr(>|t|)"
"(Intercept)"	-0.875750616155793	0.140787726455384	-6.22036194634708	2.55301635215416e-09
"log(Species)"	0.663247143035945	0.0613801556287018	10.8055630723394	5.09207126000031e-22
"log(Species):Lakeweb"	-0.079523769984551	0.073891430186284	-1.07622453353613	0.283033017086488
"log(Species):Stream"	-0.158764822893298	0.0864015834912856	-1.83752214343747	0.0675129155729387
"log(Species):Marine"	0.119922989010488	0.0368918715573171	3.25066156711973	0.00133646318521261
"log(Species):Terr"	-0.0586145682556396	0.0354636270525771	-1.65280804946262	0.0998294335582295
"log(Species):Latitude"	-0.00106361086109254	0.00106800877162981	-0.995882140059055	0.320426914631546
"log(Species):Lakeweb:Latitude"	0.00452667273088702	0.00167041836150018	2.70990359973156	0.00727322923135042
"log(Species):Stream:Latitude"	0.00511663963393788	0.00188876060249796	2.70899320282884	0.00729254377114402
