"Estimate"	"Std. Error"	"t value"	"Pr(>|t|)"
"(Intercept)"	-0.320704642722483	0.135647237281737	-2.364254880152	0.0190805383206138
"log(Species)"	0.637562249807176	0.0536960696082058	11.8735366379543	1.18373345718024e-24
"log(Species):Lakeweb"	-0.087353171699632	0.0643570996670704	-1.35731989402139	0.176298182982711
"log(Species):Terr"	-0.0601675734327238	0.0256723010760304	-2.34367668307306	0.0201339211512967
"log(Species):Latitude"	-0.000822347401877986	0.000909869703720398	-0.903807873276208	0.36724782902819
"log(Species):Lakeweb:Latitude"	0.00360376411607963	0.00153087485675444	2.35405532998292	0.0195964175935537
