"Estimate"	"Std. Error"	"t value"	"Pr(>|t|)"
"(Intercept)"	-0.893197315207785	0.138058660749987	-6.46969418909033	6.79413630523707e-10
"log(Species)"	0.700865483170596	0.0600443818067547	11.6724573071007	1.37193154443392e-24
"log(Species):Lakeweb"	-0.107060251993457	0.0720971887764562	-1.48494350210252	0.139058321190163
"log(Species):Stream"	-0.201141206636404	0.0888793173274127	-2.26308226350842	0.0246532926038969
"log(Species):Marine"	0.082819129792568	0.0347577661220703	2.38275180003527	0.0180754545972615
"log(Species):Terr"	-0.0947197282254421	0.0332818421781224	-2.84598814327969	0.00486618129880805
"log(Species):Latitude"	-0.00112992516187793	0.00105563646556523	-1.07037337069719	0.285679965560444
"log(Species):Lakeweb:Latitude"	0.00448778299211321	0.00165500147366843	2.7116489402065	0.00724944979365917
"log(Species):Stream:Latitude"	0.0056278007336225	0.00194994761257412	2.88612919512912	0.00430749443218022
