"Estimate"	"Std. Error"	"t value"	"Pr(>|t|)"
"(Intercept)"	-1.09553733711948	0.116221319691031	-9.42630267864718	6.85643297080701e-18
"log(Species)"	0.717106483272396	0.0518315749777026	13.8353211065048	1.35800127148955e-31
"log(Species):Lakeweb"	-0.0505887100382728	0.0629982991359987	-0.803017077160505	0.422847586536895
"log(Species):Stream"	-0.131565665990154	0.0764941121749044	-1.71994500294778	0.0868747512617719
"log(Species):Marine"	0.133110809338293	0.0273687340741301	4.86360856069386	2.21902909027134e-06
"log(Species):Latitude"	-0.00104046590592138	0.000967016480314604	-1.07595467823142	0.283147840503311
"log(Species):Lakeweb:Latitude"	0.00484217917085064	0.001536459754656	3.15151708736736	0.00185463957424781
"log(Species):Stream:Latitude"	0.00499270388382999	0.00173595311974798	2.87605916717084	0.00443005570419679
