"Estimate"	"Std. Error"	"t value"	"Pr(>|t|)"
"(Intercept)"	-0.334955469394475	0.135922022749526	-2.46432081143851	0.0146207523886939
"log(Species)"	0.646809471669138	0.0543289117337667	11.9054376579226	9.51404029819468e-25
"log(Species):Lakeweb"	-0.0915943369185781	0.0643318470915367	-1.42377906215331	0.156159240663902
"log(Species):Terr"	-0.0602135569327963	0.0255793240538892	-2.35399328011723	0.0195995932088349
"log(Species):Latitude"	-0.000964349902606188	0.000918404269796537	-1.05002767770214	0.295046165211867
"log(Species):Lakeweb:Latitude"	0.00373301772684382	0.00153216311264692	2.43643623582268	0.0157595823663523
