"Estimate"	"Std. Error"	"t value"	"Pr(>|t|)"
"(Intercept)"	-0.632360124004149	0.135479423959797	-4.66757316736007	5.78088321604223e-06
"log(Species)"	0.553772799061289	0.056020815131536	9.88512569410208	8.05389957641004e-19
"log(Species):Lakeweb"	-0.0644760008595745	0.064753645144181	-0.99571229875958	0.32066979981549
"log(Species):Stream"	-0.192846447585425	0.0893168349162963	-2.15912764672138	0.0321071850662241
"log(Species):Latitude"	-0.000641568029541312	0.0010319880903191	-0.621681621677369	0.534904380931912
"log(Species):Lakeweb:Latitude"	0.00461924430197641	0.00158548919234484	2.91345051374639	0.00400800931567933
"log(Species):Stream:Latitude"	0.00675865596794038	0.00200917390646641	3.36389794143156	0.000931354399686294
