"Estimate"	"Std. Error"	"t value"	"Pr(>|t|)"
"(Intercept)"	-1.0183614600196	0.135547541527864	-7.51294673839775	2.23906685471736e-12
"log(Species)"	0.639934591337953	0.0536761034455593	11.9221506454358	8.48475611699315e-25
"log(Species):Lakeweb"	-0.0880031305344345	0.0643420362431311	-1.36773928325636	0.173017811420921
"log(Species):Terr"	-0.0593047593439	0.0256482468120376	-2.31223442984284	0.0218422431858938
"log(Species):Latitude"	-0.000866901469042394	0.000910495136432583	-0.952120922291805	0.342251698841574
"log(Species):Lakeweb:Latitude"	0.00370172117482103	0.00153079149586529	2.41817464025602	0.0165473763652081
