"Estimate"	"Std. Error"	"t value"	"Pr(>|t|)"
"(Intercept)"	-0.881488577886704	0.141229218580518	-6.24154538803275	2.27674612317617e-09
"log(Species)"	0.664600726562876	0.0614496919186155	10.8153630362066	4.7515807601276e-22
"log(Species):Lakeweb"	-0.0831499504955673	0.0740602725775836	-1.12273351962702	0.262802878520109
"log(Species):Stream"	-0.157879099371935	0.0864224527851704	-1.82682965229409	0.0691119280447903
"log(Species):Marine"	0.120262158864302	0.0369083583478795	3.25839902524982	0.00130223023002695
"log(Species):Terr"	-0.0584941233913323	0.0354750545095087	-1.64888043725637	0.100632515273742
"log(Species):Latitude"	-0.00106119099084925	0.00106834123900502	-0.99330714953733	0.321676887195642
"log(Species):Lakeweb:Latitude"	0.00459171119926885	0.00167317707319247	2.74430678786898	0.00657638229067986
"log(Species):Stream:Latitude"	0.00506760241998905	0.00188846791585513	2.68344639453107	0.00785378316384218
