"Estimate"	"Std. Error"	"t value"	"Pr(>|t|)"
"(Intercept)"	-0.319941440861267	0.135383864716351	-2.36321692789308	0.0191324839322643
"log(Species)"	0.637421724492363	0.0536034932389456	11.8914213603759	1.04727388632914e-24
"log(Species):Lakeweb"	-0.0874807453404261	0.0643204129179123	-1.360077483521	0.175425488113342
"log(Species):Terr"	-0.0605348706262426	0.025648419440294	-2.36017937741386	0.0192852185080478
"log(Species):Latitude"	-0.000814342350573141	0.000909435388858211	-0.895437279602173	0.371692372868922
"log(Species):Lakeweb:Latitude"	0.00359644183053799	0.00152996677289158	2.35066662509332	0.0197705108415084
