"Estimate"	"Std. Error"	"t value"	"Pr(>|t|)"
"(Intercept)"	-1.21538313339347	0.144268107190779	-8.42447549260669	4.98755201014567e-15
"log(Species)"	0.698380357746315	0.0533997408150239	13.078347330664	3.31904151440755e-29
"log(Species):Lakeweb"	-0.0595436188412239	0.0676798923920084	-0.879783001077213	0.379950120986738
"log(Species):Marine"	0.124536636136204	0.028594156563881	4.35531769779541	2.04865502142021e-05
"log(Species):Terr"	-0.05465051920894	0.0268014339359059	-2.03908937632343	0.042653327034237
"log(Species):Latitude"	-0.00111313954444123	0.000901206274969456	-1.23516621594646	0.218104295139396
"log(Species):Lakeweb:Latitude"	0.00337367169509577	0.00159518148690288	2.11491402250781	0.0355780596055117
