"Estimate"	"Std. Error"	"t value"	"Pr(>|t|)"
"(Intercept)"	-0.320844441263837	0.135399583042956	-2.36961173774108	0.0188144187514541
"log(Species)"	0.637542237823504	0.0536082203022385	11.8926208374219	1.03870531538583e-24
"log(Species):Lakeweb"	-0.0872883850817572	0.0643241793279009	-1.35700736478569	0.176397294614268
"log(Species):Terr"	-0.060080433865487	0.0256323742688755	-2.34392777021989	0.0201207659620554
"log(Species):Latitude"	-0.000823125391448921	0.000909296569504116	-0.905233142909372	0.366494391115624
"log(Species):Lakeweb:Latitude"	0.00356310198960562	0.00153286294379117	2.32447525986449	0.0211626176756141
