"Estimate"	"Std. Error"	"t value"	"Pr(>|t|)"
"(Intercept)"	-0.899358628804566	0.138081977421415	-6.5132224030932	5.34104365393071e-10
"log(Species)"	0.702368283962289	0.0600145065477713	11.7033084893101	1.10096632354887e-24
"log(Species):Lakeweb"	-0.0831216924536981	0.073768182843113	-1.12679598778348	0.261114663410191
"log(Species):Stream"	-0.169123776414221	0.085902633904344	-1.96878452647386	0.0502932552892891
"log(Species):Marine"	0.0831283367151056	0.0347311826276906	2.39347843712148	0.0175694153725724
"log(Species):Terr"	-0.0946353934905197	0.0332552053674755	-2.84573174168624	0.00486995296965111
"log(Species):Latitude"	-0.00112745284173885	0.00105479111424138	-1.06888731476443	0.286347559773118
"log(Species):Lakeweb:Latitude"	0.00398937024142411	0.00168577930001062	2.36648429684656	0.0188674269479377
"log(Species):Stream:Latitude"	0.0049481011096447	0.00188903251552326	2.61938376866641	0.00945150264931779
