"Estimate"	"Std. Error"	"t value"	"Pr(>|t|)"
"(Intercept)"	-0.505579255256688	0.128347408447509	-3.93914658170491	0.000122717968739448
"log(Species)"	0.724814316294267	0.0527083389273129	13.751416399098	9.61540840886974e-29
"log(Species):Lakeweb"	0.0605037455313747	0.0903363972760263	0.669760443805426	0.503994353670234
"log(Species):Terr"	-0.0252926090751414	0.0275791773144228	-0.917090774202116	0.360501692275748
"log(Species):Latitude"	-0.00118266242232296	0.00092369331647415	-1.28036264984284	0.202306034818234
"log(Species):Lakeweb:Latitude"	4.04114682009137e-05	0.00198776123082044	0.0203301420584775	0.983805825252057
