"Estimate"	"Std. Error"	"t value"	"Pr(>|t|)"
"(Intercept)"	-1.48590424779903	0.121436146354657	-12.2360952023248	1.49492241787707e-26
"log(Species)"	0.771256660629711	0.0486096039260011	15.8663432395747	3.35098953448287e-38
"log(Species):Lakeweb"	-0.042610421535158	0.0616344619458205	-0.691340853638253	0.490086918614574
"log(Species):Marine"	0.125482242562921	0.0253347982091256	4.95296001677735	1.46433583972075e-06
"log(Species):Latitude"	-0.000827903711658459	0.000829729542366749	-0.997799486923074	0.31948284213819
"log(Species):Lakeweb:Latitude"	0.00402423779400535	0.00149827144583102	2.68592036857065	0.00778987835445243
