"Estimate"	"Std. Error"	"t value"	"Pr(>|t|)"
"(Intercept)"	-0.486741668622211	0.130810467977792	-3.72096878901807	0.000275962833176286
"log(Species)"	0.720141717295488	0.0536352815766807	13.426641869418	7.38535993592651e-28
"log(Species):Lakeweb"	-0.0213384996553794	0.0837668392615227	-0.254736836718405	0.79925972851959
"log(Species):Terr"	-0.0255259398323272	0.0282860645791041	-0.902421040613194	0.368215650375465
"log(Species):Latitude"	-0.00119247650072445	0.000938094603293562	-1.27116870360173	0.205548738095627
"log(Species):Lakeweb:Latitude"	0.00172459603082988	0.00186622045435881	0.924111632579016	0.356846326944302
