"Estimate"	"Std. Error"	"t value"	"Pr(>|t|)"
"(Intercept)"	-0.514912145644354	0.143501607779178	-3.58819774644413	0.000411547253429707
"log(Species)"	0.691002241354028	0.0530806362953847	13.0179720813579	5.1740506886532e-29
"log(Species):Latitude"	-0.00111206771090789	0.000895709384100272	-1.24154969306807	0.215743069463374
"log(Species):Lakeweb"	-0.0582481952143595	0.0672988165690572	-0.865515891421202	0.387711561246622
"log(Species):Marine"	0.126112918459849	0.0284301706643365	4.43588327164168	1.45746722373112e-05
"log(Species):Terr"	-0.0507221242671141	0.0266461227776253	-1.90354614404559	0.0582925842491042
"log(Species):Latitude:Lakeweb"	0.0033239947895758	0.00158560040752312	2.0963634808648	0.0372087065213539
