"Estimate"	"Std. Error"	"t value"	"Pr(>|t|)"
"(Intercept)"	-1.0183614600196	0.135547541527864	-7.51294673839776	2.23906685471716e-12
"log(Species)"	0.639934591337954	0.0536761034455593	11.9221506454358	8.48475611699279e-25
"log(Species):Lakeweb"	-0.088003130534434	0.064342036243131	-1.36773928325635	0.173017811420922
"log(Species):Terr"	-0.0593047593439	0.0256482468120376	-2.31223442984283	0.0218422431858939
"log(Species):Latitude"	-0.000866901469042389	0.000910495136432583	-0.9521209222918	0.342251698841576
"log(Species):Lakeweb:Latitude"	0.00370172117482103	0.00153079149586529	2.41817464025602	0.0165473763652083
