"Estimate"	"Std. Error"	"t value"	"Pr(>|t|)"
"(Intercept)"	-0.625659727608901	0.136149216498899	-4.59539719506178	7.90425739253451e-06
"log(Species)"	0.55202570550412	0.0562557365043838	9.81278958921997	1.29463160610425e-18
"log(Species):Lakeweb"	-0.0650826348900954	0.0649959887337168	-1.00133310005843	0.31795287163902
"log(Species):Stream"	-0.192538987883837	0.0896499383474116	-2.14767563071499	0.0330196955313629
"log(Species):Latitude"	-0.000645880252741529	0.0010358133714271	-0.623548865614337	0.53367969178474
"log(Species):Lakeweb:Latitude"	0.00462955074700841	0.00159138618148381	2.90913092049839	0.00406134977073337
"log(Species):Stream:Latitude"	0.00667512562650594	0.0020159348684893	3.31118119481119	0.00111390463803125
