"Estimate"	"Std. Error"	"t value"	"Pr(>|t|)"
"(Intercept)"	-1.22016664613696	0.145934503006091	-8.36105664529537	7.49529860315088e-15
"log(Species)"	0.698779910827611	0.0540200836642254	12.9355577301776	9.48139201172343e-29
"log(Species):Lakeweb"	-0.0583518477978155	0.0684599819165065	-0.852349740158873	0.394959736876138
"log(Species):Marine"	0.126416065140088	0.0289207620348077	4.37111805656917	1.91703446910077e-05
"log(Species):Terr"	-0.0530531289397235	0.0271107074270291	-1.95690684510984	0.0516409562632365
"log(Species):Latitude"	-0.00113145346111909	0.00091174951059904	-1.24096963910153	0.215956860568161
"log(Species):Lakeweb:Latitude"	0.00339059480018576	0.00161369859555165	2.10113264616598	0.0367834802782614
