"Estimate"	"Std. Error"	"t value"	"Pr(>|t|)"
"(Intercept)"	-0.320167203266778	0.13527492934064	-2.36678891519178	0.0189542411306366
"log(Species)"	0.642069285121541	0.0539498729145865	11.9012196032058	9.79294709225331e-25
"log(Species):Lakeweb"	-0.0920489997359469	0.0645945463806611	-1.4250274193969	0.155798530412524
"log(Species):Terr"	-0.0600578624879822	0.0256102810234095	-2.34506846813142	0.0200610966157029
"log(Species):Latitude"	-0.000948950036353459	0.000924866572254447	-1.0260399335661	0.306184151430925
"log(Species):Lakeweb:Latitude"	0.00373084754767943	0.00153841527600787	2.42512383090788	0.0162435744350381
