"Estimate"	"Std. Error"	"t value"	"Pr(>|t|)"
"(Intercept)"	-0.856382037136636	0.140910983908776	-6.07746829509792	5.49137141819478e-09
"log(Species)"	0.658678100799367	0.0613406272455923	10.7380398665013	8.19933249684202e-22
"log(Species):Lakeweb"	-0.0876719923286831	0.0741905177245552	-1.18171425429568	0.238624500363527
"log(Species):Stream"	-0.151508908475474	0.0868334231140123	-1.74482247782104	0.082444633856483
"log(Species):Marine"	0.118778115896554	0.0368489214747098	3.22338106905174	0.00146394380624129
"log(Species):Terr"	-0.0590211317674208	0.0354189873295129	-1.66636982639651	0.0970959457126338
"log(Species):Latitude"	-0.00107177917071555	0.00106665556441888	-1.00480343089896	0.316121029564822
"log(Species):Lakeweb:Latitude"	0.0047809658637886	0.00169060377605138	2.827963554509	0.00512713022637459
"log(Species):Stream:Latitude"	0.00494576743390644	0.00189489089413495	2.61005393461679	0.00968930381871696
