"Estimate"	"Std. Error"	"t value"	"Pr(>|t|)"
"(Intercept)"	-0.876146989221879	0.140757383086464	-6.22451888497873	2.49632831651574e-09
"log(Species)"	0.663340647328572	0.0613653446134754	10.8096948123861	4.94565035745949e-22
"log(Species):Lakeweb"	-0.0794854134342641	0.073872903337403	-1.07597522018631	0.283144250276781
"log(Species):Stream"	-0.139347064536194	0.0889375275568553	-1.56679714811179	0.118632726397225
"log(Species):Marine"	0.119946418548917	0.0368826443417573	3.25211005581609	0.00132999167563174
"log(Species):Terr"	-0.0586062480363006	0.0354547002714224	-1.65298952149199	0.0997924526024176
"log(Species):Latitude"	-0.00106344369870407	0.0010677397861734	-0.99597646587215	0.320381187022925
"log(Species):Lakeweb:Latitude"	0.00452639032259392	0.00166999768636169	2.71041712186755	0.00726235499590633
"log(Species):Stream:Latitude"	0.00461531656408438	0.00195702753275574	2.35832990943435	0.01925427617321
