"Estimate"	"Std. Error"	"t value"	"Pr(>|t|)"
"(Intercept)"	-0.885791498104336	0.13889546788074	-6.37739669709675	1.12792155618962e-09
"log(Species)"	0.699059136580477	0.0603408117351294	11.5851795240848	2.55500652969491e-24
"log(Species):Lakeweb"	-0.107725412878981	0.0724193986255732	-1.48752150561134	0.138377103527524
"log(Species):Stream"	-0.166996937721255	0.0865536232912043	-1.92940435502514	0.0550282754667448
"log(Species):Marine"	0.0824474671788309	0.0349136817656952	2.36146584975293	0.0191178394863479
"log(Species):Terr"	-0.0948210974566121	0.0334291418641058	-2.83648015381529	0.0050078388088016
"log(Species):Latitude"	-0.0011328968578456	0.00106030771574304	-1.06846044881574	0.286539520649262
"log(Species):Lakeweb:Latitude"	0.0044931089080335	0.00166232724360801	2.70290276797811	0.00743625859801138
"log(Species):Stream:Latitude"	0.00491258027897696	0.00190174347048403	2.58319818378376	0.0104677646227186
