"Estimate"	"Std. Error"	"t value"	"Pr(>|t|)"
"(Intercept)"	-0.870143968878361	0.140881475898202	-6.17642570345522	3.23493687551421e-09
"log(Species)"	0.658847609543774	0.0616285977459745	10.6906149683863	1.14514960158016e-21
"log(Species):Lakeweb"	-0.076989391567685	0.0740131071473475	-1.04021293707359	0.299409331387971
"log(Species):Stream"	-0.154944248220096	0.0865262484076458	-1.79071959170259	0.0747451225076831
"log(Species):Marine"	0.119493206296796	0.036905811332245	3.2377883586153	0.00139527656317809
"log(Species):Terr"	-0.0558000804952622	0.0356952089579767	-1.56323725576042	0.119467492864113
"log(Species):Latitude"	-0.000991582759777846	0.00107311238037554	-0.924025086199119	0.356509137603728
"log(Species):Lakeweb:Latitude"	0.00445627476843069	0.00167392692099257	2.66216805079418	0.00835067334775591
"log(Species):Stream:Latitude"	0.00499663729789867	0.00189123420587482	2.64199816309233	0.00884763916336507
