"Estimate"	"Std. Error"	"t value"	"Pr(>|t|)"
"(Intercept)"	-0.625659727608903	0.136149216498899	-4.59539719506179	7.90425739253408e-06
"log(Species)"	0.55202570550412	0.0562557365043839	9.81278958921998	1.29463160610419e-18
"log(Species):Lakeweb"	-0.0650826348900963	0.064995988733717	-1.00133310005844	0.317952871639015
"log(Species):Stream"	-0.192538987883837	0.0896499383474115	-2.14767563071499	0.0330196955313624
"log(Species):Latitude"	-0.000645880252741536	0.0010358133714271	-0.623548865614343	0.533679691784736
"log(Species):Lakeweb:Latitude"	0.00462955074700842	0.00159138618148381	2.9091309204984	0.00406134977073328
"log(Species):Stream:Latitude"	0.00667512562650594	0.0020159348684893	3.31118119481119	0.00111390463803122
