"Estimate"	"Std. Error"	"t value"	"Pr(>|t|)"
"(Intercept)"	-1.2337294323019	0.142682765222439	-8.64666051557485	1.31361891860022e-15
"log(Species)"	0.734943074353427	0.0536940454612069	13.6876085241968	5.60248137282714e-31
"log(Species):Lakeweb"	-0.0926990139823481	0.0677537563513563	-1.36817527136992	0.172705540325418
"log(Species):Marine"	0.0967975300862809	0.028578283618767	3.38710089722517	0.000841861115272423
"log(Species):Terr"	-0.0793610251225747	0.0267650843617761	-2.96509527300098	0.00337243965962335
"log(Species):Latitude"	-0.00146716022857284	0.000900701651801066	-1.62890811362349	0.104817516608821
"log(Species):Lakeweb:Latitude"	0.00375298770338717	0.00159671204732685	2.35044741452929	0.0196691173796386
