"Estimate"	"Std. Error"	"t value"	"Pr(>|t|)"
"(Intercept)"	-1.19866308680813	0.129304057736037	-9.27011191911005	1.22079958042839e-16
"log(Species)"	0.671722214909355	0.0364278642214856	18.4397913318554	1.95833715530344e-41
"log(Species):Lakeweb"	0.0580047656607072	0.0249296579354405	2.32673732671825	0.0212329812244335
