"Estimate"	"Std. Error"	"t value"	"Pr(>|t|)"
"(Intercept)"	-0.510474030999331	0.143485259918093	-3.55767575910397	0.000459434526021232
"log(Species)"	0.696285634625451	0.0534924094969843	13.0165315261169	5.22913820909746e-29
"log(Species):Latitude"	-0.00125876949897466	0.000911881160650832	-1.38040958985955	0.168880864760453
"log(Species):Lakeweb"	-0.0650080095348231	0.0675844577710135	-0.961878095627847	0.33718143484176
"log(Species):Marine"	0.125702027831104	0.0284350054500211	4.42067887245685	1.55475188057355e-05
"log(Species):Terr"	-0.0516740270269892	0.026635592543854	-1.94003669871098	0.0536710987191435
"log(Species):Latitude:Lakeweb"	0.00347198696435369	0.00159537346577365	2.17628476268409	0.0306135125377669
