"Estimate"	"Std. Error"	"t value"	"Pr(>|t|)"
"(Intercept)"	-0.890679753359536	0.138423285858087	-6.43446474946902	8.24891184198475e-10
"log(Species)"	0.700251426788096	0.0602088200434513	11.630379507234	1.85175287272852e-24
"log(Species):Lakeweb"	-0.107286369334049	0.0722975573750104	-1.4839556581082	0.139320039566903
"log(Species):Stream"	-0.169654547078296	0.0862122804887961	-1.96786984541424	0.0503992034444643
"log(Species):Marine"	0.082692785379292	0.0348543128089736	2.37252663199838	0.0185697609045842
"log(Species):Terr"	-0.0947541880703741	0.0333744620534969	-2.83912255779553	0.00496809804298795
"log(Species):Latitude"	-0.00113093537159393	0.00105857426167257	-1.06835714086513	0.286585991207656
"log(Species):Lakeweb:Latitude"	0.00448959350438223	0.00165960708085435	2.70521471990288	0.00738645958647844
"log(Species):Stream:Latitude"	0.00499655402874757	0.00189645258624392	2.63468439179049	0.00904912623642548
