"Estimate"	"Std. Error"	"t value"	"Pr(>|t|)"
"(Intercept)"	-0.502233494113348	0.143687635497562	-3.49531462727612	0.000573998943616397
"log(Species)"	0.688730859054149	0.0531606073798447	12.9556619647516	8.17943461303043e-29
"log(Species):Latitude"	-0.00113981453270211	0.000896203818700518	-1.27182512383714	0.204796591693491
"log(Species):Lakeweb"	-0.0601946012077195	0.0672940060528407	-0.894501676129274	0.372044588696786
"log(Species):Marine"	0.12560007161377	0.0284200850869863	4.41941223009508	1.56313188943337e-05
"log(Species):Terr"	-0.0508615142637378	0.0266515642939697	-1.90838757915782	0.0576608899422599
"log(Species):Latitude:Lakeweb"	0.00335542794323818	0.00158623380790884	2.1153425973575	0.0355411238186333
