"Estimate"	"Std. Error"	"t value"	"Pr(>|t|)"
"(Intercept)"	-1.22163887331669	0.146005373207391	-8.36708161131464	7.2112515978547e-15
"log(Species)"	0.69915816474174	0.0540439515486396	12.9368438966292	9.39222608775541e-29
"log(Species):Lakeweb"	-0.0582403380688233	0.0684813999060053	-0.850454841004441	0.396009658787001
"log(Species):Marine"	0.126547966259818	0.0289277716033565	4.37461854977914	1.88899210805097e-05
"log(Species):Terr"	-0.052986059660448	0.0271196993153593	-1.95378492380405	0.0520116906762407
"log(Species):Latitude"	-0.00113260925623989	0.000912049169707477	-1.24182916213076	0.215640120061523
"log(Species):Lakeweb:Latitude"	0.00339132254363588	0.00161422148741262	2.10090286251344	0.03680387216626
