"Estimate"	"Std. Error"	"t value"	"Pr(>|t|)"
"(Intercept)"	-0.873122032672854	0.141005942251517	-6.19209388435159	2.97341955475218e-09
"log(Species)"	0.662627060946079	0.0614736105749843	10.7790490057164	6.14008597761477e-22
"log(Species):Lakeweb"	-0.0797781348826022	0.0740031933684426	-1.07803638263835	0.282225541533964
"log(Species):Stream"	-0.157954042919077	0.0865270447769207	-1.82548754931254	0.0693148284076247
"log(Species):Marine"	0.11976761392828	0.0369476958527101	3.24154486942101	0.00137787063598193
"log(Species):Terr"	-0.0586697445352611	0.0355172297653648	-1.65186713386284	0.100021352884565
"log(Species):Latitude"	-0.00106471941344102	0.00106962289056096	-0.995415695416386	0.320653102497747
"log(Species):Lakeweb:Latitude"	0.00452854554677232	0.00167294295642657	2.70693362817664	0.00733640982968405
"log(Species):Stream:Latitude"	0.00507302500442526	0.00189092301173268	2.68283001103085	0.00786779336261119
