"Estimate"	"Std. Error"	"t value"	"Pr(>|t|)"
"(Intercept)"	-0.892675354821634	0.138547180039503	-6.4431145734407	7.86564900378062e-10
"log(Species)"	0.700738172253984	0.0602437213038963	11.6317212331414	1.83413464933581e-24
"log(Species):Lakeweb"	-0.116578112362661	0.0732180876869184	-1.59220373060207	0.112843045079216
"log(Species):Stream"	-0.16918752667977	0.0862484868024023	-1.96162892767479	0.0511271320456881
"log(Species):Marine"	0.0827929350920139	0.0348701109143518	2.37432382407301	0.0184820273248642
"log(Species):Terr"	-0.0947268727069093	0.0333890288285605	-2.83706582761944	0.00499900560568642
"log(Species):Latitude"	-0.00113013460636638	0.00105903606315614	-1.06713514835213	0.287136063621885
"log(Species):Lakeweb:Latitude"	0.00468889499121556	0.00167853769990632	2.79344038056295	0.0056972259710605
"log(Species):Stream:Latitude"	0.00495041458428453	0.00189663745317693	2.61010061569354	0.00970339571736213
