"Estimate"	"Std. Error"	"t value"	"Pr(>|t|)"
"(Intercept)"	-1.10206187952471	0.116094033023623	-9.49283826930591	4.37248092266574e-18
"log(Species)"	0.718847666537259	0.051728762204295	13.8964791714574	8.65080430017365e-32
"log(Species):Lakeweb"	-0.0501250753226431	0.0628436809463593	-0.797615202798635	0.425969784655104
"log(Species):Stream"	-0.12662550072426	0.0764517810975209	-1.65627927703526	0.0991172108206616
"log(Species):Marine"	0.133358240317868	0.0273018568659893	4.88458499260525	2.01654071737376e-06
"log(Species):Latitude"	-0.0010387549466508	0.000964620106569848	-1.07685392371155	0.282746761849173
"log(Species):Lakeweb:Latitude"	0.00483376703956089	0.00152998345496192	3.15935902697797	0.00180761262843459
"log(Species):Stream:Latitude"	0.00491590129744581	0.00173322113008424	2.8362805023078	0.00499817453434621
