"Estimate"	"Std. Error"	"t value"	"Pr(>|t|)"
"(Intercept)"	-0.493228815545447	0.143035784516309	-3.44828965152569	0.000677554870263747
"log(Species)"	0.696417431008507	0.0530789294874384	13.1204121434537	2.43565253220658e-29
"log(Species):Latitude"	-0.00134106225350466	0.000900306124740244	-1.4895625128526	0.137791270630378
"log(Species):Lakeweb"	-0.0748003034779119	0.0676145005443289	-1.10627606320736	0.269831959377108
"log(Species):Marine"	0.116377553807766	0.0286259128717678	4.06546174890875	6.7049178521314e-05
"log(Species):Terr"	-0.0534017459226796	0.0264960621670148	-2.01545971571428	0.0450897846411054
"log(Species):Latitude:Lakeweb"	0.00371059871210965	0.00160661497633127	2.30957557770491	0.0218519992136928
