"Estimate"	"Std. Error"	"t value"	"Pr(>|t|)"
"(Intercept)"	-0.888959126714811	0.138682803337603	-6.41001699793139	9.43412097250008e-10
"log(Species)"	0.700440716371266	0.0610792237177462	11.467740972087	5.88996852564496e-24
"log(Species):Lakeweb"	-0.108049875314388	0.07308555386112	-1.47840263370937	0.140798365760545
"log(Species):Stream"	-0.169831941127731	0.0869193442630296	-1.9539026964331	0.0520405682615468
"log(Species):Marine"	0.0822905127585992	0.03528335511189	2.33227572881436	0.0206331975734752
"log(Species):Terr"	-0.0951282517782365	0.0339002212937318	-2.80612480237189	0.00548559248507811
"log(Species):Latitude"	-0.00113846704322226	0.00106620774933076	-1.06777224601572	0.286849188534869
"log(Species):Lakeweb:Latitude"	0.0044976721424724	0.00166642028989104	2.69900226836921	0.00752096245715115
"log(Species):Stream:Latitude"	0.00495854223384496	0.0019026382896353	2.60614025317204	0.00981267980000908
