"Estimate"	"Std. Error"	"t value"	"Pr(>|t|)"
"(Intercept)"	-0.853666081233559	0.141070276616102	-6.05135328086626	6.3084372490507e-09
"log(Species)"	0.658037407580645	0.0613896475682471	10.7190289185013	9.37474631982379e-22
"log(Species):Lakeweb"	-0.0879734694657635	0.0742411328861732	-1.18496938349048	0.237337707052963
"log(Species):Stream"	-0.160995170945598	0.086582623580993	-1.85943973844817	0.0643309720049978
"log(Species):Marine"	0.118617576246795	0.0368741758665123	3.2168197243567	0.0014962441733362
"log(Species):Terr"	-0.0590781420710008	0.0354425285638667	-1.66687153724214	0.0969959893224246
"log(Species):Latitude"	-0.00107292457062933	0.00106736258040319	-1.00521096610305	0.315925249370895
"log(Species):Lakeweb:Latitude"	0.00478400184057037	0.00169172878989538	2.82787753518471	0.00512845781108941
"log(Species):Stream:Latitude"	0.00515224995311471	0.00189502466750358	2.71883001919023	0.00708628489257032
