"Estimate"	"Std. Error"	"t value"	"Pr(>|t|)"
"(Intercept)"	-0.490780986985958	0.143926334879995	-3.40994570170337	0.000774676883749961
"log(Species)"	0.685984506887107	0.0531773878597778	12.8999286067974	1.23176816492454e-28
"log(Species):Latitude"	-0.00114361798130147	0.000895617933759778	-1.27690384280337	0.20300086590785
"log(Species):Lakeweb"	-0.0652165358182302	0.0676824027377024	-0.963567089528004	0.336335549929856
"log(Species):Marine"	0.124924014485915	0.0284072017242688	4.39761774843137	1.71429617817414e-05
"log(Species):Terr"	-0.0510959808862046	0.0266347201249252	-1.9183975144679	0.0563729872421381
"log(Species):Latitude:Lakeweb"	0.00351485837333417	0.00160913435430551	2.18431628405023	0.030010362687306
