"Estimate"	"Std. Error"	"t value"	"Pr(>|t|)"
"(Intercept)"	-0.31882777426888	0.135358605274706	-2.35543040371781	0.0195261596223591
"log(Species)"	0.641068828040069	0.0539507137459025	11.8824902124443	1.11333294570708e-24
"log(Species):Lakeweb"	-0.0915190597400525	0.0646871821144537	-1.41479434949144	0.158774217291221
"log(Species):Terr"	-0.0600673971571017	0.0256223550463052	-2.34433552452719	0.0200994186306976
"log(Species):Latitude"	-0.000931744001119291	0.000927358388050496	-1.00472914584621	0.316311890071313
"log(Species):Lakeweb:Latitude"	0.00371483977506551	0.00154062295343168	2.41125822953037	0.0168547288465889
