"Estimate"	"Std. Error"	"t value"	"Pr(>|t|)"
"(Intercept)"	-0.336758773587823	0.134793857515282	-2.49832432868571	0.0133313773167266
"log(Species)"	0.642453542235995	0.0533141937348888	12.0503283877962	3.52360373707453e-25
"log(Species):Lakeweb"	-0.0866049394667529	0.0638736897607966	-1.35587813685233	0.176755752809427
"log(Species):Terr"	-0.0620865125640057	0.0254796208602045	-2.43671257530271	0.0157479210984735
"log(Species):Latitude"	-0.0007857754080702	0.000903179897580184	-0.870009850944937	0.385398623496333
"log(Species):Lakeweb:Latitude"	0.00355282998366887	0.00151952108585434	2.33812483205609	0.0204267381656389
