"Estimate"	"Std. Error"	"t value"	"Pr(>|t|)"
"(Intercept)"	-1.22266807387444	0.146785668254537	-8.32961479423345	9.16753307752608e-15
"log(Species)"	0.69844283938322	0.0540806834711171	12.9148301122385	1.10407284835535e-28
"log(Species):Lakeweb"	-0.0611077323066654	0.0688554793279922	-0.887478133956188	0.375804106822227
"log(Species):Marine"	0.12871565004831	0.0289199886836116	4.45075036012203	1.36800932857588e-05
"log(Species):Terr"	-0.0509895790577833	0.0270814952814899	-1.88281993028038	0.061062669513864
"log(Species):Latitude"	-0.0011590883488327	0.000910450753231916	-1.27309285507005	0.204347263612902
"log(Species):Lakeweb:Latitude"	0.00356959435307603	0.0016360501226606	2.18183679316074	0.0301954601214266
