"Estimate"	"Std. Error"	"t value"	"Pr(>|t|)"
"(Intercept)"	-1.48547526358775	0.121291893795696	-12.2471108093166	1.37938575427549e-26
"log(Species)"	0.771795020070656	0.0486217790849893	15.8734426134754	3.17966962474175e-38
"log(Species):Latitude"	-0.000857237264560129	0.00083146549348618	-1.03099559906677	0.303685351365548
"log(Species):Lakeweb"	-0.0432932606496729	0.0616382386121278	-0.702376667868549	0.483193573193179
"log(Species):Marine"	0.126053535036489	0.0253343755874061	4.97559273176448	1.3187330032038e-06
"log(Species):Latitude:Lakeweb"	0.0040534538958574	0.00149901435774785	2.70407943386705	0.00738992268399808
