"Estimate"	"Std. Error"	"t value"	"Pr(>|t|)"
"(Intercept)"	-1.4891672884556	0.121425091381602	-12.2640820897191	1.21858407274982e-26
"log(Species)"	0.772064435005828	0.048578336054503	15.8931840345376	2.74796085840908e-38
"log(Species):Lakeweb"	-0.0458589413932858	0.0617926824337013	-0.74214194281805	0.458800187952422
"log(Species):Marine"	0.125884695094472	0.0253054698175506	4.97460414693287	1.32478908050746e-06
"log(Species):Latitude"	-0.000832129086218886	0.000828841628710343	-1.0039663276972	0.316507912989003
"log(Species):Lakeweb:Latitude"	0.0040854461635699	0.00149966771903093	2.72423424984427	0.00696780325465383
