"Estimate"	"Std. Error"	"t value"	"Pr(>|t|)"
"(Intercept)"	-1.21773667388234	0.146254591750556	-8.32614319527997	9.37345641934589e-15
"log(Species)"	0.698009694819931	0.0541279483642177	12.8955505596322	1.27201535589863e-28
"log(Species):Lakeweb"	-0.0583900070738411	0.0686001327366529	-0.8511646369256	0.395616177834571
"log(Species):Marine"	0.127105004780547	0.0289852223726981	4.38516576296032	1.80685728228162e-05
"log(Species):Terr"	-0.0523445802766619	0.0271648532497068	-1.92692299109795	0.0552951752423846
"log(Species):Latitude"	-0.00114736914732369	0.000913508982526642	-1.25600204187398	0.210465815484485
"log(Species):Lakeweb:Latitude"	0.00340721700349423	0.00161689522613147	2.10725899144759	0.0362433670253849
