"Estimate"	"Std. Error"	"t value"	"Pr(>|t|)"
"(Intercept)"	-0.320803310466379	0.135684936255224	-2.36432517359884	0.0190770248951093
"log(Species)"	0.637348604286903	0.0536355919204688	11.8829415592536	1.10989690072949e-24
"log(Species):Lakeweb"	-0.0871048659925394	0.0644318224466983	-1.35189201057595	0.17802546963223
"log(Species):Terr"	-0.0599957062785203	0.0256699538313482	-2.33719572199828	0.0204761055076317
"log(Species):Latitude"	-0.000820526343147087	0.000910477283000098	-0.901204630217006	0.36862648619295
"log(Species):Lakeweb:Latitude"	0.00360185478848975	0.00153134293467439	2.3520889455474	0.0196972746532833
