"Estimate"	"Std. Error"	"t value"	"Pr(>|t|)"
"(Intercept)"	-1.20850736771741	0.14617310058867	-8.26764543442331	1.36195587337093e-14
"log(Species)"	0.695986597396538	0.0540358063200288	12.8801001557104	1.42483774561767e-28
"log(Species):Lakeweb"	-0.0635638666745711	0.068853339018968	-0.923177693053641	0.356939953433884
"log(Species):Marine"	0.125722024302657	0.0289071737268045	4.34916348069267	2.10222993692851e-05
"log(Species):Terr"	-0.0532972440988838	0.0270931016817025	-1.96718872298326	0.0504356691850747
"log(Species):Latitude"	-0.00113525167482251	0.000911136333722061	-1.24597344305755	0.214117650608877
"log(Species):Lakeweb:Latitude"	0.00355561494643341	0.00163691751532606	2.17214057100804	0.0309288121933961
