"Estimate"	"Std. Error"	"t value"	"Pr(>|t|)"
"(Intercept)"	-1.21212699275845	0.146158472637448	-8.29323795525132	1.15675861745894e-14
"log(Species)"	0.688354914904976	0.0543730087441351	12.6598643482135	7.16641956331161e-28
"log(Species):Lakeweb"	-0.0546765292554307	0.0692654783001489	-0.789376332875378	0.430753729673935
"log(Species):Marine"	0.12853671370984	0.0289074185645331	4.4464957472039	1.39305661297909e-05
"log(Species):Terr"	-0.049944459902113	0.0271325031498163	-1.84076123114542	0.0670219082432182
"log(Species):Latitude"	-0.000995852675006108	0.000921992710835562	-1.08010905433689	0.281292617661229
"log(Species):Lakeweb:Latitude"	0.00341369632567406	0.00164266130524762	2.07814983817341	0.0388716548357366
