"Estimate"	"Std. Error"	"t value"	"Pr(>|t|)"
"(Intercept)"	-0.498297651258073	0.14394508834848	-3.46172041696714	0.00064632076833169
"log(Species)"	0.687851913515519	0.0538382922742317	12.7762580211843	3.05308510491212e-28
"log(Species):Latitude"	-0.00111331340957941	0.000916299814795904	-1.2150099690104	0.225682648712175
"log(Species):Lakeweb"	-0.0644763970724024	0.0682828104341445	-0.944255174361734	0.346089412382127
"log(Species):Marine"	0.123862180788511	0.0287696622017821	4.30530535672532	2.52482479164844e-05
"log(Species):Terr"	-0.0520575560561922	0.0266786982106236	-1.95127796885766	0.0523110171404266
"log(Species):Latitude:Lakeweb"	0.00347932145171227	0.00162264428911367	2.14422931449305	0.033126365301031
