"Estimate"	"Std. Error"	"t value"	"Pr(>|t|)"
"(Intercept)"	-0.511188511856505	0.144980032908649	-3.52592354685559	0.000514776738753677
"log(Species)"	0.691407776844937	0.053391503837567	12.9497715394645	8.54121641824878e-29
"log(Species):Latitude"	-0.00111994524163601	0.00089758515971258	-1.2477314598145	0.213474177897215
"log(Species):Lakeweb"	-0.0598132740581939	0.0674742447253768	-0.886460816295709	0.376350602137724
"log(Species):Marine"	0.124878084396081	0.0284800013355504	4.38476399368005	1.80992223979139e-05
"log(Species):Terr"	-0.0518459451567776	0.0266784758405585	-1.94336233698769	0.053265666984055
"log(Species):Latitude:Lakeweb"	0.00332686115003917	0.00159149476481379	2.09040031019419	0.037746314467538
