"Estimate"	"Std. Error"	"t value"	"Pr(>|t|)"
"(Intercept)"	-1.48224768540337	0.121494718188863	-12.2000997862246	1.94415099269265e-26
"log(Species)"	0.770235275733702	0.0486091262509152	15.8454869515207	3.9096020454683e-38
"log(Species):Latitude"	-0.000832818617686312	0.000829405749653814	-1.00411483527082	0.316436498261838
"log(Species):Lakeweb"	-0.0459004297061645	0.062438382871966	-0.735131622487506	0.463049440944054
"log(Species):Marine"	0.125557073516115	0.0253225536050345	4.95831010862792	1.42857330803448e-06
"log(Species):Latitude:Lakeweb"	0.00408061479208786	0.00150661243671182	2.708470136483	0.00729604456795619
