"Estimate"	"Std. Error"	"t value"	"Pr(>|t|)"
"(Intercept)"	-0.504446587213985	0.144243622725671	-3.49718467743537	0.000570204881972366
"log(Species)"	0.689792672891821	0.0532347836110793	12.9575556826019	8.06640809157581e-29
"log(Species):Latitude"	-0.00112213214622609	0.000896350498944093	-1.25188991086407	0.21195768921216
"log(Species):Lakeweb"	-0.067511911980431	0.0679078594793117	-0.994169342077387	0.32124770995629
"log(Species):Marine"	0.124476240611991	0.0284313943646648	4.37812648283942	1.8612850478463e-05
"log(Species):Terr"	-0.0519875753964575	0.0266407611436728	-1.95142980773298	0.0522928466443222
"log(Species):Latitude:Lakeweb"	0.00353728691446811	0.00161282168751816	2.19322876288411	0.0293531196249253
