"Estimate"	"Std. Error"	"t value"	"Pr(>|t|)"
"(Intercept)"	-1.10658553804384	0.116256880346931	-9.51845202401432	3.67598986345761e-18
"log(Species)"	0.728359302834011	0.0525903651196304	13.8496719157049	1.22165617381731e-31
"log(Species):Lakeweb"	-0.0581131667219221	0.0631428771287283	-0.920343978045976	0.358419740458714
"log(Species):Stream"	-0.139922356703402	0.0766036858685358	-1.826574728317	0.0691440062762038
"log(Species):Marine"	0.131167710353923	0.0273366160921605	4.79824239809766	2.98412271313532e-06
"log(Species):Latitude"	-0.00124729428878722	0.000980566325758705	-1.27201419834822	0.204735826502484
"log(Species):Lakeweb:Latitude"	0.00504354490849437	0.00153987651025916	3.2752918009286	0.00122945814305138
"log(Species):Stream:Latitude"	0.00519994691818449	0.00173994079997749	2.9885769206928	0.00312724425760555
