"Estimate"	"Std. Error"	"t value"	"Pr(>|t|)"
"(Intercept)"	-0.850840333765231	0.141078016845527	-6.03099159450802	7.02703678583511e-09
"log(Species)"	0.657370814563164	0.0613622102679201	10.7129585406547	9.78432926871538e-22
"log(Species):Lakeweb"	-0.0882871337104229	0.0741947911853679	-1.18993708722553	0.235383440863205
"log(Species):Stream"	-0.158494647297193	0.0862877336844208	-1.83681550702043	0.0676176354145963
"log(Species):Marine"	0.118450546837974	0.0368513331434091	3.21428118697951	0.00150891739296722
"log(Species):Terr"	-0.0591374569961171	0.0354194600484898	-1.66963180452658	0.0964475393617606
"log(Species):Latitude"	-0.0010741162729331	0.00106666492553867	-1.00698564958501	0.315073625035877
"log(Species):Lakeweb:Latitude"	0.00478716054564927	0.00169062974735282	2.83158423844427	0.00507153302170362
"log(Species):Stream:Latitude"	0.0050558391871509	0.00188571710579435	2.68112283205978	0.00790671475509067
