"Estimate"	"Std. Error"	"t value"	"Pr(>|t|)"
"(Intercept)"	-1.21408191031028	0.145795926091591	-8.3272691004245	9.30617435799395e-15
"log(Species)"	0.698362542337812	0.0539045765448254	12.9555334092473	8.18716453311464e-29
"log(Species):Lakeweb"	-0.064005992008463	0.0686463252339925	-0.932402306901176	0.352164894931881
"log(Species):Marine"	0.125268947470123	0.0288162654519461	4.34716107397821	2.11994942532327e-05
"log(Species):Terr"	-0.0539947916259858	0.027014872508472	-1.99870614266466	0.0468879780671997
"log(Species):Latitude"	-0.00113942146186885	0.000908183324222961	-1.25461614574759	0.210967759019774
"log(Species):Lakeweb:Latitude"	0.003555904294455	0.00163187573732924	2.17902883970483	0.0304062697372511
