"Estimate"	"Std. Error"	"t value"	"Pr(>|t|)"
"(Intercept)"	-0.896824098857629	0.138281498907968	-6.48549593358472	6.22652773629044e-10
"log(Species)"	0.695723205700561	0.0601777632127102	11.56113435525	3.03194285529053e-24
"log(Species):Lakeweb"	-0.100707625580434	0.0723503296372433	-1.39194425354205	0.165411704121385
"log(Species):Stream"	-0.163121069527612	0.0861778799205467	-1.89284152357896	0.0597542695423219
"log(Species):Marine"	0.0885638535425258	0.0350973265960655	2.52337890466147	0.0123638251651162
"log(Species):Terr"	-0.0890525841964469	0.0336095012742617	-2.64962527916603	0.00867114367645864
"log(Species):Latitude"	-0.00111763357760206	0.00105660382931572	-1.05776029443871	0.291379965700877
"log(Species):Lakeweb:Latitude"	0.00447433849704937	0.00165647922773278	2.70111355587199	0.007475005846122
"log(Species):Stream:Latitude"	0.00493814217713499	0.00189221222121043	2.60971899546031	0.0097138785489572
