"Estimate"	"Std. Error"	"t value"	"Pr(>|t|)"
"(Intercept)"	-1.00953851906163	0.13589965208323	-7.4285585252518	3.67342100769963e-12
"log(Species)"	0.637755500767271	0.0537449950544384	11.8663235548033	1.24366798916908e-24
"log(Species):Lakeweb"	-0.0889233789151112	0.0645580378980317	-1.37741762002687	0.170012148335277
"log(Species):Terr"	-0.060512928750719	0.0257220136741785	-2.35257353942961	0.0196723772021737
"log(Species):Latitude"	-0.000840378773331098	0.000912306082237383	-0.921158797133209	0.358141831981716
"log(Species):Lakeweb:Latitude"	0.00368309154426456	0.00153436808959761	2.40039633855423	0.0173476101430272
