"Estimate"	"Std. Error"	"t value"	"Pr(>|t|)"
"(Intercept)"	-1.24028043647717	0.141991847042219	-8.73487078528104	7.41053679434591e-16
"log(Species)"	0.734216201020149	0.0534433682537869	13.7382097163781	3.87122536185122e-31
"log(Species):Lakeweb"	-0.0884408466025854	0.0673400815859357	-1.31334629420848	0.190485941073879
"log(Species):Marine"	0.0985237390634862	0.0285036458633657	3.45653112362422	0.000661000150111432
"log(Species):Terr"	-0.0777644592962912	0.0266956169751779	-2.91300475911825	0.00396311773816738
"log(Species):Latitude"	-0.0014428837892124	0.000897558858176429	-1.60756453581652	0.109418862673791
"log(Species):Lakeweb:Latitude"	0.00370430222995063	0.00158803822707114	2.3326278718004	0.0206053102494871
