"Estimate"	"Std. Error"	"t value"	"Pr(>|t|)"
"(Intercept)"	-0.509790105913694	0.143542750533828	-3.5514862577024	0.000469763405858904
"log(Species)"	0.695465188623723	0.0535059223017358	12.9979104873997	5.99623587395462e-29
"log(Species):Latitude"	-0.00124096796754373	0.000912922960888679	-1.35933481871868	0.175451451196585
"log(Species):Lakeweb"	-0.0644150838819742	0.0676306867478372	-0.952453493813356	0.341926733438459
"log(Species):Marine"	0.125548574834433	0.0284459136719027	4.41358911098865	1.60221820786353e-05
"log(Species):Terr"	-0.0517127036540807	0.026646713843601	-1.94067846255267	0.0535926592777852
"log(Species):Latitude:Lakeweb"	0.00345438428489315	0.00159644705979345	2.16379507463284	0.0315722829861232
