"Estimate"	"Std. Error"	"t value"	"Pr(>|t|)"
"(Intercept)"	-0.852171466137664	0.13863506394074	-6.1468682014092	3.79108663983333e-09
"log(Species)"	0.669422242682027	0.0604787129339979	11.0687250142474	7.8925688069488e-23
"log(Species):Lakeweb"	-0.0998767894346993	0.0731236242832596	-1.36586213297916	0.173409322381402
"log(Species):Stream"	-0.169983670844362	0.084999267472066	-1.99982512673095	0.0467776334514654
"log(Species):Marine"	0.101744995654231	0.0367726964172355	2.76686252484174	0.00615292563562765
"log(Species):Terr"	-0.07531395091459	0.0353426515296941	-2.13096492919647	0.0342275553137412
"log(Species):Latitude"	-0.000955315424226296	0.00105027273058219	-0.909587954070502	0.364058396601778
"log(Species):Lakeweb:Latitude"	0.00466743309571572	0.00166380121974991	2.80528289095574	0.00548820524437284
"log(Species):Stream:Latitude"	0.00495822033096366	0.0018555096935385	2.67216083442185	0.0081138991796977
