"Estimate"	"Std. Error"	"t value"	"Pr(>|t|)"
"(Intercept)"	-1.09481522294563	0.116300221277725	-9.41369853743623	7.46529555445413e-18
"log(Species)"	0.716913775027629	0.0518439217614772	13.8283090991071	1.43005158418969e-31
"log(Species):Lakeweb"	-0.0506318204366902	0.0629986679545172	-0.803696682495646	0.422455743340891
"log(Species):Stream"	-0.131602943878393	0.0764943113676952	-1.72042785307002	0.0867868269536283
"log(Species):Marine"	0.133083424518592	0.0273690110709119	4.86255875938588	2.22966335402275e-06
"log(Species):Latitude"	-0.00104065526907721	0.00096700970283206	-1.07615804270574	0.283057102570573
"log(Species):Lakeweb:Latitude"	0.00483368330896379	0.00153377466082324	3.15149508753089	0.00185477308163234
"log(Species):Stream:Latitude"	0.00498992810715547	0.00173612889015889	2.87416915612687	0.00445565583215864
