"Estimate"	"Std. Error"	"t value"	"Pr(>|t|)"
"(Intercept)"	-0.506098859476584	0.14392713178963	-3.51635479136983	0.000532644373522821
"log(Species)"	0.689940254657892	0.0532447709681402	12.9578969373486	8.04620682017739e-29
"log(Species):Latitude"	-0.00112928151657362	0.000897506049278983	-1.2582439054097	0.209655700969364
"log(Species):Lakeweb"	-0.0601181114207105	0.0673916690502452	-0.892070374097549	0.373343335797313
"log(Species):Marine"	0.125150993833625	0.0284607693832083	4.39731590346478	1.71648512020561e-05
"log(Species):Terr"	-0.051414279546597	0.0266903697241916	-1.92632324234895	0.0553704273049569
"log(Species):Latitude:Lakeweb"	0.00334377106788178	0.00158853777699856	2.10493644929214	0.0364473214590985
