"Estimate"	"Std. Error"	"t value"	"Pr(>|t|)"
"(Intercept)"	-0.510662240510372	0.143313998030715	-3.56324048960609	0.000450330762640779
"log(Species)"	0.69168517895195	0.0530511941325438	13.0380699296576	4.46329772043791e-29
"log(Species):Latitude"	-0.00109880762597467	0.000895336011833182	-1.22725726593403	0.22105565552876
"log(Species):Lakeweb"	-0.0603449424810498	0.067232613833161	-0.897554609892112	0.370417779431676
"log(Species):Marine"	0.123533736316181	0.0284027000430433	4.34936594510276	2.10044623422722e-05
"log(Species):Terr"	-0.0530654936767601	0.0266249469718683	-1.9930741545825	0.0475059576318514
"log(Species):Latitude:Lakeweb"	0.0033119703692315	0.00158472043008648	2.08993984450037	0.0377881029771146
