"Estimate"	"Std. Error"	"t value"	"Pr(>|t|)"
"(Intercept)"	-1.48343773861831	0.122656738727355	-12.0942212715743	4.20760938724069e-26
"log(Species)"	0.770549859801024	0.0488189413451909	15.7838297711659	6.1677102517577e-38
"log(Species):Latitude"	-0.000832700030083323	0.000829599523422489	-1.00373735347393	0.316618043603628
"log(Species):Lakeweb"	-0.0427849427742042	0.0616788412561378	-0.693672933908215	0.488625797280211
"log(Species):Marine"	0.125613418816512	0.0253406685319367	4.95698914407891	1.43732382099643e-06
"log(Species):Latitude:Lakeweb"	0.0040323616149198	0.00149964755607512	2.68887286121634	0.00772354792392016
