"Estimate"	"Std. Error"	"t value"	"Pr(>|t|)"
"(Intercept)"	-0.621054070796545	0.135308597565398	-4.58990841654665	8.09339934929196e-06
"log(Species)"	0.550824804412789	0.0559214565351475	9.84997241741347	1.01447428478612e-18
"log(Species):Lakeweb"	-0.0654996174073188	0.064618852335666	-1.01363015652271	0.312062010461811
"log(Species):Stream"	-0.192035009031908	0.0891251327668159	-2.15466729832921	0.0324599679434748
"log(Species):Latitude"	-0.000648844349040756	0.00102981461660564	-0.630059370471362	0.529420777487818
"log(Species):Lakeweb:Latitude"	0.00463663509634729	0.00158216367610297	2.93056601309909	0.00380290200181078
"log(Species):Stream:Latitude"	0.0066290495142207	0.002004506601569	3.30707292708935	0.00112944895822901
