"Estimate"	"Std. Error"	"t value"	"Pr(>|t|)"
"(Intercept)"	-0.889216664943274	0.141999764444269	-6.26209957758252	2.03680035205059e-09
"log(Species)"	0.666423780083452	0.0615317013137492	10.8305762047008	4.26741112665004e-22
"log(Species):Lakeweb"	-0.0773837333462685	0.0739385620822092	-1.0465950536099	0.296461564264053
"log(Species):Stream"	-0.157782315553495	0.0863892839874052	-1.82641073372594	0.0691752077301675
"log(Species):Marine"	0.120718964657048	0.0369051641970359	3.27105886895752	0.0012479715838754
"log(Species):Terr"	-0.0583319040457644	0.0354628037078987	-1.6448756992322	0.101456697009327
"log(Species):Latitude"	-0.00105793182517638	0.00106794804537115	-0.99062106041751	0.322984201714387
"log(Species):Lakeweb:Latitude"	0.00445267601980991	0.0016727203381508	2.66193691692202	0.00835622285127524
"log(Species):Stream:Latitude"	0.0050652675851515	0.00188774413908054	2.68323841154587	0.00785850803255099
