"Estimate"	"Std. Error"	"t value"	"Pr(>|t|)"
"(Intercept)"	-0.854000877035455	0.141041082226643	-6.05497960986387	6.18823749767146e-09
"log(Species)"	0.658116385814307	0.0613846937681846	10.7211805649734	9.23370756545029e-22
"log(Species):Lakeweb"	-0.0879363063882079	0.074238451862774	-1.18451158640476	0.237518381037003
"log(Species):Stream"	-0.159616285473089	0.0863985393543729	-1.84744194364683	0.0660569837586374
"log(Species):Marine"	0.118637365964557	0.0368728004144849	3.21747642248384	0.00149298183378792
"log(Species):Terr"	-0.0590711144126054	0.0354414863085597	-1.6667222671849	0.097025719893539
"log(Species):Latitude"	-0.00107278337721665	0.00106733193171979	-1.00510754464928	0.315974925516594
"log(Species):Lakeweb:Latitude"	0.00478362759580445	0.00169167852469645	2.82774033362089	0.00513057596761742
"log(Species):Stream:Latitude"	0.00512135688847937	0.00188947251025363	2.71046911806719	0.00726125475494678
