"Estimate"	"Std. Error"	"t value"	"Pr(>|t|)"
"(Intercept)"	-0.494659356086636	0.144168070210263	-3.43112975962844	0.000719518557134082
"log(Species)"	0.687196768942969	0.0532622453913255	12.9021366616077	1.21195465567839e-28
"log(Species):Latitude"	-0.00113308581094526	0.000896929885294003	-1.26329363033082	0.207839277233098
"log(Species):Lakeweb"	-0.0650833841317772	0.0677815216974051	-0.960193611797725	0.338026431325609
"log(Species):Marine"	0.124476176656794	0.0284481993168569	4.3755379829273	1.88169204500913e-05
"log(Species):Terr"	-0.0516480329456279	0.0266738125706656	-1.9362823671644	0.0541319073522483
"log(Species):Latitude:Lakeweb"	0.00350162647029856	0.00161149468468107	2.17290600061244	0.0308703660814278
