"Estimate"	"Std. Error"	"t value"	"Pr(>|t|)"
"(Intercept)"	-1.09148852482564	0.115576166061107	-9.44388935906178	6.08850371629711e-18
"log(Species)"	0.726801109445798	0.0519115019538524	14.0007721235248	4.00861788109019e-32
"log(Species):Lakeweb"	-0.0616395696529064	0.0630397195956644	-0.977789400845394	0.329272330774865
"log(Species):Stream"	-0.142321630762127	0.076373652015115	-1.86349123037826	0.0637503380964964
"log(Species):Marine"	0.127627998556382	0.0274383123717154	4.65145220403375	5.74169337461359e-06
"log(Species):Latitude"	-0.00131364993019147	0.00097725526652917	-1.3442239455583	0.180286065399584
"log(Species):Lakeweb:Latitude"	0.00510576715756869	0.00153502407184805	3.32618051482526	0.00103458946455249
"log(Species):Stream:Latitude"	0.00526573595159092	0.00173497243962318	3.03505452382551	0.00270014308512751
