"Estimate"	"Std. Error"	"t value"	"Pr(>|t|)"
"(Intercept)"	-1.23840952790781	0.141459055529072	-8.75454401470469	6.51998862891839e-16
"log(Species)"	0.736848472449066	0.053301048161376	13.82427734288	2.06412355280706e-31
"log(Species):Latitude"	-0.00142932401205469	0.000894929191581714	-1.5971364276636	0.111724760967666
"log(Species):Lakeweb"	-0.0916974872875639	0.0670939133851145	-1.36670351543256	0.173165898151893
"log(Species):Marine"	0.0947282556549213	0.0284045667255653	3.3349656965428	0.00100700331749752
"log(Species):Terr"	-0.0814193049240612	0.0266110419475559	-3.05960604941811	0.00250231717757686
"log(Species):Latitude:Lakeweb"	0.00369133719206639	0.00158328977594412	2.33143499576079	0.0206693557815504
