"Estimate"	"Std. Error"	"t value"	"Pr(>|t|)"
"(Intercept)"	-0.518957216555871	0.143525240416108	-3.61579060973047	0.000372333409423816
"log(Species)"	0.694253544429772	0.0531161334862267	13.0704834644976	3.5166787241591e-29
"log(Species):Latitude"	-0.00116519051704325	0.00089586178381981	-1.30063647996577	0.194762443747594
"log(Species):Lakeweb"	-0.0601538305198213	0.0672214564704331	-0.894860565038182	0.371853117440286
"log(Species):Marine"	0.126395206761359	0.0284109143234354	4.44882573374624	1.37928572816321e-05
"log(Species):Terr"	-0.0508628877283179	0.0266138290625617	-1.91114505202365	0.0573036723115625
"log(Species):Latitude:Lakeweb"	0.00337594148689759	0.00158478534981047	2.13022002462436	0.034279207688271
