"Estimate"	"Std. Error"	"t value"	"Pr(>|t|)"
"(Intercept)"	-1.18803888642473	0.130180850962567	-9.1260648370346	3.3070702255491e-16
"log(Species)"	0.722816201371062	0.0534892245407241	13.5133049240739	4.28473700228682e-28
"log(Species):Lakeweb"	-0.0199644003327714	0.0836936094338	-0.238541514314338	0.811772191759437
"log(Species):Terr"	-0.0265415528948128	0.0280117824134332	-0.947513889087067	0.344833092938547
"log(Species):Latitude"	-0.00116100902273589	0.000937710948217364	-1.23813103061559	0.21751569990256
"log(Species):Lakeweb:Latitude"	0.00171877530737586	0.00186494944548928	0.921620321415698	0.358140705171592
