"Estimate"	"Std. Error"	"t value"	"Pr(>|t|)"
"(Intercept)"	-0.501896511882986	0.143774813009756	-3.49085143201633	0.000583149994430904
"log(Species)"	0.689181773635862	0.0531346986006365	12.9704654733396	7.33636070931774e-29
"log(Species):Latitude"	-0.00112295932418225	0.000895552657673073	-1.25392886120181	0.211217002697717
"log(Species):Lakeweb"	-0.0688368813287865	0.0678551348066736	-1.01446827163353	0.311489132058113
"log(Species):Marine"	0.124324246637709	0.0284001249600021	4.37759505681062	1.86545726614939e-05
"log(Species):Terr"	-0.0520411458232245	0.0266164051175716	-1.95522819829895	0.0518400212353455
"log(Species):Latitude:Lakeweb"	0.00354033875055149	0.00161036246640144	2.19847321607217	0.0289722288610231
