"Estimate"	"Std. Error"	"t value"	"Pr(>|t|)"
"(Intercept)"	-0.854891013735329	0.140411090042839	-6.08848641139743	5.17861254364227e-09
"log(Species)"	0.658326368806557	0.0611241310980394	10.7703186447042	6.53018419765117e-22
"log(Species):Lakeweb"	-0.0878374992376269	0.0739291448735392	-1.18813087027963	0.236092665143069
"log(Species):Stream"	-0.159669149779907	0.0859886116846288	-1.85686391083401	0.0646983378318045
"log(Species):Marine"	0.118689981779811	0.0367190965939461	3.23237750351896	0.00142070703311715
"log(Species):Terr"	-0.0590524296602389	0.0352942405583125	-1.67314634699884	0.0957528377964347
"log(Species):Latitude"	-0.00107240797992168	0.0010628988766908	-1.00894638562465	0.31413448684665
"log(Species):Lakeweb:Latitude"	0.00478263257436454	0.00168464934289375	2.83894841056319	0.00496014269212162
"log(Species):Stream:Latitude"	0.00515492905275701	0.00187969246769013	2.7424321485374	0.00661273766355089
