"Estimate"	"Std. Error"	"t value"	"Pr(>|t|)"
"(Intercept)"	-1.48450577883602	0.12111220364288	-12.2572765929794	1.28068699415842e-26
"log(Species)"	0.770692170147304	0.0485029545410348	15.889592241134	2.82188946329646e-38
"log(Species):Latitude"	-0.000811282974980833	0.000828574735594044	-0.979130717036872	0.328600725235472
"log(Species):Lakeweb"	-0.042516928198944	0.0615383182376841	-0.69090169209252	0.490362331621061
"log(Species):Marine"	0.124899394691244	0.0252993623155901	4.93685940116673	1.57726677625175e-06
"log(Species):Latitude:Lakeweb"	0.00400723417226286	0.00149603257892163	2.6785741358329	0.00795715378449979
