"Estimate"	"Std. Error"	"t value"	"Pr(>|t|)"
"(Intercept)"	-0.871567037676085	0.140987151892195	-6.18188981037452	3.14127148824802e-09
"log(Species)"	0.662260238072244	0.0614539635111661	10.7765260405362	6.25037075934257e-22
"log(Species):Lakeweb"	-0.0799286098994288	0.0739744950491437	-1.08048875286448	0.281135116581874
"log(Species):Stream"	-0.160745379372258	0.0867321407060073	-1.85335422444063	0.0652016952616861
"log(Species):Marine"	0.119675698462394	0.0369335320619115	3.24029931017109	0.0013836195073267
"log(Species):Terr"	-0.0587023852481427	0.0355032030311746	-1.65343913326911	0.0997008766612908
"log(Species):Latitude"	-0.00106537520138413	0.0010691993806262	-0.996423324488054	0.320164615669784
"log(Species):Lakeweb:Latitude"	0.00452965345121989	0.00167228079322616	2.70866798779725	0.00729945460239008
"log(Species):Stream:Latitude"	0.0051461362636254	0.00189829656495097	2.71092323435686	0.00725165204261753
