"Estimate"	"Std. Error"	"t value"	"Pr(>|t|)"
"(Intercept)"	-1.02197169853158	0.134971109448523	-7.5717811219545	1.58285202282999e-12
"log(Species)"	0.640441793929214	0.0534227788821307	11.9881782140583	5.39638997557102e-25
"log(Species):Lakeweb"	-0.0872421218912341	0.0640657972710106	-1.3617581550134	0.174895201244523
"log(Species):Terr"	-0.0617834278048964	0.0255524288672926	-2.41790822022324	0.016559123073029
"log(Species):Latitude"	-0.00078849761628857	0.000905904521732042	-0.870398146132447	0.385187005780709
"log(Species):Lakeweb:Latitude"	0.00362008757725363	0.00152404466159629	2.37531593953549	0.0185346461576003
