"Estimate"	"Std. Error"	"t value"	"Pr(>|t|)"
"(Intercept)"	-1.21881471433325	0.14626712613589	-8.33280003875172	8.98254150432568e-15
"log(Species)"	0.69778101470333	0.0547814422476408	12.7375437022814	4.05549785201335e-28
"log(Species):Lakeweb"	-0.0578026968314473	0.0691075805244411	-0.836416155692273	0.403840928091825
"log(Species):Marine"	0.127365061074106	0.0292954091677554	4.34761161193451	2.11595013298992e-05
"log(Species):Terr"	-0.0519027617941584	0.02717102205285	-1.91022485989681	0.0574226722885925
"log(Species):Latitude"	-0.00114522575400334	0.000933231189592248	-1.22716189383224	0.221091420319509
"log(Species):Lakeweb:Latitude"	0.00340476016872788	0.00162843964518827	2.09081139653428	0.0377090407206794
