"Estimate"	"Std. Error"	"t value"	"Pr(>|t|)"
"(Intercept)"	-0.876609819852429	0.140883726400131	-6.22222198582914	2.52749668110873e-09
"log(Species)"	0.6634498289416	0.0614090154597181	10.8037854698517	5.15638740885485e-22
"log(Species):Lakeweb"	-0.0831142450303315	0.0740730423056821	-1.1220579369123	0.2630893538515
"log(Species):Stream"	-0.157940199205355	0.0864292736690793	-1.82739241579279	0.0690269952598862
"log(Species):Marine"	0.119973776381658	0.0369065459402388	3.25074518151674	0.0013360888213837
"log(Species):Terr"	-0.0585965328142221	0.0354772667961393	-1.65166423757872	0.100062776612341
"log(Species):Latitude"	-0.00106324850917109	0.00106841830864662	-0.99516125899969	0.320776527828412
"log(Species):Lakeweb:Latitude"	0.00457363034652027	0.00167228830686257	2.73495325402411	0.00675959595152844
"log(Species):Stream:Latitude"	0.00506907640626006	0.00188861652629181	2.6840156991599	0.00784086304879868
