"Estimate"	"Std. Error"	"t value"	"Pr(>|t|)"
"(Intercept)"	-0.320269712687439	0.135464597188341	-2.36423183130392	0.0190816904783124
"log(Species)"	0.637436339587103	0.0536399133160416	11.8836198677538	1.10475292751246e-24
"log(Species):Lakeweb"	-0.0873800445033997	0.064358337779775	-1.35771133186195	0.176174106289603
"log(Species):Terr"	-0.0600190878779502	0.0256592616737415	-2.3390808605912	0.0203760497978239
"log(Species):Latitude"	-0.000826079054681182	0.000910463346022641	-0.907317200950382	0.365394449495625
"log(Species):Lakeweb:Latitude"	0.00360788486035706	0.00153113464882641	2.35634721160705	0.0194794395945305
