"Estimate"	"Std. Error"	"t value"	"Pr(>|t|)"
"(Intercept)"	-0.636968889774554	0.135684945960733	-4.69446986373043	5.14013547031443e-06
"log(Species)"	0.554974510797283	0.0560828296490478	9.89562249747692	7.5171880189741e-19
"log(Species):Lakeweb"	-0.0640587368665054	0.0648093775254609	-0.988417715342805	0.324218521094002
"log(Species):Stream"	-0.192781513704996	0.0893916966246224	-2.15659307278318	0.0323072439144697
"log(Species):Latitude"	-0.000638601932387189	0.00103285610589208	-0.618287415588863	0.537134228032347
"log(Species):Lakeweb:Latitude"	0.00461215517048687	0.00158683370837929	2.90651449243379	0.00409397374341461
"log(Species):Stream:Latitude"	0.00675324791070766	0.00201087606413407	3.35836108010753	0.000949124370530801
