"Estimate"	"Std. Error"	"t value"	"Pr(>|t|)"
"(Intercept)"	-1.19842944699195	0.128786839573242	-9.30552726476681	1.11693526265408e-16
"log(Species)"	0.725050654161152	0.0528887997951287	13.7089640334008	1.25484174168519e-28
"log(Species):Lakeweb"	0.0619126472155974	0.0906456877029218	0.683018120161514	0.495602045240821
"log(Species):Terr"	-0.0251716972396089	0.0276736018850523	-0.909592374139242	0.364431787833655
"log(Species):Latitude"	-0.00118387044673204	0.000926855823600706	-1.27729730621195	0.203382972261582
"log(Species):Lakeweb:Latitude"	6.12508797000565e-05	0.00199456685444708	0.0307088627104635	0.975540726241785
