"Estimate"	"Std. Error"	"t value"	"Pr(>|t|)"
"(Intercept)"	-1.23199683420466	0.142249835937495	-8.6607961695365	1.19868422655115e-15
"log(Species)"	0.734598902569355	0.053601425223585	13.7048389945819	4.9399229435665e-31
"log(Species):Latitude"	-0.00146949887598114	0.000899998672895473	-1.6327789364994	0.103999840463402
"log(Species):Lakeweb"	-0.0915879946208019	0.0674948884928963	-1.35696193690936	0.176236333313235
"log(Species):Marine"	0.099340748957223	0.0288751351498584	3.44035615562167	0.000699550470497091
"log(Species):Terr"	-0.0794010790031525	0.0267436656565019	-2.96896768090759	0.00333192677716201
"log(Species):Latitude:Lakeweb"	0.0037335505739923	0.00159257588226533	2.34434705157131	0.0199853157888329
