"Estimate"	"Std. Error"	"t value"	"Pr(>|t|)"
"(Intercept)"	-1.4843750001141	0.12133489366745	-12.2337025669006	1.52126723493361e-26
"log(Species)"	0.770797619758133	0.0485874392435336	15.8641334418693	3.40617797428361e-38
"log(Species):Latitude"	-0.000832606632920266	0.000829593614665286	-1.00363192074013	0.316668762503264
"log(Species):Lakeweb"	-0.0426601305663276	0.0616414401495838	-0.692069011736346	0.489630450818331
"log(Species):Marine"	0.125657795219069	0.0253262836794014	4.96155680832362	1.40728469286763e-06
"log(Species):Latitude:Lakeweb"	0.00402129039038243	0.00150136252369611	2.67842731313332	0.00796052973736641
