"Estimate"	"Std. Error"	"t value"	"Pr(>|t|)"
"(Intercept)"	-1.23183245781335	0.142319047921444	-8.65542930341473	1.24109673504671e-15
"log(Species)"	0.734478527618183	0.0536270764116457	13.6960389557743	5.26789351038808e-31
"log(Species):Lakeweb"	-0.0915413881478679	0.0675278756130348	-1.35560888472846	0.17666601309949
"log(Species):Marine"	0.0966942890586577	0.028565180199112	3.38504040179881	0.000847876429152236
"log(Species):Terr"	-0.0793938630911036	0.0267567541350976	-2.96724567898766	0.0033498868195849
"log(Species):Latitude"	-0.00146769033943874	0.000900434635923394	-1.6299798795874	0.104590602896931
"log(Species):Lakeweb:Latitude"	0.00369638479847973	0.00159565505958293	2.31653124294038	0.0214843938817234
