"Estimate"	"Std. Error"	"t value"	"Pr(>|t|)"
"(Intercept)"	-1.21942900407767	0.146228105290848	-8.33922453998998	8.62060156844866e-15
"log(Species)"	0.696408385203625	0.0543290851985716	12.8183344640954	2.24217948303566e-28
"log(Species):Lakeweb"	-0.0562257124690527	0.0687958486104467	-0.81728350772193	0.414662832618413
"log(Species):Marine"	0.128082262527038	0.0289866235882097	4.41866787752179	1.56807667640724e-05
"log(Species):Terr"	-0.051302782588575	0.0271973922856422	-1.8863125570924	0.060588326590065
"log(Species):Latitude"	-0.00112033806868245	0.000917744571498229	-1.22075150698357	0.223504915094894
"log(Species):Lakeweb:Latitude"	0.00337969387798862	0.00161930113056153	2.0871311791258	0.038043855958888
