"Estimate"	"Std. Error"	"t value"	"Pr(>|t|)"
"(Intercept)"	-1.17817206096064	0.13048059181594	-9.02948127812448	5.91663959122976e-16
"log(Species)"	0.719750093308379	0.0536827557865703	13.407472898186	8.33082744508984e-28
"log(Species):Lakeweb"	-0.0203396820675734	0.0840517211342645	-0.241990072220922	0.809103656726371
"log(Species):Terr"	-0.0248764151509147	0.028128149067377	-0.884395737925265	0.377834997874197
"log(Species):Latitude"	-0.00119388047467409	0.000941269910389133	-1.26837208062938	0.206542630245081
"log(Species):Lakeweb:Latitude"	0.00175780739155849	0.00187255017906115	0.938723784929386	0.349314496652241
