"Estimate"	"Std. Error"	"t value"	"Pr(>|t|)"
"(Intercept)"	-0.330360995823041	0.135161402064501	-2.44419627776123	0.0154350111762251
"log(Species)"	0.639954595224688	0.0534578229506133	11.9712057076456	6.06228321429064e-25
"log(Species):Lakeweb"	-0.0695347529210246	0.065681083334905	-1.0586724425124	0.291100138624698
"log(Species):Terr"	-0.0600382483793432	0.0255418389669458	-2.35058440612048	0.0197747516667557
"log(Species):Latitude"	-0.000819858408616921	0.000906088205297829	-0.904832889141776	0.366705878416795
"log(Species):Lakeweb:Latitude"	0.00324350660905406	0.00155210645794753	2.08974493498545	0.0379790354815536
