"Estimate"	"Std. Error"	"t value"	"Pr(>|t|)"
"(Intercept)"	-1.48170603988545	0.121452620714505	-12.199868814428	1.94743073520387e-26
"log(Species)"	0.770092094699496	0.048597130154718	15.8464520898202	3.88180581823207e-38
"log(Species):Latitude"	-0.000832872592116057	0.000829265096528789	-1.0043502320336	0.316323321839937
"log(Species):Lakeweb"	-0.0468445276434758	0.0624091270578477	-0.750603795500218	0.453700539084431
"log(Species):Marine"	0.125531428293672	0.0253180290748193	4.95818327416815	1.42941125855758e-06
"log(Species):Latitude:Lakeweb"	0.00409593393027331	0.0015062020496127	2.71937880533793	0.00706745153712016
