"Estimate"	"Std. Error"	"t value"	"Pr(>|t|)"
"(Intercept)"	-0.317219414240534	0.135564462231632	-2.3399894708284	0.0203279780675407
"log(Species)"	0.637680432283579	0.0536124356501996	11.8942634213487	1.02708481372843e-24
"log(Species):Lakeweb"	-0.0886956516568798	0.064398808651961	-1.3772871503917	0.170052402433199
"log(Species):Terr"	-0.0605864327795839	0.0256585715842682	-2.36125509093931	0.0192310069255101
"log(Species):Latitude"	-0.000839447809687592	0.00091005592386222	-0.922413433808582	0.357488979171358
"log(Species):Lakeweb:Latitude"	0.00362398243384902	0.0015305836456762	2.3677127637464	0.0189083798093844
