"Estimate"	"Std. Error"	"t value"	"Pr(>|t|)"
"(Intercept)"	-1.20206575524425	0.1456093579412	-8.25541553263128	1.47236510272303e-14
"log(Species)"	0.703498007463862	0.0540339528951297	13.0195547386516	5.1141971388613e-29
"log(Species):Lakeweb"	-0.0733098845677807	0.06883105542482	-1.06506988909755	0.288027951998057
"log(Species):Marine"	0.119128695402689	0.0291409650237811	4.08801476908782	6.12771205871887e-05
"log(Species):Terr"	-0.0534859395886839	0.0269727929493703	-1.98295889080083	0.0486331894129765
"log(Species):Latitude"	-0.00137559764656941	0.00091650489573125	-1.5009168559562	0.134830685284199
"log(Species):Lakeweb:Latitude"	0.00380044492453718	0.00163552201956595	2.32368924360052	0.0210675141799427
