"Estimate"	"Std. Error"	"t value"	"Pr(>|t|)"
"(Intercept)"	-1.20804766529309	0.147873406907764	-8.16947205420517	2.54216814452952e-14
"log(Species)"	0.69559718501392	0.0543706172200742	12.7936231107764	2.68791307519845e-28
"log(Species):Lakeweb"	-0.0632789853936411	0.0690969568629605	-0.915799888541283	0.36078843866273
"log(Species):Marine"	0.126932663342228	0.0289757843872141	4.38064632335677	1.84162334926164e-05
"log(Species):Terr"	-0.0521790076287004	0.0271369705789364	-1.92280149609631	0.0558140460652547
"log(Species):Latitude"	-0.00115786295722179	0.000912985043875484	-1.26821678513685	0.206079471658202
"log(Species):Lakeweb:Latitude"	0.00357471615209479	0.00164409293902532	2.17427863549735	0.0307657945354506
