"Estimate"	"Std. Error"	"t value"	"Pr(>|t|)"
"(Intercept)"	-0.506354139054452	0.143750578306379	-3.52244940521386	0.00052119790787511
"log(Species)"	0.690249648411671	0.0531808138778944	12.9792983235743	6.87526333671701e-29
"log(Species):Latitude"	-0.00112151338613947	0.000896997625799135	-1.25029693934844	0.212537679370964
"log(Species):Lakeweb"	-0.0655913921625622	0.0681845653569227	-0.961968325517863	0.337136210960833
"log(Species):Marine"	0.124589937796484	0.0284414690944067	4.38057321803345	1.84219095563374e-05
"log(Species):Terr"	-0.0519475027111794	0.0266588674770332	-1.94860125832174	0.0526322119070852
"log(Species):Latitude:Lakeweb"	0.0034281433552823	0.00159784420221277	2.14548036068526	0.033025059383456
