"Estimate"	"Std. Error"	"t value"	"Pr(>|t|)"
"(Intercept)"	-0.4861629811136	0.13043596508717	-3.7272157321694	0.000269759501989343
"log(Species)"	0.719999866355801	0.0535943792992791	13.4342420934705	7.04093884098568e-28
"log(Species):Lakeweb"	-0.0213984855978104	0.0837627503789379	-0.255465412740208	0.798698027622186
"log(Species):Terr"	-0.0253041778233824	0.0280421227703053	-0.902363135296512	0.368246303523931
"log(Species):Latitude"	-0.0011914856192076	0.0009382387827492	-1.26991725466341	0.20599305606226
"log(Species):Lakeweb:Latitude"	0.00172396646926724	0.00186637439721772	0.923698091785458	0.357060978773064
