"Estimate"	"Std. Error"	"t value"	"Pr(>|t|)"
"(Intercept)"	-1.20922550671357	0.146297722183561	-8.26551151081042	1.38061167054118e-14
"log(Species)"	0.700863498842171	0.0544778619412487	12.865106556458	1.59065056128149e-28
"log(Species):Lakeweb"	-0.0681916443134597	0.0691456522891695	-0.986202921743798	0.325131873439012
"log(Species):Marine"	0.127858262841473	0.0289300314848989	4.41956874150702	1.56209407912956e-05
"log(Species):Terr"	-0.0519697384380287	0.0270926521405478	-1.91822262982696	0.0563952796318421
"log(Species):Latitude"	-0.00129429272371748	0.00092631204306176	-1.39725347782312	0.163764392091711
"log(Species):Lakeweb:Latitude"	0.0037141560987827	0.00164606957404603	2.25637856220945	0.0250434773607971
