"Estimate"	"Std. Error"	"t value"	"Pr(>|t|)"
"(Intercept)"	-0.320670805782208	0.1355608688214	-2.36551158583004	0.0190178112787768
"log(Species)"	0.637381168477173	0.0536340283181939	11.8838951401485	1.10267218687035e-24
"log(Species):Lakeweb"	-0.0871839766723352	0.0643815310813621	-1.35417681449912	0.177296847374939
"log(Species):Terr"	-0.0599905439830806	0.0256654798683634	-2.33740200030423	0.0204651360653623
"log(Species):Latitude"	-0.000822483311876712	0.000909804975053273	-0.904021558937455	0.367134806778891
"log(Species):Lakeweb:Latitude"	0.00360393029684357	0.00153079326389	2.35428936216075	0.0195844442678664
