"Estimate"	"Std. Error"	"t value"	"Pr(>|t|)"
"(Intercept)"	-0.508630020938424	0.143693132563322	-3.53969610005046	0.000490044723800731
"log(Species)"	0.690883935138029	0.0531799676617715	12.9914320281671	6.28867655355069e-29
"log(Species):Latitude"	-0.00111361120395747	0.000897510059361858	-1.24077852091069	0.216027334834916
"log(Species):Lakeweb"	-0.0602197541529106	0.0673986905245445	-0.893485521517372	0.372587052322572
"log(Species):Marine"	0.124330736269208	0.0284775838551519	4.36591590429872	1.95944744956256e-05
"log(Species):Terr"	-0.0522594158300073	0.0266890961326585	-1.95808114183602	0.0515020836581363
"log(Species):Latitude:Lakeweb"	0.00332736481728852	0.001588577406621	2.09455630139297	0.0373709348048422
