"Estimate"	"Std. Error"	"t value"	"Pr(>|t|)"
"(Intercept)"	-0.85545572080057	0.141066161986523	-6.06421631349337	5.89211624511817e-09
"log(Species)"	0.658459583041314	0.0614071281092293	10.7228525957127	9.12556851137798e-22
"log(Species):Lakeweb"	-0.0877748154992332	0.0742705012002508	-1.18182608277507	0.238580211087263
"log(Species):Stream"	-0.158091665308436	0.0863866039045846	-1.83004838901932	0.0686273179300168
"log(Species):Marine"	0.118723361509713	0.0368886535766067	3.21842490843859	0.00148828160072846
"log(Species):Terr"	-0.0590405759621776	0.0354571397286901	-1.66512517405359	0.0973442772460949
"log(Species):Latitude"	-0.00107216982604625	0.00106780443758393	-1.00408819097268	0.316464825171838
"log(Species):Lakeweb:Latitude"	0.0047820013279085	0.00169242491981787	2.82553233051136	0.00516477342947656
"log(Species):Stream:Latitude"	0.00507601478735095	0.00188753174133254	2.68923413376214	0.00772332339853745
