"Estimate"	"Std. Error"	"t value"	"Pr(>|t|)"
"(Intercept)"	-1.01936397036091	0.135424493635541	-7.5271757936511	2.05917173243916e-12
"log(Species)"	0.639630276425679	0.0536026618688926	11.9328080756541	7.8872567941733e-25
"log(Species):Lakeweb"	-0.0873466519428669	0.0642810085974887	-1.35882516234008	0.175821406961011
"log(Species):Terr"	-0.0612954299072052	0.02563834980489	-2.39077126155422	0.0177949707285452
"log(Species):Latitude"	-0.000798672749906549	0.000908941566681627	-0.878684372222465	0.380688159030117
"log(Species):Lakeweb:Latitude"	0.00363259560286933	0.00152916024570797	2.37554933373742	0.0185232774831751
