"Estimate"	"Std. Error"	"t value"	"Pr(>|t|)"
"(Intercept)"	-0.88896882256348	0.138806889646528	-6.40435661966955	9.73152301404347e-10
"log(Species)"	0.699834115103752	0.060342647013463	11.597670134484	2.33758914148661e-24
"log(Species):Lakeweb"	-0.107440038298253	0.0724417682932572	-1.48312280096914	0.139540992488782
"log(Species):Stream"	-0.169235898841312	0.0865327194956126	-1.9557445995892	0.0518215697719487
"log(Species):Marine"	0.0826069219286149	0.0349241194873993	2.36532583043131	0.0189249746827547
"log(Species):Terr"	-0.0947776069230083	0.0334403296490742	-2.83423064059514	0.00504189853594081
"log(Species):Latitude"	-0.00113162190841715	0.00106066305804217	-1.06690046366465	0.287241787594973
"log(Species):Lakeweb:Latitude"	0.00449082392547391	0.00166288296746141	2.70062536771887	0.00748560968642103
"log(Species):Stream:Latitude"	0.00495207690164996	0.00190543779297114	2.59891816983865	0.0100148166708127
