"Estimate"	"Std. Error"	"t value"	"Pr(>|t|)"
"(Intercept)"	-1.01321418835311	0.135726891539337	-7.4650953607042	2.96575278221622e-12
"log(Species)"	0.637625021620621	0.0537378102580303	11.865482023904	1.25085485764141e-24
"log(Species):Lakeweb"	-0.0875062794116021	0.064479673532119	-1.35711418216181	0.17636341517339
"log(Species):Terr"	-0.0600043314734061	0.0256943367483164	-2.33531349966984	0.0205764370829972
"log(Species):Latitude"	-0.000823965912076385	0.000911494659677215	-0.903972286977713	0.367160865679971
"log(Species):Lakeweb:Latitude"	0.00361977352628182	0.00153656841358667	2.35575161787461	0.0195097795084714
