"Estimate"	"Std. Error"	"t value"	"Pr(>|t|)"
"(Intercept)"	-1.19148245816698	0.128883262290062	-9.24466402383155	1.61505539061941e-16
"log(Species)"	0.72407085133333	0.0529818539025302	13.6663932648599	1.63896088133963e-28
"log(Species):Lakeweb"	-0.020017987936755	0.0829237142198674	-0.241402451941292	0.809558206821665
"log(Species):Terr"	-0.0275324341434064	0.0277528619028382	-0.992057476443203	0.322695989822957
"log(Species):Latitude"	-0.0011434574280174	0.000929004385185685	-1.23084179822127	0.220222810373891
"log(Species):Lakeweb:Latitude"	0.00169907362100038	0.00184774452595609	0.919539252928498	0.359224221933579
