"Estimate"	"Std. Error"	"t value"	"Pr(>|t|)"
"(Intercept)"	-1.2059335011786	0.146667481416583	-8.222228196265	1.81866694816238e-14
"log(Species)"	0.694999293872743	0.0541997217538802	12.8229310295857	2.16780841103537e-28
"log(Species):Lakeweb"	-0.0634694424312939	0.0690086308298137	-0.919731947556236	0.358734106569079
"log(Species):Marine"	0.127049949808844	0.0289655037372166	4.38625031214639	1.79860847543085e-05
"log(Species):Terr"	-0.0519975706689199	0.0271560868024011	-1.91476669843029	0.0568373221288074
"log(Species):Latitude"	-0.0011621070400435	0.000913183861931724	-1.27258823604834	0.204526031572057
"log(Species):Lakeweb:Latitude"	0.00358426198011783	0.00164066325164272	2.18464208089568	0.0299861146443815
