"Estimate"	"Std. Error"	"t value"	"Pr(>|t|)"
"(Intercept)"	-1.22779886519768	0.142575403768348	-8.61157557857997	1.6483074378014e-15
"log(Species)"	0.734514887385747	0.0536244975075067	13.6973756683301	5.2167079504352e-31
"log(Species):Lakeweb"	-0.0929049473031725	0.0675952624900775	-1.37442986210476	0.170759413417781
"log(Species):Marine"	0.0960215396539188	0.028603090648382	3.3570337147937	0.00093372092652981
"log(Species):Terr"	-0.0799843005650012	0.0267884781578374	-2.98577246881046	0.00316123643750899
"log(Species):Latitude"	-0.00148214579687483	0.000900980169236004	-1.645037091251	0.101444045965231
"log(Species):Lakeweb:Latitude"	0.00374753197861123	0.00159366370596842	2.35151993772361	0.0196139827026212
