"Estimate"	"Std. Error"	"t value"	"Pr(>|t|)"
"(Intercept)"	-1.09718438412255	0.116101590163625	-9.45020979106537	5.83393182426512e-18
"log(Species)"	0.717546025312293	0.0517750773182616	13.8589078467529	1.14123312751826e-31
"log(Species):Lakeweb"	-0.0504661494354926	0.0629277574310328	-0.801969615567536	0.423451945889496
"log(Species):Stream"	-0.117757934007909	0.0788883408330327	-1.49271657591512	0.136970566257517
"log(Species):Marine"	0.133173270493124	0.0273380540973303	4.87135148752701	2.14209572742843e-06
"log(Species):Latitude"	-0.00104003399358731	0.000965930219705214	-1.07671752303672	0.282807573892317
"log(Species):Lakeweb:Latitude"	0.00483371068314357	0.00153206339448566	3.15503307535542	0.00183341646507611
"log(Species):Stream:Latitude"	0.00465580519730804	0.00179893085709573	2.58809568969459	0.0103057500209982
