"Estimate"	"Std. Error"	"t value"	"Pr(>|t|)"
"(Intercept)"	-0.502485976934434	0.128921235734984	-3.89761992327908	0.000142565260726414
"log(Species)"	0.668503155624523	0.0362155185379536	18.459024821747	1.74770560579306e-41
"log(Species):Lakeweb"	0.0577484657085816	0.0248889848574599	2.32024190778809	0.0215908446924775
