"Estimate"	"Std. Error"	"t value"	"Pr(>|t|)"
"(Intercept)"	-0.828376400663337	0.127078080536704	-6.51864111548395	9.3212715592432e-10
"log(Species)"	0.687298963728448	0.0559890946327494	12.2755863125965	1.14112930881542e-24
"log(Species):Lakeweb"	-0.0249848128126448	0.0826576965073488	-0.302268438008353	0.762850063345787
"log(Species):Stream"	-0.282937532382995	0.0842237570824947	-3.35935539073454	0.000982060942829912
"log(Species):Latitude"	-0.00177328013200709	0.00107272543961876	-1.65306057497555	0.100329622261469
"log(Species):Lakeweb:Latitude"	0.00311093591592699	0.001878254363631	1.6562910626828	0.0996729437749037
"log(Species):Stream:Latitude"	0.00844895178953402	0.00189475162102179	4.45913421885751	1.56577000106888e-05
