"Estimate"	"Std. Error"	"t value"	"Pr(>|t|)"
"(Intercept)"	-1.23563668693259	0.141797808873148	-8.7140746161881	8.48331408282778e-16
"log(Species)"	0.732691898676159	0.053434593014072	13.7119393514086	4.69023597565439e-31
"log(Species):Lakeweb"	-0.0884662803044802	0.0673046984763614	-1.31441462939695	0.190126990163383
"log(Species):Marine"	0.0984984524720329	0.0284861872076929	3.45776188838051	0.000658149792995275
"log(Species):Terr"	-0.077598555553626	0.0266863061344202	-2.90780429343643	0.00402700664478373
"log(Species):Latitude"	-0.00144045420306439	0.000897173115238249	-1.60554766811294	0.109861858953279
"log(Species):Lakeweb:Latitude"	0.00370334883578525	0.00158732007469111	2.33308259300249	0.0205809421761921
