"Estimate"	"Std. Error"	"t value"	"Pr(>|t|)"
"(Intercept)"	-0.508054511430027	0.127452682421913	-3.98622062537836	0.000101819618968713
"log(Species)"	0.670802086828571	0.0358291429172164	18.7222476512616	3.69861732836322e-42
"log(Species):Lakeweb"	0.0660424670780789	0.0249676825807925	2.64511801863762	0.0089805076866977
