"Estimate"	"Std. Error"	"t value"	"Pr(>|t|)"
"(Intercept)"	-0.891111239025652	0.138602193768866	-6.42927225604866	8.48773402760184e-10
"log(Species)"	0.700356670092216	0.060277493378733	11.6188751528164	2.00991598351672e-24
"log(Species):Lakeweb"	-0.110516236249461	0.0725477673681561	-1.52335819913834	0.129173569110369
"log(Species):Stream"	-0.169202446432813	0.0863033060832687	-1.96055578994343	0.0512531898801374
"log(Species):Marine"	0.0827144395854678	0.0348919454761724	2.37058835374924	0.0186647930750949
"log(Species):Terr"	-0.0947482819874094	0.0334102269715189	-2.8359065644235	0.00501650352783175
"log(Species):Latitude"	-0.00113076223145339	0.00105970854644792	-1.06705021417788	0.287174322877369
"log(Species):Lakeweb:Latitude"	0.0045319324964671	0.00166273012060838	2.72559716113695	0.00696029335306855
"log(Species):Stream:Latitude"	0.0049509560168574	0.00189784276721725	2.60872823733277	0.0097411414317689
