"Estimate"	"Std. Error"	"t value"	"Pr(>|t|)"
"(Intercept)"	-1.20839757189343	0.145816521009981	-8.28711015407307	1.20291109006658e-14
"log(Species)"	0.70110516699246	0.0540486438644395	12.9717439118531	7.26775851213308e-29
"log(Species):Lakeweb"	-0.0687205246541952	0.0687855489418409	-0.999054680981019	0.318880937407863
"log(Species):Marine"	0.125109190296194	0.0288407395401509	4.33793280931724	2.20347801336123e-05
"log(Species):Terr"	-0.0544272507105006	0.0270501119734477	-2.01208966395134	0.0454467193472767
"log(Species):Latitude"	-0.00124161952085209	0.000910505432717179	-1.36365965126291	0.17408764896134
"log(Species):Lakeweb:Latitude"	0.00366205922133462	0.0016338041499151	2.24143097048989	0.0260103933701483
