"Estimate"	"Std. Error"	"t value"	"Pr(>|t|)"
"(Intercept)"	-1.02911387281689	0.135129877732629	-7.61573894748216	1.2204362713924e-12
"log(Species)"	0.642533755731778	0.0534470977655082	12.0218642843959	4.28334031850567e-25
"log(Species):Lakeweb"	-0.0868251675551441	0.0640329169801364	-1.35594584238725	0.176734245192701
"log(Species):Terr"	-0.0620131805692991	0.0255431376101307	-2.42778242500263	0.0161286601293388
"log(Species):Latitude"	-0.000786579414667848	0.000905431385230165	-0.868734425931011	0.38609422349317
"log(Species):Lakeweb:Latitude"	0.00361177993618754	0.00152330901666176	2.3710093596784	0.0187455277518837
