"Estimate"	"Std. Error"	"t value"	"Pr(>|t|)"
"(Intercept)"	-0.507726751846518	0.143869080011192	-3.52908875073796	0.000508991278608225
"log(Species)"	0.690361270310128	0.0532469919756427	12.9652632889747	7.62224981650353e-29
"log(Species):Latitude"	-0.00112470333621893	0.000897568407043187	-1.25305584219924	0.211533912005905
"log(Species):Lakeweb"	-0.0599975785207395	0.0674055990935189	-0.890097845395581	0.374399090424919
"log(Species):Marine"	0.125044114521485	0.0284684978641	4.39236784175996	1.75275242978089e-05
"log(Species):Terr"	-0.0515641293048479	0.0266968679813112	-1.93146736691902	0.0547277648948854
"log(Species):Latitude:Lakeweb"	0.00333871957603127	0.00158878523126986	2.10142913612229	0.0367571829345255
