"Estimate"	"Std. Error"	"t value"	"Pr(>|t|)"
"(Intercept)"	-0.511503754514404	0.143481735416854	-3.5649398373134	0.000447584635526589
"log(Species)"	0.696565916955109	0.0534997624322227	13.0199814968818	5.09817654920493e-29
"log(Species):Latitude"	-0.00125935779578505	0.000910853739467457	-1.38261253285445	0.168204918500437
"log(Species):Lakeweb"	-0.0649457352624235	0.0675522591695073	-0.961414704124946	0.337413751916046
"log(Species):Marine"	0.125769169803911	0.0284334401698994	4.42328360734393	1.53765447165836e-05
"log(Species):Terr"	-0.0516511512491076	0.0266327801974383	-1.93938262795695	0.0537511416615246
"log(Species):Latitude:Lakeweb"	0.00347227586792029	0.00159463168548923	2.177478285122	0.0305232237009136
