"Estimate"	"Std. Error"	"t value"	"Pr(>|t|)"
"(Intercept)"	-1.2067166312249	0.146128612367461	-8.25790795980764	1.44916709681349e-14
"log(Species)"	0.695654288556329	0.0540186606199947	12.8780366001677	1.44659105830685e-28
"log(Species):Lakeweb"	-0.0638527677871407	0.0688359754807185	-0.927607509608496	0.354641785457787
"log(Species):Marine"	0.125594396313087	0.0289018763572548	4.34554472383107	2.13435699865362e-05
"log(Species):Terr"	-0.0533644631514611	0.0270860827915503	-1.97018016824893	0.0500894884149205
"log(Species):Latitude"	-0.00113760816206584	0.000910813598536666	-1.24900217112871	0.213009945369506
"log(Species):Lakeweb:Latitude"	0.00355921796532535	0.00163641938922395	2.17500354051247	0.0307106927209736
