"Estimate"	"Std. Error"	"t value"	"Pr(>|t|)"
"(Intercept)"	-1.18006858672587	0.130987698754942	-9.00900311970207	6.69173464552937e-16
"log(Species)"	0.720543029927644	0.0537780671161441	13.3984553288517	8.81660052400442e-28
"log(Species):Lakeweb"	-0.0204711410471558	0.0840551128646073	-0.24354426934302	0.807901730787136
"log(Species):Terr"	-0.0253150468450576	0.0281383454568573	-0.899663659466812	0.36967709587085
"log(Species):Latitude"	-0.00118985756226055	0.000941692085632065	-1.26353144559128	0.208271261779671
"log(Species):Lakeweb:Latitude"	0.00175260032950895	0.00187299170893354	0.935722417322849	0.350853177058414
