"Estimate"	"Std. Error"	"t value"	"Pr(>|t|)"
"(Intercept)"	-0.62977232203855	0.136157671756644	-4.62531647253889	6.94583752574879e-06
"log(Species)"	0.553098043140201	0.0562954089695739	9.82492272929637	1.19564303476864e-18
"log(Species):Lakeweb"	-0.0647102927796313	0.0650669746789547	-0.994518234464054	0.321248938805617
"log(Species):Stream"	-0.191552957323815	0.0897517041090587	-2.13425426542382	0.0341175266029786
"log(Species):Latitude"	-0.000643233480212492	0.00103697651447877	-0.620297057099516	0.535813411615061
"log(Species):Lakeweb:Latitude"	0.00462322481852184	0.00159315592257261	2.90192865181477	0.00415173297622135
"log(Species):Stream:Latitude"	0.0066881423542235	0.00201820272819364	3.31391007493565	0.00110368991648381
