"Estimate"	"Std. Error"	"t value"	"Pr(>|t|)"
"(Intercept)"	-0.847386946925408	0.127603514193605	-6.64078064213592	4.90117303250652e-10
"log(Species)"	0.692128298553849	0.0560643440731772	12.3452491952899	7.36549447151931e-25
"log(Species):Lakeweb"	-0.0252533729384622	0.0826566363243602	-0.305521420438199	0.760376351919397
"log(Species):Stream"	-0.282275423018128	0.0842133145252614	-3.35190966665317	0.0010070130315498
"log(Species):Latitude"	-0.00175811040084803	0.00107271338424879	-1.63893769450748	0.103241446137347
"log(Species):Lakeweb:Latitude"	0.00308291124000118	0.00187824750475956	1.64137645980573	0.102733836321691
"log(Species):Stream:Latitude"	0.00846141218732223	0.00189458922425138	4.46609327183608	1.52132445849058e-05
