"Estimate"	"Std. Error"	"t value"	"Pr(>|t|)"
"(Intercept)"	-0.323640158720936	0.135650977290004	-2.38582990839082	0.0180285725276836
"log(Species)"	0.638462698190285	0.0536731789015129	11.8953770068627	1.0192806403262e-24
"log(Species):Lakeweb"	-0.0872224266156543	0.064328877017947	-1.35588293561102	0.176754228351418
"log(Species):Terr"	-0.0605666964687866	0.0256600709645143	-2.36034797224626	0.0192767131291507
"log(Species):Latitude"	-0.000814539035723217	0.000909598910650187	-0.895492536530172	0.371662923213857
"log(Species):Lakeweb:Latitude"	0.00359332961662655	0.00153031800805918	2.34809340130799	0.0199036169556574
