"Estimate"	"Std. Error"	"t value"	"Pr(>|t|)"
"(Intercept)"	-0.834993380889962	0.127182129889702	-6.56533572455583	7.29568741921538e-10
"log(Species)"	0.688979905065267	0.0560977184083543	12.2817812312784	1.09755678845284e-24
"log(Species):Lakeweb"	-0.0246610305149874	0.0828889048533654	-0.297519077596863	0.766466075647309
"log(Species):Stream"	-0.281963444679991	0.0844270792020581	-3.33972757727615	0.00104911910361318
"log(Species):Latitude"	-0.00176800002012924	0.00107538906175238	-1.64405616814461	0.1021783892851
"log(Species):Lakeweb:Latitude"	0.00309711446999589	0.00188318703710364	1.64461331188817	0.102063208676966
"log(Species):Stream:Latitude"	0.00846370286607312	0.00189941275863457	4.45595767828654	1.58647064513201e-05
