"Estimate"	"Std. Error"	"t value"	"Pr(>|t|)"
"(Intercept)"	-1.21995798374031	0.146256395247488	-8.34122830441673	8.51069940070048e-15
"log(Species)"	0.698214196827628	0.0541260192534226	12.8997884281593	1.23303689356261e-28
"log(Species):Lakeweb"	-0.0578555492093739	0.068604623348763	-0.843318516818547	0.399978946927423
"log(Species):Marine"	0.128048701012151	0.028985696194337	4.41765138755466	1.57485354887519e-05
"log(Species):Terr"	-0.0515421832395776	0.0271670222866101	-1.89723344339366	0.0591249298345702
"log(Species):Latitude"	-0.00115798004859556	0.000913360700522366	-1.26782337791991	0.206219695080898
"log(Species):Lakeweb:Latitude"	0.00341718205648339	0.0016168178289962	2.11352324003313	0.035698148358484
