"Estimate"	"Std. Error"	"t value"	"Pr(>|t|)"
"(Intercept)"	-0.630786077703489	0.136367215815218	-4.62564314987721	6.93601846688245e-06
"log(Species)"	0.553362374664231	0.0563351780522716	9.82267907542218	1.2133622873939e-18
"log(Species):Lakeweb"	-0.0646185103463678	0.0650803756963856	-0.992903154828539	0.322033371450009
"log(Species):Stream"	-0.191624764468375	0.0898896543754625	-2.13177774238593	0.0343234998766765
"log(Species):Latitude"	-0.000642581050051676	0.00103714883413523	-0.619564935043731	0.536294400395931
"log(Species):Lakeweb:Latitude"	0.0046216654753994	0.0015934430189645	2.90042720096937	0.00417080527641632
"log(Species):Stream:Latitude"	0.00667931855977641	0.00202366816486018	3.30059971084138	0.00115435216495164
