"Estimate"	"Std. Error"	"t value"	"Pr(>|t|)"
"(Intercept)"	-1.09194327585072	0.116327042114304	-9.38683951731334	8.94783716909036e-18
"log(Species)"	0.716147347911572	0.0518292067877154	13.8174475801801	1.54927216491613e-31
"log(Species):Lakeweb"	-0.0508326503148919	0.0629635186488645	-0.807334968021338	0.420361646571187
"log(Species):Stream"	-0.131756883769008	0.0764507537661359	-1.72342164437063	0.0862432878582545
"log(Species):Marine"	0.132974511335284	0.0273539451575621	4.86125531689612	2.2429355366357e-06
"log(Species):Latitude"	-0.00104140839231581	0.000966458015530385	-1.07755161174208	0.282435848457692
"log(Species):Lakeweb:Latitude"	0.00483365012540631	0.00153289840630881	3.15327493688616	0.00184400064373595
"log(Species):Stream:Latitude"	0.00497947412065472	0.0017351438896934	2.86977590171763	0.00451568465920425
