"Estimate"	"Std. Error"	"t value"	"Pr(>|t|)"
"(Intercept)"	-0.323825607920917	0.136112355684247	-2.37910516126931	0.0183508316024755
"log(Species)"	0.638378941946311	0.053754838227551	11.8757485464652	1.16593871297008e-24
"log(Species):Lakeweb"	-0.0870735254351183	0.0643538040629156	-1.35304395292609	0.177657835767149
"log(Species):Terr"	-0.0608307733972228	0.0257919936615603	-2.35851381616472	0.019369421598421
"log(Species):Latitude"	-0.000823960658505508	0.000909605288180628	-0.905844182319537	0.366171676155634
"log(Species):Lakeweb:Latitude"	0.0036025853352477	0.00153050175196728	2.35385900775154	0.0196064666099418
