"Estimate"	"Std. Error"	"t value"	"Pr(>|t|)"
"(Intercept)"	-0.491224861425893	0.129705921693495	-3.78722000516442	0.000216531486479062
"log(Species)"	0.722457984535216	0.0533624964163404	13.5386841518529	3.65346483445797e-28
"log(Species):Lakeweb"	-0.022091101455712	0.0834836495841375	-0.264615904620316	0.791652436359746
"log(Species):Terr"	-0.0246058553282831	0.027922192892447	-0.881229329768689	0.379540779122076
"log(Species):Latitude"	-0.0012404349382829	0.000936110455148395	-1.32509463115255	0.18706501086815
"log(Species):Lakeweb:Latitude"	0.00176975525984401	0.00186046651052238	0.951242739299345	0.342943270230555
