"Estimate"	"Std. Error"	"t value"	"Pr(>|t|)"
"(Intercept)"	-1.17836491855602	0.130289644779021	-9.04419472901776	5.4155155078911e-16
"log(Species)"	0.720187720582745	0.0535880875792635	13.4393249155887	6.81961755476558e-28
"log(Species):Lakeweb"	-0.0207100437190154	0.083927570601328	-0.246760910278126	0.805415623841162
"log(Species):Terr"	-0.0258149585577781	0.0280816256973781	-0.919282908901829	0.359357832216596
"log(Species):Latitude"	-0.00117897501820142	0.000940163662813441	-1.25401040779787	0.211702154678949
"log(Species):Lakeweb:Latitude"	0.00174278151897781	0.0018700141308636	0.931961684253671	0.352787266369323
