"Estimate"	"Std. Error"	"t value"	"Pr(>|t|)"
"(Intercept)"	-1.02361850999172	0.135915418133139	-7.53129059272003	2.00986638810158e-12
"log(Species)"	0.639660408462923	0.0536766886772127	11.9169126156338	8.79477783777997e-25
"log(Species):Lakeweb"	-0.0858822414618396	0.0643743604043168	-1.33410632622115	0.183774286582425
"log(Species):Terr"	-0.0592036000576513	0.0256563148197584	-2.30756445239975	0.0221065273740044
"log(Species):Latitude"	-0.000824450914714701	0.000909686950609753	-0.906301793338995	0.365930110073439
"log(Species):Lakeweb:Latitude"	0.00365456762654271	0.00153064372907093	2.38760173718607	0.0179445000495801
