"Estimate"	"Std. Error"	"t value"	"Pr(>|t|)"
"(Intercept)"	-0.847819283731071	0.140857334590819	-6.01899280711173	7.48740623201031e-09
"log(Species)"	0.656658149726408	0.0612626875824409	10.7187290606986	9.39457140255743e-22
"log(Species):Lakeweb"	-0.088622476973635	0.0740729433369666	-1.19642170246268	0.232849724699701
"log(Species):Stream"	-0.158657378619226	0.086145681727677	-1.84173339205525	0.0668916135963992
"log(Species):Marine"	0.118271973130706	0.0367908333558396	3.21471307776	0.00150675424544028
"log(Species):Terr"	-0.0592008714938942	0.0353611831233131	-1.67417677421726	0.0955499250168955
"log(Species):Latitude"	-0.00107539034017578	0.00106490956510537	-1.00984193908463	0.313706158994186
"log(Species):Lakeweb:Latitude"	0.00479053756578054	0.00168784832893775	2.83825121229672	0.0049705922065347
"log(Species):Stream:Latitude"	0.00504410182005092	0.00188261822969866	2.67930148581335	0.00794843039786034
