"Estimate"	"Std. Error"	"t value"	"Pr(>|t|)"
"(Intercept)"	-0.842093231786343	0.125730212345748	-6.69762037361912	3.62629847819813e-10
"log(Species)"	0.690783512216602	0.0554415832143744	12.4596642477825	3.5886438351863e-25
"log(Species):Lakeweb"	-0.0236851515413045	0.0818812735478769	-0.289262129361673	0.77276485319909
"log(Species):Stream"	-0.282533815066791	0.0834283671310578	-3.38654374743974	0.000895771952774113
"log(Species):Latitude"	-0.00176233459484989	0.00106266540502561	-1.65840968052161	0.0992441635798727
"log(Species):Lakeweb:Latitude"	0.00309142588632841	0.00186063931119241	1.66148584937036	0.0986242344463708
"log(Species):Stream:Latitude"	0.00855390344421169	0.00187750574157093	4.55599322804442	1.0458132352984e-05
