"Estimate"	"Std. Error"	"t value"	"Pr(>|t|)"
"(Intercept)"	-0.320377430206689	0.135431983135838	-2.36559653627276	0.0190135776386003
"log(Species)"	0.637226281386132	0.0536246882935311	11.8830766511514	1.1088705237467e-24
"log(Species):Lakeweb"	-0.0871321470938531	0.064346491321615	-1.35410875254023	0.177318519881434
"log(Species):Terr"	-0.0597784526468072	0.025659724456061	-2.32966073931036	0.0208803586947843
"log(Species):Latitude"	-0.000826116356473581	0.000909603952928959	-0.908215442350987	0.364921009470467
"log(Species):Lakeweb:Latitude"	0.00360782579729767	0.00153041901027315	2.35741046934181	0.0194253798650101
