"Estimate"	"Std. Error"	"t value"	"Pr(>|t|)"
"(Intercept)"	-0.877188209934788	0.140825589235075	-6.22889784945642	2.43794767475191e-09
"log(Species)"	0.663586270996172	0.0613831003999281	10.8105694673733	4.91519641839014e-22
"log(Species):Lakeweb"	-0.0793846557439692	0.0738890002135873	-1.074377180832	0.283857936828723
"log(Species):Stream"	-0.158496177714491	0.0863947112918437	-1.83455879815475	0.0679529693928489
"log(Species):Marine"	0.120007964912164	0.0368908530538283	3.25305475417056	0.00132578668318304
"log(Species):Terr"	-0.0585843918975947	0.0354621610300511	-1.65202543206404	0.0999890439575975
"log(Species):Latitude"	-0.00106300458475769	0.00106796333535048	-0.995356815698961	0.320681661858174
"log(Species):Lakeweb:Latitude"	0.00452564847258083	0.00167034756593258	2.70940525486029	0.00728379614109963
"log(Species):Stream:Latitude"	0.00511196129264002	0.00188849400333031	2.70689834525565	0.00733716337899027
