"Estimate"	"Std. Error"	"t value"	"Pr(>|t|)"
"(Intercept)"	-1.23172415254174	0.142571705657241	-8.63933097288569	1.37745151863134e-15
"log(Species)"	0.734459781932967	0.053703085593279	13.67630507296	6.08466202656333e-31
"log(Species):Latitude"	-0.00146744743292603	0.00090108605871251	-1.62853194624135	0.104897251819235
"log(Species):Lakeweb"	-0.0915398747151826	0.0675552770531354	-1.35503662642346	0.176847977766033
"log(Species):Marine"	0.0966689163459994	0.0285965783850448	3.38043646496374	0.000861462302633337
"log(Species):Terr"	-0.079413835064136	0.0267962025972553	-2.96362272885152	0.00338796350317643
"log(Species):Latitude:Lakeweb"	0.00373158581314964	0.00159419620643735	2.34073183594436	0.0201748035558833
