"Estimate"	"Std. Error"	"t value"	"Pr(>|t|)"
"(Intercept)"	-0.874502042174889	0.141719059448744	-6.17067348299168	3.33649921011803e-09
"log(Species)"	0.662952604791884	0.0613710234861179	10.8023716590264	5.20811840822713e-22
"log(Species):Lakeweb"	-0.0856606315268962	0.0740896540925727	-1.15617534696364	0.248892553266561
"log(Species):Stream"	-0.162463544959286	0.0862278481892842	-1.88411920708786	0.060898300667334
"log(Species):Marine"	0.119849186034024	0.0368006486815241	3.2567139528221	0.00130961536392562
"log(Species):Terr"	-0.0586407769218454	0.0353609439050757	-1.6583487442887	0.0987052845663058
"log(Species):Latitude"	-0.00106413742211972	0.00106487680099468	-0.999305667214959	0.318769996298638
"log(Species):Lakeweb:Latitude"	0.00476071077992664	0.00168785477708993	2.82056895210777	0.00524240443456191
"log(Species):Stream:Latitude"	0.00515053783699924	0.00188354848288348	2.73448646732703	0.0067688590749089
