"Estimate"	"Std. Error"	"t value"	"Pr(>|t|)"
"(Intercept)"	-0.886684580905017	0.138640788362194	-6.39555351191879	1.02124333629703e-09
"log(Species)"	0.699276967651535	0.0602890526006452	11.5987387010963	2.31986937396669e-24
"log(Species):Lakeweb"	-0.107645199752158	0.0723867260687269	-1.48708479576704	0.138492318220859
"log(Species):Stream"	-0.172796241234183	0.0865517629192298	-1.99644970138201	0.0471764950498471
"log(Species):Marine"	0.0824922867420672	0.0348974238610096	2.36385032518789	0.0189984953781705
"log(Species):Terr"	-0.0948088731313808	0.0334153184014805	-2.83728773708708	0.00499566244854207
"log(Species):Latitude"	-0.00113253849488301	0.00105986997388435	-1.06856361892425	0.28649311721124
"log(Species):Lakeweb:Latitude"	0.004492466644818	0.0016616389553268	2.70363584725568	0.00742043546873583
"log(Species):Stream:Latitude"	0.00505233591861825	0.00190661248574121	2.64990183186288	0.00866428328800675
