"Estimate"	"Std. Error"	"t value"	"Pr(>|t|)"
"(Intercept)"	-0.634305265015264	0.135780302821301	-4.67155582831527	5.681366978123e-06
"log(Species)"	0.554279984476575	0.0561353139115366	9.87399812798879	8.66455925680321e-19
"log(Species):Lakeweb"	-0.0642998935575736	0.0648791092146827	-0.991072385793823	0.322924085365823
"log(Species):Stream"	-0.192077565383091	0.0894861191835385	-2.14645094832121	0.0331185915306088
"log(Species):Latitude"	-0.000640316180889233	0.00103397891214591	-0.619273926544914	0.536485647671464
"log(Species):Lakeweb:Latitude"	0.0046162523164687	0.00158855250376418	2.90594884684654	0.00410105816077155
"log(Species):Stream:Latitude"	0.00673072802521482	0.00201277755246038	3.34399994524349	0.000996701206297385
