"Estimate"	"Std. Error"	"t value"	"Pr(>|t|)"
"(Intercept)"	-1.48569305771195	0.120794912856112	-12.2993015399719	9.42116203076209e-27
"log(Species)"	0.762489191437685	0.0487525582948635	15.6399831743398	1.7875505298079e-37
"log(Species):Latitude"	-0.000656521141110994	0.000835835308381239	-0.785467106411761	0.433032585219233
"log(Species):Lakeweb"	-0.0339140800770685	0.0617022167149472	-0.549641194152638	0.583128129079477
"log(Species):Marine"	0.126907989783185	0.0252329056233942	5.02946397364259	1.02633248448611e-06
"log(Species):Latitude:Lakeweb"	0.0038527974019886	0.00149731299788814	2.57314095811812	0.0107414814706696
