"Estimate"	"Std. Error"	"t value"	"Pr(>|t|)"
"(Intercept)"	-1.48190767319103	0.120977477549352	-12.2494509160723	1.35601359905794e-26
"log(Species)"	0.768882374953445	0.0484702401387459	15.8629784534288	3.43538413712259e-38
"log(Species):Latitude"	-0.000780664307652363	0.000828379982360224	-0.942398807643916	0.347031671678442
"log(Species):Lakeweb"	-0.0415821616089864	0.0614656708798909	-0.676510335179477	0.499433829477537
"log(Species):Marine"	0.124588663794761	0.0252685221849737	4.93058766487141	1.62350074835105e-06
"log(Species):Latitude:Lakeweb"	0.00397590417284571	0.00149460240718099	2.66017514339802	0.00839040656337411
