"Estimate"	"Std. Error"	"t value"	"Pr(>|t|)"
"(Intercept)"	-0.855259266579433	0.140914085158517	-6.06936677492058	5.73307158514152e-09
"log(Species)"	0.658413239546882	0.06134308969463	10.733291114362	8.47840819024516e-22
"log(Species):Lakeweb"	-0.0877966223540822	0.074193970726173	-1.18333904352029	0.237981582416072
"log(Species):Stream"	-0.158723646024166	0.0862938295035647	-1.83933946305639	0.0672442152931835
"log(Species):Marine"	0.118711749137134	0.0368506302242837	3.22143063536824	0.00147347722261669
"log(Species):Terr"	-0.0590446997090962	0.035420669890874	-1.66695604264415	0.0969791613768204
"log(Species):Latitude"	-0.00107225267667268	0.00106670634134518	-1.00519949597422	0.315930758532098
"log(Species):Lakeweb:Latitude"	0.00478222093031566	0.00169068401325705	2.82857168626256	0.0051177535045654
"log(Species):Stream:Latitude"	0.00510927491728566	0.00188625276705098	2.70869048228018	0.00729897640338817
