"Estimate"	"Std. Error"	"t value"	"Pr(>|t|)"
"(Intercept)"	-0.855806030195727	0.141040766600057	-6.06779196416661	5.78124957621459e-09
"log(Species)"	0.658542220927179	0.0613978770092358	10.725814197584	8.93711344541332e-22
"log(Species):Lakeweb"	-0.0877359303783718	0.0742600819278694	-1.18146826802039	0.238721942924037
"log(Species):Stream"	-0.158400284471834	0.086370464788804	-1.83396355292471	0.0680416486036248
"log(Species):Marine"	0.118744068233097	0.0368834683423018	3.21943877758667	0.00148327254428314
"log(Species):Terr"	-0.0590332226598128	0.0354522207684714	-1.66514879407251	0.0973395598538757
"log(Species):Latitude"	-0.00107202209008685	0.00106765647319029	-1.00408897150552	0.316464449857155
"log(Species):Lakeweb:Latitude"	0.00478160974158379	0.0016921900100004	2.82569316289881	0.00516227547754849
"log(Species):Stream:Latitude"	0.00508877638903548	0.00188794290081815	2.69540799503536	0.00758631866341452
