"Estimate"	"Std. Error"	"t value"	"Pr(>|t|)"
"(Intercept)"	-1.01143723280563	0.135621287006235	-7.4578058882389	3.09524662551404e-12
"log(Species)"	0.642018325568963	0.054068546208753	11.8741555042038	1.1787275524895e-24
"log(Species):Lakeweb"	-0.0925192200554254	0.0647955339423365	-1.4278641509114	0.154981232594079
"log(Species):Terr"	-0.0599858456636526	0.0256742439567483	-2.33642111388778	0.0205173436826467
"log(Species):Latitude"	-0.000954044451961503	0.000928493900308526	-1.02751827625845	0.305489709441207
"log(Species):Lakeweb:Latitude"	0.00379505862019965	0.00154320563445857	2.4592047459256	0.0148240518008659
