"Estimate"	"Std. Error"	"t value"	"Pr(>|t|)"
"(Intercept)"	-1.4935786424715	0.121176628645753	-12.3256329142298	7.77177206222996e-27
"log(Species)"	0.774455691526225	0.0485281648894437	15.958890951071	1.69095829306753e-38
"log(Species):Latitude"	-0.000879850124458859	0.00082795326586127	-1.06268090330389	0.28910245237566
"log(Species):Lakeweb"	-0.0432247558205128	0.0614490792330817	-0.703423979008011	0.482542152046009
"log(Species):Marine"	0.126912785557069	0.0252684887794891	5.02257126117041	1.05990056699956e-06
"log(Species):Latitude:Lakeweb"	0.00407828536970582	0.00149421356810713	2.72938585002424	0.00686346777166986
