"Estimate"	"Std. Error"	"t value"	"Pr(>|t|)"
"(Intercept)"	-0.525211919754708	0.143957382836576	-3.64838474697016	0.000330545146150914
"log(Species)"	0.694106774424849	0.0531103990856151	13.0691312130028	3.55182947149082e-29
"log(Species):Latitude"	-0.0011213973441752	0.000894989076209145	-1.25297321943307	0.211563922311044
"log(Species):Lakeweb"	-0.0579263176326421	0.0672485564073166	-0.861376373372079	0.389981584697
"log(Species):Marine"	0.126630537273965	0.0284228627294502	4.45523515626586	1.34207539929334e-05
"log(Species):Terr"	-0.0506641704893221	0.0266209064968902	-1.90317224904571	0.0583416087004392
"log(Species):Latitude:Lakeweb"	0.00333032975219974	0.0015843690659454	2.1019911482635	0.0367073792022871
