"Estimate"	"Std. Error"	"t value"	"Pr(>|t|)"
"(Intercept)"	-1.2077800355969	0.146350071593081	-8.25267813298422	1.49826718357442e-14
"log(Species)"	0.695597145578204	0.0541000388480872	12.8576089849295	1.68065806836716e-28
"log(Species):Lakeweb"	-0.0634267277756014	0.0689381575486714	-0.920052551895097	0.358566931713196
"log(Species):Marine"	0.129849881527908	0.029241128205369	4.44065908182252	1.42813506575988e-05
"log(Species):Terr"	-0.0521927388967321	0.0271043660058352	-1.92562109312927	0.0554586370088581
"log(Species):Latitude"	-0.00115943113595255	0.000911976845412282	-1.27133834788141	0.20496931411793
"log(Species):Lakeweb:Latitude"	0.00358030070344285	0.00163876550394496	2.18475474058008	0.0299777336821116
