"Estimate"	"Std. Error"	"t value"	"Pr(>|t|)"
"(Intercept)"	-0.496782395523912	0.129902767276809	-3.82426337743308	0.000187601351529741
"log(Species)"	0.66775917803417	0.0365045976273885	18.2924678378914	4.68866750976481e-41
"log(Species):Lakeweb"	0.0566407716896219	0.0249999199062082	2.26563812612681	0.0248146756274084
