"Estimate"	"Std. Error"	"t value"	"Pr(>|t|)"
"(Intercept)"	-0.852817917713566	0.141181560277169	-6.04057580918714	6.67932862523034e-09
"log(Species)"	0.657837326049494	0.0614067944673382	10.7127774989035	9.7968145438917e-22
"log(Species):Lakeweb"	-0.0918579057631225	0.0749509553837706	-1.22557351394366	0.221700023487501
"log(Species):Stream"	-0.158238160540433	0.0863491618192781	-1.83253846599707	0.0682543464557275
"log(Species):Marine"	0.118567441458419	0.0368780148882292	3.21512537531579	0.00150469191583282
"log(Species):Terr"	-0.0590959457693987	0.0354450887102759	-1.66725343114365	0.0969199597435392
"log(Species):Latitude"	-0.00107328226657778	0.00106743669518985	-1.00547626984745	0.31579784035851
"log(Species):Lakeweb:Latitude"	0.0048519529213421	0.00170092357787997	2.85254022252403	0.00476038636458073
"log(Species):Stream:Latitude"	0.0050762644932419	0.00188686648023069	2.69031462820903	0.00769918602478564
