"Estimate"	"Std. Error"	"t value"	"Pr(>|t|)"
"(Intercept)"	-0.879453097655678	0.140500341145323	-6.25943745393499	2.06641960070654e-09
"log(Species)"	0.664120557360062	0.0612402235910966	10.8445155555672	3.86707774540186e-22
"log(Species):Lakeweb"	-0.0791654852523481	0.0737165262355338	-1.07391773995704	0.284063350552488
"log(Species):Stream"	-0.157077411433921	0.0861934996083321	-1.8223811789484	0.069786342491304
"log(Species):Marine"	0.120141842005324	0.0368047571984816	3.26430198567592	0.00127666361475726
"log(Species):Terr"	-0.0585368499119547	0.0353793596689722	-1.65454803195016	0.0994753071254922
"log(Species):Latitude"	-0.00106204941380027	0.00106546961974695	-0.99678995451087	0.319986999343734
"log(Species):Lakeweb:Latitude"	0.00452403478302915	0.00166644729316442	2.71477820005843	0.00717059625259021
"log(Species):Stream:Latitude"	0.00509681416495946	0.00188351602169929	2.70601051769189	0.00735614804543703
