"Estimate"	"Std. Error"	"t value"	"Pr(>|t|)"
"(Intercept)"	-1.23727905427521	0.141930451244056	-8.71750243467939	8.29643963861717e-16
"log(Species)"	0.733402621544672	0.0534598161267373	13.7187643856835	4.46212889627507e-31
"log(Species):Latitude"	-0.00144296594228891	0.000897742681736017	-1.60732687845315	0.109470989050754
"log(Species):Lakeweb"	-0.088628903873709	0.0673500490698054	-1.31594416184981	0.189613954906705
"log(Species):Marine"	0.0984065597735795	0.0285063813580245	3.45208879856223	0.000671384682076702
"log(Species):Terr"	-0.0777664219476216	0.0267023386434441	-2.91234498169001	0.00397117159457057
"log(Species):Latitude:Lakeweb"	0.00370533848623637	0.00158834267849052	2.33283317033182	0.0205943053625694
