"Estimate"	"Std. Error"	"t value"	"Pr(>|t|)"
"(Intercept)"	-0.859293453015383	0.140931326900932	-6.09724943283493	4.94238749752754e-09
"log(Species)"	0.659364902970299	0.061327343095723	10.7515647945343	7.45364931987275e-22
"log(Species):Lakeweb"	-0.0873488187002071	0.0741650006049377	-1.1777633383366	0.240192997930547
"log(Species):Stream"	-0.15857847507768	0.0862559031018978	-1.83846518759817	0.0673733706925851
"log(Species):Marine"	0.118950209149227	0.0368363727877819	3.2291509762514	0.00143607548931498
"log(Species):Terr"	-0.0589600185870089	0.035406126851452	-1.66524903541069	0.0973195416928208
"log(Species):Latitude"	-0.0010705513394784	0.00106626615643638	-1.00401886809982	0.316498159845532
"log(Species):Lakeweb:Latitude"	0.00477771139599697	0.00168999140023782	2.82706254914945	0.00514105148219194
"log(Species):Stream:Latitude"	0.00511300262595465	0.00188539361504499	2.71190195254408	0.00723099514197163
