"Estimate"	"Std. Error"	"t value"	"Pr(>|t|)"
"(Intercept)"	-0.855516778819913	0.126455935196035	-6.76533511450983	2.52842054070604e-10
"log(Species)"	0.710396430829382	0.0568393632688709	12.4983178905251	2.81474205698775e-25
"log(Species):Lakeweb"	-0.0386161531610754	0.0824340418102423	-0.468449105649426	0.640117351778829
"log(Species):Stream"	-0.298682946467258	0.084121351336144	-3.55061992850945	0.000508335446365815
"log(Species):Latitude"	-0.00220473392537097	0.001092807650744	-2.01749495793696	0.0453584576606212
"log(Species):Lakeweb:Latitude"	0.00352544384464518	0.00187952988983191	1.87570512377458	0.0625642704656286
"log(Species):Stream:Latitude"	0.00891302040381446	0.00189758989990474	4.69702141872799	5.74980972287804e-06
