"Estimate"	"Std. Error"	"t value"	"Pr(>|t|)"
"(Intercept)"	-1.19228493809151	0.12978672754936	-9.18649356990732	2.03160226704997e-16
"log(Species)"	0.669092092107644	0.0365600554984498	18.3011782390761	4.45247131297534e-41
"log(Species):Lakeweb"	0.0585777121526091	0.0250277978903363	2.34050604089412	0.0204915984101451
