"Estimate"	"Std. Error"	"t value"	"Pr(>|t|)"
"(Intercept)"	-1.48914167175448	0.121009829342267	-12.3059562999841	8.97393468186482e-27
"log(Species)"	0.771886379552316	0.0484439668946409	15.9335915085374	2.03854131989419e-38
"log(Species):Lakeweb"	-0.0421497927386712	0.06145456612828	-0.685869177738362	0.493524364849387
"log(Species):Marine"	0.124732266862064	0.025261510607281	4.93764085612967	1.57159611884398e-06
"log(Species):Latitude"	-0.000800976555590323	0.000827507745909246	-0.967938438703349	0.334147735159263
"log(Species):Lakeweb:Latitude"	0.00399819700818494	0.00149398803504084	2.67619078226127	0.0080121151052276
