"Estimate"	"Std. Error"	"t value"	"Pr(>|t|)"
"(Intercept)"	-0.326619147889008	0.135242667022044	-2.41505994432785	0.0166851682666577
"log(Species)"	0.636433467853463	0.0534974124720879	11.8965280458288	1.01127620760064e-24
"log(Species):Lakeweb"	-0.0841467314766466	0.0642602142552508	-1.30946857946044	0.19196528488817
"log(Species):Terr"	-0.0588931034960979	0.0256029587428534	-2.30024600233115	0.0225263344699689
"log(Species):Latitude"	-0.000783635890715662	0.000908143278905345	-0.862898959798764	0.38928665405148
"log(Species):Lakeweb:Latitude"	0.00355976144691678	0.00152725454280001	2.33082393743643	0.0208174988463395
