"Estimate"	"Std. Error"	"t value"	"Pr(>|t|)"
"(Intercept)"	-1.09569986390136	0.116058148907942	-9.4409558847132	6.21037869350977e-18
"log(Species)"	0.717149856262427	0.0517638743168241	13.8542538735232	1.18107398531656e-31
"log(Species):Lakeweb"	-0.0505699591525094	0.0629194227569507	-0.803725732638304	0.422438998541431
"log(Species):Stream"	-0.124886625691214	0.0769267209537018	-1.62344922730265	0.105951880260541
"log(Species):Marine"	0.133116972860322	0.0273343707756923	4.86994831352401	2.15584353421269e-06
"log(Species):Latitude"	-0.00104042328581304	0.000965805999755935	-1.07725908316573	0.282566180662382
"log(Species):Lakeweb:Latitude"	0.00483369353043829	0.00153186674284341	3.15542690186361	0.00183105330669993
"log(Species):Stream:Latitude"	0.00486334521529524	0.00174253005006254	2.79096777419747	0.00572561063940081
