"Estimate"	"Std. Error"	"t value"	"Pr(>|t|)"
"(Intercept)"	-1.1771984945057	0.13102723121859	-8.98438044944873	7.75845224034223e-16
"log(Species)"	0.719676255582877	0.0537915408031691	13.3789857073675	9.96430327611589e-28
"log(Species):Lakeweb"	-0.0206054086403736	0.0840571423203227	-0.245135726383025	0.806671464382643
"log(Species):Terr"	-0.0249829646924936	0.0281402427186363	-0.887802032920926	0.376005320087545
"log(Species):Latitude"	-0.00119598589521639	0.000941680730083198	-1.27005454928522	0.205944276221123
"log(Species):Lakeweb:Latitude"	0.00176052068592162	0.00187302313149185	0.939935367759914	0.348694594215404
