"Estimate"	"Std. Error"	"t value"	"Pr(>|t|)"
"(Intercept)"	-0.326708416544999	0.135219562113283	-2.41613278019116	0.0166375925576564
"log(Species)"	0.63947684587139	0.0535194868815057	11.9484861147346	7.0837985042636e-25
"log(Species):Lakeweb"	-0.0871587510366657	0.0641738860385092	-1.35816539120545	0.176030262257767
"log(Species):Terr"	-0.0612359814783726	0.0255963202380458	-2.3923744080742	0.0177197586616554
"log(Species):Latitude"	-0.000801615472491882	0.000907409610435356	-0.883410824916527	0.378136653132798
"log(Species):Lakeweb:Latitude"	0.00357766116832429	0.00152660661683938	2.34353836074111	0.0201411714937573
