"Estimate"	"Std. Error"	"t value"	"Pr(>|t|)"
"(Intercept)"	-1.1889054376477	0.129992708928387	-9.14593939497535	2.59961628588174e-16
"log(Species)"	0.66768562610045	0.0366393716235875	18.223173501988	7.0757125389652e-41
"log(Species):Lakeweb"	0.0588941709240226	0.02503625918399	2.35235505796664	0.0198719251521691
