"Estimate"	"Std. Error"	"t value"	"Pr(>|t|)"
"(Intercept)"	-0.832397198423092	0.126858959908179	-6.56159564153437	7.44053161315818e-10
"log(Species)"	0.688320385121573	0.0559466699789059	12.3031520085306	9.59619930513129e-25
"log(Species):Lakeweb"	-0.0246038447099254	0.0826322859782919	-0.297750987022058	0.766289387129951
"log(Species):Stream"	-0.284789340265185	0.0842468907315244	-3.38041366028265	0.000914583971271634
"log(Species):Latitude"	-0.00177007168022356	0.00107241472452145	-1.65054772165072	0.100842827442325
"log(Species):Lakeweb:Latitude"	0.00310521696505565	0.00187770944422795	1.65372601953994	0.100194069778982
"log(Species):Stream:Latitude"	0.00856380550640917	0.00189713530726178	4.51407207152224	1.24632843712444e-05
