"Estimate"	"Std. Error"	"t value"	"Pr(>|t|)"
"(Intercept)"	-1.17680426307701	0.130329703189349	-9.02944021415667	5.91810081683749e-16
"log(Species)"	0.724995245543516	0.054096746025262	13.4018272597202	8.6317228685066e-28
"log(Species):Lakeweb"	-0.0260619001734778	0.0843387595565589	-0.309014506621955	0.75772018364811
"log(Species):Terr"	-0.0252826174000041	0.0280690755004561	-0.900728540189837	0.369112265291969
"log(Species):Latitude"	-0.00133432179249877	0.000963200892406681	-1.38529958082243	0.16792591056474
"log(Species):Lakeweb:Latitude"	0.00189910273277462	0.00188205469886998	1.00905820320465	0.314499339438961
