"Estimate"	"Std. Error"	"t value"	"Pr(>|t|)"
"(Intercept)"	-1.01489600482217	0.135304033479571	-7.50085550831271	2.40408072800255e-12
"log(Species)"	0.638452287800864	0.0535730275656841	11.9174203290654	8.76423945027979e-25
"log(Species):Lakeweb"	-0.087738178482384	0.0642756142385293	-1.36503057219779	0.173866146857529
"log(Species):Terr"	-0.0612181348472905	0.0256330951702592	-2.38824591570661	0.0179140199850283
"log(Species):Latitude"	-0.00080158097926819	0.000908807285100108	-0.882014253637825	0.378889464268622
"log(Species):Lakeweb:Latitude"	0.00363950090568695	0.00152894024921355	2.38040754539559	0.0182880256006672
