"Estimate"	"Std. Error"	"t value"	"Pr(>|t|)"
"(Intercept)"	-0.835322511782814	0.127130151951515	-6.57060893077032	7.09617570324779e-10
"log(Species)"	0.68906351567072	0.0560738697991731	12.2884958384107	1.05220584396894e-24
"log(Species):Lakeweb"	-0.0243266730770557	0.0828253760395846	-0.293710384911858	0.769369612884943
"log(Species):Stream"	-0.272085068576398	0.0880438597354494	-3.09033553724187	0.00236818386946395
"log(Species):Latitude"	-0.00176773738553201	0.00107492334772597	-1.64452413213622	0.102081638155632
"log(Species):Lakeweb:Latitude"	0.00310105616802306	0.0018821017122239	1.64765599429737	0.101436022076684
"log(Species):Stream:Latitude"	0.00822528999927955	0.00199290758630491	4.12728119246625	5.95871559712297e-05
