"Estimate"	"Std. Error"	"t value"	"Pr(>|t|)"
"(Intercept)"	-0.62557816649252	0.136276057290587	-4.59052146745467	8.07205936416254e-06
"log(Species)"	0.552004438866665	0.0562889334505821	9.80662458902845	1.3480122171953e-18
"log(Species):Lakeweb"	-0.065090019191837	0.0650209771822379	-1.00106184207914	0.318083639483492
"log(Species):Stream"	-0.191737861150046	0.0896766777666069	-2.13810174423571	0.0337996430132893
"log(Species):Latitude"	-0.000645932743626782	0.00103619465832377	-0.623370076691668	0.53379689412469
"log(Species):Lakeweb:Latitude"	0.00462967620304313	0.00159198115824347	2.90812248566518	0.00407389556702972
"log(Species):Stream:Latitude"	0.00666106199655581	0.002017027755731	3.30241464334325	0.00114731879113166
