"Estimate"	"Std. Error"	"t value"	"Pr(>|t|)"
"(Intercept)"	-0.872768702205422	0.140329991877476	-6.21940249927077	2.56627854360547e-09
"log(Species)"	0.662543710390131	0.0611888133521527	10.8278568269836	4.35019584837712e-22
"log(Species):Lakeweb"	-0.0798123262517984	0.0736647062646745	-1.08345407589132	0.27982046256015
"log(Species):Stream"	-0.159444785063693	0.0861379311968288	-1.85104033552135	0.065535327732864
"log(Species):Marine"	0.119746728629875	0.0367785568410581	3.25588437706709	0.00131326540888355
"log(Species):Terr"	-0.0586771612525906	0.0353549942555926	-1.65965693074066	0.0984413578182452
"log(Species):Latitude"	-0.00106486842347704	0.00106473800782571	-1.00012248614247	0.318375508507878
"log(Species):Lakeweb:Latitude"	0.00452879728803011	0.00166530256271579	2.7195041846597	0.00707234396653878
"log(Species):Stream:Latitude"	0.00514950216011118	0.00188295615045276	2.7347966434975	0.00676270252101022
