"Estimate"	"Std. Error"	"t value"	"Pr(>|t|)"
"(Intercept)"	-1.17093709734019	0.130802007003697	-8.95198112141425	9.42365834137825e-16
"log(Species)"	0.717761024730519	0.0537081971711175	13.3640870953774	1.09425696386939e-27
"log(Species):Lakeweb"	-0.0208740522673818	0.0839422608775999	-0.248671551720762	0.803939847595062
"log(Species):Terr"	-0.0242367472287193	0.0281010403997906	-0.862485761520059	0.389735784808781
"log(Species):Latitude"	-0.00120928721999505	0.000940392484619752	-1.28593883912634	0.200357738408927
"log(Species):Lakeweb:Latitude"	0.00177773149155746	0.00187045984399824	0.950424836577851	0.343357219254585
