"Estimate"	"Std. Error"	"t value"	"Pr(>|t|)"
"(Intercept)"	-0.326708416545001	0.135219562113283	-2.41613278019118	0.0166375925576556
"log(Species)"	0.639476845871391	0.0535194868815058	11.9484861147346	7.0837985042633e-25
"log(Species):Lakeweb"	-0.0871587510366656	0.0641738860385093	-1.35816539120545	0.176030262257767
"log(Species):Terr"	-0.0612359814783727	0.0255963202380458	-2.39237440807421	0.0177197586616553
"log(Species):Latitude"	-0.000801615472491885	0.000907409610435356	-0.88341082491653	0.378136653132797
"log(Species):Lakeweb:Latitude"	0.00357766116832429	0.00152660661683938	2.34353836074111	0.0201411714937573
