"Estimate"	"Std. Error"	"t value"	"Pr(>|t|)"
"(Intercept)"	-1.48904603044824	0.121373783409531	-12.2682674018985	1.18189361008653e-26
"log(Species)"	0.772030011448538	0.0485658335812742	15.8965666708172	2.68011027024316e-38
"log(Species):Lakeweb"	-0.0423256361343893	0.0615797403657445	-0.687330538956512	0.49260503022312
"log(Species):Marine"	0.125159524599055	0.0253110464291282	4.9448577698874	1.52015051539035e-06
"log(Species):Latitude"	-0.000815137221571875	0.000829140647170239	-0.983110916530078	0.326642670860077
"log(Species):Lakeweb:Latitude"	0.00401233148865311	0.00149698459975848	2.68027572848808	0.00791812245935975
