"Estimate"	"Std. Error"	"t value"	"Pr(>|t|)"
"(Intercept)"	-0.850721685763824	0.141190799620286	-6.02533371899393	7.24055629379446e-09
"log(Species)"	0.657342825533655	0.0613890685140336	10.7078156004824	1.01452523235798e-21
"log(Species):Lakeweb"	-0.088300303902083	0.0742177731249931	-1.18974607003329	0.235458373279207
"log(Species):Stream"	-0.157951927050789	0.0863124995602872	-1.83000061237323	0.068634490523761
"log(Species):Marine"	0.118443533576615	0.0368628736847143	3.21308464960313	0.00151492536827045
"log(Species):Terr"	-0.059139947522039	0.0354297493025858	-1.66921721677897	0.0965297558698522
"log(Species):Latitude"	-0.00107416631034734	0.0010669726675287	-1.00674210599537	0.315190405242665
"log(Species):Lakeweb:Latitude"	0.0047872931739357	0.001691122353301	2.83083785427536	0.00508294897444355
"log(Species):Stream:Latitude"	0.00504651652043298	0.00188667983028874	2.67481341530038	0.00805207240229608
