"Estimate"	"Std. Error"	"t value"	"Pr(>|t|)"
"(Intercept)"	-1.23204641125009	0.14241896125893	-8.65085941056765	1.27838208588614e-15
"log(Species)"	0.734697883374628	0.0536988328997698	13.6818221868241	5.8443422246167e-31
"log(Species):Latitude"	-0.00147453264654236	0.00090271752725507	-1.63343748406662	0.103861237643072
"log(Species):Lakeweb"	-0.0916704303188036	0.0675626409476535	-1.35682129995227	0.176280957885057
"log(Species):Marine"	0.0968346223860379	0.0286065110898694	3.38505531421937	0.00084783275067575
"log(Species):Terr"	-0.0792963675207276	0.0267813221585509	-2.96088322493105	0.00341701833599783
"log(Species):Latitude:Lakeweb"	0.0037385685846086	0.00159500724844044	2.34391949520234	0.0200076438390422
