"Estimate"	"Std. Error"	"t value"	"Pr(>|t|)"
"(Intercept)"	-1.20783179928263	0.146451310025948	-8.24732669901431	1.55021471572647e-14
"log(Species)"	0.695126990254224	0.0541379764768226	12.8399145201118	1.91376214475837e-28
"log(Species):Lakeweb"	-0.0629386155289243	0.0689926374903795	-0.912251188218462	0.362648849502645
"log(Species):Marine"	0.127426175625298	0.0289662698217293	4.3991227178899	1.70342223557845e-05
"log(Species):Terr"	-0.0516872616733457	0.0271477829381376	-1.90392201790942	0.0582433350716556
"log(Species):Latitude"	-0.00115999227603565	0.000912582746737692	-1.27110914619238	0.205050678537323
"log(Species):Lakeweb:Latitude"	0.00358082581082501	0.00163984244251084	2.18364015834487	0.0300607387729905
