"Estimate"	"Std. Error"	"t value"	"Pr(>|t|)"
"(Intercept)"	-0.49182022085707	0.129784449292191	-3.78951579745743	0.000214707324160387
"log(Species)"	0.718515684210411	0.0533367641125264	13.4713025089886	5.57835168528602e-28
"log(Species):Lakeweb"	-0.0179411493507327	0.0835810769342015	-0.214655637481875	0.830314373582473
"log(Species):Terr"	-0.0240155964869735	0.0279520327121033	-0.859171736607715	0.391555688904709
"log(Species):Latitude"	-0.00114567137126918	0.00093642454308432	-1.22345295168755	0.222991734590028
"log(Species):Lakeweb:Latitude"	0.00167461996328848	0.00186123682101086	0.899735028011631	0.369639223851033
