"Estimate"	"Std. Error"	"t value"	"Pr(>|t|)"
"(Intercept)"	-0.864646387804032	0.140827730795857	-6.13974522572845	3.9385365980745e-09
"log(Species)"	0.660627658751959	0.0613336005761884	10.7710561999589	6.49629445383072e-22
"log(Species):Lakeweb"	-0.0805983129583512	0.0738071763291409	-1.09201187427799	0.276050045159123
"log(Species):Stream"	-0.157684003045978	0.0862937894440146	-1.8272926019581	0.0690420529533348
"log(Species):Marine"	0.119266620131886	0.0368507254367192	3.23647957315503	0.00140138867250211
"log(Species):Terr"	-0.0588476557769205	0.0354217745076005	-1.66134126804668	0.0981023786435429
"log(Species):Latitude"	-0.00106829384662349	0.00106674228350498	-1.00145448731385	0.317732901208754
"log(Species):Lakeweb:Latitude"	0.00453458428301624	0.00166843878195967	2.71786075224776	0.00710637170026338
"log(Species):Stream:Latitude"	0.00502071265304374	0.00188619363104424	2.66182250348505	0.00835897113666961
