"Estimate"	"Std. Error"	"t value"	"Pr(>|t|)"
"(Intercept)"	-1.20715004174182	0.146506203850712	-8.2395831030602	1.62855702618055e-14
"log(Species)"	0.694984745442901	0.0547961998106348	12.6830829116733	6.04529753996476e-28
"log(Species):Lakeweb"	-0.0630328737271186	0.0694977193021392	-0.906977586603744	0.365424692938901
"log(Species):Marine"	0.126668815733711	0.029281540923761	4.32589309638836	2.31720544417345e-05
"log(Species):Terr"	-0.0521475700125135	0.0271533738549998	-1.92048215779681	0.0561078279387683
"log(Species):Latitude"	-0.00114896633761494	0.000932602904309348	-1.23199952767231	0.219282557916933
"log(Species):Lakeweb:Latitude"	0.00357027444381938	0.00165151487783008	2.16181791138954	0.0317264132546812
