"Estimate"	"Std. Error"	"t value"	"Pr(>|t|)"
"(Intercept)"	-0.506917742228445	0.143979193579762	-3.52077081156605	0.000524327272312358
"log(Species)"	0.691057587828863	0.0531828742293886	12.9939872156625	6.17167038614884e-29
"log(Species):Latitude"	-0.00113033692876494	0.000898009673429495	-1.2587135330605	0.209486285822458
"log(Species):Lakeweb"	-0.0609630280751553	0.0674755550993808	-0.903483164908632	0.367271374851939
"log(Species):Marine"	0.124335027550174	0.0284924773937763	4.36378437128575	1.97708438584025e-05
"log(Species):Terr"	-0.0522683295275575	0.0267026830720182	-1.95741863791694	0.0515803927825246
"log(Species):Latitude:Lakeweb"	0.00334458838901294	0.00158902955807814	2.10479935505925	0.0364593911324141
