"Estimate"	"Std. Error"	"t value"	"Pr(>|t|)"
"(Intercept)"	-0.510534452850632	0.143200855811786	-3.56516341998434	0.000447224502114841
"log(Species)"	0.691706176625773	0.0530091912592354	13.0487970141454	4.1247585281366e-29
"log(Species):Latitude"	-0.00109612342416525	0.000894632705235298	-1.22522172255815	0.221819896581353
"log(Species):Lakeweb"	-0.0604084510870452	0.0671801383642976	-0.899201051945865	0.369542293136318
"log(Species):Marine"	0.123358169908313	0.0283807726325809	4.34654022655814	2.12547237793289e-05
"log(Species):Terr"	-0.0532227624494212	0.0266041034183119	-2.00054711908793	0.0466874564668657
"log(Species):Latitude:Lakeweb"	0.0033093233218246	0.00158347899257878	2.0899066784809	0.0377911144126182
