"Estimate"	"Std. Error"	"t value"	"Pr(>|t|)"
"(Intercept)"	-1.1862876081299	0.129682656214565	-9.14761960278746	2.57321405295077e-16
"log(Species)"	0.667475998107871	0.0364263579711714	18.3239839304309	3.8890618674779e-41
"log(Species):Lakeweb"	0.0582594572264978	0.0250323114832176	2.32737025765905	0.0211983904767341
