"Estimate"	"Std. Error"	"t value"	"Pr(>|t|)"
"(Intercept)"	-1.20801722913749	0.145999209443137	-8.27413541309604	1.30673843848302e-14
"log(Species)"	0.696049763644346	0.0539725550509902	12.8963648837221	1.26443114794701e-28
"log(Species):Lakeweb"	-0.0637970629437493	0.0687740388795495	-0.9276329263646	0.354628626567288
"log(Species):Marine"	0.125434354485874	0.0288745808436321	4.34410996873526	2.1472244889214e-05
"log(Species):Terr"	-0.0535570502060016	0.0270621327018883	-1.97904026249434	0.0490759130628147
"log(Species):Latitude"	-0.00113358625510205	0.000910013972296537	-1.24568005504498	0.214225174071866
"log(Species):Lakeweb:Latitude"	0.0035542907121719	0.00163497583316019	2.17391024386087	0.0307938296323789
