"Estimate"	"Std. Error"	"t value"	"Pr(>|t|)"
"(Intercept)"	-0.881303183104095	0.141120035404184	-6.24506067178867	2.23382976795943e-09
"log(Species)"	0.664556991986821	0.0611554891364182	10.8666777319761	3.30623077075702e-22
"log(Species):Lakeweb"	-0.0849056897791671	0.0738483960226376	-1.14972964007424	0.251532544033715
"log(Species):Stream"	-0.184022402464368	0.0873449154062562	-2.10684733746032	0.0362901664298066
"log(Species):Marine"	0.120251200213083	0.0366805630176945	3.27833572661016	0.00121774285836388
"log(Species):Terr"	-0.0584980149909076	0.0352471632815074	-1.65965171505302	0.0984424089558562
"log(Species):Latitude"	-0.00106126917737937	0.00106145460370957	-0.999825309222323	0.318518994673388
"log(Species):Lakeweb:Latitude"	0.00475310826107594	0.00168242081096227	2.82516016807791	0.0051705578504039
"log(Species):Stream:Latitude"	0.00563053584750682	0.00190760063967919	2.95163239641906	0.00351172796173606
