"Estimate"	"Std. Error"	"t value"	"Pr(>|t|)"
"(Intercept)"	-1.01648048393898	0.135314455269404	-7.51198740677945	2.25173975280498e-12
"log(Species)"	0.638885570799139	0.0535738527471593	11.9253243520556	8.30224839690931e-25
"log(Species):Lakeweb"	-0.0876148627379328	0.0642686091624979	-1.36326060077644	0.174422170004319
"log(Species):Terr"	-0.0612675430460764	0.0256314322906914	-2.39032849788605	0.0178157927369311
"log(Species):Latitude"	-0.000800377756219287	0.000908725838849254	-0.880769228739911	0.379561368717714
"log(Species):Lakeweb:Latitude"	0.00363688019645458	0.00152880368522828	2.37890595868855	0.0183604546833305
