"Estimate"	"Std. Error"	"t value"	"Pr(>|t|)"
"(Intercept)"	-1.23568843380076	0.142760853127573	-8.65565319013979	1.23929804313631e-15
"log(Species)"	0.736376425003033	0.0538939744301552	13.6634277354578	6.68471947965405e-31
"log(Species):Lakeweb"	-0.0921335373996504	0.0675531362454125	-1.36386765323434	0.174055545416166
"log(Species):Marine"	0.0968959925499814	0.0285735795032972	3.39110444803741	0.000830287144328077
"log(Species):Terr"	-0.0806018128054961	0.0269596772667239	-2.98971727324726	0.00312234914906504
"log(Species):Latitude"	-0.0014886850023454	0.00090232000269579	-1.64984151730846	0.100456178700344
"log(Species):Lakeweb:Latitude"	0.00375156318536086	0.00159439261997994	2.35297325034536	0.019539489899976
