"Estimate"	"Std. Error"	"t value"	"Pr(>|t|)"
"(Intercept)"	-1.18459048941825	0.12966617546058	-9.13569390946041	3.12043115364967e-16
"log(Species)"	0.721941268770539	0.0533191761000229	13.5399929551843	3.62356129182615e-28
"log(Species):Lakeweb"	-0.0202922130649773	0.0834828423017273	-0.2430704622111	0.808268097391733
"log(Species):Terr"	-0.0267319808918821	0.027937023512814	-0.956865747692155	0.34010612869618
"log(Species):Latitude"	-0.00115695393854666	0.00093528543666152	-1.2370062584064	0.217931839673287
"log(Species):Lakeweb:Latitude"	0.00171687332763416	0.00186019646009943	0.922952690460653	0.357448092926266
