"Estimate"	"Std. Error"	"t value"	"Pr(>|t|)"
"(Intercept)"	-0.633162534166085	0.135970636811321	-4.65661225845908	6.06352764587114e-06
"log(Species)"	0.553982023343172	0.0562149169129077	9.85471568340912	9.83382518603326e-19
"log(Species):Lakeweb"	-0.0644033530217527	0.064971745934207	-0.991251690957637	0.322836777555232
"log(Species):Stream"	-0.192146295351221	0.089614636299795	-2.14413965491551	0.0333059302788722
"log(Species):Latitude"	-0.000641051616554339	0.00103545606800871	-0.619100738660161	0.536599481075323
"log(Species):Lakeweb:Latitude"	0.00461801004720412	0.00159082149526712	2.90290900704022	0.00413932301253232
"log(Species):Stream:Latitude"	0.00672152686819412	0.00201574122988434	3.33451872122483	0.00102932126665213
