"Estimate"	"Std. Error"	"t value"	"Pr(>|t|)"
"(Intercept)"	-1.22457045932182	0.146942146085675	-8.3336911290776	8.93145446711579e-15
"log(Species)"	0.699654645170805	0.0542526892732038	12.8962205292259	1.26577229257658e-28
"log(Species):Lakeweb"	-0.0577615721080969	0.0686032914179304	-0.841965026957879	0.400734478664197
"log(Species):Marine"	0.127916174509698	0.0289674809267191	4.41585427581002	1.58690361902227e-05
"log(Species):Terr"	-0.052999490632673	0.0272722905470545	-1.94334577586102	0.0532676795669739
"log(Species):Latitude"	-0.00115479774791644	0.000913256329137331	-1.26448370635139	0.207412876310382
"log(Species):Lakeweb:Latitude"	0.00341265867345923	0.00161670637928572	2.11087103829391	0.0359281210108333
