"Estimate"	"Std. Error"	"t value"	"Pr(>|t|)"
"(Intercept)"	-1.01516796902602	0.135542221914017	-7.48968074073629	2.5672478837113e-12
"log(Species)"	0.636840690171303	0.0536581848836961	11.8684724716584	1.22550223622033e-24
"log(Species):Lakeweb"	-0.0860310447663446	0.0644031705736691	-1.33582002252414	0.183214411983223
"log(Species):Terr"	-0.0590394646555088	0.0256774958209399	-2.29926878645862	0.0225829156453923
"log(Species):Latitude"	-0.000814698071602877	0.000910154014435461	-0.895121109923585	0.371860906269607
"log(Species):Lakeweb:Latitude"	0.00365237469692839	0.00153135163484471	2.38506598603577	0.0180649274552068
