"Estimate"	"Std. Error"	"t value"	"Pr(>|t|)"
"(Intercept)"	-0.83378079224929	0.127261313932938	-6.55172233007639	7.83664472394961e-10
"log(Species)"	0.68867186570277	0.0561047743387737	12.2747462015337	1.1471700007349e-24
"log(Species):Lakeweb"	-0.0244727500500111	0.0828525205887027	-0.295377254380697	0.768098478999536
"log(Species):Stream"	-0.282211311799114	0.0844232673127051	-3.34281437786337	0.00103829703625033
"log(Species):Latitude"	-0.00176896762218717	0.00107526616580194	-1.64514394523691	0.101953605699376
"log(Species):Lakeweb:Latitude"	0.00310324902098319	0.00188270239677309	1.64829503924895	0.101304690634912
"log(Species):Stream:Latitude"	0.0084595973658269	0.00189926078473125	4.45415260181027	1.59835092897494e-05
