"Estimate"	"Std. Error"	"t value"	"Pr(>|t|)"
"(Intercept)"	-0.500264392744628	0.12518669986404	-3.99614650188834	9.80182554331959e-05
"log(Species)"	0.671715878150183	0.0352147002785555	19.0748713701032	4.67915790622078e-43
"log(Species):Lakeweb"	0.0538192044867316	0.0241836743959414	2.22543537452538	0.0274500464126709
