"Estimate"	"Std. Error"	"t value"	"Pr(>|t|)"
"(Intercept)"	-0.487338379217797	0.131274048786277	-3.71237410382014	0.000284718378573961
"log(Species)"	0.720256269884731	0.0536708367679127	13.4198815084497	7.70586774686701e-28
"log(Species):Lakeweb"	-0.0211743436603348	0.0838006879076343	-0.25267505779515	0.800849839152368
"log(Species):Terr"	-0.0252517568026856	0.0280089181950764	-0.901561303682357	0.368670931346308
"log(Species):Latitude"	-0.00119140162847954	0.000938115315120181	-1.26999486020214	0.20596548230352
"log(Species):Lakeweb:Latitude"	0.00171700028686678	0.00186832724086221	0.919004042393774	0.359503217344629
