"Estimate"	"Std. Error"	"t value"	"Pr(>|t|)"
"(Intercept)"	-1.22842720414442	0.14616659147505	-8.40429534374215	5.67869187476386e-15
"log(Species)"	0.697914164789628	0.0540023421175336	12.9237758479188	1.03385687871895e-28
"log(Species):Lakeweb"	-0.0547380741186968	0.0685180030493503	-0.798886010721468	0.425230021700339
"log(Species):Marine"	0.129208853325197	0.0289304820433509	4.46618390704945	1.28073137190425e-05
"log(Species):Terr"	-0.0505166449647313	0.0271146586142964	-1.86307508729231	0.0638028689693929
"log(Species):Latitude"	-0.0011160235116189	0.000911923722315081	-1.22381234779777	0.222350159205538
"log(Species):Lakeweb:Latitude"	0.00337276308436546	0.00161354648680539	2.09027946324812	0.0377572778222611
