"Estimate"	"Std. Error"	"t value"	"Pr(>|t|)"
"(Intercept)"	-0.320757982753479	0.135417295965727	-2.36866332668953	0.0188612944645184
"log(Species)"	0.637520321401331	0.0536152333095517	11.8906564804177	1.05277468653126e-24
"log(Species):Lakeweb"	-0.0872962637080328	0.0643325941929626	-1.35695233191113	0.176414751389072
"log(Species):Terr"	-0.0600808171233424	0.0256357274864826	-2.34363612872006	0.0201360466218278
"log(Species):Latitude"	-0.000823155072198112	0.000909415523340969	-0.905147373308565	0.366539703862218
"log(Species):Lakeweb:Latitude"	0.00356870226961829	0.00153306347234769	2.32782421210081	0.0209799450874823
