"Estimate"	"Std. Error"	"t value"	"Pr(>|t|)"
"(Intercept)"	-1.48442475197997	0.121538167806318	-12.2136508947999	1.76107417496862e-26
"log(Species)"	0.770810930677064	0.0486228763417015	15.852845176417	3.7026106772029e-38
"log(Species):Latitude"	-0.000833008420821723	0.00083002700266028	-1.00359195321584	0.316687990466809
"log(Species):Lakeweb"	-0.0426629781566244	0.0616445552597423	-0.692080232826109	0.489623418344086
"log(Species):Marine"	0.125677257435991	0.0253371024943844	4.9602063797092	1.41610188019319e-06
"log(Species):Latitude:Lakeweb"	0.00402893743386237	0.00149855655459684	2.68854546830652	0.00773087789759715
