"Estimate"	"Std. Error"	"t value"	"Pr(>|t|)"
"(Intercept)"	-1.01299333741349	0.135896526908885	-7.45415177602498	3.16224701668538e-12
"log(Species)"	0.637454681888639	0.0537668298819927	11.8559097363137	1.33558152940738e-24
"log(Species):Lakeweb"	-0.0874089450821458	0.0645409442053706	-1.35431773052481	0.177251982764588
"log(Species):Terr"	-0.0599167407384434	0.0257290293717113	-2.32876024481207	0.0209291363468852
"log(Species):Latitude"	-0.000823356216344254	0.000912057715099615	-0.90274573934647	0.367809935284383
"log(Species):Lakeweb:Latitude"	0.0036629782824346	0.00153458361389115	2.38695255786462	0.0179752630497022
