"Estimate"	"Std. Error"	"t value"	"Pr(>|t|)"
"(Intercept)"	-1.09867815584681	0.115770057370937	-9.49017544602703	4.45202089590418e-18
"log(Species)"	0.717944663280485	0.0516277110995299	13.9061881301769	8.05308324721618e-32
"log(Species):Lakeweb"	-0.0503616927782038	0.0627489576958615	-0.802590108704313	0.423093875307773
"log(Species):Stream"	-0.132507305930849	0.0761944630982107	-1.73906738813887	0.0834475994830482
"log(Species):Marine"	0.133229918971751	0.0272603734718995	4.88731084733989	1.99157769793886e-06
"log(Species):Latitude"	-0.0010396422752995	0.00096318589280224	-1.07937863611646	0.28162277077534
"log(Species):Lakeweb:Latitude"	0.00483372794274419	0.00152771063534878	3.16403370566352	0.00178010676433229
"log(Species):Stream:Latitude"	0.00505648657502421	0.00172975518586888	2.92323828038374	0.00383295413216287
