"Estimate"	"Std. Error"	"t value"	"Pr(>|t|)"
"(Intercept)"	-1.020293673253	0.135318543470578	-7.53993981227591	1.91000091979079e-12
"log(Species)"	0.63997830939867	0.0535612217518471	11.948538298169	7.08126556959747e-25
"log(Species):Lakeweb"	-0.087368097171433	0.0642275038726701	-1.36029102648359	0.175358043887313
"log(Species):Terr"	-0.0614459825221804	0.0256174642775089	-2.39859737312594	0.017430460405067
"log(Species):Latitude"	-0.000797228756067127	0.000908163425889033	-0.877847239098725	0.381141181628512
"log(Species):Lakeweb:Latitude"	0.00363031989027118	0.00152787499398178	2.37605818837982	0.0184985124015971
