"Estimate"	"Std. Error"	"t value"	"Pr(>|t|)"
"(Intercept)"	-0.870974732340636	0.141241239485995	-6.16657525458065	3.41075856044534e-09
"log(Species)"	0.662120513413458	0.0614972741407421	10.7666644199243	6.70070719052867e-22
"log(Species):Lakeweb"	-0.0799859265824424	0.0739968852606528	-1.08093639753475	0.280936386519692
"log(Species):Stream"	-0.156469280597787	0.0866855580824607	-1.80502132141715	0.0724704334091362
"log(Species):Marine"	0.119640687403858	0.0369456805108564	3.23828620151419	0.00139295811160482
"log(Species):Terr"	-0.0587148182581735	0.0355124561108535	-1.65335841809682	0.0997173115777359
"log(Species):Latitude"	-0.00106562499427634	0.00106947163751938	-0.99640323024184	0.320174352335544
"log(Species):Lakeweb:Latitude"	0.0045300754575394	0.00167270795619639	2.70822855882174	0.0073088018834799
"log(Species):Stream:Latitude"	0.00504280759504784	0.00189301881946381	2.66389723292671	0.00830926105510278
