"Estimate"	"Std. Error"	"t value"	"Pr(>|t|)"
"(Intercept)"	-0.495731908310807	0.144079342493399	-3.44068691411136	0.000695856171968341
"log(Species)"	0.687412031568072	0.0532548901990886	12.9079607337137	1.16120731644608e-28
"log(Species):Latitude"	-0.00112981242746801	0.000896874417982686	-1.25972199096644	0.209122828520011
"log(Species):Lakeweb"	-0.0649265763158536	0.0677862881072495	-0.957812828062347	0.339223049987497
"log(Species):Marine"	0.124456915912584	0.0284525788775458	4.37418753668065	1.89242358487164e-05
"log(Species):Terr"	-0.0516943449183649	0.0266768951420044	-1.93779465875581	0.0539458895545495
"log(Species):Latitude:Lakeweb"	0.00349760648323233	0.00161151577707178	2.1703830226147	0.0310633758455047
