"Estimate"	"Std. Error"	"t value"	"Pr(>|t|)"
"(Intercept)"	-1.09870334655022	0.116261171396996	-9.45030342760342	5.83024101084386e-18
"log(Species)"	0.717951385841009	0.0518129676924774	13.8565964818349	1.16084903365626e-31
"log(Species):Lakeweb"	-0.0503599312395227	0.0629522847601647	-0.799969872918572	0.424607160316825
"log(Species):Stream"	-0.134868788018059	0.0766505251412105	-1.75952855860537	0.0799034546840314
"log(Species):Marine"	0.133230874281723	0.0273489641802091	4.87151445311901	2.14050455354798e-06
"log(Species):Latitude"	-0.00103963566943124	0.000966291562603913	-1.0759026671305	0.283171050199923
"log(Species):Lakeweb:Latitude"	0.00483372823380706	0.00153263499719452	3.15386784371698	0.0018404249810646
"log(Species):Stream:Latitude"	0.00505243237346265	0.00173772615166733	2.90749630982701	0.00402346493668258
