"Estimate"	"Std. Error"	"t value"	"Pr(>|t|)"
"(Intercept)"	-1.22403428914894	0.146640161295102	-8.34719682751616	8.19149855783321e-15
"log(Species)"	0.700624865807734	0.0543803195303641	12.8837945760236	1.38670520732387e-28
"log(Species):Lakeweb"	-0.0589101596851401	0.0686036606335664	-0.858702861350179	0.391451997055625
"log(Species):Marine"	0.127869727024184	0.0289580810103043	4.41568372499143	1.5880517903646e-05
"log(Species):Terr"	-0.0534594282025514	0.027338469378785	-1.95546529916691	0.0518118651105032
"log(Species):Latitude"	-0.00118037230774681	0.000914917742346518	-1.29014036247616	0.19837503524856
"log(Species):Lakeweb:Latitude"	0.00343838912535669	0.00161739279012667	2.12588379665486	0.034642967253331
