"Estimate"	"Std. Error"	"t value"	"Pr(>|t|)"
"(Intercept)"	-0.859280208723606	0.140586918575396	-6.11209220196954	4.56613333417633e-09
"log(Species)"	0.659361778645666	0.0611914083025522	10.7753980000844	6.30031640301006e-22
"log(Species):Lakeweb"	-0.0873502888460079	0.0740065621860414	-1.18030464145088	0.239183273626313
"log(Species):Stream"	-0.159145019337248	0.0860749051197869	-1.8489130962825	0.0658432970302151
"log(Species):Marine"	0.118949426281596	0.0367576005510946	3.23604981005904	0.0014034011085929
"log(Species):Terr"	-0.058960296596344	0.0353309162234938	-1.6688018001961	0.0966121933624657
"log(Species):Latitude"	-0.00107055692499274	0.00106400249488701	-1.00616016422633	0.315469564800104
"log(Species):Lakeweb:Latitude"	0.00477772620086263	0.00168640054687728	2.83309099354217	0.00504855827457301
"log(Species):Stream:Latitude"	0.00514071724773695	0.0018815320916226	2.73219748449982	0.00681444917223017
