"Estimate"	"Std. Error"	"t value"	"Pr(>|t|)"
"(Intercept)"	-0.630605689075676	0.136154808666988	-4.63153446616808	6.76122103390629e-06
"log(Species)"	0.553315339266495	0.0562997515942872	9.82802452227233	1.17157002088715e-18
"log(Species):Lakeweb"	-0.0646356354870073	0.0650758116591211	-0.993235948029055	0.321871633182882
"log(Species):Stream"	-0.191820372215315	0.0897580459379118	-2.13708275632474	0.0338835835758464
"log(Species):Latitude"	-0.000642697144082539	0.00103712251529483	-0.61969259620194	0.536210513937707
"log(Species):Lakeweb:Latitude"	0.00461438079652431	0.00159608553694829	2.89106109272	0.00429159889373539
"log(Species):Stream:Latitude"	0.00668504489985589	0.00201845011911525	3.31196933555443	0.00111094546346808
