"Estimate"	"Std. Error"	"t value"	"Pr(>|t|)"
"(Intercept)"	-1.22232023168972	0.145845497973508	-8.38092535370369	6.59836678372481e-15
"log(Species)"	0.699395511339162	0.05398477366221	12.9554217586495	8.19388389711874e-29
"log(Species):Lakeweb"	-0.0582510181818627	0.0684064130778765	-0.851543233461862	0.395406397172303
"log(Species):Marine"	0.126298277874133	0.0288960958221904	4.37077308475506	1.9198195393827e-05
"log(Species):Terr"	-0.0532372103248577	0.0270900033653019	-1.96519762685029	0.0506672032227772
"log(Species):Latitude"	-0.00112732345773752	0.000911050479925612	-1.23738857788601	0.21728013819548
"log(Species):Lakeweb:Latitude"	0.00338583863943764	0.0016124539220678	2.09980489556914	0.036901443888741
