"Estimate"	"Std. Error"	"t value"	"Pr(>|t|)"
"(Intercept)"	-0.500123747287374	0.143574543207598	-3.48337341783655	0.000598789617738978
"log(Species)"	0.689160436741862	0.0530762311917439	12.984351399258	6.62461609210843e-29
"log(Species):Latitude"	-0.0011022327724324	0.000894866811015348	-1.23172829617155	0.219383691398476
"log(Species):Lakeweb"	-0.0651514440542647	0.0676276501368564	-0.963384709100778	0.336426823752585
"log(Species):Marine"	0.122906017860777	0.0283921079350574	4.3288796359152	2.28848106803954e-05
"log(Species):Terr"	-0.053286497996972	0.0266113298501995	-2.00239891418175	0.0464864900598961
"log(Species):Latitude:Lakeweb"	0.00346696966914355	0.0016077500075202	2.15641091769672	0.0321512387095991
