"Estimate"	"Std. Error"	"t value"	"Pr(>|t|)"
"(Intercept)"	-1.2336930215541	0.142487543071442	-8.65825176686174	1.21860946753514e-15
"log(Species)"	0.735139403494579	0.0536816295677323	13.6944315851482	5.33010829621911e-31
"log(Species):Lakeweb"	-0.0915624351565119	0.0675389350107001	-1.35569853362369	0.176637519597089
"log(Species):Marine"	0.0963333809294107	0.0285906505893701	3.36940149816763	0.000894857641256724
"log(Species):Terr"	-0.0797934970476203	0.0267896361342779	-2.97852112091671	0.00323388099076061
"log(Species):Latitude"	-0.00146117243932651	0.000900815330150442	-1.6220554762123	0.106277671251399
"log(Species):Lakeweb:Latitude"	0.0037246849398331	0.00159377300113806	2.33702348902474	0.0203708112523351
