"Estimate"	"Std. Error"	"t value"	"Pr(>|t|)"
"(Intercept)"	-0.502669476442816	0.1433366560048	-3.50691505197373	0.000550839968830062
"log(Species)"	0.689907299640534	0.0529858306460007	13.0205998703657	5.07505158406141e-29
"log(Species):Latitude"	-0.00109417152881489	0.000893260052961521	-1.22491935600082	0.221933581935262
"log(Species):Lakeweb"	-0.0650151885851297	0.0675040267094069	-0.963130523531711	0.336554059826089
"log(Species):Marine"	0.122611915895843	0.0283384993017064	4.32669050645386	2.30950237218642e-05
"log(Species):Terr"	-0.0536433759133294	0.0265630103567381	-2.01947652743064	0.0446674607921518
"log(Species):Latitude:Lakeweb"	0.00345713634349479	0.00160484670380947	2.1541847799472	0.0323275669180497
