"Estimate"	"Std. Error"	"t value"	"Pr(>|t|)"
"(Intercept)"	-1.22984432664812	0.142676949515768	-8.61978287888895	1.56313577791498e-15
"log(Species)"	0.733861452615938	0.0537282121611758	13.6587729815851	6.91588076427146e-31
"log(Species):Lakeweb"	-0.0915688905896572	0.0675497618201318	-1.35557680918968	0.176676208646822
"log(Species):Marine"	0.096874752285796	0.028592445854174	3.38812400939299	0.000838889122319956
"log(Species):Terr"	-0.0791583176234327	0.0267953915841177	-2.95417655588029	0.00348911516532525
"log(Species):Latitude"	-0.00147194525635875	0.000900999289531878	-1.63368081802097	0.103810061184223
"log(Species):Lakeweb:Latitude"	0.00373668121056568	0.00159406579322804	2.34411981389975	0.019997179972979
