"Estimate"	"Std. Error"	"t value"	"Pr(>|t|)"
"(Intercept)"	-0.50295329336781	0.128854629222871	-3.90326134498349	0.000139565136977743
"log(Species)"	0.66856487424906	0.0361968079713006	18.4702715990632	1.63523122417093e-41
"log(Species):Lakeweb"	0.0578374729981995	0.0248761260878246	2.32501928933812	0.0213271251753101
