"Estimate"	"Std. Error"	"t value"	"Pr(>|t|)"
"(Intercept)"	-1.01526155982131	0.133241529554848	-7.61970808360755	1.19207213993014e-12
"log(Species)"	0.639230586073043	0.0527581711305259	12.1162385347202	2.24155166743685e-25
"log(Species):Lakeweb"	-0.0883880639211211	0.0633013902001684	-1.39630525714562	0.164260348439665
"log(Species):Terr"	-0.0626926216788238	0.0252440502313663	-2.48346129500752	0.0138819580270002
"log(Species):Latitude"	-0.000780441277922205	0.00089497569464949	-0.872025109271664	0.384301102718464
"log(Species):Lakeweb:Latitude"	0.00361803417626273	0.00150571089212451	2.40287441313372	0.0172340539868587
