"Estimate"	"Std. Error"	"t value"	"Pr(>|t|)"
"(Intercept)"	-0.319941440861272	0.135383864716351	-2.36321692789312	0.0191324839322623
"log(Species)"	0.637421724492364	0.0536034932389457	11.8914213603759	1.04727388632905e-24
"log(Species):Lakeweb"	-0.0874807453404255	0.0643204129179122	-1.360077483521	0.175425488113344
"log(Species):Terr"	-0.0605348706262426	0.025648419440294	-2.36017937741386	0.0192852185080479
"log(Species):Latitude"	-0.000814342350573139	0.00090943538885821	-0.895437279602172	0.371692372868923
"log(Species):Lakeweb:Latitude"	0.00359644183053798	0.00152996677289158	2.35066662509332	0.0197705108415086
