"Estimate"	"Std. Error"	"t value"	"Pr(>|t|)"
"(Intercept)"	-1.21600488256594	0.146546508712304	-8.29774037778794	1.12397013430134e-14
"log(Species)"	0.698187822552724	0.0541311862348001	12.8980698764711	1.24869765089374e-28
"log(Species):Lakeweb"	-0.0591442472680283	0.0686787220943904	-0.861172797984531	0.390093430618309
"log(Species):Marine"	0.127113520459032	0.0290005311379176	4.38314456568121	1.8223269306297e-05
"log(Species):Terr"	-0.0523501865214693	0.0271788227184892	-1.92613885684815	0.0553935799064762
"log(Species):Latitude"	-0.00116444178008032	0.00091402222195434	-1.27397534995433	0.204034903290383
"log(Species):Lakeweb:Latitude"	0.00342479315647958	0.00161736378838656	2.11751566411417	0.0353543493554085
