"Estimate"	"Std. Error"	"t value"	"Pr(>|t|)"
"(Intercept)"	-0.508104859907206	0.143945246910784	-3.52984812497579	0.000507612376792734
"log(Species)"	0.690566120263078	0.0532523827296232	12.9677975869976	7.48161220221899e-29
"log(Species):Latitude"	-0.00112474388381117	0.000897798839484516	-1.25277939149148	0.211634336808365
"log(Species):Lakeweb"	-0.0600766438231646	0.0674116554482393	-0.891190750675056	0.373813906322498
"log(Species):Marine"	0.124959346958805	0.0284695451287372	4.3892287844343	1.77614038292763e-05
"log(Species):Terr"	-0.0516642906980236	0.0266978293986768	-1.93514948075083	0.0542716096883019
"log(Species):Latitude:Lakeweb"	0.00333865018828927	0.0015890223458403	2.10107189305996	0.0367888708007572
