"Estimate"	"Std. Error"	"t value"	"Pr(>|t|)"
"(Intercept)"	-0.320844441263834	0.135399583042956	-2.36961173774106	0.0188144187514552
"log(Species)"	0.637542237823503	0.0536082203022385	11.8926208374219	1.03870531538586e-24
"log(Species):Lakeweb"	-0.0872883850817575	0.064324179327901	-1.3570073647857	0.176397294614267
"log(Species):Terr"	-0.0600804338654871	0.0256323742688755	-2.34392777021989	0.0201207659620554
"log(Species):Latitude"	-0.000823125391448924	0.000909296569504117	-0.905233142909375	0.366494391115622
"log(Species):Lakeweb:Latitude"	0.00356310198960563	0.00153286294379117	2.3244752598645	0.0211626176756141
