"Estimate"	"Std. Error"	"t value"	"Pr(>|t|)"
"(Intercept)"	-1.01631878793763	0.135948826388093	-7.47574521192515	2.78613289194823e-12
"log(Species)"	0.638792511565372	0.053809023990181	11.8714755294937	1.20055897607139e-24
"log(Species):Lakeweb"	-0.0875786043733603	0.0644783745160453	-1.3582632166319	0.175999283147158
"log(Species):Terr"	-0.0605769394675291	0.0257215694567947	-2.35510276965339	0.019542879588763
"log(Species):Latitude"	-0.000817427280263626	0.00091158855806511	-0.89670638472981	0.371016360389554
"log(Species):Lakeweb:Latitude"	0.00365407437488117	0.00153377395774833	2.382407366106	0.0181919557320204
