"Estimate"	"Std. Error"	"t value"	"Pr(>|t|)"
"(Intercept)"	-1.09455667390472	0.115839347307639	-9.44891955406014	5.8850253642119e-18
"log(Species)"	0.716844776891786	0.0516660169499688	13.8745895118245	1.01661731089545e-31
"log(Species):Lakeweb"	-0.0506499002865901	0.0628003029681431	-0.806523183690426	0.420828354392293
"log(Species):Stream"	-0.132601167122749	0.0762588519728028	-1.73882983669935	0.0834894874591994
"log(Species):Marine"	0.133073619533278	0.027282623073611	4.87759623311267	2.08193337410619e-06
"log(Species):Latitude"	-0.0010407230695222	0.000963977402575204	-1.07961355395051	0.28151834181989
"log(Species):Lakeweb:Latitude"	0.00483368032159088	0.00152896638909197	3.16140391056048	0.0017955324668584
"log(Species):Stream:Latitude"	0.00505180286243492	0.0017312314886665	2.91804007465584	0.00389493084528134
