"Estimate"	"Std. Error"	"t value"	"Pr(>|t|)"
"(Intercept)"	-1.17858043599746	0.130399004964556	-9.03826249531443	5.61226960181116e-16
"log(Species)"	0.720090765551452	0.0536327124577195	13.4263350211706	7.39961421485185e-28
"log(Species):Lakeweb"	-0.0216222467329125	0.0840275778813361	-0.257323217901716	0.797266216043615
"log(Species):Terr"	-0.0251272433875353	0.0280879868404541	-0.894590400168712	0.372375478185181
"log(Species):Latitude"	-0.00119338011056152	0.000940724747681211	-1.26857522724163	0.206470315508133
"log(Species):Lakeweb:Latitude"	0.00174127982682622	0.00187176451258158	0.93028787281826	0.35365026856306
