"Estimate"	"Std. Error"	"t value"	"Pr(>|t|)"
"(Intercept)"	-1.1806380214184	0.130243688421215	-9.0648386553685	4.78279530260698e-16
"log(Species)"	0.719281902172046	0.0535660875500654	13.4279342597081	7.32562448530404e-28
"log(Species):Lakeweb"	-0.019011403642654	0.0839011839064844	-0.226592793539647	0.821035150947518
"log(Species):Terr"	-0.024194810609023	0.0280718478241672	-0.861888777702533	0.390063235733822
"log(Species):Latitude"	-0.00118197386355425	0.000939513437663414	-1.25807020546065	0.210234201703213
"log(Species):Lakeweb:Latitude"	0.0017443610881065	0.00186891577337224	0.933354575395874	0.35207013047635
