"Estimate"	"Std. Error"	"t value"	"Pr(>|t|)"
"(Intercept)"	-1.23486434694876	0.146933617706199	-8.40423291977969	5.6809706621823e-15
"log(Species)"	0.696663728964874	0.0540533219996607	12.8884535342573	1.34006679873514e-28
"log(Species):Lakeweb"	-0.0513462034973773	0.0688540911027567	-0.745724802622826	0.4566406890282
"log(Species):Marine"	0.129351622336754	0.0289649213251622	4.4658026474384	1.28282148401158e-05
"log(Species):Terr"	-0.0502738330879608	0.0271524865344735	-1.85153698627681	0.065450950094805
"log(Species):Latitude"	-0.00104286661848254	0.000919191484923051	-1.13454773634009	0.257816564457117
"log(Species):Lakeweb:Latitude"	0.00329773458488347	0.0016185349641736	2.03748121472757	0.0428155145996161
