"Estimate"	"Std. Error"	"t value"	"Pr(>|t|)"
"(Intercept)"	-1.20103928353844	0.127875347128555	-9.39226606619506	5.78780576465761e-17
"log(Species)"	0.671043371786912	0.0359479612417316	18.6670773141901	5.11801448270379e-42
"log(Species):Lakeweb"	0.0683368770190238	0.0250504816088946	2.72796659505179	0.00708491308628885
