"Estimate"	"Std. Error"	"t value"	"Pr(>|t|)"
"(Intercept)"	-0.890972310409972	0.138105033462072	-6.45141084343363	7.51450989648171e-10
"log(Species)"	0.700322784130991	0.0600717346318017	11.6581082338222	1.51970806156448e-24
"log(Species):Lakeweb"	-0.107260093029353	0.0721336176449898	-1.4869640055659	0.138524198755389
"log(Species):Stream"	-0.170283489794644	0.0860192277320108	-1.97959798389675	0.0490549100929518
"log(Species):Marine"	0.0827074674213291	0.0347752667289874	2.37834171239835	0.0182872062370862
"log(Species):Terr"	-0.0947501836124106	0.0332988117382515	-2.8454523950345	0.00487406519421409
"log(Species):Latitude"	-0.00113081797865876	0.0010561747941749	-1.07067313563582	0.285545427996178
"log(Species):Lakeweb:Latitude"	0.00448938311108858	0.00165584520826054	2.71123356742064	0.00725822486780209
"log(Species):Stream:Latitude"	0.00502682052977351	0.00189234950911816	2.65639117169007	0.00850469962526008
