"Estimate"	"Std. Error"	"t value"	"Pr(>|t|)"
"(Intercept)"	-1.00985287278988	0.137072645902719	-7.36728226218509	5.25297508091498e-12
"log(Species)"	0.63677295962421	0.0539736051536754	11.7978585608867	1.98710562456586e-24
"log(Species):Lakeweb"	-0.0879615431463654	0.064572120880665	-1.36222168246458	0.17474916105403
"log(Species):Terr"	-0.0600192316907312	0.0257080934643047	-2.33464343725321	0.0206122588101728
"log(Species):Latitude"	-0.000825119833925905	0.000912000418348489	-0.904736244989982	0.366756955040152
"log(Species):Lakeweb:Latitude"	0.003679045288212	0.00153795405075845	2.39216853481263	0.0177294015224828
