"Estimate"	"Std. Error"	"t value"	"Pr(>|t|)"
"(Intercept)"	-0.486978216228649	0.130399403979396	-3.73451259260046	0.000262680680505308
"log(Species)"	0.720232981686441	0.0535635927266124	13.44631577203	6.52654459392971e-28
"log(Species):Lakeweb"	-0.0213472600512658	0.0837600722761897	-0.254862006098509	0.799163220821181
"log(Species):Terr"	-0.0254099330536312	0.0280375950974771	-0.90628076214417	0.366176058944694
"log(Species):Latitude"	-0.00118908300474505	0.000938371231866371	-1.26717759918964	0.206968209095059
"log(Species):Lakeweb:Latitude"	0.00172105483964528	0.00186640140161029	0.922124703807223	0.357878409276269
