"Estimate"	"Std. Error"	"t value"	"Pr(>|t|)"
"(Intercept)"	-0.498376372054081	0.143410578755372	-3.47517161132307	0.000616394576724243
"log(Species)"	0.682169133960539	0.053233431832345	12.8146751107271	2.30320415921638e-28
"log(Species):Latitude"	-0.000981468719202037	0.000900664947226175	-1.08971568420056	0.277047035476103
"log(Species):Lakeweb"	-0.0587663091210303	0.0677285153697288	-0.86767455037551	0.386531022472882
"log(Species):Marine"	0.118823005815543	0.0286419824123906	4.14856081205259	4.80317363628626e-05
"log(Species):Terr"	-0.0513343184350888	0.0265675463544149	-1.93221902204598	0.0546343861660333
"log(Species):Latitude:Lakeweb"	0.00334742196378984	0.00160978238071069	2.07942514708853	0.0387531806438765
