"Estimate"	"Std. Error"	"t value"	"Pr(>|t|)"
"(Intercept)"	-0.906381790535101	0.139299494084156	-6.50671272350439	5.537110114275e-10
"log(Species)"	0.704081297403831	0.0603013656111652	11.6760423295201	1.33730591199846e-24
"log(Species):Lakeweb"	-0.105876075127978	0.0722642027022779	-1.4651247944183	0.144382423333149
"log(Species):Stream"	-0.173721825040301	0.0862589685091225	-2.01395667074235	0.0452899321757123
"log(Species):Marine"	0.0834807956820242	0.0348407173873958	2.39606994178096	0.0174490507243945
"log(Species):Terr"	-0.0945392619637669	0.0333528890822259	-2.83451492704864	0.00503758256112969
"log(Species):Latitude"	-0.00112463469201906	0.00105788651562725	-1.06309578145273	0.288959464903849
"log(Species):Lakeweb:Latitude"	0.00447830133653548	0.00165853869509684	2.70014884173324	0.00749597331607592
"log(Species):Stream:Latitude"	0.00502801311395097	0.00189592692809782	2.6520078592879	0.0086121995519378
