"Estimate"	"Std. Error"	"t value"	"Pr(>|t|)"
"(Intercept)"	-0.63084357856461	0.136100030215572	-4.63514649897875	6.65615939570967e-06
"log(Species)"	0.5533773677151	0.0562783346211013	9.83286679395829	1.13495003982164e-18
"log(Species):Lakeweb"	-0.0646133043888271	0.0650519318453029	-0.993257272397092	0.321861271312969
"log(Species):Stream"	-0.191940945987357	0.0897257843985687	-2.13919496245071	0.0337097869823341
"log(Species):Latitude"	-0.000642544043801193	0.00103674271782585	-0.619771938353876	0.536158381370982
"log(Species):Lakeweb:Latitude"	0.00462157702847335	0.0015927935100785	2.90155440691467	0.00415647937490621
"log(Species):Stream:Latitude"	0.00670189605902377	0.00201819729239173	3.32073384712626	0.00107852810378092
