"Estimate"	"Std. Error"	"t value"	"Pr(>|t|)"
"(Intercept)"	-1.48401405277371	0.121337823687284	-12.2304324214547	1.55802516368112e-26
"log(Species)"	0.770702205300189	0.0485859989865782	15.8626398834177	3.44399294920261e-38
"log(Species):Latitude"	-0.000832642600958808	0.000829534572885838	-1.00374671312632	0.316613541359334
"log(Species):Lakeweb"	-0.0426764744919095	0.061637113541092	-0.692382755131097	0.489433842391933
"log(Species):Marine"	0.125640705490588	0.0253246049489544	4.96121087550373	1.40953827187775e-06
"log(Species):Latitude:Lakeweb"	0.00400995769365384	0.00150135814947395	2.67088682008278	0.00813565733140337
