"Estimate"	"Std. Error"	"t value"	"Pr(>|t|)"
"(Intercept)"	-0.833088290172276	0.127239177764036	-6.54741962980327	8.01569675583343e-10
"log(Species)"	0.688495946276201	0.0560924830154528	12.2742996790948	1.15039365614735e-24
"log(Species):Lakeweb"	-0.0245383641938141	0.082832629087764	-0.296240315731315	0.767440566257078
"log(Species):Stream"	-0.2839463055519	0.0845719658125422	-3.35745187928208	0.000988384404251358
"log(Species):Latitude"	-0.00176952021390077	0.00107500712152783	-1.64605441067766	0.101765768335007
"log(Species):Lakeweb:Latitude"	0.00310423399600393	0.0018822488728658	1.64921548938297	0.10111576738012
"log(Species):Stream:Latitude"	0.00852232854834698	0.00190552988120683	4.47241926374282	1.48197776507778e-05
