"Estimate"	"Std. Error"	"t value"	"Pr(>|t|)"
"(Intercept)"	-1.01857483439416	0.135785694992473	-7.50134124548703	2.39722568511097e-12
"log(Species)"	0.63923714612982	0.0537254523274823	11.898218040741	9.99637404067468e-25
"log(Species):Lakeweb"	-0.0872307307829768	0.0644111701901276	-1.35427955315034	0.177264136771827
"log(Species):Terr"	-0.0608962904415159	0.0256909106405267	-2.37034378787079	0.0187783070535969
"log(Species):Latitude"	-0.000804514290571194	0.000910845388815632	-0.883261089587663	0.378217322353768
"log(Species):Lakeweb:Latitude"	0.00363914311013074	0.00153231991198477	2.37492385347723	0.0185537585957815
