"Estimate"	"Std. Error"	"t value"	"Pr(>|t|)"
"(Intercept)"	-0.500747633647215	0.143993861207337	-3.47756237278884	0.000611213423443236
"log(Species)"	0.689241815427948	0.0532309603035398	12.9481379163117	8.64435248048328e-29
"log(Species):Latitude"	-0.00111766388589605	0.000896748741746473	-1.24635121730902	0.213979258254161
"log(Species):Lakeweb"	-0.0650163953554403	0.0677779586248891	-0.959255732608702	0.338497497618837
"log(Species):Marine"	0.123678568796941	0.0284506773020172	4.34712212591762	2.12029549580725e-05
"log(Species):Terr"	-0.0526146870859682	0.0266731661662359	-1.97256998880659	0.0498143729522872
"log(Species):Latitude:Lakeweb"	0.0034819664953204	0.00161129068311138	2.16097972378068	0.031791950218292
