"Estimate"	"Std. Error"	"t value"	"Pr(>|t|)"
"(Intercept)"	-1.48868228272676	0.12114160283921	-12.2887781557808	1.01742115250463e-26
"log(Species)"	0.771151391088973	0.048484421408126	15.9051375409366	2.51560230246857e-38
"log(Species):Lakeweb"	-0.0415695241345257	0.0615240961222393	-0.675662492496163	0.499971046697155
"log(Species):Marine"	0.126603327240473	0.0252926305302902	5.00554211191494	1.14745892833271e-06
"log(Species):Latitude"	-0.000831158788395446	0.000827875193463512	-1.00396629221151	0.316507930054731
"log(Species):Lakeweb:Latitude"	0.00402825346544386	0.00149523139370521	2.69406694000837	0.00760809404469341
