"Estimate"	"Std. Error"	"t value"	"Pr(>|t|)"
"(Intercept)"	-1.22946688566223	0.145886616082011	-8.42755092057986	4.88981472067612e-15
"log(Species)"	0.703862503362645	0.0540883036917504	13.0132109036727	5.35836226831715e-29
"log(Species):Lakeweb"	-0.0603405433755829	0.0683571087967898	-0.882725212310568	0.378361572848596
"log(Species):Marine"	0.126274058274897	0.0288628539104045	4.37496786239068	1.88621546197232e-05
"log(Species):Terr"	-0.0538020426210361	0.0270758743662057	-1.9870842172391	0.0481707665846498
"log(Species):Latitude"	-0.00117900198476946	0.000910032855334921	-1.29555980078934	0.196503639401644
"log(Species):Lakeweb:Latitude"	0.00343543926897197	0.00161074805182996	2.13282224061609	0.0340624935454321
