"Estimate"	"Std. Error"	"t value"	"Pr(>|t|)"
"(Intercept)"	-1.18554078755518	0.130479956980477	-9.08599922157064	4.21052650209214e-16
"log(Species)"	0.722554488235682	0.0536358063945859	13.4714948241855	5.57161617597424e-28
"log(Species):Lakeweb"	-0.0205739838463544	0.0838722296178711	-0.245301501344261	0.806543340744755
"log(Species):Terr"	-0.0262165881303986	0.0280763664862105	-0.933760005707101	0.351861568168371
"log(Species):Latitude"	-0.00118061526074488	0.000939446234281139	-1.25671402754441	0.210723742808871
"log(Species):Lakeweb:Latitude"	0.00173994130424564	0.00186878897946696	0.931052849392297	0.353255686464121
