"Estimate"	"Std. Error"	"t value"	"Pr(>|t|)"
"(Intercept)"	-0.505771444220594	0.128850379324699	-3.92526158534671	0.000128429024002958
"log(Species)"	0.671502746941921	0.0363000527988759	18.4986713562773	1.38247950691874e-41
"log(Species):Lakeweb"	0.0558085526407879	0.0248421893145373	2.24652311976906	0.0260387841584117
