"Estimate"	"Std. Error"	"t value"	"Pr(>|t|)"
"(Intercept)"	-0.857880575511858	0.140589252603831	-6.10203525250464	4.8178675427368e-09
"log(Species)"	0.659031605572367	0.0611981483137799	10.7688161117773	6.59976958237418e-22
"log(Species):Lakeweb"	-0.0875056512409438	0.0740171570377207	-1.18223469723849	0.238418430437534
"log(Species):Stream"	-0.131685410704805	0.0887927562702318	-1.48306479307877	0.13952156075381
"log(Species):Marine"	0.11886669422201	0.0367628304482217	3.23333902130923	0.00141615678814287
"log(Species):Terr"	-0.0589896761286892	0.0353361496454663	-1.66938607405002	0.0964962631303371
"log(Species):Latitude"	-0.00107114719221993	0.00106416064671125	-1.00656531091454	0.315275197188267
"log(Species):Lakeweb:Latitude"	0.0047792907527499	0.00168664996504146	2.83359965126635	0.00504082376545551
"log(Species):Stream:Latitude"	0.00442827274236258	0.00195462133596256	2.26553995952462	0.0244757045212508
