"Estimate"	"Std. Error"	"t value"	"Pr(>|t|)"
"(Intercept)"	-0.892312267548565	0.139277550163355	-6.40672000980772	9.60624488440032e-10
"log(Species)"	0.7006496119441	0.0604007639537501	11.6000124183959	2.29892260827984e-24
"log(Species):Lakeweb"	-0.107139743435997	0.0724382190498349	-1.47904993857301	0.140625417340644
"log(Species):Stream"	-0.169387029061876	0.086369993652067	-1.96117913061607	0.0511799363111841
"log(Species):Marine"	0.0827747134747313	0.034923669261815	2.37016084576301	0.018685811026613
"log(Species):Terr"	-0.0947318425673858	0.0334355575811896	-2.83326642115521	0.00505656219253609
"log(Species):Latitude"	-0.00113028030061865	0.00106050992498627	-1.06578946032333	0.287742646712294
"log(Species):Lakeweb:Latitude"	0.00448841947683226	0.00166264788506792	2.69956105387216	0.00750877455162608
"log(Species):Stream:Latitude"	0.00494845967183977	0.00189929843929562	2.60541448855977	0.0098328262298018
