"Estimate"	"Std. Error"	"t value"	"Pr(>|t|)"
"(Intercept)"	-1.2237793888646	0.14591838873587	-8.38673863840277	6.35666181837365e-15
"log(Species)"	0.6911284149477	0.05435802736577	12.714376301722	4.80627672596604e-28
"log(Species):Lakeweb"	-0.0494985061265076	0.0688674309336152	-0.718750582902123	0.47306783147523
"log(Species):Marine"	0.129234213933578	0.0289206927246269	4.46857256028072	1.26771074883315e-05
"log(Species):Terr"	-0.0496949774521798	0.0271498719619847	-1.83039454188819	0.0685626022007146
"log(Species):Latitude"	-0.000991721781902558	0.000922604534892355	-1.07491535581739	0.283606359311756
"log(Species):Lakeweb:Latitude"	0.00324981271205028	0.00161938587977419	2.00681798738633	0.0460098700985077
