"Estimate"	"Std. Error"	"t value"	"Pr(>|t|)"
"(Intercept)"	-0.514051008369192	0.1432658759037	-3.58809105885568	0.000411706148331005
"log(Species)"	0.692621940414781	0.0530303966908275	13.0608478087169	3.77494139721425e-29
"log(Species):Latitude"	-0.00109518817456774	0.000894795041885443	-1.22395422784199	0.222296736977679
"log(Species):Lakeweb"	-0.0601543675415447	0.0671896713070784	-0.89529188595997	0.371623084314788
"log(Species):Marine"	0.123503204721674	0.0283813824094332	4.35155705032272	2.08123526806748e-05
"log(Species):Terr"	-0.0532144611137692	0.0266088254520997	-1.99988012283985	0.0467600224789858
"log(Species):Latitude:Lakeweb"	0.00330736562984492	0.00158374515714731	2.08831933276579	0.0379354840905987
