"Estimate"	"Std. Error"	"t value"	"Pr(>|t|)"
"(Intercept)"	-0.339169635188202	0.135701306884228	-2.49938370510728	0.0132928872309504
"log(Species)"	0.639901148843538	0.0534423893829932	11.9736627840066	5.96102882390785e-25
"log(Species):Lakeweb"	-0.0832056541705656	0.0641648333064097	-1.29674854406976	0.196298640817406
"log(Species):Terr"	-0.0589180340994151	0.0255525066543694	-2.30576337955244	0.02220920068355
"log(Species):Latitude"	-0.000784795370876772	0.000906387788551414	-0.865849452948864	0.38767049798271
"log(Species):Lakeweb:Latitude"	0.0035496931726988	0.0015248347717023	2.32791987602432	0.0209747473935192
