"Estimate"	"Std. Error"	"t value"	"Pr(>|t|)"
"(Intercept)"	-1.4935786424715	0.121176628645753	-12.3256329142298	7.77177206222984e-27
"log(Species)"	0.774455691526225	0.0485281648894437	15.958890951071	1.69095829306753e-38
"log(Species):Lakeweb"	-0.0432247558205129	0.0614490792330816	-0.703423979008012	0.482542152046008
"log(Species):Marine"	0.126912785557069	0.0252684887794891	5.02257126117041	1.05990056699956e-06
"log(Species):Latitude"	-0.00087985012445886	0.00082795326586127	-1.06268090330389	0.28910245237566
"log(Species):Lakeweb:Latitude"	0.00407828536970583	0.00149421356810713	2.72938585002424	0.00686346777166984
