"Estimate"	"Std. Error"	"t value"	"Pr(>|t|)"
"(Intercept)"	-0.501790613509755	0.143522527700664	-3.49624983303184	0.000572098597285053
"log(Species)"	0.689532062747039	0.0530536390872335	12.9968853147524	6.04159131835836e-29
"log(Species):Latitude"	-0.00109732395132225	0.000894473600158007	-1.22678182019951	0.221233990425237
"log(Species):Lakeweb"	-0.0649448309429526	0.0675931122508727	-0.960820248990888	0.337711928173991
"log(Species):Marine"	0.122846614658803	0.0283760575763494	4.32923475462609	2.28508834007832e-05
"log(Species):Terr"	-0.0533888165557245	0.0265976983434551	-2.00727205287904	0.0459611324034978
"log(Species):Latitude:Lakeweb"	0.00346090054247816	0.00160698445841965	2.1536614895963	0.0323691366683464
