"Estimate"	"Std. Error"	"t value"	"Pr(>|t|)"
"(Intercept)"	-0.506116157945634	0.14343631689127	-3.52850776508218	0.000510048628546453
"log(Species)"	0.690753306363394	0.053011025979286	13.0303704484668	4.72326718532929e-29
"log(Species):Latitude"	-0.00109198062360563	0.000893440962245894	-1.22221911659463	0.222950695725802
"log(Species):Lakeweb"	-0.0646655348283146	0.0675142669044876	-0.957805480133508	0.339226747400516
"log(Species):Marine"	0.122751241296617	0.0283396458604356	4.33143172999162	2.26420580795638e-05
"log(Species):Terr"	-0.0536318187401681	0.0265673432906341	-2.01871215173688	0.0447475666996348
"log(Species):Latitude:Lakeweb"	0.00345254620333726	0.00160514289357328	2.1509276321508	0.0325870625869641
