"Estimate"	"Std. Error"	"t value"	"Pr(>|t|)"
"(Intercept)"	-1.22400275258003	0.146076236437424	-8.37920514952734	6.67162014341938e-15
"log(Species)"	0.698132780099538	0.0540329805200873	12.9204936203732	1.05908581501893e-28
"log(Species):Lakeweb"	-0.056428565200778	0.0685062557363686	-0.823699450425826	0.411014715705462
"log(Species):Marine"	0.128887991330997	0.0289402494940028	4.45358950197392	1.35153628468498e-05
"log(Species):Terr"	-0.0508070579720565	0.0271241931797353	-1.87312697691649	0.0623953452821778
"log(Species):Latitude"	-0.00114607413678295	0.000911779720073882	-1.25696383846976	0.21011798403161
"log(Species):Lakeweb:Latitude"	0.0034041001236849	0.00161404839715134	2.1090446418415	0.0360872266147598
