"Estimate"	"Std. Error"	"t value"	"Pr(>|t|)"
"(Intercept)"	-1.21910551533607	0.146346740731718	-8.33025395195456	9.13011202483904e-15
"log(Species)"	0.698289115754561	0.0541762540317593	12.8892100097066	1.33264336063747e-28
"log(Species):Lakeweb"	-0.058214057542244	0.068619003574788	-0.848366407401943	0.397168777925061
"log(Species):Marine"	0.127516949632365	0.0289836548019208	4.39961593883993	1.69987295932907e-05
"log(Species):Terr"	-0.0520178484539644	0.0271765515071876	-1.91407097549543	0.0569266610333631
"log(Species):Latitude"	-0.00115352860558855	0.000913696490375119	-1.26248553840342	0.208129179009529
"log(Species):Lakeweb:Latitude"	0.00341297846960189	0.00161734967663074	2.11022917240247	0.035983968057419
