"Estimate"	"Std. Error"	"t value"	"Pr(>|t|)"
"(Intercept)"	-0.319327599922574	0.135291430928334	-2.36029434925355	0.019279417977435
"log(Species)"	0.634550726007215	0.0537153002700234	11.8132212389648	1.78882702549614e-24
"log(Species):Lakeweb"	-0.0848253780309027	0.0643735092834352	-1.31770628904847	0.189197008861265
"log(Species):Terr"	-0.0569099343639651	0.0260059914461917	-2.18833934794279	0.0298710603003535
"log(Species):Latitude"	-0.000763828474694888	0.000912510529178742	-0.837062642315297	0.403614528623768
"log(Species):Lakeweb:Latitude"	0.00354647710108913	0.0015310342991693	2.316392978925	0.0216092385862334
