"Estimate"	"Std. Error"	"t value"	"Pr(>|t|)"
"(Intercept)"	-1.18298732122698	0.126408910739994	-9.35841717408846	8.10255835697221e-17
"log(Species)"	0.722508967590837	0.0519940161509546	13.8960022917478	3.88563319241818e-29
"log(Species):Lakeweb"	-0.0214190711282517	0.0814228732353483	-0.263059632719433	0.792849522336343
"log(Species):Terr"	-0.0284143753565754	0.0272460848627397	-1.0428792063051	0.298607417466783
"log(Species):Latitude"	-0.00113834607012543	0.000912045595145281	-1.24812408084061	0.213843811882178
"log(Species):Lakeweb:Latitude"	0.00169926644272969	0.00181418288641429	0.936656637792605	0.350373775525537
