"Estimate"	"Std. Error"	"t value"	"Pr(>|t|)"
"(Intercept)"	-0.844164394703453	0.127534988101114	-6.61908082850308	5.49664012005006e-10
"log(Species)"	0.689948913630628	0.0560128858094631	12.3176819701381	8.75875057161006e-25
"log(Species):Lakeweb"	-0.0221281646899449	0.0827664287271556	-0.267356765662703	0.789547617678716
"log(Species):Stream"	-0.280833557540022	0.0842902554606403	-3.33174405517324	0.0010775993196128
"log(Species):Latitude"	-0.00175198287523878	0.00107368728920863	-1.63174407748655	0.104750476464159
"log(Species):Lakeweb:Latitude"	0.00307978097742384	0.00187979214108891	1.63836251365527	0.103361458444284
"log(Species):Stream:Latitude"	0.00845330879918718	0.00189608846103173	4.45828819325626	1.57125777750461e-05
