"Estimate"	"Std. Error"	"t value"	"Pr(>|t|)"
"(Intercept)"	-0.878458796274665	0.14041783846667	-6.25603417533861	2.10490103677014e-09
"log(Species)"	0.663886001949401	0.0612127669188799	10.8455480019257	3.83896004776067e-22
"log(Species):Lakeweb"	-0.0792617026146854	0.0736872235241605	-1.07565055139711	0.283289148616372
"log(Species):Stream"	-0.187271027480323	0.0887895900837262	-2.10915522082861	0.0360882773612338
"log(Species):Marine"	0.120083069035085	0.0367900049710372	3.26401339520393	0.0012779026168295
"log(Species):Terr"	-0.05855772117261	0.0353654842317203	-1.65578734307526	0.0992236947562968
"log(Species):Latitude"	-0.00106246874045973	0.00106505255980851	-0.997573998273618	0.319607381984088
"log(Species):Lakeweb:Latitude"	0.004524743203908	0.00166579482199852	2.71626681999137	0.00713951584148364
"log(Species):Stream:Latitude"	0.00569675495837658	0.00193785475819248	2.93972235756728	0.00364404435447001
