"Estimate"	"Std. Error"	"t value"	"Pr(>|t|)"
"(Intercept)"	-0.633064334838942	0.136504643881078	-4.63767617598755	6.58351893454626e-06
"log(Species)"	0.553956418378682	0.0563521221985093	9.83026719787558	1.15446569669639e-18
"log(Species):Lakeweb"	-0.064412243697782	0.0650722192753767	-0.989857798228736	0.323515904577726
"log(Species):Stream"	-0.193850142986031	0.0901001280896075	-2.15149686350324	0.0327127581198025
"log(Species):Latitude"	-0.000641114815414797	0.00103698368494596	-0.618249664601241	0.537159055260219
"log(Species):Lakeweb:Latitude"	0.00461816109587463	0.00159320834471001	2.89865485026393	0.00419342179613909
"log(Species):Stream:Latitude"	0.00672143868721762	0.00202320899364602	3.32216726414651	0.00107331098761329
