"Estimate"	"Std. Error"	"t value"	"Pr(>|t|)"
"(Intercept)"	-1.02598222519428	0.134887111874323	-7.60622872665709	1.29114213463512e-12
"log(Species)"	0.641425068151657	0.0533699157263764	12.0184763161365	4.38403342506076e-25
"log(Species):Lakeweb"	-0.0868165709203108	0.0639849191763052	-1.35682864084105	0.176453991713366
"log(Species):Terr"	-0.061985161231626	0.0255208970128559	-2.42880025731077	0.0160848566516101
"log(Species):Latitude"	-0.000780398494290356	0.000904817726699387	-0.862492490213593	0.389509624393806
"log(Species):Lakeweb:Latitude"	0.00360840060984144	0.00152217954480846	2.37054861376126	0.0187682140333683
