"Estimate"	"Std. Error"	"t value"	"Pr(>|t|)"
"(Intercept)"	-1.00962491902826	0.135749396969154	-7.43741734084963	3.48785784252427e-12
"log(Species)"	0.634658443732338	0.0539110732577406	11.7723207011319	2.36642371065203e-24
"log(Species):Lakeweb"	-0.0857959711407535	0.0645199467766064	-1.32975886415116	0.185200356471093
"log(Species):Terr"	-0.0575136524581513	0.0260091519716989	-2.21128518610423	0.0282151795879199
"log(Species):Latitude"	-0.000778006481444987	0.000914292969548658	-0.850937836511037	0.395880679528163
"log(Species):Lakeweb:Latitude"	0.00362064195835945	0.00153472290213873	2.35915027612729	0.0193372069696164
