"Estimate"	"Std. Error"	"t value"	"Pr(>|t|)"
"(Intercept)"	-0.628174426668802	0.13613991064925	-4.61418274533196	7.28861594144929e-06
"log(Species)"	0.552681400222255	0.0562758287285918	9.82093756251441	1.2272958420795e-18
"log(Species):Lakeweb"	-0.0648549614904544	0.0650358455440498	-0.997218702208262	0.319940153427515
"log(Species):Stream"	-0.192302728098549	0.0897065681791002	-2.1436861536673	0.033342795274288
"log(Species):Latitude"	-0.000644261849442984	0.00103646964421892	-0.621592588877501	0.534962811488052
"log(Species):Lakeweb:Latitude"	0.00462568267621021	0.00159238302604072	2.90488067290659	0.00411446707701006
"log(Species):Stream:Latitude"	0.00667749403606144	0.00201722973005057	3.31022983480124	0.001117486425573
