"Estimate"	"Std. Error"	"t value"	"Pr(>|t|)"
"(Intercept)"	-1.21535446153308	0.146309574572786	-8.30673224962781	1.06121858717146e-14
"log(Species)"	0.697347610317905	0.0541275196634389	12.8834207562801	1.39051683698379e-28
"log(Species):Lakeweb"	-0.063979840155441	0.069398362548076	-0.921921466246682	0.357593393452792
"log(Species):Marine"	0.127368175574468	0.0289477739321417	4.39992988314196	1.69761747605427e-05
"log(Species):Terr"	-0.0520255109111257	0.0271334390797643	-1.91739464939133	0.0565009218927008
"log(Species):Latitude"	-0.00115549282301186	0.000912965655997272	-1.26564763463053	0.206996462557501
"log(Species):Lakeweb:Latitude"	0.00351194826569236	0.00162628845193987	2.15948668977095	0.0319089784433629
