"Estimate"	"Std. Error"	"t value"	"Pr(>|t|)"
"(Intercept)"	-0.891324788517596	0.13849555319259	-6.43576467237279	8.19016419497451e-10
"log(Species)"	0.700408756768299	0.0602350748030683	11.6279220878899	1.88446019546437e-24
"log(Species):Lakeweb"	-0.10722843485485	0.0723264992882395	-1.48256083054038	0.139690233912827
"log(Species):Stream"	-0.151600938848137	0.0889249562003029	-1.70481881943981	0.0897070783686681
"log(Species):Marine"	0.0827251566152337	0.0348683099703236	2.37250261586068	0.0185709357819686
"log(Species):Terr"	-0.0947453589679082	0.0333877120635345	-2.83773140212826	0.00498898455683987
"log(Species):Latitude"	-0.00113067654149437	0.00105899446431429	-1.0676888119774	0.286886746479531
"log(Species):Lakeweb:Latitude"	0.00448912962538421	0.00166026604027907	2.70386162005075	0.00741556841177338
"log(Species):Stream:Latitude"	0.0045199517748638	0.00196944977383382	2.29503277256219	0.0227190641777501
