"Estimate"	"Std. Error"	"t value"	"Pr(>|t|)"
"(Intercept)"	-0.510377527957267	0.143645000958569	-3.5530476142673	0.000467137475883741
"log(Species)"	0.690783018939666	0.0531719607362058	12.9914904279484	6.28597775080878e-29
"log(Species):Latitude"	-0.0011223266318233	0.000897162705924276	-1.25097334565089	0.212291263569178
"log(Species):Lakeweb"	-0.0595374973736195	0.0673937211018915	-0.883427957385016	0.37798275936
"log(Species):Marine"	0.125350641001904	0.0284710158047703	4.40274565057497	1.67751601038859e-05
"log(Species):Terr"	-0.0513524749750382	0.0266884324158316	-1.92414729253921	0.0556441713736671
"log(Species):Latitude:Lakeweb"	0.00333557215556788	0.001588201635374	2.10021956990518	0.0368645674802843
