"Estimate"	"Std. Error"	"t value"	"Pr(>|t|)"
"(Intercept)"	-0.319119707432642	0.135290960062918	-2.35876593147269	0.0193566550507078
"log(Species)"	0.64187773937177	0.0539368537731996	11.9005409931921	9.83857435804097e-25
"log(Species):Lakeweb"	-0.0922254202522533	0.0646377142435249	-1.42680509871978	0.155285974037923
"log(Species):Terr"	-0.0600621032107513	0.0256117103035482	-2.3451031773708	0.0200592834353973
"log(Species):Latitude"	-0.000951287171962287	0.000926232407597847	-1.02705019189451	0.305709475057695
"log(Species):Lakeweb:Latitude"	0.003734121780443	0.00153944691478121	2.42562555719806	0.0162218326069018
