"Estimate"	"Std. Error"	"t value"	"Pr(>|t|)"
"(Intercept)"	-1.01312035382059	0.136020878591897	-7.44827091479282	3.27309785389271e-12
"log(Species)"	0.637422983424011	0.0537683882836903	11.8549765721239	1.34414163126505e-24
"log(Species):Lakeweb"	-0.0873326280600708	0.0645913491973184	-1.35207932866181	0.177965649623521
"log(Species):Terr"	-0.059922134089486	0.0257335100706067	-2.3285643476181	0.0209397608795677
"log(Species):Latitude"	-0.000821455635564782	0.000912731533725203	-0.899996992776299	0.369267142255626
"log(Species):Lakeweb:Latitude"	0.00366096407188228	0.0015351343866802	2.38478409684984	0.0180783588481997
