"Estimate"	"Std. Error"	"t value"	"Pr(>|t|)"
"(Intercept)"	-1.17758591636376	0.130297912811572	-9.03764220741361	5.63324883302005e-16
"log(Species)"	0.72523676368281	0.0541011037173271	13.4052119800014	8.45004624759607e-28
"log(Species):Lakeweb"	-0.0260307902363961	0.0842963072986683	-0.308801074098857	0.75788223863579
"log(Species):Terr"	-0.025285744449151	0.0280659074025681	-0.90094163308033	0.368999302348792
"log(Species):Latitude"	-0.00133515738499412	0.000961694021505586	-1.38833907161433	0.167000550825655
"log(Species):Lakeweb:Latitude"	0.00189945027787723	0.00188104117077587	1.00978665825467	0.314151240417928
