"Estimate"	"Std. Error"	"t value"	"Pr(>|t|)"
"(Intercept)"	-1.48807121876517	0.121055849127116	-12.2924355121626	9.90591446016644e-27
"log(Species)"	0.771724715826988	0.0484687481921315	15.9221094955424	2.21906075053182e-38
"log(Species):Lakeweb"	-0.0423486520685112	0.061486587001163	-0.688746182443177	0.491715338586165
"log(Species):Marine"	0.124803611887297	0.0252754372006495	4.93774295164674	1.57085671792221e-06
"log(Species):Latitude"	-0.000806815582741389	0.000827862502058758	-0.9745767935315	0.33085040239682
"log(Species):Lakeweb:Latitude"	0.00400374295735352	0.00149474330151572	2.67854885403641	0.007957735006901
