"Estimate"	"Std. Error"	"t value"	"Pr(>|t|)"
"(Intercept)"	-1.01165777247734	0.135625779722719	-7.4591849318443	3.07032732198424e-12
"log(Species)"	0.634613411958992	0.0538480481148948	11.785263053638	2.16592971062567e-24
"log(Species):Lakeweb"	-0.0850368348633503	0.0645325970029717	-1.31773458395661	0.189187551764531
"log(Species):Terr"	-0.0568217396300893	0.026070260645114	-2.17956162401232	0.0305264196344041
"log(Species):Latitude"	-0.000764451615535746	0.000914765637231046	-0.835680292768437	0.404389995808691
"log(Species):Lakeweb:Latitude"	0.00360526848742949	0.00153481797910067	2.34898765620534	0.0198572703620313
