"Estimate"	"Std. Error"	"t value"	"Pr(>|t|)"
"(Intercept)"	-1.1900375573578	0.129564629985423	-9.18489527189388	2.05145067213601e-16
"log(Species)"	0.667673137478279	0.0364296616917133	18.3277336783546	3.80352760514108e-41
"log(Species):Lakeweb"	0.0592718077970343	0.025031988678796	2.36784254569602	0.0190869005905633
