"Estimate"	"Std. Error"	"t value"	"Pr(>|t|)"
"(Intercept)"	-0.893045525970297	0.138342404564081	-6.45532748100119	7.35413496328487e-10
"log(Species)"	0.700828460385976	0.0601624321269971	11.6489383093189	1.62235705508238e-24
"log(Species):Lakeweb"	-0.107073885095951	0.0722362624923826	-1.48227332646456	0.139766633650077
"log(Species):Stream"	-0.16958705495531	0.0861378396669482	-1.96878695368978	0.0502929743934414
"log(Species):Marine"	0.0828115122152023	0.0348248589333871	2.37794250290013	0.0183064819283709
"log(Species):Terr"	-0.0947218058838678	0.033345927897728	-2.84058090014408	0.00494628833379555
"log(Species):Latitude"	-0.00112998606960204	0.0010576690776412	-1.0683739304567	0.286578438471132
"log(Species):Lakeweb:Latitude"	0.00448789215180553	0.00165818833597979	2.7065032689147	0.00735883542542158
"log(Species):Stream:Latitude"	0.00500347159842582	0.00189478425160488	2.64065504776487	0.00889633487572305
