"Estimate"	"Std. Error"	"t value"	"Pr(>|t|)"
"(Intercept)"	-0.881041065375759	0.138640368954964	-6.35486671030106	1.27559720252729e-09
"log(Species)"	0.697900462548835	0.0602315484792747	11.5869586648429	2.52284765216819e-24
"log(Species):Lakeweb"	-0.108152077755553	0.0722890446362178	-1.49610606005114	0.136127359667083
"log(Species):Stream"	-0.169265294397439	0.086196403005913	-1.96371644865305	0.0508826669661693
"log(Species):Marine"	0.0822090656331779	0.0348508241580121	2.35888440573013	0.0192477855906641
"log(Species):Terr"	-0.0948861203577578	0.0333690032093743	-2.8435407483524	0.00490229129992346
"log(Species):Latitude"	-0.00113480304072685	0.00105840025281852	-1.07218704616223	0.284866628601264
"log(Species):Lakeweb:Latitude"	0.0044965251961951	0.00165933671175279	2.70983288945939	0.00728788609349078
"log(Species):Stream:Latitude"	0.00491144195525855	0.00189596621462292	2.59046913250792	0.0102560294773939
