"Estimate"	"Std. Error"	"t value"	"Pr(>|t|)"
"(Intercept)"	-1.23792569368876	0.143006103168582	-8.65645357967304	1.23288888369215e-15
"log(Species)"	0.736082440585976	0.0537512262426507	13.6942446161704	5.33739262114396e-31
"log(Species):Lakeweb"	-0.0910929230751928	0.0675309345372105	-1.34890659665015	0.178806013056611
"log(Species):Marine"	0.0970249520299713	0.0285735660370205	3.39561929037012	0.000817413479693685
"log(Species):Terr"	-0.0805902294816674	0.0268879179109357	-2.99726552827991	0.00304916129104514
"log(Species):Latitude"	-0.00146857415726865	0.000900378031162598	-1.63106396029275	0.104361481720501
"log(Species):Lakeweb:Latitude"	0.00373074114234417	0.00159325172139488	2.3415892744669	0.0201297195515597
