"Estimate"	"Std. Error"	"t value"	"Pr(>|t|)"
"(Intercept)"	-0.834690380711405	0.127113705419733	-6.56648610749907	7.2516969250455e-10
"log(Species)"	0.688902932563045	0.056067185141312	12.2870968254734	1.06149771182595e-24
"log(Species):Lakeweb"	-0.0243865671053888	0.0828158931935203	-0.294467235273348	0.768792370432512
"log(Species):Stream"	-0.270538186825027	0.0883466179663966	-3.06223591861692	0.00258807362721948
"log(Species):Latitude"	-0.00176824180335769	0.00107480047757557	-1.64518144553333	0.101945863546513
"log(Species):Lakeweb:Latitude"	0.00310195527480675	0.00188188656750925	1.64832212969792	0.101299126243534
"log(Species):Stream:Latitude"	0.00818849754304109	0.00200033531532327	4.09356245441168	6.7974702363881e-05
