"Estimate"	"Std. Error"	"t value"	"Pr(>|t|)"
"(Intercept)"	-0.876287635756205	0.14079076315495	-6.22404208997567	2.50276715097179e-09
"log(Species)"	0.663373825805689	0.0613775368154692	10.8080881088486	5.00208362403514e-22
"log(Species):Lakeweb"	-0.0794718032363776	0.0738865407787209	-1.07559242047051	0.283315097547033
"log(Species):Stream"	-0.14942154880783	0.0869990561674202	-1.71750769939716	0.0873263419298593
"log(Species):Marine"	0.119954732139478	0.0368894870133492	3.25173218310329	0.0013316771099817
"log(Species):Terr"	-0.0586032957418211	0.0354611932834293	-1.6526036017295	0.0998711097608875
"log(Species):Latitude"	-0.00106338438384992	0.00106793510335438	-0.995738767748932	0.320496427405512
"log(Species):Lakeweb:Latitude"	0.00452629011460533	0.00167030321887953	2.70986133741731	0.00727412482404324
"log(Species):Stream:Latitude"	0.00490416680038248	0.00189823609159526	2.58353890861967	0.0104417664466491
