"Estimate"	"Std. Error"	"t value"	"Pr(>|t|)"
"(Intercept)"	-0.630903250811161	0.136106730399842	-4.6353567450908	6.65009278600355e-06
"log(Species)"	0.553392926943441	0.0562806880269885	9.83273208525934	1.13595320813238e-18
"log(Species):Lakeweb"	-0.0646079018404841	0.065054362568765	-0.99313711316733	0.321919661574417
"log(Species):Stream"	-0.181801096166715	0.0939064758630122	-1.93598039427995	0.054369834655361
"log(Species):Latitude"	-0.000642505640096266	0.00103678108996469	-0.619711958787891	0.536197791316737
"log(Species):Lakeweb:Latitude"	0.00462148524155615	0.00159285266157037	2.90138903180153	0.00415857834196628
"log(Species):Stream:Latitude"	0.00644634990055382	0.00212303749819995	3.03638061316367	0.00273420236577692
