"Estimate"	"Std. Error"	"t value"	"Pr(>|t|)"
"(Intercept)"	-0.639658470907546	0.135781935415311	-4.71092468192507	4.78253836103157e-06
"log(Species)"	0.555675805107612	0.0560983847928203	9.90537975665084	7.05027970401207e-19
"log(Species):Lakeweb"	-0.0638152301622936	0.0648102987370042	-0.984646443634698	0.326063267582946
"log(Species):Stream"	-0.192016011073765	0.0893874460759388	-2.14813175119288	0.0329829279009004
"log(Species):Latitude"	-0.000636870978951536	0.00103284917699197	-0.616615661936564	0.538234226575763
"log(Species):Lakeweb:Latitude"	0.0046080180988166	0.00158683477304225	2.90390542046302	0.0041267445472546
"log(Species):Stream:Latitude"	0.00673642313012599	0.00201053134774333	3.35056856372179	0.000974670413575689
