"Estimate"	"Std. Error"	"t value"	"Pr(>|t|)"
"(Intercept)"	-1.22956673448176	0.142399672920996	-8.63461768738702	1.42011488027779e-15
"log(Species)"	0.732616989846904	0.053797527862378	13.6180419241762	9.31171676840541e-31
"log(Species):Latitude"	-0.00143807906634719	0.000903161665519985	-1.59227203860477	0.112813516308401
"log(Species):Lakeweb"	-0.090417067309926	0.0675793805732996	-1.33793868104274	0.182349801761226
"log(Species):Marine"	0.09658215268092	0.0285657542746044	3.38104682104557	0.000859649570881249
"log(Species):Terr"	-0.0776864290238758	0.0270617636707552	-2.87070827936573	0.00451075263995983
"log(Species):Latitude:Lakeweb"	0.00370290326375639	0.0015948124955096	2.32184239475324	0.0211907680376331
