"Estimate"	"Std. Error"	"t value"	"Pr(>|t|)"
"(Intercept)"	-1.20510152997029	0.146258627683063	-8.23952438950606	1.62916576759879e-14
"log(Species)"	0.697131630778739	0.0539756247680147	12.9156750621227	1.09724194508671e-28
"log(Species):Lakeweb"	-0.0617152577105027	0.0684629882886831	-0.901439730475571	0.368353968139421
"log(Species):Marine"	0.125667865417414	0.028916754294091	4.34584961158982	2.13163217445711e-05
"log(Species):Terr"	-0.0534623302319871	0.0270943045876675	-1.9731944054516	0.0497427008791541
"log(Species):Latitude"	-0.00118578548640896	0.000911033427342993	-1.3015828517591	0.194439121976616
"log(Species):Lakeweb:Latitude"	0.00344930702455961	0.00161236206631129	2.13928812679824	0.0335291096672964
