"Estimate"	"Std. Error"	"t value"	"Pr(>|t|)"
"(Intercept)"	-0.330360995823046	0.135161402064501	-2.44419627776126	0.015435011176224
"log(Species)"	0.639954595224689	0.0534578229506134	11.9712057076456	6.06228321428986e-25
"log(Species):Lakeweb"	-0.0695347529210248	0.0656810833349051	-1.05867244251241	0.291100138624698
"log(Species):Terr"	-0.0600382483793431	0.0255418389669458	-2.35058440612048	0.0197747516667558
"log(Species):Latitude"	-0.000819858408616921	0.000906088205297829	-0.904832889141777	0.366705878416795
"log(Species):Lakeweb:Latitude"	0.00324350660905407	0.00155210645794754	2.08974493498545	0.0379790354815534
