"Estimate"	"Std. Error"	"t value"	"Pr(>|t|)"
"(Intercept)"	-0.860407290539202	0.140724331699067	-6.11413307244651	4.51664481572749e-09
"log(Species)"	0.659627656922769	0.0612403550818063	10.7711272418591	6.49303943338898e-22
"log(Species):Lakeweb"	-0.0872251802613525	0.0740611220193377	-1.17774586561864	0.240199950740168
"log(Species):Stream"	-0.157484968550829	0.0861364969634604	-1.82831870464427	0.0688873869304427
"log(Species):Marine"	0.119016047878699	0.0367847607656848	3.23547157576528	0.0014061130194023
"log(Species):Terr"	-0.0589366381575624	0.0353566302440881	-1.66691898381399	0.0969865407810196
"log(Species):Latitude"	-0.00107008160084887	0.00106477584571504	-1.00498297848809	0.316034764897529
"log(Species):Lakeweb:Latitude"	0.00477646631508193	0.0016876286416775	2.83028279866957	0.00509145371490745
"log(Species):Stream:Latitude"	0.00509922431321956	0.00188228805595186	2.70905629831504	0.00729120367471144
