"Estimate"	"Std. Error"	"t value"	"Pr(>|t|)"
"(Intercept)"	-1.2124489604495	0.145789563135661	-8.31643181015148	9.9741622420704e-15
"log(Species)"	0.697231203055392	0.0538913050255973	12.9377309145551	9.33122034082614e-29
"log(Species):Lakeweb"	-0.0634411261910929	0.0686555250934722	-0.92404982854213	0.356486748400571
"log(Species):Marine"	0.125254071379219	0.0288214860588891	4.34585750100795	2.13156170990942e-05
"log(Species):Terr"	-0.0538710833630112	0.0270161294567327	-1.9940340991217	0.0474001411528588
"log(Species):Latitude"	-0.00112454235832341	0.000908510328534631	-1.23778709278652	0.21713258881231
"log(Species):Lakeweb:Latitude"	0.00354216188728592	0.00163223429572074	2.17013078120738	0.0310827297305796
