"Estimate"	"Std. Error"	"t value"	"Pr(>|t|)"
"(Intercept)"	-0.485453399610051	0.130021479824904	-3.73364001289476	0.000263517836759789
"log(Species)"	0.719543937371627	0.0534938664157414	13.4509614949031	6.33879147418893e-28
"log(Species):Lakeweb"	-0.0211900472128851	0.0837559748282206	-0.252997439959894	0.800601152454625
"log(Species):Terr"	-0.0249948095676398	0.0280291767195146	-0.891742551618999	0.373895588136311
"log(Species):Latitude"	-0.00119261286261333	0.000937957936580255	-1.27149930300876	0.205431478640117
"log(Species):Lakeweb:Latitude"	0.00172553676000433	0.00186596138122494	0.924744090293855	0.356518203225596
