"Estimate"	"Std. Error"	"t value"	"Pr(>|t|)"
"(Intercept)"	-0.332638532740594	0.134996310585058	-2.46405647161005	0.0146311955719139
"log(Species)"	0.640531929490503	0.0533861338875061	11.9980954387935	5.04164567061044e-25
"log(Species):Lakeweb"	-0.0664139831921937	0.0656251055929953	-1.01202097264561	0.312821861632027
"log(Species):Terr"	-0.0600281523932928	0.0255054593184033	-2.35354132007259	0.0196227374899444
"log(Species):Latitude"	-0.000819076542242636	0.000904798030575123	-0.905258979975896	0.36648074188276
"log(Species):Lakeweb:Latitude"	0.00318052819922665	0.00155049978520505	2.05129225400443	0.0416180845425748
