"Estimate"	"Std. Error"	"t value"	"Pr(>|t|)"
"(Intercept)"	-0.519038452951355	0.143012648945356	-3.62931850279675	0.000354419333821476
"log(Species)"	0.693288318613983	0.0529110524918041	13.1029016805397	2.77055584783963e-29
"log(Species):Latitude"	-0.00111739892539511	0.000892486747046052	-1.25200618282957	0.211915400516078
"log(Species):Lakeweb"	-0.076622872118865	0.0678562259528977	-1.12919442605094	0.260062554041308
"log(Species):Marine"	0.125345970081802	0.0282981783349993	4.42947134610334	1.49775895976225e-05
"log(Species):Terr"	-0.0516810383834616	0.026524775363622	-1.94840626074974	0.0526556755798053
"log(Species):Latitude:Lakeweb"	0.00369237320809015	0.00159623093133721	2.31318234448504	0.0216491259748269
