"Estimate"	"Std. Error"	"t value"	"Pr(>|t|)"
"(Intercept)"	-1.18655270081844	0.129622879664021	-9.15388320251756	2.47711930939746e-16
"log(Species)"	0.667591598020687	0.0364155848153805	18.3325793449491	3.69578394873073e-41
"log(Species):Lakeweb"	0.0582293589886946	0.0250276537762787	2.32660078764093	0.0212404498205326
