"Estimate"	"Std. Error"	"t value"	"Pr(>|t|)"
"(Intercept)"	-0.841781092888761	0.127958001462747	-6.5785733073819	6.80498765212683e-10
"log(Species)"	0.690704218164359	0.0561882348648834	12.2926840436491	1.0248722915244e-24
"log(Species):Lakeweb"	-0.0237147265089351	0.0828215999973418	-0.28633504435674	0.775001425313224
"log(Species):Stream"	-0.280232909078636	0.0844576365343013	-3.31802925795613	0.00112821698271105
"log(Species):Latitude"	-0.00176258367044694	0.00107478587881739	-1.63993936390971	0.103032713416752
"log(Species):Lakeweb:Latitude"	0.00309186985469661	0.00188186511236532	1.64298165388189	0.102400822956864
"log(Species):Stream:Latitude"	0.00840788831230327	0.00190207328738748	4.42038083813878	1.83706330019777e-05
