"Estimate"	"Std. Error"	"t value"	"Pr(>|t|)"
"(Intercept)"	-0.870212173204646	0.141097875061391	-6.16743641834451	3.39502113539827e-09
"log(Species)"	0.661940625931946	0.0614662816830393	10.7691665707932	6.58347333511528e-22
"log(Species):Lakeweb"	-0.0800597185232893	0.0739734756813	-1.08227601563851	0.280342242275359
"log(Species):Stream"	-0.155391082235423	0.0866800545493658	-1.79269709788802	0.0744271441278402
"log(Species):Marine"	0.119595612674746	0.0369335396562802	3.23813026825361	0.00139368390688008
"log(Species):Terr"	-0.0587308250452465	0.0355019185241365	-1.65430003466763	0.0995257185173951
"log(Species):Latitude"	-0.00106594658829325	0.00106915728494051	-0.99699698379978	0.31988673131433
"log(Species):Lakeweb:Latitude"	0.00453061876646325	0.00167221566717159	2.70935074668115	0.00728495277430017
"log(Species):Stream:Latitude"	0.00502330011140523	0.00189277020603198	2.6539408193328	0.00855026560232984
