"Estimate"	"Std. Error"	"t value"	"Pr(>|t|)"
"(Intercept)"	-0.50027446128843	0.14324175171064	-3.49251845438909	0.00057971615276324
"log(Species)"	0.676892395014655	0.0535181070738533	12.647913613248	7.82210721148659e-28
"log(Species):Latitude"	-0.000848344689750304	0.000912122715747655	-0.930077362512485	0.353364531651253
"log(Species):Lakeweb"	-0.0528311193485894	0.0679743806173378	-0.777221048118151	0.437874821111025
"log(Species):Marine"	0.130499730691136	0.0286372105742984	4.5569986766888	8.65932915591755e-06
"log(Species):Terr"	-0.0505690880114086	0.0265489528435104	-1.90474887312814	0.058135118195761
"log(Species):Latitude:Lakeweb"	0.00321297667444731	0.00161498289597485	1.98948031118799	0.0479038912681119
