"Estimate"	"Std. Error"	"t value"	"Pr(>|t|)"
"(Intercept)"	-1.01838416775718	0.135828637634101	-7.49756594408711	2.45101790713733e-12
"log(Species)"	0.63893556295171	0.0537265577742223	11.8923599318747	1.04056314089732e-24
"log(Species):Lakeweb"	-0.0903626349434227	0.0645325002172429	-1.40026551953241	0.163073297645837
"log(Species):Terr"	-0.0599814137153921	0.0256718474165347	-2.33646658700376	0.0205149207935354
"log(Species):Latitude"	-0.000822191085499201	0.000910699923400705	-0.902812292361904	0.367774698011405
"log(Species):Lakeweb:Latitude"	0.00369828080518226	0.00153299367217373	2.41245666718131	0.0168011134217977
