"Estimate"	"Std. Error"	"t value"	"Pr(>|t|)"
"(Intercept)"	-1.49465505547153	0.120760331436014	-12.3770367114592	5.33657350310183e-27
"log(Species)"	0.784780208431276	0.0490617948232763	15.9957500792236	1.28786577346128e-38
"log(Species):Latitude"	-0.0010571771380086	0.000836328945034971	-1.26406857527141	0.207555330828763
"log(Species):Lakeweb"	-0.053186742369474	0.0616228169361227	-0.863101445437111	0.389030238106023
"log(Species):Marine"	0.124455668158514	0.0251874009484985	4.94118739813577	1.5461075518545e-06
"log(Species):Latitude:Lakeweb"	0.00425590709302192	0.00149611202441208	2.84464466803169	0.00486947436906143
