"Estimate"	"Std. Error"	"t value"	"Pr(>|t|)"
"(Intercept)"	-0.884212508088294	0.140337713444846	-6.3006050646236	1.65220857079531e-09
"log(Species)"	0.66524330091633	0.0611413281085625	10.8804195377491	2.99998638628391e-22
"log(Species):Lakeweb"	-0.0546973114990566	0.0752830234045097	-0.726555722996906	0.468288433890658
"log(Species):Stream"	-0.157844985837222	0.08603523134859	-1.83465521464898	0.0679386143437215
"log(Species):Marine"	0.120423169873367	0.0367395589541675	3.27775219140749	0.00122014156896423
"log(Species):Terr"	-0.0584369457002116	0.0353156798182119	-1.65470255707994	0.0994439065635488
"log(Species):Latitude"	-0.00106004222793506	0.00106354920585522	-0.996702571069725	0.320029326935691
"log(Species):Lakeweb:Latitude"	0.0040140903373295	0.00169521103780708	2.36790007132215	0.018776024965738
"log(Species):Stream:Latitude"	0.00506677945732272	0.00188000619526627	2.69508657475733	0.00759339683185171
