"Estimate"	"Std. Error"	"t value"	"Pr(>|t|)"
"(Intercept)"	-1.48191343577137	0.121538012124045	-12.1930037349869	2.04747538414432e-26
"log(Species)"	0.770687449636613	0.0485743119049435	15.8661526929047	3.35571286895651e-38
"log(Species):Latitude"	-0.000840149002490275	0.000829696021974446	-1.01259856650988	0.312374496236075
"log(Species):Lakeweb"	-0.0433852954847672	0.0616647484909119	-0.703567217032617	0.482453096237973
"log(Species):Marine"	0.125310469810594	0.0253419699746113	4.94478013888171	1.52069513278677e-06
"log(Species):Latitude:Lakeweb"	0.00403539044541327	0.00149810893546887	2.69365621542755	0.00761716657795806
