"Estimate"	"Std. Error"	"t value"	"Pr(>|t|)"
"(Intercept)"	-0.629435457883142	0.135816374457595	-4.6344592866427	6.67602602155994e-06
"log(Species)"	0.553010207561404	0.0561608030240213	9.846907055885	1.03508603139727e-18
"log(Species):Lakeweb"	-0.0647407914618403	0.0649159123354586	-0.997302342872216	0.319899673063875
"log(Species):Stream"	-0.182292598912938	0.0900782268959	-2.02371433358259	0.0444151818897798
"log(Species):Latitude"	-0.000643450278345108	0.00103457474470172	-0.621946632314732	0.534730478625846
"log(Species):Lakeweb:Latitude"	0.0046237429777017	0.00158946287077128	2.90899716044203	0.00406301182502846
"log(Species):Stream:Latitude"	0.00650722943995052	0.00202188205925097	3.21840208739041	0.0015183849715029
