"Estimate"	"Std. Error"	"t value"	"Pr(>|t|)"
"(Intercept)"	-0.485389535507331	0.143980036972956	-3.37122802377459	0.000885833809103572
"log(Species)"	0.68659291811837	0.0530243840381964	12.9486260061744	8.61340812180015e-29
"log(Species):Latitude"	-0.00115988523577052	0.000893636046265441	-1.29793917850309	0.195686137946619
"log(Species):Lakeweb"	-0.0636601151225212	0.0671361619847903	-0.948223926427956	0.344070243815339
"log(Species):Marine"	0.115023168252115	0.0291032094350724	3.95225030107849	0.000104746081665146
"log(Species):Terr"	-0.052560737987173	0.0265506349175638	-1.97964147186563	0.0490077685007578
"log(Species):Latitude:Lakeweb"	0.00338039604578499	0.00158156657064902	2.13737196303902	0.0336864226597338
