"Estimate"	"Std. Error"	"t value"	"Pr(>|t|)"
"(Intercept)"	-0.626538602436764	0.136253007081777	-4.59834697123951	7.80437587810104e-06
"log(Species)"	0.552254867550474	0.0562914357392744	9.81063744951112	1.31302285112363e-18
"log(Species):Lakeweb"	-0.0650030641680521	0.0650322358740416	-0.99955142698698	0.318812428691692
"log(Species):Stream"	-0.187305435638358	0.0900994612258158	-2.07887409192066	0.0389862810305618
"log(Species):Latitude"	-0.000645314628829268	0.00103638469078258	-0.622659360533383	0.534262922789527
"log(Species):Lakeweb:Latitude"	0.00462819887548186	0.00159226736917656	2.90667193530149	0.00409200384588991
"log(Species):Stream:Latitude"	0.00660314825817168	0.00202295333653464	3.26411298714533	0.00130455445472769
