"Estimate"	"Std. Error"	"t value"	"Pr(>|t|)"
"(Intercept)"	-1.19343613173292	0.130605263135172	-9.13773383311328	3.08225737537307e-16
"log(Species)"	0.721096039023681	0.0534558589939285	13.4895604073182	4.9738767967143e-28
"log(Species):Lakeweb"	-0.0163617657550124	0.0837883369132576	-0.19527497928442	0.845430171926768
"log(Species):Terr"	-0.0239812466388288	0.0280092096437379	-0.85619147929761	0.393196742898389
"log(Species):Latitude"	-0.00114502047657256	0.000938439699867124	-1.22013217976039	0.224244332472695
"log(Species):Lakeweb:Latitude"	0.0016994168380698	0.00186571170865413	0.910867863554174	0.363761370992479
