"Estimate"	"Std. Error"	"t value"	"Pr(>|t|)"
"(Intercept)"	-1.21609613716915	0.146304014239823	-8.31211736388667	1.02531265657621e-14
"log(Species)"	0.698735171398977	0.0541264502538697	12.9093108475005	1.1497495888155e-28
"log(Species):Lakeweb"	-0.0596612385801045	0.0686518942397387	-0.869039947707226	0.385785448561864
"log(Species):Marine"	0.126893666204114	0.0289850870527941	4.37789494897795	1.86310171551849e-05
"log(Species):Terr"	-0.0526080503899016	0.0271721777885296	-1.93609988861877	0.0541543893284702
"log(Species):Latitude"	-0.00117144528733529	0.000913807838463127	-1.28193832229045	0.2012322058196
"log(Species):Lakeweb:Latitude"	0.00343177013135836	0.00161686994995653	2.12247752606857	0.0349310377362729
