"Estimate"	"Std. Error"	"t value"	"Pr(>|t|)"
"(Intercept)"	-1.49197711979885	0.121182445268146	-12.3118254999516	8.59712100061084e-27
"log(Species)"	0.772807198574174	0.0484871536424551	15.9383906977272	1.96751454162818e-38
"log(Species):Lakeweb"	-0.0257110985670165	0.0634192509229988	-0.405414731218347	0.685570273019276
"log(Species):Marine"	0.126017731826874	0.0252600682026952	4.98881201807	1.24028326828729e-06
"log(Species):Latitude"	-0.00083184908935856	0.000827363739929595	-1.00542125453715	0.315808722644316
"log(Species):Lakeweb:Latitude"	0.00368450110651352	0.00152743260963518	2.4122184397998	0.0166834774724792
