"Estimate"	"Std. Error"	"t value"	"Pr(>|t|)"
"(Intercept)"	-1.20945743936949	0.146157574371554	-8.27502402506263	1.29935272793981e-14
"log(Species)"	0.697534999137025	0.054005923909858	12.9158978985581	1.09544749328704e-28
"log(Species):Lakeweb"	-0.060669552117554	0.0684813955424828	-0.885927508295554	0.376637288331673
"log(Species):Marine"	0.125971245345929	0.02892964588802	4.35439983723046	2.05656147064754e-05
"log(Species):Terr"	-0.0532585570918505	0.0271093702423396	-1.96458112511485	0.0507390744834021
"log(Species):Latitude"	-0.00117040007798159	0.000911348137442368	-1.2842513523605	0.200423421711719
"log(Species):Lakeweb:Latitude"	0.00343265513068672	0.00161320141377719	2.12785279096019	0.0344773818559833
