"Estimate"	"Std. Error"	"t value"	"Pr(>|t|)"
"(Intercept)"	-0.506031048558113	0.143203465349034	-3.53365086050642	0.000500759808332989
"log(Species)"	0.690172248445709	0.0529192448010178	13.0419897532709	4.33648769870866e-29
"log(Species):Latitude"	-0.00112161818827342	0.000891869112515775	-1.25760402791568	0.209886693394991
"log(Species):Lakeweb"	-0.0815015037970366	0.0682241131016411	-1.19461433929694	0.233541828675925
"log(Species):Marine"	0.124570680401224	0.0282836612081842	4.4043336357451	1.6662804864377e-05
"log(Species):Terr"	-0.0519542899992108	0.0265069655482826	-1.96002405120933	0.0512730059276946
"log(Species):Latitude:Lakeweb"	0.00385069436493044	0.00161872275841101	2.37884736278769	0.0182336822909268
