"Estimate"	"Std. Error"	"t value"	"Pr(>|t|)"
"(Intercept)"	-0.648118484774744	0.13675628523626	-4.73922265185147	4.22298964070148e-06
"log(Species)"	0.557881709780867	0.0562984812790766	9.9093562935632	6.86837873500188e-19
"log(Species):Lakeweb"	-0.0635901574412142	0.0648904030121957	-0.979962436498705	0.3283640425276
"log(Species):Stream"	-0.192366483857039	0.0894934512246508	-2.14950346896502	0.0328725672526347
"log(Species):Latitude"	-0.000631426305842618	0.00103410287660618	-0.610602987504394	0.542199906295606
"log(Species):Lakeweb:Latitude"	0.00455005720532289	0.00159010316638492	2.86148553220442	0.0046943229739907
"log(Species):Stream:Latitude"	0.00668349084594281	0.00201246707088194	3.32104358011377	0.00107739878999106
