"Estimate"	"Std. Error"	"t value"	"Pr(>|t|)"
"(Intercept)"	-0.884902987209738	0.138538171667204	-6.38743081824009	1.06768313679914e-09
"log(Species)"	0.698842420639167	0.0602369791354658	11.6015515829164	2.27386205082957e-24
"log(Species):Lakeweb"	-0.107805215375477	0.0723204836841631	-1.49065949069536	0.137551412822118
"log(Species):Stream"	-0.163722574523027	0.0864866093490022	-1.89303957867456	0.0597277838312068
"log(Species):Marine"	0.08240287705774	0.0348655525290788	2.36344675705379	0.0190186479123065
"log(Species):Terr"	-0.0948332592025765	0.0333845805883245	-2.84063054054788	0.00494554749190356
"log(Species):Latitude"	-0.00113325338626182	0.00105889493941947	-1.07022268600426	0.285747610683563
"log(Species):Lakeweb:Latitude"	0.00449374788334883	0.00166011057271993	2.70689673157509	0.00735041891963702
"log(Species):Stream:Latitude"	0.00485437195865254	0.00189993971627109	2.55501367600229	0.0113260163388182
