"Estimate"	"Std. Error"	"t value"	"Pr(>|t|)"
"(Intercept)"	-0.511971741198875	0.143095203907262	-3.57783997799588	0.000427245560814756
"log(Species)"	0.690106495433642	0.0529689629796501	13.0285068200933	4.78843253571782e-29
"log(Species):Latitude"	-0.00108526822717356	0.000894075111660338	-1.21384457862625	0.22612653085674
"log(Species):Lakeweb"	-0.0583306293013034	0.0671375718880172	-0.868822444138977	0.385904156915831
"log(Species):Marine"	0.119501354249934	0.0285956679738269	4.17900202084148	4.24524170061753e-05
"log(Species):Terr"	-0.0516410587687756	0.0265613917506894	-1.94421509435533	0.053162122457393
"log(Species):Latitude:Lakeweb"	0.0032980502316659	0.00158231384377334	2.08432116336735	0.0383012137498235
