"Estimate"	"Std. Error"	"t value"	"Pr(>|t|)"
"(Intercept)"	-0.636243672116341	0.136208114389859	-4.67111430891163	5.69231739140013e-06
"log(Species)"	0.554785414059796	0.0562636971791696	9.86045073243414	9.47053883307224e-19
"log(Species):Lakeweb"	-0.0672665772893951	0.0650941490279814	-1.03337363332732	0.302756558569669
"log(Species):Stream"	-0.191996184702781	0.0896397148727657	-2.14186518749306	0.0334911756970025
"log(Species):Latitude"	-0.000639068666028965	0.00103576395950188	-0.617002223495308	0.537979771384865
"log(Species):Lakeweb:Latitude"	0.00465180962556533	0.0015918168655995	2.92232713831273	0.00390040341699995
"log(Species):Stream:Latitude"	0.00668454459540668	0.0020157815059266	3.31610572661444	0.00109553462933846
