"Estimate"	"Std. Error"	"t value"	"Pr(>|t|)"
"(Intercept)"	-0.648487486542722	0.136420748496139	-4.75358399430768	3.96375675651242e-06
"log(Species)"	0.557977925075216	0.0562115407675202	9.9263944281994	6.14043376613296e-19
"log(Species):Lakeweb"	-0.0636799062193643	0.0648269338416948	-0.98230631075146	0.327211412667051
"log(Species):Stream"	-0.192377990652685	0.0894094131654384	-2.15165253681644	0.0327003061707013
"log(Species):Latitude"	-0.000631188824671213	0.00103312401069675	-0.610951655499261	0.541969540558329
"log(Species):Lakeweb:Latitude"	0.00453953388746076	0.00158861680089865	2.85753863668874	0.00475060015091385
"log(Species):Stream:Latitude"	0.00668345810139125	0.00201058410126805	3.32413754648516	0.00106617827008961
