"Estimate"	"Std. Error"	"t value"	"Pr(>|t|)"
"(Intercept)"	-1.48469999783803	0.120281097745177	-12.343585365204	6.81578788910251e-27
"log(Species)"	0.773107808623151	0.0481839316008105	16.0449299784857	8.95600676258814e-39
"log(Species):Lakeweb"	-0.0448671547149236	0.0611264271307861	-0.734005843641503	0.463733876088474
"log(Species):Marine"	0.133090754077231	0.0253995395792063	5.23988845003268	3.78401931308917e-07
"log(Species):Latitude"	-0.000885165588090224	0.000822965429195259	-1.0755805246349	0.28330383826423
"log(Species):Lakeweb:Latitude"	0.00408116996034942	0.00148580885821066	2.74676647524118	0.00652180304908659
