"Estimate"	"Std. Error"	"t value"	"Pr(>|t|)"
"(Intercept)"	-0.321213059113188	0.135263768716109	-2.37471617242418	0.0185638891568392
"log(Species)"	0.637635678993999	0.0535547209854535	11.9062459342696	9.46150786137191e-25
"log(Species):Lakeweb"	-0.0861505419386214	0.0642794297291311	-1.34025056385307	0.181772834056205
"log(Species):Terr"	-0.0600787998367974	0.0256068845594063	-2.34619716027611	0.0200022085568833
"log(Species):Latitude"	-0.000822998846891448	0.000908392317692339	-0.905994943883032	0.366092080284523
"log(Species):Lakeweb:Latitude"	0.00350078494606693	0.00153461523953819	2.28121346372165	0.0236509552703986
