"Estimate"	"Std. Error"	"t value"	"Pr(>|t|)"
"(Intercept)"	-1.09155255862821	0.116418619105637	-9.37609951925085	9.61946294228608e-18
"log(Species)"	0.716043078485937	0.0518464579644909	13.8108389000527	1.62662132410699e-31
"log(Species):Lakeweb"	-0.0508599724380422	0.0629692086968354	-0.807695911868719	0.420154232523125
"log(Species):Stream"	-0.129167303401375	0.0766225783488592	-1.68576033572352	0.0932859391910281
"log(Species):Marine"	0.132959694120666	0.027356597849446	4.86024230251125	2.2533031839663e-06
"log(Species):Latitude"	-0.00104151085180071	0.00096653460123146	-1.07757223639353	0.282426660968379
"log(Species):Lakeweb:Latitude"	0.00483364561091249	0.00153301879698323	3.15302435979549	0.00184551373844899
"log(Species):Stream:Latitude"	0.00495035796191625	0.00173738235165382	2.84931981564333	0.00480502632887099
