"Estimate"	"Std. Error"	"t value"	"Pr(>|t|)"
"(Intercept)"	-0.895416977457931	0.138726495149097	-6.45454912196532	7.38573646198471e-10
"log(Species)"	0.701406879113914	0.0602716190125415	11.6374321879086	1.76099555810691e-24
"log(Species):Lakeweb"	-0.11084629718168	0.0724659075411422	-1.52963374009699	0.127612323196653
"log(Species):Stream"	-0.16916137495061	0.0862555191396635	-1.9611658087259	0.0511815009454777
"log(Species):Marine"	0.0829305240468386	0.0348746268449587	2.37796161706678	0.0183055585993393
"log(Species):Terr"	-0.0946893459661165	0.0333918724459955	-2.83570039743226	0.00501962124818743
"log(Species):Latitude"	-0.00112903448887504	0.00105912565287477	-1.06600617765278	0.287644900316202
"log(Species):Lakeweb:Latitude"	0.00454316109527943	0.00166181302432284	2.73385815900118	0.00679399690066551
"log(Species):Stream:Latitude"	0.00494946554726206	0.001896793028422	2.60938619717497	0.00972302857437401
