"Estimate"	"Std. Error"	"t value"	"Pr(>|t|)"
"(Intercept)"	-0.855565091700397	0.140783711006587	-6.07715967694848	5.50039305221099e-09
"log(Species)"	0.651197517446154	0.0617961842556051	10.5378272993787	3.34961139825461e-21
"log(Species):Lakeweb"	-0.0804748089273836	0.0745461132618471	-1.07953058055102	0.281560816254625
"log(Species):Stream"	-0.150915889749738	0.0865731327712865	-1.74321853580644	0.082724999615912
"log(Species):Marine"	0.118496820350942	0.0368176500893808	3.21847863900255	0.00148801574963296
"log(Species):Terr"	-0.0624530491328913	0.0355817587660409	-1.75519848649236	0.0806496167973406
"log(Species):Latitude"	-0.00089592086791044	0.00108274544643924	-0.82745290765877	0.408897865586318
"log(Species):Lakeweb:Latitude"	0.00460567623669078	0.0016999166442922	2.70935416283806	0.00728488028047898
"log(Species):Stream:Latitude"	0.00489923167493441	0.001893529693057	2.58735402613352	0.0103303689269692
