"Estimate"	"Std. Error"	"t value"	"Pr(>|t|)"
"(Intercept)"	-1.24812859548995	0.142769287113598	-8.74227658289596	7.0619568499522e-16
"log(Species)"	0.736308160232441	0.0535246585938876	13.7564288979234	3.38876283363264e-31
"log(Species):Lakeweb"	-0.0879136777160895	0.06744564954781	-1.30347440206311	0.193826610568428
"log(Species):Marine"	0.0985045443437488	0.0285444270141729	3.45092035986006	0.000674141327486063
"log(Species):Terr"	-0.0780423138550661	0.0267206056063567	-2.92067908208263	0.00387052895831679
"log(Species):Latitude"	-0.00143424058805615	0.000898775559343165	-1.59577168420591	0.112029374087818
"log(Species):Lakeweb:Latitude"	0.00369316419368285	0.00158989067045965	2.32290450048062	0.0211324739872074
