"Estimate"	"Std. Error"	"t value"	"Pr(>|t|)"
"(Intercept)"	-0.874081357767929	0.141097848727012	-6.19485956486165	2.92946117095257e-09
"log(Species)"	0.662853365460916	0.0614856594579505	10.7806173228773	6.07251048848875e-22
"log(Species):Lakeweb"	-0.0781505353553611	0.0756312667871494	-1.03330988194739	0.302619805096037
"log(Species):Stream"	-0.157971864766771	0.0865274280024059	-1.8256854319347	0.0692848814036356
"log(Species):Marine"	0.119824319456744	0.0369491756876899	3.24294973369771	0.00137141311750305
"log(Species):Terr"	-0.0586496074576156	0.0355176460157946	-1.65128081493729	0.100141094588294
"log(Species):Latitude"	-0.00106431483732845	0.00106963276837943	-0.995028264645414	0.320841054900973
"log(Species):Lakeweb:Latitude"	0.00449547892336278	0.00170356033571002	2.63887273560471	0.00892698339641573
"log(Species):Stream:Latitude"	0.00506984031346208	0.00189076142015123	2.68137495266674	0.00790095583521541
