"Estimate"	"Std. Error"	"t value"	"Pr(>|t|)"
"(Intercept)"	-1.18991274402794	0.129835133568993	-9.16479778099221	2.31812389579318e-16
"log(Species)"	0.668039761354784	0.036496959521753	18.3039839512279	4.37896133740603e-41
"log(Species):Lakeweb"	0.058726452743267	0.0251670471198183	2.33346615769721	0.0208677678067393
