"Estimate"	"Std. Error"	"t value"	"Pr(>|t|)"
"(Intercept)"	-1.09206013186812	0.116327625222866	-9.38779700673767	8.89027285103772e-18
"log(Species)"	0.716178532894252	0.0518303444172523	13.8177459738404	1.54586779968525e-31
"log(Species):Lakeweb"	-0.0508244787925881	0.0629654695326238	-0.807180176211579	0.420450615234944
"log(Species):Stream"	-0.128932287935062	0.0766365776202238	-1.68238577372273	0.0939390380147301
"log(Species):Marine"	0.132978942879607	0.027354785969632	4.8612678975896	2.24280707054754e-06
"log(Species):Latitude"	-0.00104137774865165	0.000966488361237599	-1.0774860726912	0.282465044939564
"log(Species):Lakeweb:Latitude"	0.00483365147560471	0.00153294657791938	3.15317672854933	0.00184459353206438
"log(Species):Stream:Latitude"	0.00494592948698579	0.00173757318255235	2.84645823073802	0.00484682223612649
