"Estimate"	"Std. Error"	"t value"	"Pr(>|t|)"
"(Intercept)"	-1.09873926380287	0.116141804837173	-9.46032537847391	5.44833648407966e-18
"log(Species)"	0.717960970960601	0.0517762247399053	13.8666149292891	1.07818821164801e-31
"log(Species):Lakeweb"	-0.0508352087650437	0.0629183135566291	-0.807955679220326	0.420004996367057
"log(Species):Stream"	-0.131580814106096	0.0763960496476607	-1.72235102093561	0.0864373464613464
"log(Species):Marine"	0.133232236375868	0.0273340720069827	4.87421838728722	2.11426992777298e-06
"log(Species):Latitude"	-0.0010396262506931	0.000965777346689209	-1.07646576538273	0.282919839425657
"log(Species):Lakeweb:Latitude"	0.00479347518668626	0.00153275630603865	3.1273563630443	0.00200673668065026
"log(Species):Stream:Latitude"	0.00499198440053513	0.00173372787552257	2.87933560451665	0.00438599431076087
