"Estimate"	"Std. Error"	"t value"	"Pr(>|t|)"
"(Intercept)"	-0.508973460693034	0.129847587236856	-3.9197760353037	0.000131123813990915
"log(Species)"	0.671050157272249	0.0364847400361546	18.3926254266104	2.58914832673922e-41
"log(Species):Lakeweb"	0.0554782845254176	0.0249347194163206	2.22494119942273	0.0274839019065107
