"Estimate"	"Std. Error"	"t value"	"Pr(>|t|)"
"(Intercept)"	-0.514980224966161	0.14345341278923	-3.58987782133005	0.000409052630824524
"log(Species)"	0.696275986567191	0.0533118734067549	13.0604299206445	3.78656090347355e-29
"log(Species):Latitude"	-0.00121026543599043	0.000899728201300977	-1.34514560535107	0.179982275175608
"log(Species):Lakeweb"	-0.0634992925800113	0.0673405767258905	-0.942957361925854	0.346751341868447
"log(Species):Marine"	0.121398874740548	0.0285823416320344	4.24733831480367	3.20948971393656e-05
"log(Species):Terr"	-0.0522674406176655	0.0266145687456775	-1.9638657728074	0.0508225774218019
"log(Species):Latitude:Lakeweb"	0.00342217272052072	0.00158748908445167	2.15571417406171	0.0322063370291647
