"Estimate"	"Std. Error"	"t value"	"Pr(>|t|)"
"(Intercept)"	-0.319840388247254	0.135701391156521	-2.35694258932352	0.0194491522169718
"log(Species)"	0.637287719792775	0.0536737269032883	11.8733644291381	1.18513019619753e-24
"log(Species):Lakeweb"	-0.0873520493697054	0.0643576827533301	-1.35729015764144	0.176307611406489
"log(Species):Terr"	-0.0600848846847784	0.0256457724433741	-2.34287677695986	0.0201758810246907
"log(Species):Latitude"	-0.000823470077537486	0.000909775071640092	-0.905135899198667	0.366545765990686
"log(Species):Lakeweb:Latitude"	0.00360816876109499	0.00153222145791933	2.35486113475703	0.0195552188831834
