"Estimate"	"Std. Error"	"t value"	"Pr(>|t|)"
"(Intercept)"	-1.22908603661389	0.145738030999366	-8.43352986304059	4.70520420010054e-15
"log(Species)"	0.700637163727572	0.0539092872091781	12.9965948354867	6.05450482179595e-29
"log(Species):Lakeweb"	-0.0343037439213194	0.0702553686227022	-0.488272207431484	0.625850069831301
"log(Species):Marine"	0.128186628521448	0.0288290071738422	4.44644616959815	1.3933510606066e-05
"log(Species):Terr"	-0.0517370463593846	0.027021659435229	-1.91465096669575	0.0568521752774893
"log(Species):Latitude"	-0.00115103865804185	0.000909202580438572	-1.26598701192271	0.20687516008356
"log(Species):Lakeweb:Latitude"	0.00292359839991799	0.00164476236692188	1.77752024165619	0.0768832467526765
