"Estimate"	"Std. Error"	"t value"	"Pr(>|t|)"
"(Intercept)"	-0.629452082646072	0.135940871076951	-4.63033727575397	6.79639465898526e-06
"log(Species)"	0.545201342114324	0.0571797600488264	9.5348658624795	7.93916918928547e-18
"log(Species):Lakeweb"	-0.0569260860374173	0.0657414765539354	-0.865908236647442	0.387644173339613
"log(Species):Stream"	-0.183971198370848	0.0901941060172341	-2.03972528244467	0.0427767912081989
"log(Species):Latitude"	-0.000484261717941652	0.00105572367447304	-0.458701201508407	0.646978594851448
"log(Species):Lakeweb:Latitude"	0.00446453954466818	0.00160397347594754	2.78342479574407	0.00592827716293945
"log(Species):Stream:Latitude"	0.00652596940772742	0.00202584244115338	3.22136079053214	0.00150361465941156
