"Estimate"	"Std. Error"	"t value"	"Pr(>|t|)"
"(Intercept)"	-1.19045791467493	0.131179529446894	-9.07502809084908	4.49817158921043e-16
"log(Species)"	0.723058720540277	0.0537124529294319	13.4616589097176	5.92676418391178e-28
"log(Species):Lakeweb"	-0.0213719801434501	0.083907383258492	-0.254709172345535	0.799281058634345
"log(Species):Terr"	-0.0251538441930002	0.0280555747400555	-0.896572051225442	0.371320007489084
"log(Species):Latitude"	-0.00118768960893422	0.000939668201225832	-1.26394572827391	0.208122904881009
"log(Species):Lakeweb:Latitude"	0.00174968063280135	0.0018693323019719	0.935992295728089	0.350714644034883
