"Estimate"	"Std. Error"	"t value"	"Pr(>|t|)"
"(Intercept)"	-1.10643398466105	0.116187081022971	-9.52286583774576	3.56764182517373e-18
"log(Species)"	0.720014435917056	0.0517163748569202	13.9223686484033	7.14726096307824e-32
"log(Species):Lakeweb"	-0.0504545916176936	0.0627904997227861	-0.80353862193239	0.422546857928329
"log(Species):Stream"	-0.131617217351774	0.0762417198219185	-1.7263149055294	0.0857206346893473
"log(Species):Marine"	0.13352404416885	0.0272805627365575	4.89447543506574	1.92738230589709e-06
"log(Species):Latitude"	-0.00103760843041251	0.000963828549528359	-1.07654876058637	0.282882826264487
"log(Species):Lakeweb:Latitude"	0.00477999776746392	0.00152937949632371	3.12544909811722	0.0020192213662058
"log(Species):Stream:Latitude"	0.00499025537183975	0.00173022625420465	2.88416347845425	0.00432179789096251
