"Estimate"	"Std. Error"	"t value"	"Pr(>|t|)"
"(Intercept)"	-1.18275931479843	0.129219845284262	-9.15307793626091	2.4892706749386e-16
"log(Species)"	0.667049645832908	0.0362994015352413	18.3763262649193	2.85161201565118e-41
"log(Species):Lakeweb"	0.057547811349011	0.0249466331456407	2.30683679889955	0.0223461888729329
