"Estimate"	"Std. Error"	"t value"	"Pr(>|t|)"
"(Intercept)"	-0.501914406297428	0.129283166407507	-3.88228738701656	0.000151031955910887
"log(Species)"	0.669144564845818	0.0363404146137987	18.4132341900067	2.29168688931282e-41
"log(Species):Lakeweb"	0.0550781760426523	0.0250324265831391	2.20027314809946	0.0292207419360423
