"Estimate"	"Std. Error"	"t value"	"Pr(>|t|)"
"(Intercept)"	-0.63020232990149	0.136356342949292	-4.62173094606863	7.05449354068658e-06
"log(Species)"	0.553210165456936	0.0563334072760264	9.82028590506301	1.2325504907615e-18
"log(Species):Lakeweb"	-0.0651530044717083	0.0665083711698129	-0.979621111233593	0.328532114697066
"log(Species):Stream"	-0.19180779403279	0.0897596762453835	-2.13690380865935	0.0338983431724081
"log(Species):Latitude"	-0.000642956736901585	0.00103714880631412	-0.619927182085435	0.536056384339962
"log(Species):Lakeweb:Latitude"	0.00463256157054366	0.00161822328675753	2.8627455855156	0.00467648491073975
"log(Species):Stream:Latitude"	0.00668508069322172	0.00201848026431713	3.31193760543572	0.00111106445654298
