"Estimate"	"Std. Error"	"t value"	"Pr(>|t|)"
"(Intercept)"	-0.495604804149777	0.143981397663689	-3.442144695021	0.000692311545194868
"log(Species)"	0.688869155366822	0.0531953601265572	12.9497977592018	8.53957113968185e-29
"log(Species):Latitude"	-0.00114098908677653	0.000897226382909071	-1.27168472585159	0.204846398087832
"log(Species):Lakeweb"	-0.0664277927939022	0.0678420089225434	-0.979154271061522	0.328594111311165
"log(Species):Marine"	0.123437060982772	0.0284649892593147	4.33645204845384	2.21717124320251e-05
"log(Species):Terr"	-0.0527638977461277	0.0266797678138016	-1.97767454778345	0.0492310086936174
"log(Species):Latitude:Lakeweb"	0.00350887161974564	0.00161149582722127	2.1774003757714	0.0305291104352232
