"Estimate"	"Std. Error"	"t value"	"Pr(>|t|)"
"(Intercept)"	-0.502478993967695	0.144105713111948	-3.4868776755391	0.000591412448448969
"log(Species)"	0.689321313777219	0.053218595257239	12.9526401522869	8.36307634111222e-29
"log(Species):Latitude"	-0.00112277038217945	0.000896500470681841	-1.25239240680545	0.211774972989584
"log(Species):Lakeweb"	-0.0669951171819838	0.0678935328196094	-0.98676728695187	0.324855699124843
"log(Species):Marine"	0.124358964736397	0.0284333114350589	4.37370670034091	1.89625878027451e-05
"log(Species):Terr"	-0.052028909394958	0.0266449121998255	-1.95267708164183	0.0521437869210672
"log(Species):Latitude:Lakeweb"	0.00352085362954468	0.00161213424086514	2.18397050338391	0.030036116625492
