"Estimate"	"Std. Error"	"t value"	"Pr(>|t|)"
"(Intercept)"	-0.626084085616145	0.135694218269562	-4.61393339819685	7.29647633564848e-06
"log(Species)"	0.553543937048961	0.0560908167504114	9.86870880329802	8.97077603599873e-19
"log(Species):Lakeweb"	-0.0664517971724948	0.064853163158834	-1.02465005461253	0.306844956149771
"log(Species):Stream"	-0.193086954836931	0.0894328386600216	-2.15901628227356	0.0321159527475415
"log(Species):Latitude"	-0.000634315275371487	0.00103331495894263	-0.613864407828343	0.540047003624925
"log(Species):Lakeweb:Latitude"	0.00461760613597471	0.00158749357748462	2.90874004245819	0.00406620842840098
"log(Species):Stream:Latitude"	0.00667415426861584	0.00201101372490993	3.31880095393917	0.00108560057380065
