"Estimate"	"Std. Error"	"t value"	"Pr(>|t|)"
"(Intercept)"	-0.499237922843696	0.128805511237645	-3.87590498299881	0.000154695359431869
"log(Species)"	0.669418008998594	0.0362436435660646	18.4699423990964	1.63841788899293e-41
"log(Species):Lakeweb"	0.0557860011505584	0.0248775102496143	2.24242701905522	0.0263078471752541
