"Estimate"	"Std. Error"	"t value"	"Pr(>|t|)"
"(Intercept)"	-0.885208848405483	0.138185187340654	-6.40596047551222	9.6463324283518e-10
"log(Species)"	0.699614232114282	0.0600953585869052	11.6417348787853	1.70782010605078e-24
"log(Species):Lakeweb"	-0.108474953275018	0.072167474156796	-1.50310031690091	0.134315493849422
"log(Species):Stream"	-0.169955957154853	0.0860525299272944	-1.97502568836092	0.049575343560257
"log(Species):Marine"	0.0872925269156953	0.0349840897790609	2.49520646290882	0.0133585982868107
"log(Species):Terr"	-0.0948863725483148	0.0333124757053256	-2.84837348588731	0.00483122022294755
"log(Species):Latitude"	-0.00115006896759781	0.00105670447276941	-1.08835440488267	0.277686147202611
"log(Species):Lakeweb:Latitude"	0.00451046623509898	0.00165659132608668	2.72273925624971	0.00701867559319598
"log(Species):Stream:Latitude"	0.004969937494547	0.00189233979103297	2.62634518287757	0.00926647942881386
