"Estimate"	"Std. Error"	"t value"	"Pr(>|t|)"
"(Intercept)"	-0.87534932072423	0.141259607184951	-6.19674185825916	2.89990861766976e-09
"log(Species)"	0.663152477558712	0.0612547268016831	10.8261437473343	4.40316582174016e-22
"log(Species):Lakeweb"	-0.0861559984155958	0.0739764389533427	-1.16464106186478	0.245454946065494
"log(Species):Stream"	-0.157955985248897	0.0860262403262073	-1.83613726056068	0.0677182745428604
"log(Species):Marine"	0.119899268511948	0.0367481612339916	3.26272837839416	0.00128343314545253
"log(Species):Terr"	-0.0586229917997599	0.0353135364408514	-1.66007139777549	0.0983578575326203
"log(Species):Latitude"	-0.00106378009938989	0.00106345714973735	-1.00030367904585	0.318288043920836
"log(Species):Lakeweb:Latitude"	0.00469907442908343	0.00168664710602096	2.78604481773856	0.00581242585565598
"log(Species):Stream:Latitude"	0.00506945723236304	0.00187981087718094	2.69679109420063	0.00755592860660756
