"Estimate"	"Std. Error"	"t value"	"Pr(>|t|)"
"(Intercept)"	-1.18496278895252	0.129670931515553	-9.13822994176916	3.0730439819347e-16
"log(Species)"	0.721685593612844	0.053313900176788	13.5365372111165	3.70305407512465e-28
"log(Species):Lakeweb"	-0.0568662388182385	0.0870259778775407	-0.653439814238667	0.514428619086337
"log(Species):Terr"	-0.0251415373074805	0.0279150903949105	-0.900643234602039	0.369157492830726
"log(Species):Latitude"	-0.00119032232440479	0.000934936404635559	-1.27315860041709	0.204843688023958
"log(Species):Lakeweb:Latitude"	0.00251489463686594	0.00192939497408718	1.30346283194594	0.194324985253728
