"Estimate"	"Std. Error"	"t value"	"Pr(>|t|)"
"(Intercept)"	-0.494758415020999	0.1289904492188	-3.83562052863127	0.000179839753002898
"log(Species)"	0.667861623348898	0.0362565816356844	18.4204244641634	2.19618240403863e-41
"log(Species):Lakeweb"	0.0558975886649524	0.0249185213756604	2.24321450788614	0.0262559314159263
