"Estimate"	"Std. Error"	"t value"	"Pr(>|t|)"
"(Intercept)"	-1.48466175149668	0.121317391305128	-12.2378311594467	1.47609364989718e-26
"log(Species)"	0.770873420919887	0.0485838560879974	15.8668636660632	3.33812290034241e-38
"log(Species):Latitude"	-0.000832578058434111	0.0008295775831752	-1.00361687118814	0.316676002596916
"log(Species):Lakeweb"	-0.0427711930275201	0.0616479792952494	-0.693797161179881	0.488548031379082
"log(Species):Marine"	0.125671372000837	0.0253256321184804	4.96222054450253	1.402970548273e-06
"log(Species):Latitude:Lakeweb"	0.00404280970034602	0.00150307109043075	2.68969959310935	0.0077050661932021
