"Estimate"	"Std. Error"	"t value"	"Pr(>|t|)"
"(Intercept)"	-0.857393256670027	0.14116407262557	-6.0737356235408	5.60146548261581e-09
"log(Species)"	0.658916647197321	0.0614118970736029	10.7294625080154	8.71028292750683e-22
"log(Species):Lakeweb"	-0.087729628455895	0.0742571041563322	-1.1814307796221	0.238736795688435
"log(Species):Stream"	-0.158180860619815	0.0863637729222882	-1.8315649637279	0.0683999603749033
"log(Species):Marine"	0.118837888895643	0.0368837059163247	3.22196172925902	0.00147087562668718
"log(Species):Terr"	-0.0589999053798642	0.0354510180771584	-1.66426547332018	0.097516102033835
"log(Species):Latitude"	-0.00107135270916473	0.00106761647327545	-1.00349960494504	0.31674792708169
"log(Species):Lakeweb:Latitude"	0.00476234342787645	0.00169341768739833	2.81226744194047	0.00537462195114556
"log(Species):Stream:Latitude"	0.00507488217693114	0.00188718570531317	2.68912707564675	0.00772571870473896
