"Estimate"	"Std. Error"	"t value"	"Pr(>|t|)"
"(Intercept)"	-1.09083250948864	0.116309014129795	-9.37874435313603	9.44955865838093e-18
"log(Species)"	0.715850921330104	0.051814816327618	13.8155641970026	1.57093321771799e-31
"log(Species):Lakeweb"	-0.0509103241249712	0.0629419160059365	-0.80884611329864	0.419493680704945
"log(Species):Stream"	-0.128221315408054	0.0766019590364849	-1.67386470295079	0.0956046117808343
"log(Species):Marine"	0.132932387613499	0.0273446088483027	4.86137462601702	2.24171751347771e-06
"log(Species):Latitude"	-0.00104169967343357	0.000966123523714151	-1.07822617694772	0.282135461382634
"log(Species):Lakeweb:Latitude"	0.00483363729119377	0.00153236757709201	3.15435889107405	0.00183746846326221
"log(Species):Stream:Latitude"	0.00493339083444748	0.00173682888775999	2.84045876321767	0.00493552665852433
