"Estimate"	"Std. Error"	"t value"	"Pr(>|t|)"
"(Intercept)"	-1.22540840683956	0.146342285623308	-8.37357706708109	6.9169648134138e-15
"log(Species)"	0.699756146109969	0.0541132933253265	12.9313169298913	9.78142665748106e-29
"log(Species):Lakeweb"	-0.0615459242629273	0.0686761263021286	-0.896176409137679	0.371151626333439
"log(Species):Marine"	0.127967428108605	0.0289321955842483	4.42301130365216	1.53943338243689e-05
"log(Species):Terr"	-0.0518143037619824	0.0271170651360988	-1.91076370182134	0.057352963741555
"log(Species):Latitude"	-0.00115223158526375	0.000912406966967865	-1.26284829793976	0.207999003069463
"log(Species):Lakeweb:Latitude"	0.00346613427257269	0.00161669914903898	2.14395750417329	0.0331484110543143
