"Estimate"	"Std. Error"	"t value"	"Pr(>|t|)"
"(Intercept)"	-0.317927146410321	0.135624465567401	-2.34417252875605	0.0201079496249413
"log(Species)"	0.63680273091609	0.0536533019645435	11.8688451148248	1.22237917854264e-24
"log(Species):Lakeweb"	-0.0917126358411793	0.0658544764031759	-1.39265606303957	0.165359957044551
"log(Species):Terr"	-0.0600933658043369	0.0256393392365786	-2.34379541726271	0.0201276993775955
"log(Species):Latitude"	-0.000824126883337928	0.000909546259901842	-0.906085726114544	0.366044156269316
"log(Species):Lakeweb:Latitude"	0.00369403695476908	0.00155678690019502	2.37285973713315	0.018654661920838
