"Estimate"	"Std. Error"	"t value"	"Pr(>|t|)"
"(Intercept)"	-1.01030525153045	0.135961650558107	-7.43081043355431	3.62534622426717e-12
"log(Species)"	0.636887633395707	0.0537866930016886	11.8409888738784	1.47921709844457e-24
"log(Species):Lakeweb"	-0.0918479837099783	0.0660182015903764	-1.39125243489467	0.165784394938204
"log(Species):Terr"	-0.0600172263623349	0.0257030829005705	-2.33502053409332	0.0205920923687009
"log(Species):Latitude"	-0.000824964534697617	0.00091180754326181	-0.904757304097826	0.366745824879508
"log(Species):Lakeweb:Latitude"	0.00375130841103508	0.00156065733149426	2.40367205236743	0.0171976427581268
