"Estimate"	"Std. Error"	"t value"	"Pr(>|t|)"
"(Intercept)"	-1.19154866032207	0.129687599876254	-9.18783801580892	2.01505434341423e-16
"log(Species)"	0.668481377118832	0.0364574952033157	18.3359107198905	3.62349211365149e-41
"log(Species):Lakeweb"	0.0577592966234389	0.025186099169806	2.2933006113421	0.0231323536025236
