"Estimate"	"Std. Error"	"t value"	"Pr(>|t|)"
"(Intercept)"	-0.867577381799329	0.139160251953059	-6.23437633680038	2.45152312188649e-09
"log(Species)"	0.696197244370341	0.0601602426554688	11.5723809220217	2.7987192469615e-24
"log(Species):Lakeweb"	-0.110942029492547	0.0722120886664616	-1.53633597284485	0.12596128901315
"log(Species):Stream"	-0.171007628170632	0.0860585183638681	-1.9871086723523	0.0482100446953857
"log(Species):Marine"	0.0742273639802473	0.0354010361481463	2.09675682004392	0.0372122193891742
"log(Species):Terr"	-0.0952003174775737	0.0333126864560755	-2.8577796510978	0.00469557725531723
"log(Species):Latitude"	-0.00117860772452761	0.00105720282916926	-1.11483595390465	0.266194937717228
"log(Species):Lakeweb:Latitude"	0.00454460982265022	0.00165698849225287	2.74269244711005	0.00662014629919982
"log(Species):Stream:Latitude"	0.00499750464794295	0.00189254990863366	2.64061974014251	0.00889723154775744
