"Estimate"	"Std. Error"	"t value"	"Pr(>|t|)"
"(Intercept)"	-1.09723788514478	0.115044455023506	-9.53751212886003	3.23035206898566e-18
"log(Species)"	0.714922547602132	0.0513205269960035	13.9305379240904	6.72936800285031e-32
"log(Species):Lakeweb"	-0.0478246528565152	0.0623824670580745	-0.766636125692066	0.444134954155224
"log(Species):Stream"	-0.128935955824312	0.0757397772968549	-1.70235456752084	0.0901275514042947
"log(Species):Marine"	0.125577198269531	0.0273319006207526	4.59452856982009	7.37045395324395e-06
"log(Species):Latitude"	-0.000973404273703757	0.000957884269685389	-1.01620237904467	0.310669926618691
"log(Species):Lakeweb:Latitude"	0.00476709561123784	0.00151878539602957	3.13875523408379	0.00193359644190989
"log(Species):Stream:Latitude"	0.00492570607510499	0.00171889618369575	2.86562162498632	0.00457312584605241
