"Estimate"	"Std. Error"	"t value"	"Pr(>|t|)"
"(Intercept)"	-0.626046386105515	0.13604315243783	-4.60182210487669	7.68826551419324e-06
"log(Species)"	0.552126524698748	0.0562264860583249	9.81968754238022	1.2373951136656e-18
"log(Species):Lakeweb"	-0.0650476279758184	0.064972328224087	-1.00115895110718	0.31803682115448
"log(Species):Stream"	-0.1848140136898	0.0900548310547548	-2.05223874749629	0.0415324156672852
"log(Species):Latitude"	-0.000645631408099917	0.00103544914820685	-0.623527876012061	0.533693450517991
"log(Species):Lakeweb:Latitude"	0.00462895599495101	0.00159081964205969	2.90979308563083	0.00405313110322556
"log(Species):Stream:Latitude"	0.00655677658442157	0.00202178548362226	3.24306245026271	0.00139928754075109
