"Estimate"	"Std. Error"	"t value"	"Pr(>|t|)"
"(Intercept)"	-0.508189851106584	0.129606239816428	-3.92102920219254	0.000130503493812691
"log(Species)"	0.670304692081197	0.0363634522559347	18.4334723601992	2.03295498033916e-41
"log(Species):Lakeweb"	0.0577866284095175	0.0249209128289407	2.31880063166907	0.021670966199295
