"Estimate"	"Std. Error"	"t value"	"Pr(>|t|)"
"(Intercept)"	-0.321984338964755	0.135574217937537	-2.37496733422503	0.0185516382475792
"log(Species)"	0.637831191208713	0.0536462239968481	11.8895822238335	1.06054917778741e-24
"log(Species):Lakeweb"	-0.0873833071758244	0.0643437925371103	-1.35806895630882	0.176060805029951
"log(Species):Terr"	-0.0600753808666976	0.0256402113212962	-2.34301426434813	0.0201686635175135
"log(Species):Latitude"	-0.000822734070598931	0.000909576434746399	-0.904524390881255	0.366868935992016
"log(Species):Lakeweb:Latitude"	0.00358558243661726	0.00153192573422196	2.34057197194244	0.0202972122368934
