"Estimate"	"Std. Error"	"t value"	"Pr(>|t|)"
"(Intercept)"	-0.856478607956765	0.127355419688248	-6.72510530021673	3.13322759744627e-10
"log(Species)"	0.694437894219022	0.0558958959585076	12.4237724847369	4.49663297313775e-25
"log(Species):Lakeweb"	-0.0257676544338681	0.0823645797644752	-0.312848733127173	0.754813429833136
"log(Species):Stream"	-0.282504283806971	0.083915611091414	-3.36652835071681	0.000958570585352233
"log(Species):Latitude"	-0.00175085558282576	0.00106893414517341	-1.63794522864805	0.10344859562141
"log(Species):Lakeweb:Latitude"	0.00308080199446067	0.00187154970228783	1.64612352570419	0.10175152063866
"log(Species):Stream:Latitude"	0.00845973179326331	0.00188788771387974	4.48105664922092	1.42983342877385e-05
