"Estimate"	"Std. Error"	"t value"	"Pr(>|t|)"
"(Intercept)"	-1.07846690575636	0.116486812398581	-9.2582746797653	2.12341019060594e-17
"log(Species)"	0.714168624876702	0.0516774999919873	13.8197208647368	1.52352405056018e-31
"log(Species):Lakeweb"	-0.0533926993396057	0.0627933849931389	-0.85029178384697	0.396104418845848
"log(Species):Stream"	-0.133102578560634	0.0762094808006561	-1.74653569558879	0.0821394121965658
"log(Species):Marine"	0.12595537048815	0.0278162558531776	4.52812093593685	9.8346491183748e-06
"log(Species):Latitude"	-0.00108579615529628	0.000963935129665351	-1.12642035950411	0.261237519556326
"log(Species):Lakeweb:Latitude"	0.00487434820990679	0.0015282162498159	3.18956705930458	0.00163658417647998
"log(Species):Stream:Latitude"	0.00503739346058992	0.00172962721443008	2.91241570354787	0.00396301993390396
