"Estimate"	"Std. Error"	"t value"	"Pr(>|t|)"
"(Intercept)"	-0.833929570049639	0.126544695068507	-6.59000023349994	6.4076518034752e-10
"log(Species)"	0.688709660398544	0.0558158689982583	12.3389579479634	7.66254155120703e-25
"log(Species):Lakeweb"	-0.0244586534453792	0.0824444466087769	-0.2966682954577	0.767114379495648
"log(Species):Stream"	-0.270444484891929	0.0844941126298496	-3.20074945430444	0.00166102115872409
"log(Species):Latitude"	-0.00176884890286146	0.00106997965428268	-1.65316125010555	0.100309105050831
"log(Species):Lakeweb:Latitude"	0.00310303740801936	0.00187344571091638	1.65632630288578	0.0996657994423336
"log(Species):Stream:Latitude"	0.00825472789784456	0.00189706070053611	4.35132512919157	2.43633165930116e-05
