"Estimate"	"Std. Error"	"t value"	"Pr(>|t|)"
"(Intercept)"	-1.20685756098493	0.146348287992489	-8.24647542885412	1.55864106015522e-14
"log(Species)"	0.69728940376072	0.0541701862806977	12.8721987431892	1.50994495983513e-28
"log(Species):Lakeweb"	-0.0654389941852003	0.0690004604994833	-0.948384890644177	0.343988510690737
"log(Species):Marine"	0.126013987857696	0.0289473621087086	4.35321143890294	2.06684179726761e-05
"log(Species):Terr"	-0.0531815201629969	0.0271422858759129	-1.95936040192518	0.051351156380399
"log(Species):Latitude"	-0.00118471339140175	0.000912796916225269	-1.29789372678969	0.19570173059523
"log(Species):Lakeweb:Latitude"	0.00360622509345718	0.00163923167611001	2.19994839412508	0.0288658655637363
