"Estimate"	"Std. Error"	"t value"	"Pr(>|t|)"
"(Intercept)"	-0.485819489563165	0.130233275405435	-3.73037910665103	0.000266668767376027
"log(Species)"	0.719876728380145	0.0535131140073758	13.4523423226861	6.28403580671543e-28
"log(Species):Lakeweb"	-0.0214332560441081	0.083807262965594	-0.255744613123892	0.798482803944046
"log(Species):Terr"	-0.0252483550968755	0.0280095849349956	-0.901418395005557	0.368746644106185
"log(Species):Latitude"	-0.00119212932871678	0.00093810506438248	-1.27078445046186	0.205685089552137
"log(Species):Lakeweb:Latitude"	0.00172493343590554	0.00186624463718574	0.924280451520387	0.356758723648104
