"Estimate"	"Std. Error"	"t value"	"Pr(>|t|)"
"(Intercept)"	-0.31781567120029	0.135447504830117	-2.34641215132687	0.0199910089347229
"log(Species)"	0.638092174854416	0.0536157607250504	11.9012052841449	9.79390766844309e-25
"log(Species):Lakeweb"	-0.0888979399846037	0.0643836424070801	-1.38075350603071	0.168985363315096
"log(Species):Terr"	-0.0607045669144518	0.0256564408284097	-2.36605565520346	0.0189907110896383
"log(Species):Latitude"	-0.00084296013126798	0.000909940067234992	-0.926390826848034	0.355424330265374
"log(Species):Lakeweb:Latitude"	0.00362696133975149	0.00153027662425631	2.37013444645286	0.0187886275258874
