"Estimate"	"Std. Error"	"t value"	"Pr(>|t|)"
"(Intercept)"	-0.330723830153655	0.135912537925272	-2.43335776965254	0.0158900093718874
"log(Species)"	0.640773276098388	0.0537242577580628	11.9270754560071	8.20323254399969e-25
"log(Species):Lakeweb"	-0.0870446393749207	0.0642551694719243	-1.35467138426822	0.177139424611289
"log(Species):Terr"	-0.0596469317366362	0.0256105396703487	-2.32899940822778	0.0209161716797341
"log(Species):Latitude"	-0.000849412957695421	0.00090891726378926	-0.934532758409972	0.351221590126064
"log(Species):Lakeweb:Latitude"	0.00362186643621756	0.0015284375187089	2.36965292456117	0.0188123854002857
