"Estimate"	"Std. Error"	"t value"	"Pr(>|t|)"
"(Intercept)"	-0.509163018131131	0.143587958973342	-3.54600080516264	0.000479099325558826
"log(Species)"	0.692609546773041	0.0532124592839932	13.015928150898	5.25238528015177e-29
"log(Species):Latitude"	-0.00114318099770213	0.000897624768733845	-1.27356222502043	0.204181085870304
"log(Species):Lakeweb"	-0.0617680543984404	0.067422313262689	-0.916136682492357	0.360612187791929
"log(Species):Marine"	0.124034086842942	0.0284613676848191	4.35798055161982	2.02588177141636e-05
"log(Species):Terr"	-0.0527224831034291	0.0266905560761699	-1.97532351716348	0.0494989705453883
"log(Species):Latitude:Lakeweb"	0.00335677964151356	0.0015880785000363	2.11373659516002	0.0356797033819977
