"Estimate"	"Std. Error"	"t value"	"Pr(>|t|)"
"(Intercept)"	-0.318297960202831	0.135403987479552	-2.3507281146421	0.0197673397557452
"log(Species)"	0.638324249460511	0.0536224215508854	11.9040548897026	9.60458689491247e-25
"log(Species):Lakeweb"	-0.0889605952215208	0.0643774724416049	-1.38185908591262	0.168646102684808
"log(Species):Terr"	-0.0607533260531988	0.0256560530077682	-2.36799191344061	0.0188945416273571
"log(Species):Latitude"	-0.000844360960247744	0.000909904310469993	-0.927966765880696	0.354608368321755
"log(Species):Lakeweb:Latitude"	0.00362793070959097	0.00153015692101203	2.37095337071148	0.0187482832544834
