"Estimate"	"Std. Error"	"t value"	"Pr(>|t|)"
"(Intercept)"	-1.18090089240636	0.130014578782623	-9.08283442875093	4.29157078976531e-16
"log(Species)"	0.724494147639217	0.0536192316321021	13.5118338250386	4.32450881113393e-28
"log(Species):Lakeweb"	-0.0241319639432746	0.083801363256644	-0.287966245481828	0.773752365812253
"log(Species):Terr"	-0.0268394908750717	0.0280445536926748	-0.957030415573422	0.340023273510004
"log(Species):Latitude"	-0.0012494091449232	0.000939200623995222	-1.33028994338653	0.185351885945449
"log(Species):Lakeweb:Latitude"	0.00181163223852063	0.00186633948187935	0.97068741036136	0.333197029083949
