"Estimate"	"Std. Error"	"t value"	"Pr(>|t|)"
"(Intercept)"	-1.20103175498034	0.130064848214472	-9.23409953933048	1.52046670462145e-16
"log(Species)"	0.670508660716402	0.036492123411043	18.374065361006	2.89006905619429e-41
"log(Species):Lakeweb"	0.0599822982847316	0.0250090948480044	2.39841940099315	0.0176169886435736
