"Estimate"	"Std. Error"	"t value"	"Pr(>|t|)"
"(Intercept)"	-0.494928593225621	0.144078675578812	-3.43512730969609	0.00070953095908764
"log(Species)"	0.688574737821904	0.0531896980261631	12.9456410428051	8.80439690196113e-29
"log(Species):Latitude"	-0.00113943607962571	0.000897246951626721	-1.26992471533049	0.205471517036441
"log(Species):Lakeweb"	-0.0663679541264569	0.067850362572613	-0.9781517977215	0.329088465874308
"log(Species):Marine"	0.123453530519058	0.0284699854349109	4.33626953555357	2.21886465269387e-05
"log(Species):Terr"	-0.0527126380500891	0.026680528051136	-1.97569695581211	0.0494563252560598
"log(Species):Latitude:Lakeweb"	0.00350778932301014	0.00161161085146718	2.17657340779054	0.0305916556629017
