"Estimate"	"Std. Error"	"t value"	"Pr(>|t|)"
"(Intercept)"	-1.10437031812195	0.116104469826048	-9.51186737062369	3.84373441972701e-18
"log(Species)"	0.724296061674974	0.0520435471057257	13.9171156071199	7.42957960259277e-32
"log(Species):Lakeweb"	-0.0547960002266797	0.0629078920475049	-0.871051285350661	0.384693223891495
"log(Species):Stream"	-0.136439803962795	0.0763734408949929	-1.78648234731742	0.0754236992584519
"log(Species):Marine"	0.130580913694497	0.0273704621049298	4.77086989594442	3.3752878615082e-06
"log(Species):Latitude"	-0.00116018908138419	0.000969523433727626	-1.1966591430632	0.232751227649453
"log(Species):Lakeweb:Latitude"	0.00495583319880496	0.00153266501352794	3.23347447424109	0.00141458751547123
"log(Species):Stream:Latitude"	0.00511275857106988	0.00173367711246905	2.94908350251474	0.00353799358951623
