"Estimate"	"Std. Error"	"t value"	"Pr(>|t|)"
"(Intercept)"	-0.497934982597385	0.13070877426643	-3.80949928871966	0.000199432931184211
"log(Species)"	0.722904158609189	0.0535196986515459	13.5072539050686	4.45071065097924e-28
"log(Species):Lakeweb"	-0.0222378961670028	0.0836062704589976	-0.265983592437708	0.790600818682711
"log(Species):Terr"	-0.0252754889593784	0.0279548935803847	-0.904152573026198	0.367299775732566
"log(Species):Latitude"	-0.00118632479437924	0.000936296076965975	-1.26704022751379	0.207017194078383
"log(Species):Lakeweb:Latitude"	0.00171728259044964	0.00186262395449671	0.921969561437137	0.357959075553678
