"Estimate"	"Std. Error"	"t value"	"Pr(>|t|)"
"(Intercept)"	-0.641518327465629	0.136823683554286	-4.68864973373634	5.27269212430811e-06
"log(Species)"	0.55616075304475	0.0563639775401532	9.86730847106284	9.05363393407377e-19
"log(Species):Lakeweb"	-0.0636468442618974	0.0650022145248933	-0.979148860190343	0.328764748806507
"log(Species):Stream"	-0.197026607096295	0.089927970158407	-2.19093800014874	0.029685934975761
"log(Species):Latitude"	-0.000635674017439744	0.0010357618221398	-0.613726055403829	0.540138244073988
"log(Species):Lakeweb:Latitude"	0.00460515729652184	0.00159138868501133	2.89379793880403	0.00425597553824897
"log(Species):Stream:Latitude"	0.00677605716921519	0.00201967141316519	3.35502949888065	0.000959968754184826
