"Estimate"	"Std. Error"	"t value"	"Pr(>|t|)"
"(Intercept)"	-0.493569122299151	0.129068830537144	-3.82407681424764	0.000187731465540677
"log(Species)"	0.66747126108902	0.0362656056836246	18.4050768905374	2.40509177031711e-41
"log(Species):Lakeweb"	0.0559043623756261	0.0249258968936088	2.24282249959721	0.0262817636586786
