"Estimate"	"Std. Error"	"t value"	"Pr(>|t|)"
"(Intercept)"	-0.850651131139728	0.141316726997044	-6.01946527644614	7.46873246756445e-09
"log(Species)"	0.655166423330764	0.0614408181195493	10.6633740139326	1.38712209795015e-21
"log(Species):Lakeweb"	-0.0797928589169989	0.0736769654177728	-1.08300957381384	0.280017260749484
"log(Species):Stream"	-0.156105538218867	0.0861566354445044	-1.81188062200292	0.0713998835446957
"log(Species):Marine"	0.1105488033203	0.0373846832161654	2.95706139011758	0.0034528869029307
"log(Species):Terr"	-0.0589544253734835	0.0353615090725557	-1.66719200960907	0.0969321846473921
"log(Species):Latitude"	-0.0010219783738472	0.00106535916088826	-0.959280598849985	0.338494922516133
"log(Species):Lakeweb:Latitude"	0.00449233794649775	0.00166578210301559	2.69683408073913	0.00755498585125563
"log(Species):Stream:Latitude"	0.00502470143836304	0.00188271110012362	2.66886482903995	0.00819131903766311
