"Estimate"	"Std. Error"	"t value"	"Pr(>|t|)"
"(Intercept)"	-1.09542315538099	0.116207196400354	-9.42646573803453	6.84888858278909e-18
"log(Species)"	0.717076011965773	0.0518294625058871	13.8352970935078	1.35824171315182e-31
"log(Species):Lakeweb"	-0.05067294725118	0.0630054946831857	-0.804262350545486	0.422129756921558
"log(Species):Stream"	-0.131565125803453	0.0764944399709403	-1.71993057081578	0.08687738038641
"log(Species):Marine"	0.13310647921096	0.0273687622398705	4.86344534123842	2.22067924283333e-06
"log(Species):Latitude"	-0.0010404958482977	0.000967020509662286	-1.07598115851863	0.283136024304684
"log(Species):Lakeweb:Latitude"	0.00484317556337012	0.00153802179096972	3.14896420311217	0.00187019139160151
"log(Species):Stream:Latitude"	0.00499272954083639	0.00173596052059127	2.87606168551337	0.00443002168306856
