"Estimate"	"Std. Error"	"t value"	"Pr(>|t|)"
"(Intercept)"	-0.625623884268608	0.136200695943429	-4.59339711838523	7.97268094937682e-06
"log(Species)"	0.552016359539314	0.0562698239661043	9.81016681111062	1.31707924252214e-18
"log(Species):Lakeweb"	-0.0650858800398914	0.0650072682761826	-1.00120927652851	0.318012559988435
"log(Species):Stream"	-0.186258570916086	0.0900648696561892	-2.06804908092472	0.0400044823882006
"log(Species):Latitude"	-0.000645903320702661	0.00103598679524909	-0.623466750411003	0.533733519521147
"log(Species):Lakeweb:Latitude"	0.00462960588067436	0.0015916560555592	2.90867230046622	0.00406705100938799
"log(Species):Stream:Latitude"	0.00658414007347339	0.00202217667116683	3.255966784383	0.00134048382299338
