"Estimate"	"Std. Error"	"t value"	"Pr(>|t|)"
"(Intercept)"	-0.626127343044222	0.136196135888757	-4.59724748399348	7.84146228081209e-06
"log(Species)"	0.552147633800013	0.056273104917025	9.81192764490528	1.30196642272542e-18
"log(Species):Lakeweb"	-0.0650402983745339	0.0650146518349619	-1.00039447322793	0.318405515330966
"log(Species):Stream"	-0.186511502118369	0.0900832184325741	-2.07043559681396	0.0397780733513482
"log(Species):Latitude"	-0.000645579306049724	0.00103610901802376	-0.623080481705565	0.533986761487283
"log(Species):Lakeweb:Latitude"	0.00462883146825296	0.00159184136638642	2.90784720512742	0.00407732644847353
"log(Species):Stream:Latitude"	0.00658854243383893	0.00202255337002976	3.2575369982657	0.0013334874880505
