"Estimate"	"Std. Error"	"t value"	"Pr(>|t|)"
"(Intercept)"	-0.639127565231682	0.135551484601856	-4.71501708084525	4.69740301878553e-06
"log(Species)"	0.555537374210236	0.0560186523035512	9.91700712826714	6.53144180879548e-19
"log(Species):Lakeweb"	-0.0638632967886507	0.0647289497859378	-0.986626494016203	0.325093854859849
"log(Species):Stream"	-0.141164073738883	0.0960617552952682	-1.46951378626158	0.143364924510225
"log(Species):Latitude"	-0.000637212657807167	0.00103156640556444	-0.617713657957391	0.537511626876729
"log(Species):Lakeweb:Latitude"	0.00460883472963106	0.00158485657158633	2.9080453160616	0.00407485708213288
"log(Species):Stream:Latitude"	0.00560770302210292	0.00214463521224599	2.61475844007532	0.00965323271392015
