"Estimate"	"Std. Error"	"t value"	"Pr(>|t|)"
"(Intercept)"	-0.494707027244006	0.129184080534439	-3.8294736100407	0.000184001970238574
"log(Species)"	0.667568821823534	0.0362979884900662	18.391344798796	2.60886234559202e-41
"log(Species):Lakeweb"	0.056173815832749	0.024948154084114	2.25162212977185	0.0257071999717033
