"Estimate"	"Std. Error"	"t value"	"Pr(>|t|)"
"(Intercept)"	-0.832222037868281	0.141372412079323	-5.88673578973333	1.49856535486113e-08
"log(Species)"	0.654816829644821	0.061177588910996	10.7035409747429	1.04553095542504e-21
"log(Species):Lakeweb"	-0.0921918716490284	0.0739934847490847	-1.24594580133177	0.214140261258695
"log(Species):Stream"	-0.160334161771908	0.0859934409493202	-1.86449291948208	0.0636153215705322
"log(Species):Marine"	0.109493406612241	0.0372921732230383	2.93609616037606	0.0036852275502483
"log(Species):Terr"	-0.0596874207295523	0.0352963715476877	-1.69103559692845	0.0922790487884682
"log(Species):Latitude"	-0.00112640811351305	0.0010635634928292	-1.05908873434221	0.290747764844452
"log(Species):Lakeweb:Latitude"	0.00485241258175544	0.0016853445024966	2.87918142229513	0.00438996826288663
"log(Species):Stream:Latitude"	0.00512692693536794	0.00187915736740992	2.72831164876546	0.00689248068388596
