"Estimate"	"Std. Error"	"t value"	"Pr(>|t|)"
"(Intercept)"	-0.500747428497148	0.130140474232817	-3.8477455338093	0.000173027781646533
"log(Species)"	0.720895216503183	0.0532656240108216	13.533967354944	3.76329839893363e-28
"log(Species):Lakeweb"	-0.0172070154086655	0.0834901568230441	-0.206096335944553	0.836982674688363
"log(Species):Terr"	-0.0241004126414084	0.0279095324217514	-0.863519039918623	0.38916942144837
"log(Species):Latitude"	-0.00114366137776992	0.000935100046107723	-1.22303638260988	0.223148586925907
"log(Species):Lakeweb:Latitude"	0.00166703601457534	0.00185907214393554	0.896703239846481	0.371250199756587
