"Estimate"	"Std. Error"	"t value"	"Pr(>|t|)"
"(Intercept)"	-1.19539176061226	0.129504601830496	-9.23049639716174	1.75965692508215e-16
"log(Species)"	0.730996928170374	0.0534698962953789	13.671186570705	1.59040582382068e-28
"log(Species):Lakeweb"	-0.0255805630477937	0.0832485822331807	-0.307279263641297	0.759038029438022
"log(Species):Terr"	-0.0249080672761257	0.0278221534118105	-0.895260223299332	0.372018505906176
"log(Species):Latitude"	-0.00137328911616175	0.00093713790641509	-1.46540771295348	0.144809516930708
"log(Species):Lakeweb:Latitude"	0.00192646442531789	0.0018561146215912	1.03790164837255	0.300911704766859
