"Estimate"	"Std. Error"	"t value"	"Pr(>|t|)"
"(Intercept)"	-0.85476409224519	0.141288993382832	-6.04975710973572	6.36206655752659e-09
"log(Species)"	0.658296428063428	0.0614355209003674	10.7152412548274	9.62825858303192e-22
"log(Species):Lakeweb"	-0.0877950840974025	0.0742709659422217	-1.18209158832944	0.238475081946606
"log(Species):Stream"	-0.158213787341588	0.0863790200737713	-1.83162285479121	0.0683912939956975
"log(Species):Marine"	0.118682479474067	0.0368915448519703	3.21706450489638	0.00149502738222359
"log(Species):Terr"	-0.0590550938539674	0.0354574418548106	-1.6655204313888	0.0972653606402189
"log(Species):Latitude"	-0.00107246150651381	0.00106780699267221	-1.00435894676991	0.316334651465514
"log(Species):Lakeweb:Latitude"	0.00478863252117251	0.00169368347420877	2.8273479632371	0.00513663788750157
"log(Species):Stream:Latitude"	0.00507567650865229	0.0018875190024835	2.68907306468119	0.00772692739438687
