"Estimate"	"Std. Error"	"t value"	"Pr(>|t|)"
"(Intercept)"	-0.88945029621017	0.138259786987725	-6.43318144479088	8.3073144093589e-10
"log(Species)"	0.699951550933962	0.0601412570898196	11.6384589349139	1.74815820669152e-24
"log(Species):Lakeweb"	-0.107396794260126	0.0722182018324302	-1.4871153190621	0.138484263013538
"log(Species):Stream"	-0.160647064530339	0.0864466405689249	-1.85833785411538	0.0645204819752317
"log(Species):Marine"	0.0826310847929518	0.034816025418294	2.37336352441694	0.0185288607428209
"log(Species):Terr"	-0.0947710166153201	0.0333379051263933	-2.84274060580641	0.00491414982071239
"log(Species):Latitude"	-0.00113142870984441	0.00105741478849169	-1.06999516382619	0.285849770222086
"log(Species):Lakeweb:Latitude"	0.00449047767223483	0.00165778916623412	2.70871457221278	0.00731164654982325
"log(Species):Stream:Latitude"	0.00479875073062614	0.00189851331213138	2.5276360718476	0.0122193946626143
