"Estimate"	"Std. Error"	"t value"	"Pr(>|t|)"
"(Intercept)"	-1.21814295660807	0.146524095082864	-8.31360163609383	1.0156294715915e-14
"log(Species)"	0.69801562570782	0.0540828685453889	12.9064090807612	1.17451631361323e-28
"log(Species):Lakeweb"	-0.0452745677036296	0.0710236225794851	-0.637457877524639	0.524498642539052
"log(Species):Marine"	0.127534380252251	0.0288862995421685	4.41504735025249	1.59234299399092e-05
"log(Species):Terr"	-0.0519669319078356	0.027067453866431	-1.91990470046704	0.0561811735516955
"log(Species):Latitude"	-0.00115458830790642	0.000910708845876018	-1.26779081276609	0.206231305511513
"log(Species):Lakeweb:Latitude"	0.00320423984353144	0.00167583096935839	1.91203045063562	0.0571893668743175
