"Estimate"	"Std. Error"	"t value"	"Pr(>|t|)"
"(Intercept)"	-0.645878812845715	0.134681142306196	-4.79561430639872	3.29038271990444e-06
"log(Species)"	0.566845447571255	0.055968000091122	10.1280275630426	1.62399705351047e-19
"log(Species):Lakeweb"	-0.0727997794521769	0.064395779852486	-1.1305054402469	0.25970348906519
"log(Species):Stream"	-0.201844363484014	0.0887889367468631	-2.273305333743	0.0241385189559878
"log(Species):Latitude"	-0.000946804856408356	0.00103415318550719	-0.915536372828563	0.36108294732406
"log(Species):Lakeweb:Latitude"	0.0049123872145418	0.00157974575803829	3.10960620691391	0.00216483467160214
"log(Species):Stream:Latitude"	0.00699762673888431	0.00199917293993875	3.50026083241138	0.00058040837168279
