"Estimate"	"Std. Error"	"t value"	"Pr(>|t|)"
"(Intercept)"	-0.317471550437466	0.135513411420628	-2.34273159467624	0.0201835049472164
"log(Species)"	0.637835398579156	0.0536138196785233	11.8968467906916	1.00907074296249e-24
"log(Species):Lakeweb"	-0.0887620470847694	0.0643936724094728	-1.37842809337446	0.169700628415578
"log(Species):Terr"	-0.0606275144535609	0.0256581693022374	-2.36289322669152	0.0191487094311447
"log(Species):Latitude"	-0.000840659970513802	0.00091002493696993	-0.923776850899176	0.356780379070073
"log(Species):Lakeweb:Latitude"	0.00362496903185669	0.00153048444909531	2.36851085550033	0.0188688400312582
