"Estimate"	"Std. Error"	"t value"	"Pr(>|t|)"
"(Intercept)"	-0.334247421156008	0.135681016548013	-2.4634796352497	0.0146540074642113
"log(Species)"	0.638737651523281	0.0534867558315697	11.9419778147448	7.4069027980817e-25
"log(Species):Lakeweb"	-0.0837712412621364	0.0642479837073751	-1.30387346696641	0.193862566381892
"log(Species):Terr"	-0.0590265927433418	0.0255866230344844	-2.3069317378768	0.0221425488580163
"log(Species):Latitude"	-0.000786418643358948	0.000907653725991374	-0.866430248495913	0.387352848878139
"log(Species):Lakeweb:Latitude"	0.0035557198925402	0.0015267920795155	2.32888285199157	0.020922489125786
