"Estimate"	"Std. Error"	"t value"	"Pr(>|t|)"
"(Intercept)"	-1.21543549231379	0.14640315953125	-8.3019758330718	1.09396700467577e-14
"log(Species)"	0.698436174236441	0.0541208868040485	12.9051132655165	1.18574757698958e-28
"log(Species):Lakeweb"	-0.0595820171665998	0.0686593222890374	-0.867792095526015	0.386466802242992
"log(Species):Marine"	0.126914625716922	0.028990285318803	4.37783292993691	1.8635886198157e-05
"log(Species):Terr"	-0.0525523562179397	0.027173074675929	-1.93398637602437	0.0544153534239873
"log(Species):Latitude"	-0.00116977602838264	0.000913833115886345	-1.28007620652711	0.201885061064308
"log(Species):Lakeweb:Latitude"	0.00343029295562355	0.00161697460639493	2.12142660871554	0.0350203291780435
