"Estimate"	"Std. Error"	"t value"	"Pr(>|t|)"
"(Intercept)"	-1.23141831235546	0.14216431020437	-8.66193709648521	1.1898548876361e-15
"log(Species)"	0.736669135609204	0.0536429871504702	13.7328134531887	4.02688708154514e-31
"log(Species):Latitude"	-0.00149763478567908	0.000900244689223924	-1.66358636002635	0.0976726145981181
"log(Species):Lakeweb"	-0.0938512949556079	0.0675173146035533	-1.39003299385768	0.165976635738688
"log(Species):Marine"	0.0956574303569664	0.0285633756740092	3.34895396989118	0.000959954313908326
"log(Species):Terr"	-0.080566166439602	0.0267681676363368	-3.00977517528083	0.00293132928275469
"log(Species):Latitude:Lakeweb"	0.00376187038880987	0.00159207352455446	2.3628747861143	0.0190385565433257
