"Estimate"	"Std. Error"	"t value"	"Pr(>|t|)"
"(Intercept)"	-1.00480137128783	0.135376417937288	-7.42227772456868	3.81086039169355e-12
"log(Species)"	0.637465207512304	0.0535453993083899	11.9051350021853	9.53378570132793e-25
"log(Species):Lakeweb"	-0.0902971596558377	0.0642869733282369	-1.40459497439392	0.161783057557051
"log(Species):Terr"	-0.0613118027898295	0.025624042106913	-2.39274516229773	0.0177024046544335
"log(Species):Latitude"	-0.000845531536958756	0.00090841148593414	-0.93078032373102	0.353154580984786
"log(Species):Lakeweb:Latitude"	0.00369248219367257	0.00152836443027984	2.41596972588304	0.0166448155766125
