"Estimate"	"Std. Error"	"t value"	"Pr(>|t|)"
"(Intercept)"	-1.20165162059806	0.130313343061487	-9.22124774307322	1.64426963082082e-16
"log(Species)"	0.671208672236214	0.0366156086995128	18.3312170977276	3.72576036008246e-41
"log(Species):Lakeweb"	0.0576948292184675	0.0250241588202465	2.30556517934932	0.0224190317116589
