"Estimate"	"Std. Error"	"t value"	"Pr(>|t|)"
"(Intercept)"	-0.508883426365607	0.143977401786058	-3.53446735427117	0.00049929984770952
"log(Species)"	0.690855567663431	0.0531428697095751	12.9999672851494	5.90626257616302e-29
"log(Species):Latitude"	-0.001120692951275	0.000894880076472444	-1.25233869960844	0.211794496383427
"log(Species):Lakeweb"	-0.0474674739055464	0.0697891813537213	-0.680155190028108	0.497131188607555
"log(Species):Marine"	0.124740692727466	0.0283842350498272	4.3947174376371	1.73544010675392e-05
"log(Species):Terr"	-0.0518943689864508	0.0265970022094237	-1.95113601818118	0.0523280091276718
"log(Species):Latitude:Lakeweb"	0.00312895187640753	0.00164670383164202	1.90013031869093	0.0587417442883514
