"Estimate"	"Std. Error"	"t value"	"Pr(>|t|)"
"(Intercept)"	-0.885013479294532	0.138591119322429	-6.38578780243178	1.07732580451404e-09
"log(Species)"	0.698869370670178	0.0602562556040185	11.5982874087445	2.32733663635571e-24
"log(Species):Lakeweb"	-0.107795291418142	0.072341756387515	-1.49008396811258	0.137702561554643
"log(Species):Stream"	-0.164274385760619	0.0865069588320947	-1.89897307659915	0.0589388397614395
"log(Species):Marine"	0.0824084221281161	0.0348758402031151	2.36290858222121	0.0190455514395774
"log(Species):Terr"	-0.094831746810692	0.0333943205986455	-2.83975673439928	0.00495860310501591
"log(Species):Latitude"	-0.00113320904964396	0.00105920382870634	-1.06986872491578	0.285906553193815
"log(Species):Lakeweb:Latitude"	0.0044936684226296	0.00166059496944592	2.70605927713306	0.00736834324849137
"log(Species):Stream:Latitude"	0.00486418841338281	0.00190042004986286	2.55953330619398	0.0111842852681657
