"Estimate"	"Std. Error"	"t value"	"Pr(>|t|)"
"(Intercept)"	-0.312480828872336	0.135041303437924	-2.3139648456961	0.0217450211596683
"log(Species)"	0.63739158345052	0.0534128515577857	11.9333000366203	7.86071340022365e-25
"log(Species):Lakeweb"	-0.0900713818203214	0.0641278355905809	-1.40455982945339	0.161793499893479
"log(Species):Terr"	-0.0613855538358004	0.0255606116500198	-2.40156826746957	0.0172938250910653
"log(Species):Latitude"	-0.000844642756209799	0.000906162779217243	-0.932109302634803	0.35246921017956
"log(Species):Lakeweb:Latitude"	0.00363341655223366	0.00152458107503449	2.38322291397422	0.0181529054668497
