"Estimate"	"Std. Error"	"t value"	"Pr(>|t|)"
"(Intercept)"	-1.00869966912392	0.135642355809859	-7.43646527739382	3.50734761711383e-12
"log(Species)"	0.630314669051879	0.0543849127007652	11.5898810488117	8.23032443216276e-24
"log(Species):Lakeweb"	-0.0817772199509823	0.0647960510631139	-1.26207104614027	0.208478414547557
"log(Species):Terr"	-0.0598452103962564	0.0256651594203436	-2.3317685043803	0.0207665763271689
"log(Species):Latitude"	-0.000666359889280245	0.000930845307041136	-0.71586533685	0.474958011120859
"log(Species):Lakeweb:Latitude"	0.00350982310127923	0.00154356308000289	2.27384494145368	0.0240993673487296
