"Estimate"	"Std. Error"	"t value"	"Pr(>|t|)"
"(Intercept)"	-1.48359672742383	0.121234370753709	-12.237426714886	1.48045913113482e-26
"log(Species)"	0.771740278511198	0.0485719042992336	15.8886148205512	2.84234963963783e-38
"log(Species):Latitude"	-0.000848187270881516	0.000829399913782387	-1.02265174710889	0.307606018899934
"log(Species):Lakeweb"	-0.043871200397868	0.0616303144539757	-0.711844500333195	0.477322143889464
"log(Species):Marine"	0.125130644490512	0.02532364961364	4.9412563512612	1.545615981367e-06
"log(Species):Latitude:Lakeweb"	0.00404388958011659	0.00149743433150066	2.70054552313087	0.00746627256303147
