"Estimate"	"Std. Error"	"t value"	"Pr(>|t|)"
"(Intercept)"	-0.319840388247253	0.135701391156521	-2.35694258932351	0.0194491522169723
"log(Species)"	0.637287719792775	0.0536737269032882	11.8733644291381	1.18513019619738e-24
"log(Species):Lakeweb"	-0.0873520493697058	0.0643576827533302	-1.35729015764145	0.176307611406487
"log(Species):Terr"	-0.0600848846847784	0.0256457724433741	-2.34287677695987	0.0201758810246906
"log(Species):Latitude"	-0.000823470077537489	0.000909775071640091	-0.905135899198671	0.366545765990685
"log(Species):Lakeweb:Latitude"	0.00360816876109499	0.00153222145791933	2.35486113475704	0.0195552188831831
