"Estimate"	"Std. Error"	"t value"	"Pr(>|t|)"
"(Intercept)"	-0.630010141788345	0.135989282660815	-4.63279259557327	6.72444617721277e-06
"log(Species)"	0.546450506572362	0.0571536825934795	9.56107256393492	6.69598584705034e-18
"log(Species):Lakeweb"	-0.0579792144520262	0.0657602159224069	-0.881676156909798	0.379077802065003
"log(Species):Stream"	-0.185092254087327	0.0902156120949417	-2.05166544669162	0.0415887435646417
"log(Species):Latitude"	-0.000447204670229607	0.00107642363323957	-0.415454154312569	0.678283254806107
"log(Species):Lakeweb:Latitude"	0.00442698325331491	0.00161806318484643	2.73597674971825	0.0068155320378566
"log(Species):Stream:Latitude"	0.00648922199306428	0.0020372613632066	3.18526729572409	0.00169325819216733
