"Estimate"	"Std. Error"	"t value"	"Pr(>|t|)"
"(Intercept)"	-1.01440604806418	0.135906881292208	-7.46397855957821	2.98523913217338e-12
"log(Species)"	0.637927146888468	0.0537778576740449	11.8622640335551	1.2787217469762e-24
"log(Species):Lakeweb"	-0.0876062599496605	0.0645016752245655	-1.35820131251871	0.176018886310304
"log(Species):Terr"	-0.0599990481346711	0.025703125633784	-2.33430941394181	0.0206301362536042
"log(Species):Latitude"	-0.000823556752943215	0.000911808295292713	-0.903212612996499	0.367562788278413
"log(Species):Lakeweb:Latitude"	0.00364363312039801	0.00153568467571987	2.37264405773276	0.0186652331766877
