"Estimate"	"Std. Error"	"t value"	"Pr(>|t|)"
"(Intercept)"	-1.09471272026372	0.116176023418151	-9.42287993731316	7.01671546758022e-18
"log(Species)"	0.716886420472586	0.0518134814843249	13.8359052496688	1.35216534468054e-31
"log(Species):Lakeweb"	-0.0500359465005132	0.062994255851395	-0.794293794319108	0.427896212618249
"log(Species):Stream"	-0.13156176477911	0.0764691440049454	-1.720455570558	0.0867817819503574
"log(Species):Marine"	0.133079537297478	0.027359755877916	4.86406157610843	2.21445530352976e-06
"log(Species):Latitude"	-0.00104068214880347	0.000966700782246061	-1.07652974727663	0.282891305290368
"log(Species):Lakeweb:Latitude"	0.00478287316308416	0.00153889456067793	3.1079927665591	0.00213686831682312
"log(Species):Stream:Latitude"	0.00499288917790791	0.0017353864742876	2.87710504368058	0.00441594710414406
