"Estimate"	"Std. Error"	"t value"	"Pr(>|t|)"
"(Intercept)"	-0.507162216472434	0.143771309866154	-3.52756204937261	0.000511774170045421
"log(Species)"	0.691488599220099	0.0531819283339455	13.0023227980383	5.80487743233127e-29
"log(Species):Latitude"	-0.00113524241477485	0.000897891434324224	-1.26434262693381	0.207463391257791
"log(Species):Lakeweb"	-0.0613127105804462	0.0674571558338741	-0.908913366158519	0.364404216862268
"log(Species):Marine"	0.124189920146832	0.0284810339508592	4.36044282525374	2.00504005429658e-05
"log(Species):Terr"	-0.0524473161221769	0.0266989294095606	-1.96439772238194	0.0507604720105416
"log(Species):Latitude:Lakeweb"	0.00334942279386771	0.00158871901103587	2.10825373813827	0.0361563132424242
