"Estimate"	"Std. Error"	"t value"	"Pr(>|t|)"
"(Intercept)"	-0.474470279189348	0.14425752733398	-3.28905040837744	0.00117283979762153
"log(Species)"	0.68394509504155	0.0530545267937365	12.8913617060532	1.31175214087408e-28
"log(Species):Latitude"	-0.00116268751134967	0.000893268351275481	-1.30161055150951	0.194429664514278
"log(Species):Lakeweb"	-0.0688353400544251	0.0675484690039223	-1.01905107650076	0.309313501080657
"log(Species):Marine"	0.11456719269147	0.0290979229949754	3.93729795460841	0.000111022936057751
"log(Species):Terr"	-0.0527860742043694	0.0265403378790988	-1.98889985669473	0.0479684267956144
"log(Species):Latitude:Lakeweb"	0.00354528178686262	0.00160487943932809	2.20906424494224	0.0282160740569399
