"Estimate"	"Std. Error"	"t value"	"Pr(>|t|)"
"(Intercept)"	-0.858318630436129	0.140318502512395	-6.11693123193295	4.44964638018225e-09
"log(Species)"	0.641902041720363	0.0620439546119745	10.3459240426379	1.28105092662899e-20
"log(Species):Lakeweb"	-0.070224125288452	0.0747673376330532	-0.939235333389847	0.348663906798324
"log(Species):Stream"	-0.140936370684296	0.0866646612640042	-1.62622652219185	0.1053662692986
"log(Species):Marine"	0.12461620387833	0.0368951508686836	3.37757675315818	0.000867965884898099
"log(Species):Terr"	-0.0574883664796656	0.0352830198772713	-1.62934937767894	0.104703335099516
"log(Species):Latitude"	-0.000654312928320516	0.00109700099130869	-0.596456095759715	0.551498064508369
"log(Species):Lakeweb:Latitude"	0.00436215155882354	0.00170583628844203	2.55719238028848	0.0112408843692534
"log(Species):Stream:Latitude"	0.00465795307697081	0.00189739311222712	2.45492251814037	0.0148856663614711
