"Estimate"	"Std. Error"	"t value"	"Pr(>|t|)"
"(Intercept)"	-1.48670404444242	0.121349977391782	-12.2513747130134	1.33709574016399e-26
"log(Species)"	0.771413289905133	0.0485771914045217	15.8801541958502	3.02577478204987e-38
"log(Species):Lakeweb"	-0.0428040412575353	0.0616132906306373	-0.694720908742553	0.48796997891691
"log(Species):Marine"	0.125768068188942	0.0253151572437532	4.96809350137362	1.36535140278467e-06
"log(Species):Latitude"	-0.00083237454600122	0.000829203887732767	-1.00382373782294	0.316576492016851
"log(Species):Lakeweb:Latitude"	0.00400311713141325	0.00149865730487479	2.67113576825871	0.00812982053856829
