"Estimate"	"Std. Error"	"t value"	"Pr(>|t|)"
"(Intercept)"	-0.625623884268611	0.136200695943429	-4.59339711838525	7.97268094937601e-06
"log(Species)"	0.552016359539315	0.0562698239661044	9.81016681111062	1.31707924252214e-18
"log(Species):Lakeweb"	-0.0650858800398907	0.0650072682761825	-1.0012092765285	0.31801255998844
"log(Species):Stream"	-0.186258570916086	0.0900648696561894	-2.06804908092471	0.0400044823882011
"log(Species):Latitude"	-0.000645903320702655	0.00103598679524909	-0.623466750410996	0.533733519521152
"log(Species):Lakeweb:Latitude"	0.00462960588067435	0.0015916560555592	2.90867230046621	0.00406705100938809
"log(Species):Stream:Latitude"	0.00658414007347338	0.00202217667116683	3.25596678438299	0.00134048382299341
