"Estimate"	"Std. Error"	"t value"	"Pr(>|t|)"
"(Intercept)"	-0.336405865427491	0.134858910818245	-2.49450231643112	0.0134710682700684
"log(Species)"	0.646673076318424	0.0535515614308021	12.0757090744037	2.96044653124612e-25
"log(Species):Lakeweb"	-0.0909484437777918	0.063937607002277	-1.42245617316508	0.156542183254758
"log(Species):Terr"	-0.0595749134856108	0.0254653759338097	-2.33944763432747	0.0203566329278023
"log(Species):Latitude"	-0.000967258953466349	0.000907515476158008	-1.06583191017443	0.287859296413345
"log(Species):Lakeweb:Latitude"	0.00373462924319214	0.00152190233661697	2.45392174868055	0.0150366159163384
