"Estimate"	"Std. Error"	"t value"	"Pr(>|t|)"
"(Intercept)"	-0.876183138264137	0.140235743515753	-6.24793020878953	2.19938610841402e-09
"log(Species)"	0.646097956408305	0.0621105154393428	10.4023924425371	8.63948180876838e-21
"log(Species):Lakeweb"	-0.0622306968654586	0.0745044168436704	-0.835261847576563	0.404497505908188
"log(Species):Stream"	-0.140694324345104	0.0868141109862971	-1.62063888861698	0.10656080367679
"log(Species):Marine"	0.125678255499177	0.0369544538610626	3.40089603195567	0.000800677524568715
"log(Species):Terr"	-0.0571117887131054	0.035343329821972	-1.61591420505039	0.107579267532487
"log(Species):Latitude"	-0.000646336055984313	0.00109888567021638	-0.58817406897029	0.557032784005644
"log(Species):Lakeweb:Latitude"	0.00410927216950039	0.00168669970050119	2.43627965800869	0.0156530384007299
"log(Species):Stream:Latitude"	0.00465211291910511	0.00190066463722129	2.44762428258061	0.0151820065385475
