"Estimate"	"Std. Error"	"t value"	"Pr(>|t|)"
"(Intercept)"	-1.01240684235666	0.136037861037062	-7.44209615351743	3.39362193383891e-12
"log(Species)"	0.637420366976156	0.0538068102292987	11.8464626366026	1.42481551160383e-24
"log(Species):Lakeweb"	-0.0875703423948929	0.0645172568125447	-1.35731658042017	0.176299233597442
"log(Species):Terr"	-0.0600079103194197	0.025709360811311	-2.33408799074534	0.0206419946744042
"log(Species):Latitude"	-0.000824243069685633	0.00091203084740676	-0.903744727526772	0.367281232151176
"log(Species):Lakeweb:Latitude"	0.00366524684160578	0.0015360205816167	2.38619643868836	0.0180111523579144
