"Estimate"	"Std. Error"	"t value"	"Pr(>|t|)"
"(Intercept)"	-1.48472161440125	0.120735186030555	-12.2973398494246	9.55719229665433e-27
"log(Species)"	0.771336126192734	0.048352835322513	15.9522419119361	1.77610564348217e-38
"log(Species):Lakeweb"	-0.0430881919373174	0.0613472429060575	-0.702365581502976	0.483200471415629
"log(Species):Marine"	0.131231533281803	0.0254949679688927	5.1473503885913	5.88972363233737e-07
"log(Species):Latitude"	-0.000843138249007209	0.000825656963979438	-1.0211725762519	0.308304566842718
"log(Species):Lakeweb:Latitude"	0.00403914853963816	0.00149118755296459	2.70867908708603	0.00729160394738802
