"Estimate"	"Std. Error"	"t value"	"Pr(>|t|)"
"(Intercept)"	-1.18115681363602	0.128930200912895	-9.16121130094265	2.36921604998269e-16
"log(Species)"	0.6668380030134	0.0362180369637581	18.4117654880268	2.3117016079955e-41
"log(Species):Lakeweb"	0.0572425914275858	0.0248907156365359	2.29975675522813	0.0227544145690716
