"Estimate"	"Std. Error"	"t value"	"Pr(>|t|)"
"(Intercept)"	-0.870341776390035	0.14116145981569	-6.16557647906457	3.42910036395506e-09
"log(Species)"	0.661971199286216	0.0614797365656573	10.7673070228475	6.67040215162826e-22
"log(Species):Lakeweb"	-0.0800471769771485	0.073983381041933	-1.08196159529096	0.280481615988693
"log(Species):Stream"	-0.155811041201945	0.0866810544115357	-1.79752129527867	0.0736560921222539
"log(Species):Marine"	0.119603273494999	0.0369386902203288	3.23788615085157	0.00139482086268328
"log(Species):Terr"	-0.0587281045603759	0.035506356739342	-1.65401663120519	0.0995833521891992
"log(Species):Latitude"	-0.00106589193074997	0.00106928958964382	-0.996822508208475	0.319971231627958
"log(Species):Lakeweb:Latitude"	0.00453052642665137	0.00167242288164097	2.70895984286345	0.00729325239941265
"log(Species):Stream:Latitude"	0.00503091082398048	0.00189285453959752	2.65784333594393	0.00845506135567918
