"Estimate"	"Std. Error"	"t value"	"Pr(>|t|)"
"(Intercept)"	-1.22791862309341	0.142510244560945	-8.61635334972905	1.59818159044449e-15
"log(Species)"	0.734660499055505	0.0536219967211773	13.7007299984665	5.09044167180568e-31
"log(Species):Latitude"	-0.0014836256688935	0.000900926876747731	-1.64677701063738	0.101085394481711
"log(Species):Lakeweb"	-0.0930105927503766	0.067588817788236	-1.37612397722046	0.170235144558213
"log(Species):Marine"	0.0959765966015781	0.0285995529528185	3.35587751178885	0.000937433439972682
"log(Species):Terr"	-0.0800413397225136	0.0267870633894074	-2.98805951809428	0.00313863723470552
"log(Species):Latitude:Lakeweb"	0.00374897378103898	0.00159353999558897	2.35260727149391	0.0195582254834778
