"Estimate"	"Std. Error"	"t value"	"Pr(>|t|)"
"(Intercept)"	-1.02954544223446	0.134898209559487	-7.63201710086783	1.10819105820556e-12
"log(Species)"	0.658908586057712	0.0545341503297171	12.0824947683957	2.82575139650334e-25
"log(Species):Lakeweb"	-0.103048395381134	0.0644852710778529	-1.59801445599451	0.11171024598202
"log(Species):Terr"	-0.0644866091513839	0.0255942328969536	-2.51957577361342	0.0125779424322537
"log(Species):Latitude"	-0.00115303142764509	0.000921173663609403	-1.25169821196061	0.212226781601232
"log(Species):Lakeweb:Latitude"	0.00397784586412263	0.00153024425061805	2.59948427351779	0.010073594672528
