"Estimate"	"Std. Error"	"t value"	"Pr(>|t|)"
"(Intercept)"	-1.23166038838939	0.14219529809842	-8.66175186423467	1.19128395295503e-15
"log(Species)"	0.734436389840569	0.053580635327642	13.7071235783141	4.85816795810253e-31
"log(Species):Lakeweb"	-0.0903412324814932	0.0674893599058872	-1.33859963418638	0.182134770096524
"log(Species):Marine"	0.0966849243443404	0.0285405035151803	3.38763905454279	0.00084029662218513
"log(Species):Terr"	-0.0793968417343921	0.0267336503172966	-2.96992145823881	0.00332201716816839
"log(Species):Latitude"	-0.00146773842436127	0.000899657167980624	-1.63144192765759	0.104281692519239
"log(Species):Lakeweb:Latitude"	0.0036342642715477	0.00159752590005275	2.27493292686378	0.0239101392378595
