"Estimate"	"Std. Error"	"t value"	"Pr(>|t|)"
"(Intercept)"	-1.21478568313448	0.145799984920759	-8.33186425770009	9.03650239762727e-15
"log(Species)"	0.697211353048841	0.0538787596738727	12.9403749690796	9.1517103407087e-29
"log(Species):Lakeweb"	-0.0797857147361009	0.069461130966399	-1.14863829059588	0.251969723155304
"log(Species):Marine"	0.127334274266441	0.0287964915346577	4.42186764707738	1.54692628020017e-05
"log(Species):Terr"	-0.052037459460715	0.0269875813955696	-1.92820018578092	0.055135208225339
"log(Species):Latitude"	-0.00115567731989615	0.000908040198881737	-1.27271603318815	0.204480746919026
"log(Species):Lakeweb:Latitude"	0.00393561966641756	0.00164807292331915	2.38801306103094	0.0177968510055401
