"Estimate"	"Std. Error"	"t value"	"Pr(>|t|)"
"(Intercept)"	-0.851854326063114	0.141131660311842	-6.03588396948547	6.84738651114444e-09
"log(Species)"	0.657610015055467	0.0613865434092313	10.7126086359275	9.80847423303179e-22
"log(Species):Lakeweb"	-0.0881745783133923	0.0742246409850585	-1.18794213273651	0.236166862057597
"log(Species):Stream"	-0.15503455892256	0.0865169764312308	-1.79195535162734	0.074546284506001
"log(Species):Marine"	0.118510483734658	0.0368661533785717	3.21461483973378	0.00150724602282333
"log(Species):Terr"	-0.059116172405795	0.0354337406248298	-1.66835821912548	0.0967002825649241
"log(Species):Latitude"	-0.00107368864202449	0.00106709508387992	-1.00617897902837	0.315460536714461
"log(Species):Lakeweb:Latitude"	0.00478602707471558	0.00169131131618765	2.82977298674005	0.00509927662688529
"log(Species):Stream:Latitude"	0.005018205298565	0.0018891795905169	2.65628811773896	0.0084928868364515
