"Estimate"	"Std. Error"	"t value"	"Pr(>|t|)"
"(Intercept)"	-1.20661708240035	0.146385234160811	-8.24275132200027	1.59604091674852e-14
"log(Species)"	0.696983824043389	0.0541761406580831	12.8651435037095	1.59021915158228e-28
"log(Species):Lakeweb"	-0.0652168369539797	0.0690177003146262	-0.94492915087985	0.345745980880347
"log(Species):Marine"	0.126105967242934	0.0289548845457237	4.35525712574663	2.04917588957172e-05
"log(Species):Terr"	-0.0530639850062954	0.027148476307106	-1.9545842796491	0.0519165526984875
"log(Species):Latitude"	-0.00118147257072311	0.000913003564109807	-1.29405033799081	0.197023561574702
"log(Species):Lakeweb:Latitude"	0.00360315166991807	0.00163962328093969	2.19754849287883	0.0290390763310479
