"Estimate"	"Std. Error"	"t value"	"Pr(>|t|)"
"(Intercept)"	-1.23768124258006	0.14205669648269	-8.71258640546293	8.56574136275765e-16
"log(Species)"	0.740259156982162	0.0537412870643128	13.7744962471086	2.96969689405458e-31
"log(Species):Lakeweb"	-0.0953512189560134	0.0674406326138524	-1.41385415973141	0.158871504224724
"log(Species):Marine"	0.0928862786235267	0.028692024918757	3.23735528902331	0.00140011457015338
"log(Species):Terr"	-0.0798386676591154	0.0266912345824155	-2.99119425939608	0.00310790260216434
"log(Species):Latitude"	-0.00156670173280965	0.000902444658247946	-1.73606405499849	0.0840053514746335
"log(Species):Lakeweb:Latitude"	0.00382894642594487	0.00159162616710329	2.40568200315118	0.0170006975885879
