"Estimate"	"Std. Error"	"t value"	"Pr(>|t|)"
"(Intercept)"	-0.629435457883145	0.135816374457595	-4.63445928664272	6.67602602155934e-06
"log(Species)"	0.553010207561404	0.0561608030240213	9.84690705588501	1.03508603139718e-18
"log(Species):Lakeweb"	-0.06474079146184	0.0649159123354587	-0.997302342872211	0.319899673063877
"log(Species):Stream"	-0.182292598912937	0.0900782268958999	-2.02371433358259	0.0444151818897804
"log(Species):Latitude"	-0.000643450278345107	0.00103457474470172	-0.621946632314731	0.534730478625847
"log(Species):Lakeweb:Latitude"	0.0046237429777017	0.00158946287077128	2.90899716044204	0.00406301182502845
"log(Species):Stream:Latitude"	0.00650722943995051	0.00202188205925096	3.2184020873904	0.00151838497150291
