"Estimate"	"Std. Error"	"t value"	"Pr(>|t|)"
"(Intercept)"	-1.17590457434729	0.130293528383868	-9.02504206412205	6.07670114725059e-16
"log(Species)"	0.721750227724637	0.0536174252214685	13.4611131501266	5.94712071247515e-28
"log(Species):Lakeweb"	-0.0231306792922899	0.0839700985156254	-0.275463286350506	0.783322539575987
"log(Species):Terr"	-0.0261606525194974	0.0280886559742781	-0.931360067333009	0.353097299698738
"log(Species):Latitude"	-0.00122945442152347	0.000940836570388976	-1.30676725397182	0.193202655158487
"log(Species):Lakeweb:Latitude"	0.00179479710796766	0.00186999179520636	0.959788760875072	0.338637311769882
