"Estimate"	"Std. Error"	"t value"	"Pr(>|t|)"
"(Intercept)"	-0.631961228407552	0.136279137440267	-4.63725585792283	6.59553531347887e-06
"log(Species)"	0.553668789106402	0.0563159752875096	9.83146942372497	1.14539918995579e-18
"log(Species):Lakeweb"	-0.064677463574847	0.0650677188631388	-0.994002321041672	0.321499377415298
"log(Species):Stream"	-0.191862642782657	0.0897470698406981	-2.13781511890266	0.0338232360415249
"log(Species):Latitude"	-0.000641824749703023	0.00103700096786687	-0.618923963999056	0.536715684634253
"log(Species):Lakeweb:Latitude"	0.00460618650434746	0.00159465999848271	2.88850695993514	0.00432508965171986
"log(Species):Stream:Latitude"	0.00668492461173974	0.00201819867796466	3.31232236188038	0.00110962235864979
