"Estimate"	"Std. Error"	"t value"	"Pr(>|t|)"
"(Intercept)"	-0.626538602436762	0.136253007081777	-4.59834697123949	7.8043758781017e-06
"log(Species)"	0.552254867550473	0.0562914357392743	9.81063744951111	1.31302285112365e-18
"log(Species):Lakeweb"	-0.0650030641680526	0.0650322358740415	-0.999551426986988	0.318812428691688
"log(Species):Stream"	-0.187305435638358	0.0900994612258157	-2.07887409192066	0.0389862810305615
"log(Species):Latitude"	-0.000645314628829274	0.00103638469078258	-0.622659360533389	0.534262922789523
"log(Species):Lakeweb:Latitude"	0.00462819887548187	0.00159226736917656	2.9066719353015	0.0040920038458898
"log(Species):Stream:Latitude"	0.00660314825817169	0.00202295333653463	3.26411298714534	0.00130455445472767
