"Estimate"	"Std. Error"	"t value"	"Pr(>|t|)"
"(Intercept)"	-0.86936670201415	0.141059045998935	-6.16314037754596	3.47424412829448e-09
"log(Species)"	0.661741179520551	0.0614493666296456	10.7688852760494	6.59655028298667e-22
"log(Species):Lakeweb"	-0.080141533765062	0.0739531187432096	-1.08368024401162	0.279720365565517
"log(Species):Stream"	-0.154720925841713	0.0866562008573785	-1.78545706263257	0.0755967717393184
"log(Species):Marine"	0.119545637029468	0.0369233758269709	3.2376681262753	0.00139583702142476
"log(Species):Terr"	-0.0587485722292799	0.0354921486660782	-1.65525544204173	0.0993316217760833
"log(Species):Latitude"	-0.00106630314880575	0.00106886306098445	-0.997605013895467	0.319592370980685
"log(Species):Lakeweb:Latitude"	0.00453122114865366	0.00167175548613376	2.71045687376982	0.00726151383104372
"log(Species):Stream:Latitude"	0.00501120301085693	0.00189224933006193	2.64827839082544	0.0086901204140938
