"Estimate"	"Std. Error"	"t value"	"Pr(>|t|)"
"(Intercept)"	-0.317303831555322	0.135437935782051	-2.34279878619779	0.0201799762200089
"log(Species)"	0.638102645990366	0.0536031451280559	11.9042015998495	9.59493934590891e-25
"log(Species):Lakeweb"	-0.0890882110938336	0.0643728506879961	-1.38394074740652	0.168008718176001
"log(Species):Terr"	-0.0607718216310917	0.0256514083954985	-2.36914171316053	0.0188376371099488
"log(Species):Latitude"	-0.000845135831591637	0.000909769252558538	-0.928956248207847	0.354096661397759
"log(Species):Lakeweb:Latitude"	0.00362959493542838	0.001530010384051	2.37226817102922	0.0186836694193527
