"Estimate"	"Std. Error"	"t value"	"Pr(>|t|)"
"(Intercept)"	-0.829290332235991	0.12712799416128	-6.52327080048095	9.09793520114923e-10
"log(Species)"	0.687531133888685	0.0560156250113645	12.2739170320638	1.153163371217e-24
"log(Species):Lakeweb"	-0.0248982183609831	0.0826999877382822	-0.301066772098898	0.76376448351776
"log(Species):Stream"	-0.275668986356988	0.0846270847983731	-3.25745577806182	0.00137946829224387
"log(Species):Latitude"	-0.00177255084753184	0.00107327589215992	-1.65153327348541	0.100641295017336
"log(Species):Lakeweb:Latitude"	0.00310963599236056	0.00187921808683376	1.65474992718908	0.0999857855682945
"log(Species):Stream:Latitude"	0.00835280317219215	0.00190072522380934	4.39453481626969	2.0425500332222e-05
