"Estimate"	"Std. Error"	"t value"	"Pr(>|t|)"
"(Intercept)"	-0.498687523321446	0.143297270428369	-3.48009087563695	0.0006057781816816
"log(Species)"	0.688966918735777	0.0529735482037448	13.0058669297722	5.65559814435061e-29
"log(Species):Latitude"	-0.00113680601204971	0.000893012246087411	-1.27300159323732	0.204379585842712
"log(Species):Lakeweb"	-0.0654561549198103	0.0675022630512394	-0.969688303192503	0.333281443797863
"log(Species):Marine"	0.1299215571009	0.0286182013654213	4.53982259199145	9.32885134567643e-06
"log(Species):Terr"	-0.0521786576808943	0.0265394611330482	-1.96607826433669	0.0505646881980492
"log(Species):Latitude:Lakeweb"	0.00350254266424443	0.00160463240711049	2.18276949208047	0.0301257172720198
