"Estimate"	"Std. Error"	"t value"	"Pr(>|t|)"
"(Intercept)"	-0.312480828872336	0.135041303437924	-2.3139648456961	0.021745021159668
"log(Species)"	0.63739158345052	0.0534128515577856	11.9333000366203	7.86071340022196e-25
"log(Species):Lakeweb"	-0.090071381820322	0.064127835590581	-1.4045598294534	0.161793499893477
"log(Species):Terr"	-0.0613855538358006	0.0255606116500198	-2.40156826746958	0.017293825091065
"log(Species):Latitude"	-0.000844642756209804	0.000906162779217243	-0.932109302634808	0.352469210179557
"log(Species):Lakeweb:Latitude"	0.00363341655223366	0.00152458107503449	2.38322291397423	0.0181529054668494
