"Estimate"	"Std. Error"	"t value"	"Pr(>|t|)"
"(Intercept)"	-1.4784164127172	0.121022752351138	-12.2160204093499	1.73087716272583e-26
"log(Species)"	0.77045837130282	0.048425035877072	15.9103314504226	2.42086863579978e-38
"log(Species):Lakeweb"	-0.0443339965098719	0.0614541562932784	-0.721415754180989	0.471426755886639
"log(Species):Marine"	0.124465994559978	0.0252622990331906	4.92694645077432	1.65094200604717e-06
"log(Species):Latitude"	-0.000840884730443162	0.000826889214173034	-1.01692550347766	0.310316141970848
"log(Species):Lakeweb:Latitude"	0.00403516872780651	0.00149341129787085	2.70198084985658	0.00743517694435123
