"Estimate"	"Std. Error"	"t value"	"Pr(>|t|)"
"(Intercept)"	-0.509617874988832	0.143717623281828	-3.5459664817131	0.000479158286879896
"log(Species)"	0.691031513100028	0.0531955722562063	12.9903953241034	6.33677837587414e-29
"log(Species):Latitude"	-0.00112045471528892	0.000897572544348754	-1.24831660944117	0.213260312298769
"log(Species):Lakeweb"	-0.0600792833870091	0.0674261466540423	-0.891038363726623	0.373895466029014
"log(Species):Marine"	0.124784468597062	0.0284575140231394	4.38493919376081	1.80858508685372e-05
"log(Species):Terr"	-0.051878940137857	0.0266757186019106	-1.9448000974992	0.053091187466757
"log(Species):Latitude:Lakeweb"	0.00333858416124696	0.00159288701658434	2.09593281035459	0.0372473123955427
