"Estimate"	"Std. Error"	"t value"	"Pr(>|t|)"
"(Intercept)"	-1.1950102759096	0.129723980936144	-9.21194575810805	1.74008577544511e-16
"log(Species)"	0.669415840586196	0.0364643238835327	18.3581037378978	3.17678803268752e-41
"log(Species):Lakeweb"	0.057207893476315	0.0251177792058472	2.27758564988888	0.024075378140792
