"Estimate"	"Std. Error"	"t value"	"Pr(>|t|)"
"(Intercept)"	-1.10504576532335	0.115401904697306	-9.57562848049893	2.49391949234499e-18
"log(Species)"	0.719643966368599	0.0514377319446443	13.9905851047837	4.32144853434714e-32
"log(Species):Lakeweb"	-0.0677181070730689	0.0631737086461619	-1.07193496352035	0.284945445109557
"log(Species):Stream"	-0.131610649772451	0.0758894791609601	-1.73424104668458	0.0843020093303094
"log(Species):Marine"	0.133471398565641	0.0271530082893207	4.91552895883492	1.75011251406762e-06
"log(Species):Latitude"	-0.00103797246923668	0.000959373662187636	-1.08192720953983	0.280491256860269
"log(Species):Lakeweb:Latitude"	0.00520373391250427	0.00153459514346275	3.39094902956768	0.000828115809195279
"log(Species):Stream:Latitude"	0.00499056730922054	0.00172223187081037	2.89773252591842	0.00414593641175465
