"Estimate"	"Std. Error"	"t value"	"Pr(>|t|)"
"(Intercept)"	-0.830265011131791	0.127209823664162	-6.52673659326592	8.93420118807741e-10
"log(Species)"	0.687778735965457	0.0560516810411835	12.2704390517765	1.17864578048081e-24
"log(Species):Lakeweb"	-0.0248058681379975	0.0827532199074013	-0.299757135320591	0.76476144421064
"log(Species):Stream"	-0.276751534132715	0.0846815573976232	-3.26814412296677	0.00133165131618271
"log(Species):Latitude"	-0.00177177308888084	0.00107396673632284	-1.64974670905284	0.101006863069321
"log(Species):Lakeweb:Latitude"	0.00310824966530472	0.00188042769831915	1.65294824580763	0.100352518507587
"log(Species):Stream:Latitude"	0.00837188013244214	0.00190194867896732	4.40173818832363	1.98315976837565e-05
