"Estimate"	"Std. Error"	"t value"	"Pr(>|t|)"
"(Intercept)"	-0.896001045214682	0.138126096048178	-6.48683392095699	6.1806641417177e-10
"log(Species)"	0.708932160655104	0.0603916592057978	11.7389084846843	8.53975029067872e-25
"log(Species):Lakeweb"	-0.114191254241198	0.0722614202806958	-1.58025200442544	0.115554174679004
"log(Species):Stream"	-0.176538625726364	0.0861348748201849	-2.04956036791028	0.0416502394842875
"log(Species):Marine"	0.0782755135912922	0.0348961690102051	2.24309761820563	0.0259348692082145
"log(Species):Terr"	-0.0952881062286803	0.0332860343570208	-2.86270527773405	0.00462594027390685
"log(Species):Latitude"	-0.00130816172898588	0.00106315305939651	-1.2304547472482	0.219903355481314
"log(Species):Lakeweb:Latitude"	0.00466512828726132	0.00165975139748078	2.81073918319467	0.0054103939541572
"log(Species):Stream:Latitude"	0.00512862497314107	0.00189486318272665	2.70659381632036	0.00735689776731412
