"Estimate"	"Std. Error"	"t value"	"Pr(>|t|)"
"(Intercept)"	-1.46664086701651	0.121577174432054	-12.063455775049	5.26461300875728e-26
"log(Species)"	0.767355328243024	0.0484601635505412	15.8347655480509	4.23210563880597e-38
"log(Species):Lakeweb"	-0.0451968966112108	0.0614238642777396	-0.73581981763382	0.462631321180822
"log(Species):Marine"	0.117707054608378	0.0259256855817127	4.54017133847389	9.29444965787828e-06
"log(Species):Latitude"	-0.000863825783529351	0.000826599126394001	-1.04503592605735	0.297163751565594
"log(Species):Lakeweb:Latitude"	0.00405488576899203	0.00149245693903906	2.71691977364708	0.00711840815226725
