"Estimate"	"Std. Error"	"t value"	"Pr(>|t|)"
"(Intercept)"	-1.18901055588044	0.129472110863927	-9.18352645945554	2.06860249816068e-16
"log(Species)"	0.667175524757554	0.0364182325423524	18.3198216437787	3.98626849569386e-41
"log(Species):Lakeweb"	0.0594381765779855	0.0250121812726395	2.37636917508687	0.0186664926792242
