"Estimate"	"Std. Error"	"t value"	"Pr(>|t|)"
"(Intercept)"	-0.500602004006136	0.143334945671843	-3.49253283391362	0.0005796866155091
"log(Species)"	0.687383744540784	0.0529864702508898	12.972816292273	7.21070797657253e-29
"log(Species):Latitude"	-0.00108897933892144	0.000893509806867144	-1.21876596155072	0.22425630303445
"log(Species):Lakeweb"	-0.0632088436724345	0.0675263960811278	-0.936061264049897	0.350282192084932
"log(Species):Marine"	0.118827309633188	0.0285832364743446	4.1572377480711	4.63738579123775e-05
"log(Species):Terr"	-0.0518800335322124	0.026545218588669	-1.95440219710068	0.0519382109523729
"log(Species):Latitude:Lakeweb"	0.00345338332113702	0.00160514777272703	2.15144261470081	0.0325459149548532
