"Estimate"	"Std. Error"	"t value"	"Pr(>|t|)"
"(Intercept)"	-0.52187086057872	0.144506820245243	-3.61139259512492	0.000378338672354922
"log(Species)"	0.693966853750217	0.0532808911098169	13.0246855729174	4.92487172648868e-29
"log(Species):Latitude"	-0.00111648016620249	0.000896504755832905	-1.24537004286744	0.214338832706984
"log(Species):Lakeweb"	-0.059348403192902	0.0673415389946412	-0.881304527323391	0.379128109211999
"log(Species):Marine"	0.125514792111031	0.0284404701525081	4.41324603418915	1.60455005487208e-05
"log(Species):Terr"	-0.0516215368920619	0.0266457970835178	-1.93732380120815	0.0540037491976708
"log(Species):Latitude:Lakeweb"	0.00329922343588188	0.00158773822895576	2.07793915628759	0.0388912566407264
