"Estimate"	"Std. Error"	"t value"	"Pr(>|t|)"
"(Intercept)"	-1.01351890936868	0.135610576177636	-7.47374532234913	2.81902252958815e-12
"log(Species)"	0.637702265542529	0.0536920317894776	11.8770373235811	1.15569393487873e-24
"log(Species):Lakeweb"	-0.086404245679833	0.0644442379853577	-1.3407598317706	0.181607677143523
"log(Species):Terr"	-0.0600029806899792	0.025672538937633	-2.33724373096662	0.0204735520312568
"log(Species):Latitude"	-0.000823861302963893	0.000910721376218206	-0.904624975846068	0.366815766536887
"log(Species):Lakeweb:Latitude"	0.0035626392166205	0.00153854989270286	2.31558250630521	0.0216544777252649
