"Estimate"	"Std. Error"	"t value"	"Pr(>|t|)"
"(Intercept)"	-0.873450854935905	0.140654543089207	-6.20990147742288	2.70130994799328e-09
"log(Species)"	0.662704630023641	0.0613306063818971	10.8054472166323	5.09623862394698e-22
"log(Species):Lakeweb"	-0.0797463151432017	0.0738355318203342	-1.08005337236888	0.281328494170196
"log(Species):Stream"	-0.151016463756038	0.0866152574465638	-1.74353189274078	0.0826701643919699
"log(Species):Marine"	0.11978705055127	0.0368638408889542	3.24944573497121	0.00134191781082229
"log(Species):Terr"	-0.0586628422667008	0.035436987221375	-1.65541280076192	0.0992996825992717
"log(Species):Latitude"	-0.00106458073924851	0.0010672073041141	-0.99753884287011	0.319624397128985
"log(Species):Lakeweb:Latitude"	0.00452831126714541	0.00166916465794925	2.71292064900831	0.00720955095039422
"log(Species):Stream:Latitude"	0.00494367744717476	0.00189075716850007	2.61465487453186	0.00956380711997083
