"Estimate"	"Std. Error"	"t value"	"Pr(>|t|)"
"(Intercept)"	-1.10893313675945	0.116283155443432	-9.53648989426419	3.25282752369389e-18
"log(Species)"	0.720681376453237	0.0517208220040006	13.9340665621574	6.5565020625689e-32
"log(Species):Lakeweb"	-0.0502706024837154	0.0627701970768923	-0.800867367393078	0.42408846507666
"log(Species):Stream"	-0.131629040684875	0.0762165624896352	-1.72703985046263	0.0855900816368964
"log(Species):Marine"	0.133618819804199	0.0272723831760296	4.89941854152445	1.88426344581965e-06
"log(Species):Latitude"	-0.00103695306683515	0.000963511573836353	-1.0762227408503	0.283028239467283
"log(Species):Lakeweb:Latitude"	0.00478110449680479	0.00152879165971106	3.12737479069476	0.002006616404557
"log(Species):Stream:Latitude"	0.00498969380427	0.00172965568672174	2.88479021725248	0.0043135273289328
