"Estimate"	"Std. Error"	"t value"	"Pr(>|t|)"
"(Intercept)"	-1.46615717914604	0.12155019972061	-12.0621536000441	5.31477709438618e-26
"log(Species)"	0.767261127742255	0.0484494115410918	15.8363353307503	4.18327270813483e-38
"log(Species):Latitude"	-0.000864669841497271	0.000826415726236702	-1.0462891908347	0.296586239727188
"log(Species):Lakeweb"	-0.0452655996947655	0.0614102359710904	-0.737101868751569	0.461852964082687
"log(Species):Marine"	0.117491995824098	0.0259199333680193	4.53288186184391	9.59243777130359e-06
"log(Species):Latitude:Lakeweb"	0.00405559739866404	0.00149212580290712	2.71799964236426	0.00709599010714147
