"Estimate"	"Std. Error"	"t value"	"Pr(>|t|)"
"(Intercept)"	-0.630036075329722	0.135788921733662	-4.63981941446947	6.52257390586486e-06
"log(Species)"	0.553166815440899	0.0561503417888327	9.85153069096569	1.00415347563158e-18
"log(Species):Lakeweb"	-0.0646864133383789	0.0649044384608226	-0.996640828768972	0.320219924559551
"log(Species):Stream"	-0.181827531726615	0.090077127436244	-2.01857604590367	0.0449521666868382
"log(Species):Latitude"	-0.000643063734574443	0.00103439266663464	-0.6216824184056	0.53490385806877
"log(Species):Lakeweb:Latitude"	0.00462281911733087	0.00158918271202735	2.9089286476276	0.00406386338157063
"log(Species):Stream:Latitude"	0.0064981071083101	0.00202179600451268	3.21402707978758	0.00154047273283285
