"Estimate"	"Std. Error"	"t value"	"Pr(>|t|)"
"(Intercept)"	-1.19343746774399	0.146509037951295	-8.14582830132798	2.95283235384323e-14
"log(Species)"	0.693523763937071	0.0539557542609558	12.8535644332365	1.7313064006894e-28
"log(Species):Lakeweb"	-0.0619876572354388	0.068315404766714	-0.907374514534703	0.365215299960625
"log(Species):Marine"	0.117372870593744	0.0296144056167203	3.96337080381838	0.000100298042896323
"log(Species):Terr"	-0.0526664784420234	0.02701699527622	-1.94938326425884	0.0525382030718487
"log(Species):Latitude"	-0.0011955848124089	0.000909332711461525	-1.31479358142444	0.189967095329901
"log(Species):Lakeweb:Latitude"	0.00346249768947219	0.00160934669550918	2.15149271386591	0.0325419143731211
