"Estimate"	"Std. Error"	"t value"	"Pr(>|t|)"
"(Intercept)"	-0.627562361533695	0.135890412275186	-4.61815039800487	7.16463295621031e-06
"log(Species)"	0.553616253884408	0.0561779367659114	9.85469181951767	9.83536545839587e-19
"log(Species):Lakeweb"	-0.0660048225206768	0.0649523542014067	-1.01620369780603	0.31083839822497
"log(Species):Stream"	-0.192819916838583	0.0895709155025344	-2.15270677715834	0.0326160875425837
"log(Species):Latitude"	-0.000635933591641817	0.0010349085067974	-0.614482910774174	0.539639209310187
"log(Species):Lakeweb:Latitude"	0.00461790197619203	0.00158993969611542	2.90445102256055	0.00411987182965591
"log(Species):Stream:Latitude"	0.00667659279020995	0.00201411013450017	3.31490948575502	0.00109997082341317
