"Estimate"	"Std. Error"	"t value"	"Pr(>|t|)"
"(Intercept)"	-1.02175544908726	0.136641627341416	-7.4776293942568	2.75549324453222e-12
"log(Species)"	0.639790151176627	0.0538778179541019	11.8748341241596	1.17326260174158e-24
"log(Species):Lakeweb"	-0.0869647971177156	0.0644703924285082	-1.34891062147871	0.178979607766222
"log(Species):Terr"	-0.059966469321289	0.025687329616259	-2.33447657725125	0.0206211877124881
"log(Species):Latitude"	-0.000821033742454647	0.000911259335822501	-0.900988017547808	0.368741348669589
"log(Species):Lakeweb:Latitude"	0.00362802322617995	0.00153454247808766	2.3642377307803	0.0190813955715278
