"Estimate"	"Std. Error"	"t value"	"Pr(>|t|)"
"(Intercept)"	-1.48861637124694	0.121764535755133	-12.2253689222003	1.61669773704652e-26
"log(Species)"	0.771382458653144	0.0485904979187069	15.8751709015966	3.13930715121784e-38
"log(Species):Latitude"	-0.000824943425386304	0.000829588316661013	-0.994400968309915	0.321130160442523
"log(Species):Lakeweb"	-0.0418227903457292	0.0616622928463439	-0.678255517516148	0.498329004609352
"log(Species):Marine"	0.126087601473476	0.0253432718746665	4.97519034231386	1.32119480130653e-06
"log(Species):Latitude:Lakeweb"	0.00402202005661325	0.0014979761200702	2.68496940820709	0.00781135170378071
