"Estimate"	"Std. Error"	"t value"	"Pr(>|t|)"
"(Intercept)"	-1.07731764471588	0.11642306118047	-9.25347292703382	2.19285899425997e-17
"log(Species)"	0.713972096532783	0.05164921778986	13.8234832410754	1.48184620370423e-31
"log(Species):Lakeweb"	-0.0535832361967131	0.0627590192593687	-0.853793396217137	0.394165331707356
"log(Species):Stream"	-0.133207312664458	0.0761677726696443	-1.74886711263313	0.0817344759168365
"log(Species):Marine"	0.125468555879771	0.0278010324973538	4.51308978872326	1.04935622804445e-05
"log(Species):Latitude"	-0.00108887987004638	0.000963407584637456	-1.13023800872	0.25962941991974
"log(Species):Lakeweb:Latitude"	0.00487711726991684	0.00152737988348862	3.19312655786538	0.0016174503644142
"log(Species):Stream:Latitude"	0.00504043404227206	0.0017286806193647	2.91576939418945	0.00392229005618629
