"Estimate"	"Std. Error"	"t value"	"Pr(>|t|)"
"(Intercept)"	-1.49783172191372	0.121489626537855	-12.3288857213419	7.58913909035494e-27
"log(Species)"	0.775546969515046	0.0486063065948393	15.9556860795794	1.73147735352364e-38
"log(Species):Latitude"	-0.000875707008431001	0.000827904546823476	-1.05773909781138	0.291345067483143
"log(Species):Lakeweb"	-0.0428836185517845	0.0614539316684054	-0.697817330601025	0.486035047327683
"log(Species):Marine"	0.126989275654099	0.0252747984816735	5.02434374486417	1.05116818815867e-06
"log(Species):Latitude:Lakeweb"	0.00407530669896863	0.00149431885107498	2.72720021971011	0.00690755955600339
