"Estimate"	"Std. Error"	"t value"	"Pr(>|t|)"
"(Intercept)"	-1.47854062196094	0.121405527826806	-12.1785280162052	2.27555721285653e-26
"log(Species)"	0.770489845995899	0.0485213627620033	15.8793941912791	3.04282037085833e-38
"log(Species):Latitude"	-0.000849853730401752	0.000828791599625646	-1.02541306015363	0.306304795800964
"log(Species):Lakeweb"	-0.0443236381691973	0.0615975299250863	-0.719568434369086	0.472561449355361
"log(Species):Marine"	0.124854484455143	0.0253143455876061	4.93216322827923	1.6117641487222e-06
"log(Species):Latitude:Lakeweb"	0.00404417173485829	0.00149647589979521	2.70246365839351	0.00742474346133029
