"Estimate"	"Std. Error"	"t value"	"Pr(>|t|)"
"(Intercept)"	-1.1124174151869	0.116782105312074	-9.52558110006847	3.50257221019598e-18
"log(Species)"	0.721611214426722	0.0518194899409974	13.9254789124393	6.98518413401875e-32
"log(Species):Lakeweb"	-0.0498761470662578	0.0628081892181888	-0.794102611253343	0.428007254663083
"log(Species):Stream"	-0.131645524589353	0.0762596212291385	-1.72628086092632	0.0857267696564889
"log(Species):Marine"	0.133750954499764	0.0272904471493268	4.90101733283849	1.87051797310058e-06
"log(Species):Latitude"	-0.001036039369275	0.00096405932731831	-1.07466349831074	0.283724407004633
"log(Species):Lakeweb:Latitude"	0.00479362538988168	0.00152947585204376	3.13416219254211	0.0019627658160891
"log(Species):Stream:Latitude"	0.00498891087562388	0.00173063399717841	2.88270707946204	0.00434107274172337
