"Estimate"	"Std. Error"	"t value"	"Pr(>|t|)"
"(Intercept)"	-0.510381988881349	0.143539328076017	-3.55569442690339	0.000462717473337613
"log(Species)"	0.691214565185874	0.0530068567480413	13.0400972174494	4.3972572956016e-29
"log(Species):Latitude"	-0.00112020685666286	0.000892902339055803	-1.25456817354451	0.210985149178336
"log(Species):Lakeweb"	-0.0417871522337216	0.0694512302936815	-0.601676198636373	0.548017771020688
"log(Species):Marine"	0.124830012627042	0.0283194034723166	4.40793227685987	1.64108553168303e-05
"log(Species):Terr"	-0.0518628880993845	0.0265379946909284	-1.95428813304847	0.0519517824567504
"log(Species):Latitude:Lakeweb"	0.0030090707035065	0.00164010265814658	1.83468436476222	0.0679215312407272
