"Estimate"	"Std. Error"	"t value"	"Pr(>|t|)"
"(Intercept)"	-0.626556135645332	0.136320459280596	-4.59620029856015	7.87694237292957e-06
"log(Species)"	0.552259439243538	0.0563074582901094	9.80792697830837	1.33655574726191e-18
"log(Species):Lakeweb"	-0.0650014767633141	0.0650425042391723	-0.999369220537582	0.318900419410815
"log(Species):Stream"	-0.187851874357346	0.0900966732376505	-2.08500344803901	0.0384196527463541
"log(Species):Latitude"	-0.000645303344853764	0.00103653788315991	-0.622556450022395	0.534330420116615
"log(Species):Lakeweb:Latitude"	0.00462817190617441	0.00159250839122006	2.90621508287856	0.0040977222968933
"log(Species):Stream:Latitude"	0.00661337974844983	0.00202296501322458	3.26915181687111	0.00128278095847255
