"Estimate"	"Std. Error"	"t value"	"Pr(>|t|)"
"(Intercept)"	-0.844696144181509	0.140802524964866	-5.99915480487499	8.31411483123961e-09
"log(Species)"	0.662464440356646	0.0612602621000395	10.8139341499197	4.79977593660224e-22
"log(Species):Lakeweb"	-0.0955121907541899	0.0742498392502602	-1.28636225638502	0.19970013670095
"log(Species):Stream"	-0.164882913102919	0.0862226335617411	-1.91229270426832	0.0571678120949416
"log(Species):Marine"	0.111677470640499	0.0371728016740006	3.00427908608806	0.00297796929342092
"log(Species):Terr"	-0.0656916193475223	0.0357154779229344	-1.83930394237673	0.0672494587078502
"log(Species):Latitude"	-0.00107982682871242	0.00106388865430271	-1.01498105496778	0.311255693102417
"log(Species):Lakeweb:Latitude"	0.00479714807171609	0.00168623372296745	2.8448891789888	0.00487191145960157
"log(Species):Stream:Latitude"	0.00508183763700895	0.00188057664990627	2.70227626045565	0.00743648550042138
