"Estimate"	"Std. Error"	"t value"	"Pr(>|t|)"
"(Intercept)"	-1.48489321379178	0.121468000678474	-12.224562893089	1.6262388238621e-26
"log(Species)"	0.770934606713356	0.0486108269417595	15.8593189051692	3.52958824636593e-38
"log(Species):Lakeweb"	-0.0417676694462319	0.0635034913821746	-0.657722410802063	0.511410409739366
"log(Species):Marine"	0.12568233101711	0.0253278480708873	4.96221908254312	1.40298003661319e-06
"log(Species):Latitude"	-0.000832554993449776	0.000829598438344027	-1.00356383880333	0.316701516482656
"log(Species):Lakeweb:Latitude"	0.00401048228978361	0.00153028458163808	2.620742793795	0.00939125552464813
