"Estimate"	"Std. Error"	"t value"	"Pr(>|t|)"
"(Intercept)"	-1.10339746638881	0.115988457113937	-9.5129937395833	3.81451005777542e-18
"log(Species)"	0.71920409022985	0.0516798063919819	13.9165399493724	7.46118755661596e-32
"log(Species):Lakeweb"	-0.0323829623348621	0.0645132143550086	-0.501958593423395	0.616207928777127
"log(Species):Stream"	-0.131602851772735	0.0762306586226794	-1.72637694794338	0.0857094553288942
"log(Species):Marine"	0.133408889933667	0.0272754945198353	4.89116301215544	1.9568091554374e-06
"log(Species):Latitude"	-0.00103840470987022	0.000963687289269841	-1.07753284850004	0.282444206937915
"log(Species):Lakeweb:Latitude"	0.0044622457655033	0.00155821441984439	2.86369174144141	0.00460003637545914
"log(Species):Stream:Latitude"	0.00499093768732897	0.00172997475658127	2.8849771757317	0.00431106298964925
