"Estimate"	"Std. Error"	"t value"	"Pr(>|t|)"
"(Intercept)"	-0.4899041512429	0.128765912006369	-3.80461058062221	0.000201788383149646
"log(Species)"	0.666841470050513	0.0361718862430801	18.4353524051593	2.01046109025881e-41
"log(Species):Lakeweb"	0.0553520719092904	0.024858998719742	2.22664124703189	0.0273675855543509
