"Estimate"	"Std. Error"	"t value"	"Pr(>|t|)"
"(Intercept)"	-1.00868431264483	0.135757505659641	-7.43004453229796	3.64162686036495e-12
"log(Species)"	0.637549979012632	0.0537041504469517	11.8715215436169	1.20018075417333e-24
"log(Species):Lakeweb"	-0.0890179243639942	0.0644765775490902	-1.38062421654157	0.169025071047784
"log(Species):Terr"	-0.0607148850524174	0.0257003728372671	-2.36241261700208	0.0191728223198276
"log(Species):Latitude"	-0.000835696545283355	0.000911102689008276	-0.917236394278454	0.360187735220337
"log(Species):Lakeweb:Latitude"	0.00367917349529674	0.00153288513878834	2.40016254460195	0.0173583576653407
