"Estimate"	"Std. Error"	"t value"	"Pr(>|t|)"
"(Intercept)"	-1.23139070382713	0.141363914536961	-8.71078526553651	8.66656416025297e-16
"log(Species)"	0.736752281042199	0.0532839856366196	13.8268988747693	2.02495690900853e-31
"log(Species):Lakeweb"	-0.0939436540490557	0.0670891904015635	-1.40028003746586	0.162891292686272
"log(Species):Marine"	0.103988427612584	0.0286806835529493	3.62573044748406	0.000360887477331325
"log(Species):Terr"	-0.0797006267171557	0.0265779018631412	-2.99875539941271	0.0030349030316866
"log(Species):Latitude"	-0.00152294568538596	0.000894955664202639	-1.70169958837328	0.0902776928833166
"log(Species):Lakeweb:Latitude"	0.00378719006493498	0.00158298554201331	2.39243503141429	0.0176097006347178
