"Estimate"	"Std. Error"	"t value"	"Pr(>|t|)"
"(Intercept)"	-0.626084085616147	0.135694218269562	-4.61393339819686	7.29647633564819e-06
"log(Species)"	0.553543937048961	0.0560908167504114	9.86870880329801	8.9707760359993e-19
"log(Species):Lakeweb"	-0.0664517971724946	0.0648531631588338	-1.02465005461253	0.306844956149772
"log(Species):Stream"	-0.193086954836931	0.0894328386600216	-2.15901628227356	0.0321159527475411
"log(Species):Latitude"	-0.000634315275371489	0.00103331495894263	-0.613864407828345	0.540047003624924
"log(Species):Lakeweb:Latitude"	0.00461760613597471	0.00158749357748462	2.90874004245819	0.00406620842840097
"log(Species):Stream:Latitude"	0.00667415426861586	0.00201101372490993	3.31880095393918	0.00108560057380063
