"Estimate"	"Std. Error"	"t value"	"Pr(>|t|)"
"(Intercept)"	-1.23178780940241	0.142117168419573	-8.66741030025168	1.1483880740256e-15
"log(Species)"	0.737027453801228	0.0536327266983349	13.7421216330609	3.7621552830502e-31
"log(Species):Latitude"	-0.00150101713583809	0.000899958056344585	-1.66787454732598	0.0968170001546429
"log(Species):Lakeweb"	-0.0940863026876241	0.0674945715351451	-1.39398325743327	0.164782024761824
"log(Species):Marine"	0.0955590125560524	0.0285534353113623	3.34667305401346	0.000967483503247758
"log(Species):Terr"	-0.0806959208521223	0.0267597286274271	-3.01557321360179	0.00287814791268114
"log(Species):Latitude:Lakeweb"	0.00376513528031331	0.00159154986170243	2.3657036269576	0.0188975338464401
