"Estimate"	"Std. Error"	"t value"	"Pr(>|t|)"
"(Intercept)"	-1.50013433317543	0.121228990815922	-12.3743860530299	5.44106174432992e-27
"log(Species)"	0.772821146130577	0.0483748454670547	15.9756819617522	1.49367501371627e-38
"log(Species):Latitude"	-0.000801191608975434	0.000825975504072208	-0.969994394537628	0.333124249633204
"log(Species):Lakeweb"	-0.0393822875502364	0.0613932415796567	-0.641475943229655	0.521887369504606
"log(Species):Marine"	0.127279446086508	0.0252317372596386	5.04441865325333	9.57007091118345e-07
"log(Species):Latitude:Lakeweb"	0.00400142172856485	0.0014914018010779	2.6829937617568	0.00785613396728613
