"Estimate"	"Std. Error"	"t value"	"Pr(>|t|)"
"(Intercept)"	-1.226065838649	0.146924084096538	-8.34489352911943	8.31325000810262e-15
"log(Species)"	0.697621150818325	0.0540197808462706	12.914179581802	1.10936091295533e-28
"log(Species):Lakeweb"	-0.0591073525697401	0.0688924914011902	-0.85796508977347	0.391858361930225
"log(Species):Marine"	0.128955270241647	0.028913404583856	4.46005138784833	1.31475093521058e-05
"log(Species):Terr"	-0.0506974511510413	0.0270779143611117	-1.8722805041385	0.0625128675330433
"log(Species):Latitude"	-0.00112053430891342	0.000910635092370077	-1.23049761457912	0.219842996462072
"log(Species):Lakeweb:Latitude"	0.00352867512914238	0.00163591710604595	2.15700118062293	0.0321046245218845
