"Estimate"	"Std. Error"	"t value"	"Pr(>|t|)"
"(Intercept)"	-0.485877041071342	0.144007948947759	-3.37395987250398	0.000877526850995801
"log(Species)"	0.686682321254965	0.0530346633470668	12.9478020207503	8.66571236249077e-29
"log(Species):Latitude"	-0.00115909398947108	0.000893809286579381	-1.29680235691771	0.196076410961915
"log(Species):Lakeweb"	-0.0635873405026147	0.0671491770034074	-0.946956364027933	0.344714312670734
"log(Species):Marine"	0.115219012692998	0.0291088513842309	3.95821226925551	0.000102338583633538
"log(Species):Terr"	-0.0525470310834271	0.0265557820245406	-1.97874161773385	0.0491097929506434
"log(Species):Latitude:Lakeweb"	0.00337946305670699	0.00158187317319752	2.13636789217173	0.0337691082496926
