"Estimate"	"Std. Error"	"t value"	"Pr(>|t|)"
"(Intercept)"	-0.498168796638409	0.143799848797506	-3.46432072637235	0.000640431553224756
"log(Species)"	0.69017705228637	0.0532305145833544	12.9658158988039	7.59136003757953e-29
"log(Species):Latitude"	-0.00114944136163259	0.000896910138161684	-1.28155688371245	0.20136581121949
"log(Species):Lakeweb"	-0.0668462357600365	0.0677987697759623	-0.985950570798357	0.325255412109831
"log(Species):Marine"	0.123292488742737	0.0284430872968349	4.33470837592433	2.23340029394526e-05
"log(Species):Terr"	-0.0530529555107296	0.0266698657728802	-1.98924718866331	0.047929801236449
"log(Species):Latitude:Lakeweb"	0.00351553909946447	0.00161069183501996	2.18262675890506	0.0301363811472258
