"Estimate"	"Std. Error"	"t value"	"Pr(>|t|)"
"(Intercept)"	-0.846069616785595	0.125979197687201	-6.71594701600129	3.28969908546134e-10
"log(Species)"	0.691793651235825	0.0555244385016075	12.4592642430017	3.59767601749836e-25
"log(Species):Lakeweb"	-0.0233083915201936	0.0819851335518993	-0.284300220178804	0.776557337583963
"log(Species):Stream"	-0.222133288074557	0.0896482289320792	-2.47783242034657	0.0142839496288737
"log(Species):Latitude"	-0.00175916158284949	0.00106400383939695	-1.65334138629286	0.100272402404483
"log(Species):Lakeweb:Latitude"	0.00308577010560652	0.00186298323790408	1.65635956503726	0.0996590565033292
"log(Species):Stream:Latitude"	0.00720076338739575	0.00200091527935729	3.59873476987426	0.000428925169847163
