"Estimate"	"Std. Error"	"t value"	"Pr(>|t|)"
"(Intercept)"	-0.514053287363309	0.143879920103442	-3.5727938060692	0.000435095920820362
"log(Species)"	0.692094066071109	0.0532027792720361	13.0086073611361	5.5428047255163e-29
"log(Species):Latitude"	-0.00111901598314714	0.00089705474361029	-1.24743332680405	0.213583202065843
"log(Species):Lakeweb"	-0.0622491681008298	0.0675205770039606	-0.921928852847012	0.357589549017609
"log(Species):Marine"	0.125048835671312	0.0284453804404419	4.39610347040835	1.72530458379498e-05
"log(Species):Terr"	-0.051785763700714	0.0266607915039993	-1.94239408432213	0.0533834409124452
"log(Species):Latitude:Lakeweb"	0.00336846574533179	0.00158949645623126	2.11920305460668	0.0352099009199281
