"Estimate"	"Std. Error"	"t value"	"Pr(>|t|)"
"(Intercept)"	-0.889133881550012	0.13869445612992	-6.41073844160816	9.39686285201535e-10
"log(Species)"	0.699874374501645	0.0603266490463164	11.6014130664594	2.27610616190316e-24
"log(Species):Lakeweb"	-0.107349841047972	0.0724474873380762	-1.48176072065858	0.139902931013272
"log(Species):Stream"	-0.169221308006418	0.0863796141433659	-1.95904218471685	0.0514314333392632
"log(Species):Marine"	0.082615205451351	0.0349224951366857	2.36567304621269	0.0189077102623441
"log(Species):Terr"	-0.0947753476311126	0.0334397459517663	-2.8342125495755	0.00504217330376153
"log(Species):Latitude"	-0.00113155567600581	0.00106064494092977	-1.06685624221606	0.287261712041319
"log(Species):Lakeweb:Latitude"	0.00448215352775643	0.00166645081808224	2.68964044970408	0.00772783143752882
"log(Species):Stream:Latitude"	0.00495164049670746	0.00189952064295131	2.60678425111191	0.00979483415219466
