"Estimate"	"Std. Error"	"t value"	"Pr(>|t|)"
"(Intercept)"	-1.48852602698982	0.121246473704236	-12.2768603614887	1.10998325044185e-26
"log(Species)"	0.771894921039905	0.0485328909779103	15.9045732798245	2.52611492647186e-38
"log(Species):Lakeweb"	-0.0462959951290285	0.0617243486129113	-0.7500442883466	0.454036736438934
"log(Species):Marine"	0.125854333368232	0.0252910518647868	4.9762395823268	1.31478491188742e-06
"log(Species):Latitude"	-0.000832192987277396	0.000828409857956711	-1.00456673624094	0.316219252389221
"log(Species):Lakeweb:Latitude"	0.00408099795656147	0.00149765906992252	2.72491786583484	0.00695387591123869
