"Estimate"	"Std. Error"	"t value"	"Pr(>|t|)"
"(Intercept)"	-1.48364708699804	0.12125120544976	-12.2361429850921	1.49440095579004e-26
"log(Species)"	0.770605199901751	0.0485556510848925	15.8705564168929	3.24823497228495e-38
"log(Species):Latitude"	-0.000832679168728357	0.000829073579258188	-1.00434893785108	0.316323943996879
"log(Species):Lakeweb"	-0.0418568713837927	0.0616212330206072	-0.679260529723496	0.497693354617205
"log(Species):Marine"	0.125623330808006	0.0253103261483871	4.96332327254548	1.39583134454821e-06
"log(Species):Latitude:Lakeweb"	0.00395574351899674	0.0015037205179164	2.63063745680476	0.00913051423184786
