"Estimate"	"Std. Error"	"t value"	"Pr(>|t|)"
"(Intercept)"	-1.48460310892626	0.120549661255289	-12.3152822950063	8.38262183084383e-27
"log(Species)"	0.758480164293097	0.0488423912998092	15.5291365575719	4.06037092681493e-37
"log(Species):Lakeweb"	-0.0302721420714859	0.0617001204915284	-0.490633435240087	0.624179221439768
"log(Species):Marine"	0.13205323496519	0.0254556682921797	5.18757682766308	4.86264253891189e-07
"log(Species):Latitude"	-0.000539921352867676	0.000842808313078743	-0.640621769492717	0.522441265211958
"log(Species):Lakeweb:Latitude"	0.00373589919803314	0.00149917278538642	2.49197373007955	0.0134484936399407
