"Estimate"	"Std. Error"	"t value"	"Pr(>|t|)"
"(Intercept)"	-1.01013928255008	0.135782411557188	-7.43939712784257	3.44767147054386e-12
"log(Species)"	0.638168752301042	0.0537483307488866	11.873275754043	1.18585005749749e-24
"log(Species):Lakeweb"	-0.0891255931440669	0.0645428370336814	-1.38087504733573	0.16894804165815
"log(Species):Terr"	-0.060631212814659	0.0257198787975102	-2.35736775013607	0.0194275493081532
"log(Species):Latitude"	-0.000843894776828031	0.000912189979849707	-0.92513050512468	0.356077735999223
"log(Species):Lakeweb:Latitude"	0.00368607010051124	0.00153406037749995	2.40281944216459	0.0172365658511336
