"Estimate"	"Std. Error"	"t value"	"Pr(>|t|)"
"(Intercept)"	-1.01253877499548	0.135831202596691	-7.4543901227312	3.15783342325878e-12
"log(Species)"	0.637453810663757	0.0537732692115919	11.8544737935766	1.34877640301202e-24
"log(Species):Lakeweb"	-0.0875644872157306	0.0645278827991794	-1.35700232856306	0.176398892081889
"log(Species):Terr"	-0.0600073254814436	0.0257093536510572	-2.33406589274468	0.0206431784716501
"log(Species):Latitude"	-0.000824197777908727	0.000912027724020016	-0.903698162020608	0.367305865804768
"log(Species):Lakeweb:Latitude"	0.00366379784275627	0.0015391836878069	2.3803512678702	0.0182907355946205
