"Estimate"	"Std. Error"	"t value"	"Pr(>|t|)"
"(Intercept)"	-1.20754287082358	0.145846535401724	-8.27954443688011	1.26241674864379e-14
"log(Species)"	0.696039997410542	0.0539159500411731	12.9097233171076	1.14627173821761e-28
"log(Species):Lakeweb"	-0.063951852526512	0.0687031313881191	-0.930843343445788	0.35296900981968
"log(Species):Marine"	0.132794063392746	0.0291273204723185	4.55908958460316	8.58105477637094e-06
"log(Species):Terr"	-0.0522609576562058	0.0270115993564487	-1.93475984026577	0.0543197283131984
"log(Species):Latitude"	-0.00117106013659071	0.000908898974654693	-1.28843817547007	0.198965520158533
"log(Species):Lakeweb:Latitude"	0.00359209479447656	0.00163317889078272	2.19944968352795	0.0289017856621267
