"Estimate"	"Std. Error"	"t value"	"Pr(>|t|)"
"(Intercept)"	-0.337189220654434	0.134562390624522	-2.50582067611532	0.0130611357021384
"log(Species)"	0.658806359740197	0.0543983916688516	12.1107690784437	2.32731174646848e-25
"log(Species):Lakeweb"	-0.102806548732523	0.0643247398511968	-1.59824274408799	0.111659424114204
"log(Species):Terr"	-0.0645565752948234	0.0255305179813831	-2.52860421170845	0.0122695232894745
"log(Species):Latitude"	-0.00115173978495223	0.000918880471137528	-1.25341632685526	0.211602548615935
"log(Species):Lakeweb:Latitude"	0.00391840927957183	0.00152643482278237	2.56703346981392	0.0110309684476135
