"Estimate"	"Std. Error"	"t value"	"Pr(>|t|)"
"(Intercept)"	-0.317303831555322	0.135437935782051	-2.34279878619779	0.0201799762200086
"log(Species)"	0.638102645990366	0.0536031451280559	11.9042015998495	9.59493934590891e-25
"log(Species):Lakeweb"	-0.089088211093834	0.0643728506879962	-1.38394074740652	0.168008718175999
"log(Species):Terr"	-0.0607718216310918	0.0256514083954985	-2.36914171316054	0.0188376371099488
"log(Species):Latitude"	-0.000845135831591639	0.000909769252558538	-0.92895624820785	0.354096661397758
"log(Species):Lakeweb:Latitude"	0.00362959493542839	0.001530010384051	2.37226817102922	0.0186836694193526
