"Estimate"	"Std. Error"	"t value"	"Pr(>|t|)"
"(Intercept)"	-0.884879660391177	0.138689289874415	-6.38030277026042	1.11014018001332e-09
"log(Species)"	0.698836731014568	0.0602852025767539	11.5921768716763	2.43083602088979e-24
"log(Species):Lakeweb"	-0.107807310497065	0.0723696473410846	-1.48967577510719	0.137809842890339
"log(Species):Stream"	-0.16513607316968	0.0865242274760621	-1.9085529913037	0.0576834523185304
"log(Species):Marine"	0.0824017063960513	0.0348894043243389	2.36179745661544	0.0191012029922749
"log(Species):Terr"	-0.0948335784950503	0.0334069024894041	-2.83874203916778	0.00497380314128464
"log(Species):Latitude"	-0.00113326274650009	0.00105960273640892	-1.0695166287894	0.286064717948178
"log(Species):Lakeweb:Latitude"	0.00449376465890142	0.0016612208348734	2.70509769957459	0.00738897292529091
"log(Species):Stream:Latitude"	0.00487957137487903	0.00190090410151682	2.56697398410861	0.0109544063046998
