"Estimate"	"Std. Error"	"t value"	"Pr(>|t|)"
"(Intercept)"	-0.513617455102195	0.144561058030273	-3.55294477019278	0.000467310016618364
"log(Species)"	0.692775989326944	0.0533110644305302	12.9949757471022	6.12698950834645e-29
"log(Species):Latitude"	-0.00115381831666463	0.00089572291452498	-1.28814201127871	0.199068390838018
"log(Species):Lakeweb"	-0.0640860032997328	0.0676739489912144	-0.946981877887052	0.344701341035869
"log(Species):Marine"	0.125715961775338	0.0284377343410408	4.420744643989	1.55431792100924e-05
"log(Species):Terr"	-0.0512717794261412	0.0266199570424257	-1.92606544572655	0.0554028001287428
"log(Species):Latitude:Lakeweb"	0.00350916224354536	0.00160869520211763	2.18137173463688	0.0302302871812407
