"Estimate"	"Std. Error"	"t value"	"Pr(>|t|)"
"(Intercept)"	-0.834958687573489	0.127025184405889	-6.57317437859808	7.00106459526581e-10
"log(Species)"	0.681093085738698	0.0573806440742688	11.8697358094682	1.46129834375575e-23
"log(Species):Lakeweb"	-0.0164831391691503	0.0836805907917896	-0.19697684986669	0.844102053150997
"log(Species):Stream"	-0.274084565331971	0.085227549598444	-3.21591511927001	0.00158090252274518
"log(Species):Latitude"	-0.00154642845469665	0.00112913964871038	-1.36956350480019	0.17279145577524
"log(Species):Lakeweb:Latitude"	0.00287997440114872	0.00191258741318891	1.50580014345428	0.134140638849091
"log(Species):Stream:Latitude"	0.00824211002892196	0.00192878885296999	4.27320492662045	3.34050110502071e-05
