"Estimate"	"Std. Error"	"t value"	"Pr(>|t|)"
"(Intercept)"	-0.325821917073472	0.13550756972576	-2.40445546867138	0.0171619470139159
"log(Species)"	0.638803981297351	0.0535995604500394	11.9180824606348	8.72457200207011e-25
"log(Species):Lakeweb"	-0.0900323237271288	0.0643799601106374	-1.39845261743573	0.163615886019845
"log(Species):Terr"	-0.0600583694475833	0.0256111650265995	-2.34500731947209	0.0200642913189299
"log(Species):Latitude"	-0.000821416650337252	0.000908547236569521	-0.904099002533699	0.367093850841164
"log(Species):Lakeweb:Latitude"	0.00363793309451463	0.00152937002490465	2.37871348023931	0.0183697571639543
