"Estimate"	"Std. Error"	"t value"	"Pr(>|t|)"
"(Intercept)"	-0.486510862707902	0.129895836574091	-3.74539227383475	0.000252451806340723
"log(Species)"	0.715878764533551	0.053842459549411	13.2958035447209	1.6810185463644e-27
"log(Species):Lakeweb"	-0.017156048278776	0.0839752328335817	-0.204298906950042	0.83838451964078
"log(Species):Terr"	-0.028157190799513	0.0284048407360578	-0.991281417880633	0.323073482658069
"log(Species):Latitude"	-0.00109656589092444	0.000950809803703905	-1.15329678622658	0.250541366680083
"log(Species):Lakeweb:Latitude"	0.00162882953124678	0.00187118146533603	0.870481864758247	0.385366137600283
