"Estimate"	"Std. Error"	"t value"	"Pr(>|t|)"
"(Intercept)"	-0.873489495084891	0.140779410280196	-6.20466795070649	2.77864124730849e-09
"log(Species)"	0.662713745223707	0.0613850536581629	10.7960115000336	5.44730481420461e-22
"log(Species):Lakeweb"	-0.0785145949890129	0.0739179826012009	-1.06218530628212	0.289343206068208
"log(Species):Stream"	-0.157979277044873	0.0864080668348849	-1.82829315400322	0.0688912347343724
"log(Species):Marine"	0.11978933456331	0.0368965674944407	3.24662543694232	0.00135465032856445
"log(Species):Terr"	-0.0586620311759827	0.0354684471286796	-1.65392160990744	0.0996026819700206
"log(Species):Latitude"	-0.00106456444354089	0.00106815473919012	-0.996638786949578	0.320060225600026
"log(Species):Lakeweb:Latitude"	0.00442708490387873	0.00167570847707731	2.64191830765231	0.0088496585047357
"log(Species):Stream:Latitude"	0.00507001912894401	0.00188815303809537	2.68517383212658	0.00781463889630995
