"Estimate"	"Std. Error"	"t value"	"Pr(>|t|)"
"(Intercept)"	-1.22185238664645	0.142111542231582	-8.59784059380161	1.80125810469459e-15
"log(Species)"	0.73390445991022	0.05346485554357	13.7268576235494	4.20596289749114e-31
"log(Species):Lakeweb"	-0.0942790093158194	0.0673593527821538	-1.39964244639829	0.163081988891505
"log(Species):Marine"	0.0948983491774763	0.0285158138427523	3.32792006922139	0.00103150689040419
"log(Species):Terr"	-0.0808922548659302	0.0267034113250118	-3.02928543029116	0.00275588581071486
"log(Species):Latitude"	-0.00148488694889991	0.000897794963344269	-1.65392657513776	0.0996223127525745
"log(Species):Lakeweb:Latitude"	0.00375216344446092	0.00158857320942331	2.36197074343401	0.0190838196324157
