"Estimate"	"Std. Error"	"t value"	"Pr(>|t|)"
"(Intercept)"	-1.49486144110079	0.12216420063988	-12.2364934511985	1.49058179993679e-26
"log(Species)"	0.773569653156236	0.0487046222427015	15.8828796433619	2.96542965303409e-38
"log(Species):Latitude"	-0.000831561669648955	0.000828750682928713	-1.00339183638475	0.31678427620776
"log(Species):Lakeweb"	-0.0421958849583644	0.0615824510770761	-0.685193333820903	0.493949847280375
"log(Species):Marine"	0.126154295426013	0.025310778778214	4.98421232042845	1.26705308098355e-06
"log(Species):Latitude:Lakeweb"	0.00400584580881415	0.0014971949073167	2.6755673488053	0.00802654815126505
