"Estimate"	"Std. Error"	"t value"	"Pr(>|t|)"
"(Intercept)"	-1.20454677439493	0.14657325371625	-8.21805304756898	1.86758883685961e-14
"log(Species)"	0.695834122936391	0.0541452694130539	12.8512450021835	1.76103652405603e-28
"log(Species):Lakeweb"	-0.0647853296983146	0.069057035927022	-0.938142346085899	0.349214252307099
"log(Species):Marine"	0.126262846448957	0.0289750638969334	4.35763824018074	2.02879563277568e-05
"log(Species):Terr"	-0.0527842951498403	0.0271571147802394	-1.94366358786568	0.0532290687781642
"log(Species):Latitude"	-0.00117339455410617	0.000913278322275199	-1.28481594874929	0.200226365772185
"log(Species):Lakeweb:Latitude"	0.00359651479467616	0.00164034151813207	2.19254024538236	0.0294034455578594
