"Estimate"	"Std. Error"	"t value"	"Pr(>|t|)"
"(Intercept)"	-0.495496232484276	0.14415608185569	-3.43722044957007	0.000704353280308221
"log(Species)"	0.688424042666087	0.0531984340491839	12.9406824650067	9.13105901000625e-29
"log(Species):Latitude"	-0.00113541504462132	0.000897412442268811	-1.26520983122409	0.207153021910265
"log(Species):Lakeweb"	-0.0660203438139217	0.0678659665187676	-0.972804885872575	0.331733407739973
"log(Species):Marine"	0.123610272587382	0.028477239035627	4.34066913694608	2.17838700707778e-05
"log(Species):Terr"	-0.0525589901280485	0.0266855120882493	-1.9695702280037	0.0501599096459145
"log(Species):Latitude:Lakeweb"	0.00350337315432536	0.00161194274738632	2.17338559946121	0.0308337938968867
