"Estimate"	"Std. Error"	"t value"	"Pr(>|t|)"
"(Intercept)"	-0.884826009506534	0.141727883836614	-6.24313286527707	2.25726618122507e-09
"log(Species)"	0.665388025724968	0.0615170378230729	10.8163209619857	4.71954098027967e-22
"log(Species):Lakeweb"	-0.0786455549613537	0.0739355940421097	-1.06370356497794	0.288656230783883
"log(Species):Stream"	-0.155154884191025	0.0865217863919189	-1.79324642568309	0.0743390113017905
"log(Species):Marine"	0.120459433828426	0.0369178548840918	3.2629044728255	0.0012826739469325
"log(Species):Terr"	-0.0584240677657571	0.0354787662830602	-1.64673335311697	0.101073718119681
"log(Species):Latitude"	-0.00105978349602016	0.00106843871080876	-0.991899193934995	0.322361702104189
"log(Species):Lakeweb:Latitude"	0.00452020668522286	0.00167109624344708	2.70493498082356	0.00737920598733518
"log(Species):Stream:Latitude"	0.00499040349694072	0.00189197888390678	2.6376634218221	0.00895785517644592
