"Estimate"	"Std. Error"	"t value"	"Pr(>|t|)"
"(Intercept)"	-0.6262195293929	0.13609750686592	-4.60125643601859	7.70705140402938e-06
"log(Species)"	0.552171670911601	0.0562453400659277	9.81719854950429	1.25775137701614e-18
"log(Species):Lakeweb"	-0.0650319520957533	0.0649916052601749	-1.00062080072368	0.318296332184739
"log(Species):Stream"	-0.185519311769243	0.090074287360198	-2.05962564019374	0.0408124446607955
"log(Species):Latitude"	-0.000645519977005886	0.00103575318194196	-0.623237261792026	0.533883967381948
"log(Species):Lakeweb:Latitude"	0.00462868966865198	0.00159128846959117	2.90876843331943	0.00406585534781007
"log(Species):Stream:Latitude"	0.00656988121009296	0.00202225348417419	3.24879213288923	0.001372888074588
