"Estimate"	"Std. Error"	"t value"	"Pr(>|t|)"
"(Intercept)"	-0.318454698626104	0.135513517126616	-2.34998474970256	0.0198057059515796
"log(Species)"	0.637813872021009	0.0536330584441318	11.8921778940764	1.04186133874039e-24
"log(Species):Lakeweb"	-0.088395158419983	0.0644087740545213	-1.37240864645487	0.171562751921599
"log(Species):Terr"	-0.060497675637001	0.0256657232026855	-2.35713894205291	0.019439172681974
"log(Species):Latitude"	-0.000836460696387891	0.000910276950663619	-0.918907916736863	0.359314975859973
"log(Species):Lakeweb:Latitude"	0.00361989022643314	0.00153086420865603	2.36460569524392	0.0190630094650957
