"Estimate"	"Std. Error"	"t value"	"Pr(>|t|)"
"(Intercept)"	-0.485765670695804	0.130046419473085	-3.73532522205534	0.000261903304987363
"log(Species)"	0.719863280073462	0.0534847217290764	13.4592320348956	6.01782311276001e-28
"log(Species):Lakeweb"	-0.0214028595101488	0.0837630762501183	-0.255516636545671	0.798658540216177
"log(Species):Terr"	-0.0252482345641211	0.0280095717911567	-0.901414514737156	0.368748700001582
"log(Species):Latitude"	-0.00119215511334335	0.000938098821243535	-1.27082039370121	0.205672332353434
"log(Species):Lakeweb:Latitude"	0.00172368717586763	0.00186805603373258	0.922717062412478	0.357570518656323
