"Estimate"	"Std. Error"	"t value"	"Pr(>|t|)"
"(Intercept)"	-0.873439440526907	0.140700713228776	-6.20778260808613	2.73236102162589e-09
"log(Species)"	0.655414368284275	0.0618615199974341	10.5948636294656	2.24500639086824e-21
"log(Species):Lakeweb"	-0.0724598506184317	0.0742831133264603	-0.97545521954612	0.330430742038883
"log(Species):Stream"	-0.150692334826829	0.0867224278114095	-1.73763971592828	0.0837062316037581
"log(Species):Marine"	0.119553379293326	0.0368768276070395	3.24196486116675	0.00137593717300937
"log(Species):Terr"	-0.0620777116309683	0.0356425854566611	-1.74167251998176	0.0829959760147716
"log(Species):Latitude"	-0.000888389902454937	0.00108460615858255	-0.819089856188865	0.413642145794705
"log(Species):Lakeweb:Latitude"	0.00435212374910381	0.00168066254594685	2.58952861155831	0.0102673509000162
"log(Species):Stream:Latitude"	0.00489383860099856	0.00189679468565588	2.58005710265175	0.0105443696420837
