"Estimate"	"Std. Error"	"t value"	"Pr(>|t|)"
"(Intercept)"	-0.497781348091081	0.14382810493927	-3.46094630323651	0.000648083763912907
"log(Species)"	0.689884320719278	0.0532297652044298	12.9604990378929	7.89382263859332e-29
"log(Species):Latitude"	-0.00114689139995198	0.000897054769092741	-1.27850766694203	0.202436194250739
"log(Species):Lakeweb"	-0.0666879108433902	0.0678120652019741	-0.98342250224594	0.32649472750795
"log(Species):Marine"	0.123355104834845	0.0284490863905842	4.33599529845261	2.2214114375039e-05
"log(Species):Terr"	-0.0529622650693561	0.0266742333789637	-1.98552154496497	0.0483454927079912
"log(Species):Latitude:Lakeweb"	0.00351325884071251	0.00161098153556117	2.18081881335077	0.0302717392812334
