"Estimate"	"Std. Error"	"t value"	"Pr(>|t|)"
"(Intercept)"	-0.332638532740594	0.134996310585058	-2.46405647161006	0.0146311955719137
"log(Species)"	0.640531929490503	0.0533861338875061	11.9980954387935	5.04164567061022e-25
"log(Species):Lakeweb"	-0.066413983192194	0.0656251055929954	-1.01202097264561	0.312821861632025
"log(Species):Terr"	-0.0600281523932928	0.0255054593184033	-2.3535413200726	0.0196227374899443
"log(Species):Latitude"	-0.000819076542242638	0.000904798030575124	-0.905258979975899	0.366480741882759
"log(Species):Lakeweb:Latitude"	0.00318052819922666	0.00155049978520505	2.05129225400444	0.0416180845425745
