"Estimate"	"Std. Error"	"t value"	"Pr(>|t|)"
"(Intercept)"	-0.528615958967068	0.144089276922647	-3.66866966270399	0.000306813060804611
"log(Species)"	0.693277135941824	0.0530496116525925	13.0684676917507	3.56920533432624e-29
"log(Species):Latitude"	-0.00108262841564616	0.000895151129345739	-1.2094364629104	0.227811198830991
"log(Species):Lakeweb"	-0.0559642624486372	0.0672781132185025	-0.83183460075462	0.406416748599616
"log(Species):Marine"	0.12687089925005	0.0284157689819627	4.4648061198197	1.28830005891598e-05
"log(Species):Terr"	-0.0503704992232515	0.0266168253287083	-1.89243076892882	0.059764807654682
"log(Species):Latitude:Lakeweb"	0.00329057109552822	0.0015840856848092	2.07726837448478	0.0389537223841464
