"Estimate"	"Std. Error"	"t value"	"Pr(>|t|)"
"(Intercept)"	-0.313966720086353	0.135190744670899	-2.32239803731132	0.0212766227329985
"log(Species)"	0.63853958458391	0.0534879736405499	11.9380029027651	7.61143237278154e-25
"log(Species):Lakeweb"	-0.0906974163510758	0.0642456679037756	-1.41172812596358	0.15967423849323
"log(Species):Terr"	-0.061340764190542	0.0255976489525284	-2.3963436761048	0.0175347463943722
"log(Species):Latitude"	-0.000865653849208246	0.000907966385132953	-0.953398565610431	0.341605909334295
"log(Species):Lakeweb:Latitude"	0.00365309835648121	0.00152690773136692	2.39248140633284	0.0177147488191951
