"Estimate"	"Std. Error"	"t value"	"Pr(>|t|)"
"(Intercept)"	-1.24063018834785	0.14167333908355	-8.75697711632392	6.41750548126032e-16
"log(Species)"	0.736632988324975	0.0533586306859265	13.8053203175483	2.37081270422887e-31
"log(Species):Lakeweb"	-0.10826517245665	0.0680078225552186	-1.59195175479622	0.112885497225266
"log(Species):Marine"	0.0971730971536623	0.0284140996466871	3.41989006732409	0.000751345442380699
"log(Species):Terr"	-0.0792415681603276	0.02661382519459	-2.97745880499868	0.00324465107417629
"log(Species):Latitude"	-0.00146523180740271	0.000895619931949094	-1.63599731887833	0.103323879241729
"log(Species):Lakeweb:Latitude"	0.00409256113714263	0.00160142422344651	2.55557589127433	0.0113015437324374
