"Estimate"	"Std. Error"	"t value"	"Pr(>|t|)"
"(Intercept)"	-0.492296285198937	0.129195237421565	-3.81048322696735	0.000198708135028962
"log(Species)"	0.721495155863013	0.0531183196627503	13.5827932894678	2.76967625030276e-28
"log(Species):Lakeweb"	-0.0579922645472203	0.086706725573142	-0.668832367545705	0.504584662410346
"log(Species):Terr"	-0.025262860530682	0.027812684686254	-0.908321538019944	0.365100533677193
"log(Species):Latitude"	-0.00118902629505906	0.000931506617244187	-1.27645501711703	0.203679627730434
"log(Species):Lakeweb:Latitude"	0.00248831906361309	0.00192231704394959	1.29443739337638	0.197415032253983
