"Estimate"	"Std. Error"	"t value"	"Pr(>|t|)"
"(Intercept)"	-1.21898265085983	0.14520673567122	-8.39480789389739	6.03563735585568e-15
"log(Species)"	0.70060746972105	0.0537668357581584	13.0304761260708	4.71959861817739e-29
"log(Species):Lakeweb"	-0.0605732846527157	0.0681342358720296	-0.889028604745566	0.374972155263796
"log(Species):Marine"	0.135040180249263	0.02905771923875	4.64730831555355	5.83348407100708e-06
"log(Species):Terr"	-0.0522518508595956	0.0269550920620438	-1.93847792243948	0.0538620218081168
"log(Species):Latitude"	-0.00120958745017342	0.000907484315763202	-1.33290176938887	0.183961794571057
"log(Species):Lakeweb:Latitude"	0.00346907303716827	0.00160584933925142	2.16027304204354	0.0318472956621518
