"Estimate"	"Std. Error"	"t value"	"Pr(>|t|)"
"(Intercept)"	-1.49194632952276	0.121535127333873	-12.2758445418352	1.11825120874315e-26
"log(Species)"	0.772799059332866	0.048585697534179	15.9058961495658	2.50153779443012e-38
"log(Species):Latitude"	-0.000831852157578528	0.000828482442114604	-1.00406733479508	0.316459339261977
"log(Species):Lakeweb"	-0.0425449274407289	0.0615589567926064	-0.69112489323144	0.490222344193144
"log(Species):Marine"	0.126016274003531	0.025296247340093	4.9816193014449	1.28238998274006e-06
"log(Species):Latitude:Lakeweb"	0.00399365990361597	0.00149701740239408	2.66774447459941	0.00820965756558753
