"Estimate"	"Std. Error"	"t value"	"Pr(>|t|)"
"(Intercept)"	-0.505356561769349	0.144670705028613	-3.49315061172475	0.000578418957949392
"log(Species)"	0.690010667541647	0.0533087935401307	12.9436556657807	8.93376493784681e-29
"log(Species):Latitude"	-0.00112183697420363	0.000896576836366184	-1.25124465489252	0.212192483634314
"log(Species):Lakeweb"	-0.0643965132741043	0.0677833390943047	-0.950034538494947	0.343151585170898
"log(Species):Marine"	0.12453047847998	0.0284454320215772	4.37787263647525	1.86327687433514e-05
"log(Species):Terr"	-0.0519684592061687	0.0266482280598477	-1.95016565789875	0.0524442891200518
"log(Species):Latitude:Lakeweb"	0.00346129715710256	0.00161226726014517	2.14685073788009	0.0329143969615607
