"Estimate"	"Std. Error"	"t value"	"Pr(>|t|)"
"(Intercept)"	-1.18041282922603	0.130542610632179	-9.04235654174251	5.47573751708211e-16
"log(Species)"	0.720548645609325	0.0536642133450204	13.4269860805886	7.36940271161226e-28
"log(Species):Lakeweb"	-0.0217089139017533	0.0840795605643362	-0.258194902019523	0.796594645547422
"log(Species):Terr"	-0.0251313472160609	0.0280960376304999	-0.894480123730307	0.372434268913401
"log(Species):Latitude"	-0.00119250221071996	0.000940997684079708	-1.26727433116504	0.206933720805641
"log(Species):Lakeweb:Latitude"	0.00175893962531887	0.00187201001303977	0.939599474931599	0.348866381959222
