"Estimate"	"Std. Error"	"t value"	"Pr(>|t|)"
"(Intercept)"	-1.07797682131988	0.11646014441881	-9.25618654089333	2.15333876922715e-17
"log(Species)"	0.714084818431265	0.0516656691718622	13.8212633239282	1.50629754563482e-31
"log(Species):Lakeweb"	-0.0534739508089891	0.06277900935107	-0.85178073629602	0.39527917410254
"log(Species):Stream"	-0.133147240784833	0.076192033736473	-1.74752181107742	0.0819679375139492
"log(Species):Marine"	0.125747775995154	0.0278098877216	4.52169304867369	1.01114039812661e-05
"log(Species):Latitude"	-0.00108711115733006	0.000963714450585808	-1.12804281047072	0.260553252910214
"log(Species):Lakeweb:Latitude"	0.00487552903233686	0.00152786638669236	3.1910702891316	0.00162847823659642
"log(Species):Stream:Latitude"	0.00503869006919995	0.00172923124116395	2.9138324298423	0.00394576713803959
