"Estimate"	"Std. Error"	"t value"	"Pr(>|t|)"
"(Intercept)"	-0.829290332235993	0.12712799416128	-6.52327080048096	9.09793520114865e-10
"log(Species)"	0.687531133888685	0.0560156250113645	12.2739170320638	1.153163371217e-24
"log(Species):Lakeweb"	-0.0248982183609833	0.0826999877382822	-0.3010667720989	0.763764483517758
"log(Species):Stream"	-0.275668986356987	0.0846270847983731	-3.25745577806181	0.00137946829224389
"log(Species):Latitude"	-0.00177255084753184	0.00107327589215992	-1.6515332734854	0.100641295017336
"log(Species):Lakeweb:Latitude"	0.00310963599236057	0.00187921808683376	1.65474992718908	0.0999857855682936
"log(Species):Stream:Latitude"	0.00835280317219214	0.00190072522380934	4.39453481626968	2.04255003322225e-05
