"Estimate"	"Std. Error"	"t value"	"Pr(>|t|)"
"(Intercept)"	-0.85227514678211	0.141180774084178	-6.03676493708658	6.81551833484142e-09
"log(Species)"	0.657709286542406	0.0614017085434922	10.7115795658444	9.87982911695535e-22
"log(Species):Lakeweb"	-0.088127866278987	0.0742403277758848	-1.18706192333937	0.236513111222755
"log(Species):Stream"	-0.155577481396178	0.0865300705948464	-1.79795856315231	0.0735865298494069
"log(Species):Marine"	0.118535358369317	0.0368739798594351	3.21460712462225	0.00150728465080597
"log(Species):Terr"	-0.0591073390087151	0.0354410389123978	-1.66776541609897	0.0968181062137915
"log(Species):Latitude"	-0.00107351116932888	0.00106731428139119	-1.00580605735886	0.315639511146712
"log(Species):Lakeweb:Latitude"	0.00478555666872308	0.00169166008943954	2.8289114926797	0.0051125208634631
"log(Species):Stream:Latitude"	0.00502802545580236	0.00188949555118276	2.66104117189109	0.00837776100675498
