"Estimate"	"Std. Error"	"t value"	"Pr(>|t|)"
"(Intercept)"	-1.21884591315959	0.14609582191547	-8.34278418902908	8.426321014288e-15
"log(Species)"	0.698184026864083	0.0540787403131807	12.9105083221384	1.13968175331021e-28
"log(Species):Lakeweb"	-0.057024992196597	0.0685579481792045	-0.831777987980893	0.406448638808112
"log(Species):Marine"	0.127576279077245	0.0289308509970479	4.40969673136342	1.62886613181997e-05
"log(Species):Terr"	-0.0519521646254709	0.0271196136463766	-1.91566757929872	0.056721813124378
"log(Species):Latitude"	-0.00115436028712739	0.000912509376757597	-1.26503937003821	0.207214002559892
"log(Species):Lakeweb:Latitude"	0.00331743720598992	0.00162102169830227	2.04651005564228	0.0419116906120176
