"Estimate"	"Std. Error"	"t value"	"Pr(>|t|)"
"(Intercept)"	-0.496139421578219	0.129016386699191	-3.84555353216484	0.000173302179862254
"log(Species)"	0.666962376687697	0.0362900453327999	18.3786592320644	2.81246735538391e-41
"log(Species):Lakeweb"	0.0572422583006597	0.0249241418072856	2.29665914851789	0.0229350655610464
