"Estimate"	"Std. Error"	"t value"	"Pr(>|t|)"
"(Intercept)"	-0.630036075329721	0.135788921733662	-4.63981941446946	6.52257390586506e-06
"log(Species)"	0.553166815440899	0.0561503417888327	9.8515306909657	1.0041534756315e-18
"log(Species):Lakeweb"	-0.0646864133383791	0.0649044384608226	-0.996640828768974	0.32021992455955
"log(Species):Stream"	-0.181827531726615	0.090077127436244	-2.01857604590368	0.044952166686838
"log(Species):Latitude"	-0.000643063734574442	0.00103439266663464	-0.621682418405599	0.53490385806877
"log(Species):Lakeweb:Latitude"	0.00462281911733087	0.00158918271202735	2.9089286476276	0.00406386338157064
"log(Species):Stream:Latitude"	0.0064981071083101	0.00202179600451268	3.21402707978758	0.00154047273283284
