"Estimate"	"Std. Error"	"t value"	"Pr(>|t|)"
"(Intercept)"	-1.07893966235339	0.11648616343084	-9.26238473802922	2.06570401012533e-17
"log(Species)"	0.714261860888175	0.0516828525482817	13.8200936223657	1.51934305772817e-31
"log(Species):Lakeweb"	-0.053326713363364	0.062801190374656	-0.849135391307558	0.396746066081966
"log(Species):Stream"	-0.133071888149308	0.0762194900738482	-1.74590367923448	0.0822494668710816
"log(Species):Marine"	0.126105767881666	0.0278155953195349	4.53363540966897	9.60304081531479e-06
"log(Species):Latitude"	-0.0010848406213029	0.000964057302988703	-1.12528645127188	0.261716486049819
"log(Species):Lakeweb:Latitude"	0.00487352211134967	0.00152841594513647	3.18860983285184	0.00164176534301116
"log(Species):Stream:Latitude"	0.00503645566968685	0.00172985288816155	2.91149363287157	0.00397428587452881
