"Estimate"	"Std. Error"	"t value"	"Pr(>|t|)"
"(Intercept)"	-0.321235340386439	0.135303917117046	-2.37417620443725	0.0185902513165673
"log(Species)"	0.639692261671227	0.053675363315626	11.9178003120288	8.74145319614271e-25
"log(Species):Lakeweb"	-0.0892967591107564	0.064341256312903	-1.38786160277148	0.166813143804116
"log(Species):Terr"	-0.0610292347628034	0.0256513548387756	-2.37918172924532	0.0183471339398513
"log(Species):Latitude"	-0.000852244607723285	0.000909628650196068	-0.936914869094752	0.349998007373216
"log(Species):Lakeweb:Latitude"	0.00363318655605501	0.00152941169403819	2.37554516564609	0.018523480457716
