"Estimate"	"Std. Error"	"t value"	"Pr(>|t|)"
"(Intercept)"	-1.01062393161784	0.135738791728823	-7.44535824097247	3.32941337367738e-12
"log(Species)"	0.638401618209592	0.0537550100730228	11.8761324263983	1.16287772026735e-24
"log(Species):Lakeweb"	-0.0891882106353841	0.0645366542480789	-1.38197760132629	0.168609765384553
"log(Species):Terr"	-0.0606800509623397	0.0257194909886314	-2.35930217239376	0.0193295256692841
"log(Species):Latitude"	-0.000845297549141621	0.000912154169098576	-0.926704692888675	0.355261727088363
"log(Species):Lakeweb:Latitude"	0.00368703930235357	0.00153394043617094	2.40363916056431	0.017199142881987
