"Estimate"	"Std. Error"	"t value"	"Pr(>|t|)"
"(Intercept)"	-0.507013704797922	0.143741225268621	-3.52726716952929	0.000512313323854034
"log(Species)"	0.691594498190186	0.0531783240491195	13.0051954542865	5.68358331826202e-29
"log(Species):Latitude"	-0.00113718410555347	0.00089780078177108	-1.26663300883984	0.206644407180893
"log(Species):Lakeweb"	-0.0614680147101147	0.0674493276640787	-0.911321385088477	0.363137298303069
"log(Species):Marine"	0.124120412762616	0.0284773589373752	4.35856474736898	2.02091818042687e-05
"log(Species):Terr"	-0.0525203765458545	0.0266962061761183	-1.96733484148912	0.050418713054531
"log(Species):Latitude:Lakeweb"	0.0033514076645789	0.00158854744290062	2.10973092403169	0.0360273706914939
