"Estimate"	"Std. Error"	"t value"	"Pr(>|t|)"
"(Intercept)"	-0.852393534314077	0.14124474521803	-6.03486899989301	6.88428301318462e-09
"log(Species)"	0.657737214127249	0.0614152543401566	10.7096717451382	1.00134866502359e-21
"log(Species):Lakeweb"	-0.0881147250000134	0.0742505995696409	-1.18672072024643	0.236647427908962
"log(Species):Stream"	-0.15599410442477	0.0865311485624028	-1.80275088238628	0.0728276888238084
"log(Species):Marine"	0.118542356234377	0.0368791626100654	3.21434511644858	0.00150859701733608
"log(Species):Terr"	-0.059104853950276	0.0354455038014552	-1.66748522693729	0.0968738359467414
"log(Species):Latitude"	-0.00107346124176241	0.00106744737797219	-1.00563387377619	0.315722169008839
"log(Species):Lakeweb:Latitude"	0.00478542433159719	0.00169187415985509	2.82847533530925	0.00511923808887232
"log(Species):Stream:Latitude"	0.00503557647547052	0.00188958148428593	2.66491628826129	0.00828494236990555
