"Estimate"	"Std. Error"	"t value"	"Pr(>|t|)"
"(Intercept)"	-0.483281325910634	0.129785578447627	-3.72369050314518	0.000273243708491773
"log(Species)"	0.721776830349275	0.0534168465833718	13.5121572409323	4.31573354832192e-28
"log(Species):Lakeweb"	-0.0241805245114231	0.0836479850098539	-0.28907479969272	0.772905491634577
"log(Species):Terr"	-0.0263741463340653	0.0279816435116476	-0.942551724064631	0.347358352744089
"log(Species):Latitude"	-0.00123121968771484	0.000937243142373401	-1.31366091897669	0.190876745142803
"log(Species):Lakeweb:Latitude"	0.00176549978090747	0.00186282529605046	0.947753814944788	0.344711294349476
