"Estimate"	"Std. Error"	"t value"	"Pr(>|t|)"
"(Intercept)"	-0.476862148850158	0.129249674715523	-3.689464982405	0.000309357627335646
"log(Species)"	0.720308023900147	0.0531050934590371	13.5638217915154	3.12000884360963e-28
"log(Species):Lakeweb"	-0.0249506236276731	0.0832036246149463	-0.299874239170958	0.7646697424172
"log(Species):Terr"	-0.0268620686000955	0.0278320696198608	-0.965148081583085	0.335954942847775
"log(Species):Latitude"	-0.00122438487238301	0.000931703847197959	-1.31413525452886	0.190717473625231
"log(Species):Lakeweb:Latitude"	0.00176267296078396	0.00185319981812619	0.95115105427014	0.342989656941098
