"Estimate"	"Std. Error"	"t value"	"Pr(>|t|)"
"(Intercept)"	-0.872888632940654	0.141189037301093	-6.18241082754302	3.13248035451066e-09
"log(Species)"	0.662572002016182	0.0614977786241772	10.7739176412414	6.36646524236448e-22
"log(Species):Lakeweb"	-0.0797398989266822	0.0740039580720922	-1.0775085685147	0.282460606636313
"log(Species):Stream"	-0.157986802029032	0.0865283895952195	-1.82583777148859	0.0692618340511393
"log(Species):Marine"	0.119753817713394	0.0369507731297626	3.24090154468069	0.00138083712188464
"log(Species):Terr"	-0.0586746438009573	0.0355181883002357	-1.65196049148058	0.100002297425082
"log(Species):Latitude"	-0.00106481784509555	0.00106964647599144	-0.99548576936	0.320619115606263
"log(Species):Lakeweb:Latitude"	0.00453237843826722	0.00167383887800652	2.7077746238426	0.00731846908268688
"log(Species):Stream:Latitude"	0.00507020066337248	0.00189078254215924	2.68153558133787	0.00789728874050286
