"Estimate"	"Std. Error"	"t value"	"Pr(>|t|)"
"(Intercept)"	-0.4730106073356	0.144172693169994	-3.28086128472244	0.00120574976448777
"log(Species)"	0.683677029002156	0.0530233267828294	12.8938916224991	1.28760671276079e-28
"log(Species):Latitude"	-0.00116504788585488	0.00089274304299385	-1.30502040312501	0.193268041346984
"log(Species):Lakeweb"	-0.0690736370042992	0.0675087454761285	-1.02318057485936	0.30736175271805
"log(Species):Marine"	0.113983106551591	0.0290808112503293	3.91952980851936	0.000118946522906992
"log(Species):Terr"	-0.0528270670471006	0.0265247301848765	-1.99161562356705	0.0476671169599592
"log(Species):Latitude:Lakeweb"	0.00354865823892582	0.00160393565075739	2.21246920800726	0.0279766394542797
