"Estimate"	"Std. Error"	"t value"	"Pr(>|t|)"
"(Intercept)"	-1.20731884724329	0.14544269138897	-8.30099357838789	1.10085364238882e-14
"log(Species)"	0.697813212711614	0.0537819171950772	12.9748668159321	7.10286270859853e-29
"log(Species):Lakeweb"	-0.0658027820408787	0.06852490273422	-0.960275453379345	0.337985345075934
"log(Species):Marine"	0.134344782267135	0.0290436834064722	4.62561102828981	6.41761795740435e-06
"log(Species):Terr"	-0.0524968691423289	0.0269373299905097	-1.94885198944454	0.0526020548595546
"log(Species):Latitude"	-0.00121336946134277	0.000906865069754205	-1.33798235460942	0.182302598889671
"log(Species):Lakeweb:Latitude"	0.00363456006203988	0.00162892702367391	2.23126021560034	0.0266867444761608
