"Estimate"	"Std. Error"	"t value"	"Pr(>|t|)"
"(Intercept)"	-1.01253877499548	0.135831202596691	-7.45439012273121	3.15783342325856e-12
"log(Species)"	0.637453810663757	0.0537732692115919	11.8544737935766	1.34877640301199e-24
"log(Species):Lakeweb"	-0.0875644872157301	0.0645278827991793	-1.35700232856305	0.176398892081891
"log(Species):Terr"	-0.0600073254814436	0.0257093536510572	-2.33406589274468	0.0206431784716502
"log(Species):Latitude"	-0.000824197777908722	0.000912027724020016	-0.903698162020604	0.36730586580477
"log(Species):Lakeweb:Latitude"	0.00366379784275626	0.00153918368780689	2.38035126787019	0.0182907355946207
