"Estimate"	"Std. Error"	"t value"	"Pr(>|t|)"
"(Intercept)"	-1.01851762588019	0.136500053520684	-7.46166466319993	3.02601640541332e-12
"log(Species)"	0.638969393335255	0.0538675474286741	11.8618616186548	1.2822498660452e-24
"log(Species):Lakeweb"	-0.0872159678547376	0.0644933744466397	-1.35232446128087	0.177887389334322
"log(Species):Terr"	-0.0599808221151691	0.0256977007384654	-2.33409294962282	0.0206417290338842
"log(Species):Latitude"	-0.000822145270031643	0.000911624505160151	-0.901846391116057	0.368286313530154
"log(Species):Lakeweb:Latitude"	0.00363756905354027	0.00153519289730992	2.36945406659599	0.0188222046052855
