"Estimate"	"Std. Error"	"t value"	"Pr(>|t|)"
"(Intercept)"	-1.49211953092473	0.120845780748631	-12.3473034944302	6.63297360691718e-27
"log(Species)"	0.772844844177452	0.0483705293862353	15.9775973921298	1.4726869734102e-38
"log(Species):Lakeweb"	-0.0211196169626556	0.0631087241864782	-0.334654475033434	0.738207505249463
"log(Species):Marine"	0.1260244745486	0.0252057427653428	4.99983181300573	1.17835846715927e-06
"log(Species):Latitude"	-0.000831834898233454	0.000825612492010762	-1.00753671520587	0.314793924575733
"log(Species):Lakeweb:Latitude"	0.00358808430920374	0.00152161716451175	2.35807297189307	0.0192548223915054
