"Estimate"	"Std. Error"	"t value"	"Pr(>|t|)"
"(Intercept)"	-1.01030525153045	0.135961650558107	-7.4308104335543	3.62534622426732e-12
"log(Species)"	0.636887633395706	0.0537866930016885	11.8409888738784	1.47921709844449e-24
"log(Species):Lakeweb"	-0.0918479837099788	0.0660182015903764	-1.39125243489468	0.165784394938202
"log(Species):Terr"	-0.0600172263623349	0.0257030829005705	-2.33502053409332	0.0205920923687008
"log(Species):Latitude"	-0.00082496453469762	0.000911807543261809	-0.90475730409783	0.366745824879505
"log(Species):Lakeweb:Latitude"	0.00375130841103508	0.00156065733149426	2.40367205236744	0.0171976427581265
