"Estimate"	"Std. Error"	"t value"	"Pr(>|t|)"
"(Intercept)"	-1.17860464120337	0.130502107753278	-9.03130732134684	5.85202291686936e-16
"log(Species)"	0.720096813969941	0.0536721345079906	13.4165861032178	7.86711318084083e-28
"log(Species):Lakeweb"	-0.0205492339156658	0.084056585693244	-0.244469053152576	0.807186773575497
"log(Species):Terr"	-0.0251272975975231	0.0281077185425256	-0.893964323696592	0.37270933004123
"log(Species):Latitude"	-0.00119336851384412	0.000941385960099299	-1.26767188424846	0.206792023622313
"log(Species):Lakeweb:Latitude"	0.00175014536928493	0.00187460178289479	0.933609145822067	0.351939164596449
