"Estimate"	"Std. Error"	"t value"	"Pr(>|t|)"
"(Intercept)"	-0.49079896810509	0.1300594818822	-3.7736500330643	0.000227617385952856
"log(Species)"	0.721121004929199	0.0534375052375168	13.4946607579076	4.81705218046373e-28
"log(Species):Lakeweb"	-0.029218404940043	0.0844322463397936	-0.346057415344073	0.729762868223113
"log(Species):Terr"	-0.0252595071387867	0.0279687213769069	-0.903134140398814	0.367838290550157
"log(Species):Latitude"	-0.00118974365987953	0.000936736954185368	-1.27009365282721	0.205930384549969
"log(Species):Lakeweb:Latitude"	0.00186962832513325	0.00187571695815713	0.99675397026326	0.320417706168424
