"Estimate"	"Std. Error"	"t value"	"Pr(>|t|)"
"(Intercept)"	-1.19211359650305	0.129258550717334	-9.22270588589528	1.62973341072716e-16
"log(Species)"	0.669632560634778	0.036371121041721	18.4111058844364	2.32074732853543e-41
"log(Species):Lakeweb"	0.0579819799631913	0.0249650103432917	2.32252977931458	0.0214641948765159
