"Estimate"	"Std. Error"	"t value"	"Pr(>|t|)"
"(Intercept)"	-1.21624377312719	0.14633450938614	-8.31139406712208	1.030064435599e-14
"log(Species)"	0.698627864403361	0.0541300722529544	12.9064646568106	1.17403700077771e-28
"log(Species):Lakeweb"	-0.0595048177482163	0.0686598029379035	-0.866661644835085	0.387084690265103
"log(Species):Marine"	0.126963635115121	0.0289888026608996	4.37974747009371	1.8486139137546e-05
"log(Species):Terr"	-0.0525344160001967	0.0271749262069081	-1.93319443078532	0.0545134098615527
"log(Species):Latitude"	-0.00116948784344862	0.000913899321402685	-1.27966813855781	0.20202833660411
"log(Species):Lakeweb:Latitude"	0.00342976976215463	0.00161704318649391	2.12101308783911	0.0350555178317838
