"Estimate"	"Std. Error"	"t value"	"Pr(>|t|)"
"(Intercept)"	-0.510810603603767	0.143021791741659	-3.57155785410972	0.000437039265569711
"log(Species)"	0.706888664553478	0.0537832058933224	13.1432972953597	2.0581555353184e-29
"log(Species):Latitude"	-0.00141978438737758	0.000904900631043904	-1.5689948030423	0.118106153688372
"log(Species):Lakeweb"	-0.0791723807399012	0.0677460576547073	-1.16866402977178	0.243821265491993
"log(Species):Marine"	0.122076953165231	0.0282522113798753	4.32096983573433	2.36531268982726e-05
"log(Species):Terr"	-0.0561021795014894	0.0265483149006931	-2.11321056388497	0.0357251946308264
"log(Species):Latitude:Lakeweb"	0.00377708216354903	0.00160742236639387	2.34977579167486	0.0196823798781736
