"Estimate"	"Std. Error"	"t value"	"Pr(>|t|)"
"(Intercept)"	-1.20721678526335	0.14652960944472	-8.23872246597904	1.63750269805251e-14
"log(Species)"	0.695398138348205	0.0541615376064488	12.8393352382486	1.92191644300578e-28
"log(Species):Lakeweb"	-0.0633993735764803	0.0690318080413537	-0.918408127721366	0.359424917187837
"log(Species):Marine"	0.126883139802144	0.0289516183346375	4.38259230746843	1.82657580164365e-05
"log(Species):Terr"	-0.05219646224945	0.0271338519363345	-1.9236657726268	0.0557049018754158
"log(Species):Latitude"	-0.00115813247304215	0.000912965591138242	-1.26853901645761	0.205964669655756
"log(Species):Lakeweb:Latitude"	0.00357716818163215	0.00164548273563026	2.17393236900903	0.030792145255788
