"Estimate"	"Std. Error"	"t value"	"Pr(>|t|)"
"(Intercept)"	-0.495507347561417	0.144073179878615	-3.43927542918741	0.000699304405568937
"log(Species)"	0.688592558900402	0.0531968255250607	12.944241542684	8.8953927232982e-29
"log(Species):Latitude"	-0.00113763121583379	0.00089735114098486	-1.26776594342457	0.206240172481685
"log(Species):Lakeweb"	-0.0661850042064785	0.0678567838061929	-0.975363117643636	0.330466212805942
"log(Species):Marine"	0.12353982840599	0.0284723527836325	4.33893993042287	2.19421108193618e-05
"log(Species):Terr"	-0.0526407481989101	0.0266835955180072	-1.9727756764783	0.0497907539924483
"log(Species):Latitude:Lakeweb"	0.00350558158833277	0.00161178146619391	2.17497325900571	0.0307129927839177
