"Estimate"	"Std. Error"	"t value"	"Pr(>|t|)"
"(Intercept)"	-1.24527531242496	0.142962868451096	-8.71048074172444	8.68372652801444e-16
"log(Species)"	0.738476142414399	0.0537488266335628	13.7393909535742	3.83796173380125e-31
"log(Species):Latitude"	-0.00149669918076686	0.000899765416950304	-1.66343265985908	0.097703394729863
"log(Species):Lakeweb"	-0.0910338722369105	0.067434939192016	-1.34995112811918	0.178471229022086
"log(Species):Marine"	0.0981237888006342	0.0285718573451195	3.43428106949425	0.000714565443221607
"log(Species):Terr"	-0.0786289358239006	0.0267332493284161	-2.9412412557093	0.00363212136168129
"log(Species):Latitude:Lakeweb"	0.00375652981067303	0.00159134827392125	2.36059564850411	0.0191528487508372
