"Estimate"	"Std. Error"	"t value"	"Pr(>|t|)"
"(Intercept)"	-1.00869966912392	0.135642355809859	-7.43646527739383	3.50734761711372e-12
"log(Species)"	0.630314669051879	0.0543849127007652	11.5898810488117	8.23032443216276e-24
"log(Species):Lakeweb"	-0.0817772199509817	0.0647960510631138	-1.26207104614026	0.20847841454756
"log(Species):Terr"	-0.0598452103962563	0.0256651594203436	-2.33176850438029	0.0207665763271691
"log(Species):Latitude"	-0.000666359889280239	0.000930845307041135	-0.715865336849995	0.474958011120862
"log(Species):Lakeweb:Latitude"	0.00350982310127922	0.00154356308000289	2.27384494145367	0.02409936734873
