"Estimate"	"Std. Error"	"t value"	"Pr(>|t|)"
"(Intercept)"	-0.482053461514938	0.129989129849781	-3.70841363483249	0.000288840817975447
"log(Species)"	0.720768337401074	0.0534311311584998	13.4896701936361	4.97044787380485e-28
"log(Species):Lakeweb"	-0.0236002908872997	0.0837220672486904	-0.281888535040549	0.778400208328392
"log(Species):Terr"	-0.0260581290945732	0.0280008560652588	-0.930619015141612	0.353479427732461
"log(Species):Latitude"	-0.00122132183963559	0.000937953051873222	-1.30211404205833	0.194784480501958
"log(Species):Lakeweb:Latitude"	0.00175636858477878	0.00186442083216981	0.942045140492622	0.347616821117203
