"Estimate"	"Std. Error"	"t value"	"Pr(>|t|)"
"(Intercept)"	-0.31832123466348	0.135374190313422	-2.35141745946175	0.019731820090652
"log(Species)"	0.638482691761172	0.0536178255230648	11.9080303151517	9.34655841861377e-25
"log(Species):Lakeweb"	-0.0891108616267747	0.0643669417608895	-1.38441969105514	0.167862328603822
"log(Species):Terr"	-0.0608239207633868	0.0256525088699777	-2.37107103526126	0.0187424927952393
"log(Species):Latitude"	-0.000846528752277188	0.000909771589990285	-0.930484927855603	0.353307035600917
"log(Species):Lakeweb:Latitude"	0.0036300776801239	0.0015299149305618	2.3727317170445	0.0186609360282048
