"Estimate"	"Std. Error"	"t value"	"Pr(>|t|)"
"(Intercept)"	-1.18223057725985	0.14678589555575	-8.0541156409052	5.26744391985324e-14
"log(Species)"	0.690806858711959	0.0539844011791179	12.7964160687805	2.63339612456048e-28
"log(Species):Lakeweb"	-0.0674995974225801	0.0687323753526242	-0.982064086629925	0.327161927427427
"log(Species):Marine"	0.116900823800929	0.0296079155421905	3.94829631401604	0.000106372315355854
"log(Species):Terr"	-0.0528978348098112	0.027005504225207	-1.95877974981249	0.0514196155276233
"log(Species):Latitude"	-0.00119847631661479	0.000908924458479154	-1.31856537189034	0.18870439826557
"log(Species):Lakeweb:Latitude"	0.00363713086171368	0.00163300778901742	2.22725873457231	0.0269570043833408
