"Estimate"	"Std. Error"	"t value"	"Pr(>|t|)"
"(Intercept)"	-1.09504502276905	0.116118315843645	-9.43042460453478	6.66823118142402e-18
"log(Species)"	0.711244928653844	0.0527782181888186	13.4761072476775	1.91507417115808e-30
"log(Species):Lakeweb"	-0.0448855786655873	0.0637393961093259	-0.704204642739312	0.482063849419753
"log(Species):Stream"	-0.125833164581485	0.077092718560322	-1.63223151202049	0.104087692294499
"log(Species):Marine"	0.134189637090987	0.027414438979478	4.89485256989717	1.92405919247223e-06
"log(Species):Latitude"	-0.00093145969727237	0.000984959726038426	-0.945683029111011	0.345366957923297
"log(Species):Lakeweb:Latitude"	0.00472455065376463	0.00154450539170479	3.05894086167597	0.00250216588072641
"log(Species):Stream:Latitude"	0.00488367919806604	0.00174513913047912	2.79844690476068	0.00559927649225671
