"Estimate"	"Std. Error"	"t value"	"Pr(>|t|)"
"(Intercept)"	-0.509322656564361	0.143364785663913	-3.55263431117845	0.000467831234590884
"log(Species)"	0.685176757362524	0.0533816536473277	12.8354352206701	1.9777258387118e-28
"log(Species):Latitude"	-0.000986826391764988	0.000905050924703477	-1.09035454782647	0.276766261611113
"log(Species):Lakeweb"	-0.0542821583059409	0.0674944388470297	-0.804246382860767	0.422134885885061
"log(Species):Marine"	0.124843155141915	0.0283899875617624	4.39743606334165	1.71561341467142e-05
"log(Species):Terr"	-0.0556846369653143	0.0268750850815591	-2.07197993220582	0.0394492140852647
"log(Species):Latitude:Lakeweb"	0.00320037862052651	0.00159061496543935	2.01203854487973	0.0454521519668917
