"Estimate"	"Std. Error"	"t value"	"Pr(>|t|)"
"(Intercept)"	-0.909142255693543	0.1390898145317	-6.53636830816494	4.69761061945679e-10
"log(Species)"	0.704754600127411	0.0602266361077441	11.7017095038584	1.11359674551386e-24
"log(Species):Lakeweb"	-0.106388422854958	0.072173223510565	-1.47407054417327	0.141960066276294
"log(Species):Stream"	-0.169030452571177	0.0860573230306675	-1.96416117325589	0.0508307138292807
"log(Species):Marine"	0.0836193302531033	0.034801303406059	2.40276432400934	0.0171414881855177
"log(Species):Terr"	-0.0945014773105849	0.0333156389026049	-2.83655005347042	0.0050067838273018
"log(Species):Latitude"	-0.00112352701368111	0.0010567052112142	-1.06323599217433	0.2888960413507
"log(Species):Lakeweb:Latitude"	0.00443077743309668	0.00165733315561299	2.67343799771984	0.00809802432391307
"log(Species):Stream:Latitude"	0.00494471442031384	0.00189243841033481	2.61287997184491	0.00962735463878867
