"Estimate"	"Std. Error"	"t value"	"Pr(>|t|)"
"(Intercept)"	-0.829308701555848	0.126285821614702	-6.56691852618316	7.23522892613682e-10
"log(Species)"	0.689909759533441	0.0556823238063363	12.3901035799611	5.55622287719926e-25
"log(Species):Lakeweb"	-0.0272704370828477	0.0822644511553119	-0.33149722267474	0.740713847267714
"log(Species):Stream"	-0.284194305698062	0.0838094629664932	-3.39095724562371	0.000882452676434154
"log(Species):Latitude"	-0.00176703397000298	0.00106736296989831	-1.65551365358995	0.0998306547554804
"log(Species):Lakeweb:Latitude"	0.00310410764542601	0.00186886448063918	1.66095919612339	0.0987301469409971
"log(Species):Stream:Latitude"	0.00845925133484558	0.00188523853251825	4.48709868217363	1.39441226269306e-05
