"Estimate"	"Std. Error"	"t value"	"Pr(>|t|)"
"(Intercept)"	-0.630010141788344	0.135989282660815	-4.63279259557326	6.72444617721293e-06
"log(Species)"	0.546450506572362	0.0571536825934796	9.56107256393492	6.69598584705034e-18
"log(Species):Lakeweb"	-0.0579792144520263	0.065760215922407	-0.881676156909797	0.379077802065003
"log(Species):Stream"	-0.185092254087327	0.0902156120949418	-2.05166544669162	0.0415887435646418
"log(Species):Latitude"	-0.000447204670229606	0.00107642363323957	-0.415454154312568	0.678283254806108
"log(Species):Lakeweb:Latitude"	0.0044269832533149	0.00161806318484643	2.73597674971825	0.00681553203785666
"log(Species):Stream:Latitude"	0.00648922199306427	0.0020372613632066	3.18526729572409	0.00169325819216734
