"Estimate"	"Std. Error"	"t value"	"Pr(>|t|)"
"(Intercept)"	-0.498596463245608	0.128870543734696	-3.86897151820872	0.000158770675713029
"log(Species)"	0.669140983227642	0.0362583913188299	18.454789605631	1.79204440949755e-41
"log(Species):Lakeweb"	0.0558561337386266	0.0248920559805663	2.24393412027655	0.0262085686285876
