"Estimate"	"Std. Error"	"t value"	"Pr(>|t|)"
"(Intercept)"	-0.632263277722593	0.136104967968543	-4.64540925404518	6.36617047585137e-06
"log(Species)"	0.552538776583024	0.0562815538819858	9.81740443310462	1.25605498497363e-18
"log(Species):Lakeweb"	-0.0632759987214822	0.0650911270458251	-0.972114043699612	0.332242888774908
"log(Species):Stream"	-0.190663291447839	0.0897294954757238	-2.12486753031418	0.0349038974177406
"log(Species):Latitude"	-0.000631303195150572	0.00103670404442536	-0.608952187025083	0.543291261719626
"log(Species):Lakeweb:Latitude"	0.00460906610695161	0.00159255837314287	2.89412694986857	0.00425171131230304
"log(Species):Stream:Latitude"	0.00667457064596642	0.00201725210922734	3.30874391725036	0.00112310225677518
