"Estimate"	"Std. Error"	"t value"	"Pr(>|t|)"
"(Intercept)"	-1.21986502175758	0.145569046196749	-8.37997536996176	6.63872188516561e-15
"log(Species)"	0.714255900555677	0.0547410984574726	13.0478912678482	4.15232350427405e-29
"log(Species):Lakeweb"	-0.0778931776799406	0.068952632156916	-1.12966213534356	0.259865783925699
"log(Species):Marine"	0.124812677724859	0.0287553904438987	4.34049671376802	2.17995993945315e-05
"log(Species):Terr"	-0.0562489807724384	0.0270211471354345	-2.0816651673043	0.0385458340786928
"log(Species):Latitude"	-0.0014586797905764	0.000921017141232809	-1.58377051335213	0.114702223589631
"log(Species):Lakeweb:Latitude"	0.003871136999361	0.00163605096721159	2.36614694587344	0.0188545902902232
