"Estimate"	"Std. Error"	"t value"	"Pr(>|t|)"
"(Intercept)"	-0.858685814919559	0.139987452701979	-6.13401985924856	4.06111684190584e-09
"log(Species)"	0.656488730667383	0.0609454433500488	10.7717442778576	6.4648361402331e-22
"log(Species):Lakeweb"	-0.0846834372279864	0.0737203859782444	-1.14871125678828	0.251951439591786
"log(Species):Stream"	-0.155431842428866	0.0857306779886382	-1.81302476634403	0.0712225902018059
"log(Species):Marine"	0.111747836936024	0.036804641243808	3.03624307042593	0.00269137345303784
"log(Species):Terr"	-0.0587361507057918	0.0351858128960424	-1.66931344969433	0.0965106669806686
"log(Species):Latitude"	-0.00100473441720352	0.00106026242996382	-0.947628048310465	0.34438271706832
"log(Species):Lakeweb:Latitude"	0.00471231745059251	0.00167988580880655	2.80514153157845	0.00549052639992442
"log(Species):Stream:Latitude"	0.00500841848357081	0.00187341704407488	2.6734135356626	0.00808464789095055
