"Estimate"	"Std. Error"	"t value"	"Pr(>|t|)"
"(Intercept)"	-1.48177356684972	0.121464439181853	-12.199237709658	1.95642045174167e-26
"log(Species)"	0.770784678534523	0.0485666843229353	15.8706464993437	3.246072742134e-38
"log(Species):Latitude"	-0.000841974651245551	0.000829618199095316	-1.01489414306932	0.311281349002709
"log(Species):Lakeweb"	-0.0435296315153218	0.0616570954447508	-0.705995493322054	0.480944726275096
"log(Species):Marine"	0.12524655011776	0.0253381158396969	4.9430096109016	1.53316760557916e-06
"log(Species):Latitude:Lakeweb"	0.00403717779963177	0.00149794752052973	2.69513967899494	0.00758444420147692
