"Estimate"	"Std. Error"	"t value"	"Pr(>|t|)"
"(Intercept)"	-0.885270884512864	0.138810310374603	-6.37755856984839	1.1269237932622e-09
"log(Species)"	0.698932154159417	0.0603194179277453	11.5871833345051	2.51881545236057e-24
"log(Species):Lakeweb"	-0.107772172310476	0.0724015287192109	-1.48853448562447	0.138110141097412
"log(Species):Stream"	-0.166240798206177	0.0865448538040154	-1.92086289246771	0.0561032569888816
"log(Species):Marine"	0.0824213400674736	0.0349049323660568	2.36130926148489	0.0191256998482701
"log(Species):Terr"	-0.0948282235034435	0.0334212266660251	-2.83736514075477	0.00499449680959741
"log(Species):Latitude"	-0.00113310576191235	0.00106005684965581	-1.06891037238263	0.286337193293348
"log(Species):Lakeweb:Latitude"	0.00449348330888305	0.00166193340932294	2.70376856477882	0.00741757408482478
"log(Species):Stream:Latitude"	0.00489919395251416	0.0019014701616017	2.57652949357214	0.0106653962640515
