"Estimate"	"Std. Error"	"t value"	"Pr(>|t|)"
"(Intercept)"	-0.488900690182571	0.143824948401005	-3.39927596441365	0.000803932001521981
"log(Species)"	0.687668557758159	0.0530723547661397	12.9571894970241	8.08814154067675e-29
"log(Species):Latitude"	-0.00114016918500594	0.000894730061518936	-1.27431639333804	0.2039142842672
"log(Species):Lakeweb"	-0.0675528652871242	0.0676684546240676	-0.998291828332927	0.319249753097768
"log(Species):Marine"	0.122504206352935	0.028408013884509	4.31231154881041	2.45224661212734e-05
"log(Species):Terr"	-0.0534233141623034	0.0266156959796881	-2.00721086546351	0.0459676974785963
"log(Species):Latitude:Lakeweb"	0.00351271845161846	0.00160769152259034	2.18494555843568	0.0299635430140247
