"Estimate"	"Std. Error"	"t value"	"Pr(>|t|)"
"(Intercept)"	-0.484662889591859	0.143937373194317	-3.36717892536194	0.000898281348833644
"log(Species)"	0.686459659282301	0.0530086719948419	12.9499501392734	8.5300156114535e-29
"log(Species):Latitude"	-0.00116106461901056	0.000893371246427465	-1.2996440434518	0.195101929644488
"log(Species):Lakeweb"	-0.0637685885107441	0.0671162683772191	-0.950121186004267	0.343107662024197
"log(Species):Marine"	0.114731254531448	0.0290945856500592	3.94338850229389	0.000108424225751187
"log(Species):Terr"	-0.052581168657828	0.0265427675045899	-1.98099797425929	0.0488543083647033
"log(Species):Latitude:Lakeweb"	0.00338178670212365	0.00158109792508195	2.1388850421446	0.0335621494096335
