"Estimate"	"Std. Error"	"t value"	"Pr(>|t|)"
"(Intercept)"	-1.18149383189422	0.1467425760852	-8.05147260879648	5.35577484198771e-14
"log(Species)"	0.690671556786601	0.05396846929637	12.797686608337	2.60896269239479e-28
"log(Species):Lakeweb"	-0.0676198738895209	0.0687120910460248	-0.984104440137438	0.32616012249817
"log(Species):Marine"	0.116606015926423	0.0295991776507158	3.93950187746526	0.000110075810545564
"log(Species):Terr"	-0.0529185252731015	0.0269975343576625	-1.96012437921324	0.051261200164576
"log(Species):Latitude"	-0.00119966767683276	0.000908656216587369	-1.32026574510032	0.188137200118571
"log(Species):Lakeweb:Latitude"	0.00363883507037087	0.00163252585556901	2.22896014660826	0.0268418016782077
