"Estimate"	"Std. Error"	"t value"	"Pr(>|t|)"
"(Intercept)"	-1.19760665590725	0.129100951490676	-9.27651300845559	1.1740549561056e-16
"log(Species)"	0.670116733621207	0.0362916904895961	18.4647428813853	1.68958381711041e-41
"log(Species):Lakeweb"	0.0552368666944697	0.025049601108196	2.20509965232128	0.0288736007014458
