"Estimate"	"Std. Error"	"t value"	"Pr(>|t|)"
"(Intercept)"	-1.21814943940934	0.146391719802148	-8.32116352656899	9.67685886404498e-15
"log(Species)"	0.698017178735853	0.0541606084173386	12.8879124354961	1.34540202618409e-28
"log(Species):Lakeweb"	-0.0600029015068201	0.0704975871434995	-0.851134115905027	0.395633092506854
"log(Species):Marine"	0.127534766651318	0.0289662867181211	4.40286902813585	1.67664047482843e-05
"log(Species):Terr"	-0.0519667957211016	0.0271509730979579	-1.91399385700139	0.0569365711824392
"log(Species):Latitude"	-0.0011545862050547	0.000913556421571335	-1.26383677876052	0.207644589320375
"log(Species):Lakeweb:Latitude"	0.0034510850201693	0.00165116337951154	2.09009299927075	0.0377741993704515
