"Estimate"	"Std. Error"	"t value"	"Pr(>|t|)"
"(Intercept)"	-1.49154997615815	0.121731612158166	-12.2527743592205	1.32349792709253e-26
"log(Species)"	0.772694285485804	0.0486328139280503	15.8883318293892	2.84830110957446e-38
"log(Species):Lakeweb"	-0.0424716736999978	0.0615882287616335	-0.689607000460705	0.49117476383529
"log(Species):Marine"	0.125997507910459	0.0253095619918488	4.97825714846578	1.30254396910234e-06
"log(Species):Latitude"	-0.000831891653791687	0.000828869394117579	-1.00364624354037	0.316661872139568
"log(Species):Lakeweb:Latitude"	0.00400238370722735	0.00149761840037152	2.67249901993355	0.0080979248611688
