"Estimate"	"Std. Error"	"t value"	"Pr(>|t|)"
"(Intercept)"	-1.09552856174708	0.115184288196544	-9.51109373422301	3.86393572377641e-18
"log(Species)"	0.717904870239154	0.051376216566368	13.9734865316866	4.90234050458659e-32
"log(Species):Lakeweb"	-0.0513826668127812	0.0624474719387138	-0.822814202362081	0.41152110286127
"log(Species):Stream"	-0.132366353296064	0.0758248596861256	-1.74568543672866	0.0822874979684355
"log(Species):Marine"	0.140304482031303	0.0273762050012789	5.12505228627373	6.5912543090671e-07
"log(Species):Latitude"	-0.00106069036418157	0.00095859711296192	-1.10650277352098	0.269739759407077
"log(Species):Lakeweb:Latitude"	0.00485391370820467	0.00152038014775812	3.19256582990906	0.00162045069304837
"log(Species):Stream:Latitude"	0.00501292801274051	0.00172077085850714	2.91318741711461	0.00395361352448277
