"Estimate"	"Std. Error"	"t value"	"Pr(>|t|)"
"(Intercept)"	-0.639578158788374	0.13624694587236	-4.6942568487924	5.14492978359982e-06
"log(Species)"	0.555654864139691	0.0562443410561637	9.87930258770091	8.3679169666692e-19
"log(Species):Lakeweb"	-0.0515707091088447	0.0665808590486398	-0.774557580748101	0.43957416833589
"log(Species):Stream"	-0.192100165930111	0.0895717130835784	-2.14465213756563	0.0332643130163934
"log(Species):Latitude"	-0.000636922666010494	0.00103498354707541	-0.615394001006361	0.539038788159254
"log(Species):Lakeweb:Latitude"	0.00435381304941237	0.00161838012807007	2.69022893564833	0.007783170855625
"log(Species):Stream:Latitude"	0.00668424869907181	0.00201424764841086	3.31848405251724	0.00108676423562052
