"Estimate"	"Std. Error"	"t value"	"Pr(>|t|)"
"(Intercept)"	-1.23369809172343	0.14244973317009	-8.66058548702473	1.20032173815304e-15
"log(Species)"	0.734935399414466	0.0536510293948401	13.6984398566852	5.17631356293982e-31
"log(Species):Latitude"	-0.00146716898671971	0.000900527626528071	-1.62923262263068	0.104748770228375
"log(Species):Lakeweb"	-0.0916685622684063	0.0675356784817587	-1.35733532747681	0.176117896402391
"log(Species):Marine"	0.0967958244051832	0.0285698003490942	3.38804693146034	0.000839112680760197
"log(Species):Terr"	-0.0793615676501288	0.0267596600519798	-2.96571658593463	0.00336590924736086
"log(Species):Latitude:Lakeweb"	0.00371210145164472	0.00159447105036862	2.32810840359035	0.0208488848240839
