"Estimate"	"Std. Error"	"t value"	"Pr(>|t|)"
"(Intercept)"	-0.89793615083993	0.137959191061604	-6.50870843711287	5.47626076727416e-10
"log(Species)"	0.702021328564249	0.0599768444874785	11.7048726815031	1.08874903561859e-24
"log(Species):Lakeweb"	-0.124033207090903	0.0727452029304543	-1.7050362373651	0.0896664468487489
"log(Species):Stream"	-0.169137345115461	0.0858590498646937	-1.96994196164536	0.0501594582702849
"log(Species):Marine"	0.083056949335302	0.0347130363372387	2.39267313087798	0.0176069675027649
"log(Species):Terr"	-0.0946548640628573	0.033238294785459	-2.84776534638193	0.00484011169102092
"log(Species):Latitude"	-0.00112802363250678	0.00105425493276685	-1.06997235435867	0.285860013252429
"log(Species):Lakeweb:Latitude"	0.00484777206337183	0.0016678170316232	2.90665700820536	0.00404501844467302
"log(Species):Stream:Latitude"	0.00494859351302443	0.00188807379317918	2.62097463081244	0.00940892995940362
