"Estimate"	"Std. Error"	"t value"	"Pr(>|t|)"
"(Intercept)"	-0.636548609890113	0.136954981865827	-4.64786750520498	6.2985395591084e-06
"log(Species)"	0.554864925000413	0.0564181152016304	9.83487170773792	1.12012335977386e-18
"log(Species):Lakeweb"	-0.0640967877615876	0.0650646841595829	-0.985124089811589	0.325829243654238
"log(Species):Stream"	-0.190195139990122	0.0898160287200016	-2.11760798936066	0.0355227141575679
"log(Species):Latitude"	-0.0006388724149917	0.00103675727364161	-0.61622178231522	0.538493561498834
"log(Species):Lakeweb:Latitude"	0.00461280163843764	0.00159291811510611	2.89581843202931	0.00422985004928752
"log(Species):Stream:Latitude"	0.00663454001184917	0.00202168894406942	3.2816818983511	0.00123009394569269
