"Estimate"	"Std. Error"	"t value"	"Pr(>|t|)"
"(Intercept)"	-0.482215337549386	0.129745306438535	-3.71663030275263	0.000280350183859044
"log(Species)"	0.710808188084352	0.0542464535796916	13.1033116670038	5.64329078866829e-27
"log(Species):Lakeweb"	-0.0135836818170905	0.0839744640681709	-0.161759672631709	0.871703096021261
"log(Species):Terr"	-0.0247518796845651	0.027940207493933	-0.88588746844274	0.377033040174862
"log(Species):Latitude"	-0.000986525391332381	0.000962127651678915	-1.02535811086075	0.306771471772981
"log(Species):Lakeweb:Latitude"	0.0015214710645836	0.00187446106193711	0.811684539881172	0.418201565979164
