"Estimate"	"Std. Error"	"t value"	"Pr(>|t|)"
"(Intercept)"	-0.855606135337746	0.140978500874575	-6.06905400490076	5.74260871641392e-09
"log(Species)"	0.659416420292303	0.0613987991761179	10.7398911565162	8.09303174503621e-22
"log(Species):Lakeweb"	-0.0886794736563535	0.0742509498107155	-1.19432106770917	0.233668357849662
"log(Species):Stream"	-0.159124596397665	0.0863498170033192	-1.84279019828784	0.0667364450779262
"log(Species):Marine"	0.12080636228918	0.0370977517910691	3.25643351568983	0.00131084820133238
"log(Species):Terr"	-0.0591171943099715	0.0354374482151161	-1.66821250647372	0.0967292332389438
"log(Species):Latitude"	-0.00109438249704831	0.00106811990925735	-1.02458767743522	0.306709184806767
"log(Species):Lakeweb:Latitude"	0.00480410929535324	0.00169204776224613	2.839227947665	0.00495595864883858
"log(Species):Stream:Latitude"	0.00509769821316547	0.00188697581881958	2.70151750876935	0.00745290554882069
