"Estimate"	"Std. Error"	"t value"	"Pr(>|t|)"
"(Intercept)"	-0.644057244931992	0.135602564427248	-4.74959487419971	4.03417915445413e-06
"log(Species)"	0.556822762586575	0.056000914484427	9.94310124598803	5.50131132313822e-19
"log(Species):Lakeweb"	-0.043015099487128	0.0662072591560539	-0.649703673516211	0.516676689659057
"log(Species):Stream"	-0.192239839865064	0.0892077734434332	-2.15496735816373	0.0324361307003906
"log(Species):Latitude"	-0.000634040027723909	0.00103077489069551	-0.615110082179142	0.539225858418244
"log(Species):Lakeweb:Latitude"	0.00417773998321354	0.00161007923478757	2.59474185676629	0.010212696064745
"log(Species):Stream:Latitude"	0.00668385123304365	0.00200606651789703	3.33181934567671	0.00103878898266471
