"Estimate"	"Std. Error"	"t value"	"Pr(>|t|)"
"(Intercept)"	-0.850451170690351	0.141299700401944	-6.0187754699489	7.49601155795817e-09
"log(Species)"	0.659097568125491	0.0612474639791211	10.7612221846471	6.96292418091255e-22
"log(Species):Lakeweb"	-0.0837905242593123	0.0737266242670413	-1.13650292675573	0.257011294494576
"log(Species):Stream"	-0.160086357859936	0.0861509452526497	-1.85820779319902	0.0645064557487808
"log(Species):Marine"	0.110654315238391	0.0373554247293693	2.96220203732265	0.00339800531637248
"log(Species):Terr"	-0.0593030860285985	0.0353604711039162	-1.67710112951608	0.0949759457129724
"log(Species):Latitude"	-0.00111824866906875	0.00106550391887863	-1.04950216442716	0.295125333337168
"log(Species):Lakeweb:Latitude"	0.00458866638043972	0.00166597931126373	2.75433575280054	0.00638494446346647
"log(Species):Stream:Latitude"	0.00512094781697911	0.0018825987217947	2.72014835540591	0.00705904646704338
