"Estimate"	"Std. Error"	"t value"	"Pr(>|t|)"
"(Intercept)"	-0.32961261976069	0.136298769619618	-2.41830957594534	0.0165414297394089
"log(Species)"	0.639764888905909	0.0537426290934406	11.9042350494906	9.59274107744985e-25
"log(Species):Lakeweb"	-0.0867311190961758	0.0643086249473859	-1.34867009156447	0.17905675168787
"log(Species):Terr"	-0.0600415658203154	0.0256228756172642	-2.34327975974174	0.0201547325571054
"log(Species):Latitude"	-0.000820115322159776	0.000908972826901857	-0.902244047223125	0.368075630248308
"log(Species):Lakeweb:Latitude"	0.00356825660099054	0.00153069204284127	2.33113944616002	0.0208004772763289
