"Estimate"	"Std. Error"	"t value"	"Pr(>|t|)"
"(Intercept)"	-1.23149753551265	0.145327546946633	-8.47394428232444	3.62620639350386e-15
"log(Species)"	0.717075925612062	0.0547244303791866	13.1033967945108	2.76048230637745e-29
"log(Species):Lakeweb"	-0.07287843233616	0.0685750125842655	-1.06275492471265	0.28907436250802
"log(Species):Marine"	0.12550007213122	0.02876834620621	4.36243610361339	1.98831883829945e-05
"log(Species):Terr"	-0.0560137040769873	0.0270381750812861	-2.07165253973653	0.0394800648694919
"log(Species):Latitude"	-0.00145554794950577	0.000921618983528911	-1.57933807302061	0.115715079315441
"log(Species):Lakeweb:Latitude"	0.00371139482003231	0.00161333337165397	2.3004512800894	0.0223726760739633
