"Estimate"	"Std. Error"	"t value"	"Pr(>|t|)"
"(Intercept)"	-0.525068715019867	0.144309884209597	-3.63848060647912	0.000342751017996599
"log(Species)"	0.695526658141494	0.0532903093837965	13.0516535967602	4.03901448034324e-29
"log(Species):Latitude"	-0.00115042959793973	0.000896258262326922	-1.28359162341546	0.20065386145528
"log(Species):Lakeweb"	-0.0593938410570799	0.0672794531692588	-0.882793159862037	0.378324935565002
"log(Species):Marine"	0.126405013797233	0.0284486615089669	4.44326752446298	1.4123547054605e-05
"log(Species):Terr"	-0.0510263014559304	0.0266351655976132	-1.91574936033073	0.0567113370820942
"log(Species):Latitude:Lakeweb"	0.00335940364289832	0.00158586021041694	2.11834789777284	0.035283042788842
