"Estimate"	"Std. Error"	"t value"	"Pr(>|t|)"
"(Intercept)"	-1.21600788975121	0.146397039986232	-8.3062327617114	1.06461145521085e-14
"log(Species)"	0.698454187299286	0.0541279216469745	12.9037688137122	1.1975137787812e-28
"log(Species):Lakeweb"	-0.0594096116187031	0.0686658187255744	-0.865199202766896	0.38788493955299
"log(Species):Marine"	0.126999809497789	0.0289925770788806	4.38042500162224	1.84334225660779e-05
"log(Species):Terr"	-0.0524814476647578	0.0271760831428199	-1.93116305204651	0.0547656082751237
"log(Species):Latitude"	-0.0011679961781005	0.000913935298952559	-1.27798562922245	0.202619865747481
"log(Species):Lakeweb:Latitude"	0.00342834668015734	0.00161714276914765	2.12000247941269	0.035141643715244
