"Estimate"	"Std. Error"	"t value"	"Pr(>|t|)"
"(Intercept)"	-1.19770626721115	0.146393723481992	-8.18140449415157	2.3569315784072e-14
"log(Species)"	0.694727213798558	0.0540202497171075	12.860496155362	1.64541091537962e-28
"log(Species):Lakeweb"	-0.0660514057330004	0.0688770421600944	-0.958975642122868	0.33863826023415
"log(Species):Marine"	0.125266035890524	0.028915393160345	4.33215744969763	2.25734802064546e-05
"log(Species):Terr"	-0.0535105067424274	0.0270910636913115	-1.97520877556347	0.0495120798408364
"log(Species):Latitude"	-0.00117427146258076	0.000910710323022879	-1.28940172620758	0.198631107865147
"log(Species):Lakeweb:Latitude"	0.00360215338011041	0.00163640558066619	2.20125953044229	0.0287716143025034
