"Estimate"	"Std. Error"	"t value"	"Pr(>|t|)"
"(Intercept)"	-1.48382035643559	0.12120489818894	-12.2422474554002	1.42925319605879e-26
"log(Species)"	0.771956340482825	0.0485680742340307	15.8943164343529	2.72505734797798e-38
"log(Species):Latitude"	-0.000850283742745441	0.000829250202252239	-1.02536452862607	0.306327633722751
"log(Species):Lakeweb"	-0.0440119452697728	0.0616180805013731	-0.714269982311313	0.475824343112477
"log(Species):Marine"	0.125074224645661	0.0253183060478178	4.94007080921754	1.55408887174076e-06
"log(Species):Latitude:Lakeweb"	0.0040460472790874	0.00149715143951557	2.70249700350726	0.00742402336244112
