"Estimate"	"Std. Error"	"t value"	"Pr(>|t|)"
"(Intercept)"	-1.23104479521634	0.142500884952789	-8.63885719463564	1.38168190959058e-15
"log(Species)"	0.73428563831465	0.0536679094914044	13.6820242352137	5.83572360919021e-31
"log(Species):Latitude"	-0.00146791045230998	0.000900781768770046	-1.6295960944173	0.104671812495306
"log(Species):Lakeweb"	-0.0930783050647053	0.0694226142844346	-1.34074906317054	0.181436793587128
"log(Species):Marine"	0.0966514212729143	0.0285780209127026	3.38201940463813	0.000856768397690189
"log(Species):Terr"	-0.079407498087108	0.0267672254996584	-2.96659428105918	0.00335670384768654
"log(Species):Latitude:Lakeweb"	0.00376365158000402	0.00162781528236546	2.3120876310578	0.0217327928628735
