"Estimate"	"Std. Error"	"t value"	"Pr(>|t|)"
"(Intercept)"	-0.506354457789496	0.143838167434427	-3.52030665310259	0.000525195699239953
"log(Species)"	0.691302033601951	0.0531726856356452	13.0010742421204	5.85839891243312e-29
"log(Species):Latitude"	-0.00113559734300797	0.000897822705130395	-1.26483473465181	0.207287225983792
"log(Species):Lakeweb"	-0.061394860851234	0.0674564068628368	-0.910141285409285	0.363757830844453
"log(Species):Marine"	0.124138798438809	0.0284823737889871	4.35844285165612	2.02195289787387e-05
"log(Species):Terr"	-0.0524677169147493	0.0266970007850833	-1.96530379337836	0.0506548350887994
"log(Species):Latitude:Lakeweb"	0.00335001257882571	0.0015886451147402	2.10872305447121	0.0361153040721331
