"Estimate"	"Std. Error"	"t value"	"Pr(>|t|)"
"(Intercept)"	-0.829923038542742	0.126990544259404	-6.53531365963326	8.54136644523855e-10
"log(Species)"	0.687691863125989	0.0559764537027784	12.2853774692028	1.0730296735441e-24
"log(Species):Lakeweb"	-0.0248382698294566	0.0826568732615169	-0.300498541130043	0.764197000753582
"log(Species):Stream"	-0.274672429294546	0.0846113045397758	-3.24628524271745	0.00143114758774846
"log(Species):Latitude"	-0.00177204597068907	0.00107272389176191	-1.65191246722263	0.100563841253513
"log(Species):Lakeweb:Latitude"	0.00310873606739529	0.00187825123035596	1.65512260402254	0.0999100618998707
"log(Species):Stream:Latitude"	0.00833425779838226	0.00190021863174451	4.38594678483439	2.11559210987892e-05
