"Estimate"	"Std. Error"	"t value"	"Pr(>|t|)"
"(Intercept)"	-0.833511862823498	0.14144326697661	-5.89290590241622	1.45116548890709e-08
"log(Species)"	0.655019702984069	0.0612082507050107	10.7014935966867	1.0607140381654e-21
"log(Species):Lakeweb"	-0.0919473022166152	0.0740305697834607	-1.24201802695239	0.215583022806284
"log(Species):Stream"	-0.160216612464296	0.0860365402806266	-1.86219264444753	0.0639402697251334
"log(Species):Marine"	0.110003054316624	0.0373108638081705	2.94828484492325	0.00354846618918042
"log(Species):Terr"	-0.0596515667744668	0.0353140618505114	-1.68917319754887	0.0926358739157548
"log(Species):Latitude"	-0.00112341264772943	0.00106409654366234	-1.05574316016754	0.292270449748736
"log(Species):Lakeweb:Latitude"	0.00484851926883764	0.00168618918576868	2.87543017696876	0.00444048304366449
"log(Species):Stream:Latitude"	0.00512408574126495	0.00188009918837977	2.72543372867513	0.00695079228529591
