"Estimate"	"Std. Error"	"t value"	"Pr(>|t|)"
"(Intercept)"	-0.87282710679934	0.140682028655786	-6.20425448182107	2.78484242240240e-09
"log(Species)"	0.662557488017089	0.0613420812355819	10.8010272014176	5.25779135007284e-22
"log(Species):Lakeweb"	-0.0798066745086921	0.0738491218051138	-1.08067195056564	0.281053775081984
"log(Species):Stream"	-0.151410756373482	0.0866218977910884	-1.74795011693982	0.0819001601332747
"log(Species):Marine"	0.119750180914591	0.0368706332716719	3.24784714252782	0.0013491211012103
"log(Species):Terr"	-0.0586759352887868	0.0354434984024545	-1.65547809706966	0.0992864317983038
"log(Species):Latitude"	-0.00106484379251128	0.00106740334413447	-0.997602076443495	0.319593792634721
"log(Species):Lakeweb:Latitude"	0.00452875567586447	0.00166947128427989	2.71268857302801	0.00721443123183228
"log(Species):Stream:Latitude"	0.00495087883427154	0.00189096139753079	2.61818080513774	0.00946862260465725
