"Estimate"	"Std. Error"	"t value"	"Pr(>|t|)"
"(Intercept)"	-1.23197045384801	0.142128267968384	-8.66801848399398	1.14386970673249e-15
"log(Species)"	0.737031536081587	0.0536405107416357	13.7402035493578	3.81524505421025e-31
"log(Species):Lakeweb"	-0.0940294319216991	0.0674994332098796	-1.39304031826946	0.165066587694392
"log(Species):Marine"	0.0955869400273711	0.0285553385493367	3.34742800762877	0.000964985362395717
"log(Species):Terr"	-0.0806720974799765	0.0267619373787833	-3.01443413225879	0.00288852537602607
"log(Species):Latitude"	-0.00150043713436877	0.000900030968233076	-1.66709500820222	0.0969720896712855
"log(Species):Lakeweb:Latitude"	0.00376449721837719	0.00159167061503686	2.3651232753895	0.0189263901550334
