"Estimate"	"Std. Error"	"t value"	"Pr(>|t|)"
"(Intercept)"	-0.318454698626102	0.135513517126616	-2.34998474970255	0.0198057059515802
"log(Species)"	0.637813872021009	0.0536330584441318	11.8921778940763	1.04186133874048e-24
"log(Species):Lakeweb"	-0.0883951584199836	0.0644087740545213	-1.37240864645488	0.171562751921596
"log(Species):Terr"	-0.060497675637001	0.0256657232026855	-2.35713894205291	0.0194391726819739
"log(Species):Latitude"	-0.000836460696387893	0.000910276950663619	-0.918907916736865	0.359314975859971
"log(Species):Lakeweb:Latitude"	0.00361989022643315	0.00153086420865603	2.36460569524393	0.0190630094650953
