"Estimate"	"Std. Error"	"t value"	"Pr(>|t|)"
"(Intercept)"	-0.856017956021812	0.126968794063036	-6.74195547290799	2.86426880966558e-10
"log(Species)"	0.69432087272994	0.0557866553917845	12.4460028631182	3.91034621179009e-25
"log(Species):Lakeweb"	-0.0264490224594655	0.0822533838060547	-0.321555433170138	0.748219949440527
"log(Species):Stream"	-0.282492687997927	0.0837970924032083	-3.37115143134861	0.000943710261312597
"log(Species):Latitude"	-0.00175122316647722	0.00106741126902144	-1.6406264551457	0.102889730034139
"log(Species):Lakeweb:Latitude"	0.00308342570641691	0.00186888829059357	1.6498715958232	0.100981273977606
"log(Species):Stream:Latitude"	0.00845981693466619	0.00188522534431147	4.48743008903051	1.39249404838106e-05
