"Estimate"	"Std. Error"	"t value"	"Pr(>|t|)"
"(Intercept)"	-1.01255224107851	0.135352679450256	-7.48084371281795	2.70399039578268e-12
"log(Species)"	0.63060637325107	0.0539409497792064	11.6906798236275	4.13510421977488e-24
"log(Species):Lakeweb"	-0.0807155855776175	0.0645977478932502	-1.24951082986674	0.213023449747293
"log(Species):Terr"	-0.0639198578955227	0.0258634531549445	-2.47143556247448	0.0143421492995125
"log(Species):Latitude"	-0.000667000720677559	0.000919872512136242	-0.725101263357209	0.469286693673937
"log(Species):Lakeweb:Latitude"	0.00350701739465751	0.00153598200006467	2.28324120628357	0.023528844265597
