"Estimate"	"Std. Error"	"t value"	"Pr(>|t|)"
"(Intercept)"	-0.639127565231679	0.135551484601856	-4.71501708084523	4.69740301878592e-06
"log(Species)"	0.555537374210235	0.0560186523035511	9.91700712826714	6.53144180879577e-19
"log(Species):Lakeweb"	-0.0638632967886503	0.0647289497859377	-0.986626494016198	0.325093854859852
"log(Species):Stream"	-0.141164073738882	0.0960617552952683	-1.46951378626157	0.143364924510226
"log(Species):Latitude"	-0.000637212657807165	0.00103156640556444	-0.61771365795739	0.53751162687673
"log(Species):Lakeweb:Latitude"	0.00460883472963106	0.00158485657158633	2.9080453160616	0.00407485708213285
"log(Species):Stream:Latitude"	0.00560770302210292	0.00214463521224599	2.61475844007532	0.00965323271392021
