"Estimate"	"Std. Error"	"t value"	"Pr(>|t|)"
"(Intercept)"	-0.873907805577051	0.1398625502261	-6.24833312537419	2.19459171368227e-09
"log(Species)"	0.663823227632954	0.0609881324408102	10.8844655683989	2.91532765302732e-22
"log(Species):Lakeweb"	-0.0807128996571075	0.0734215403856767	-1.09930817622635	0.272863096222647
"log(Species):Stream"	-0.158984841356889	0.0858469067247474	-1.85195771662042	0.065402884210793
"log(Species):Marine"	0.127341009791567	0.0368816080423779	3.45269679253814	0.000668257255008
"log(Species):Terr"	-0.0587407710768145	0.03523742744063	-1.66699941917679	0.0969705245234075
"log(Species):Latitude"	-0.00108882678333651	0.00106127723001933	-1.02595886591921	0.306063876360435
"log(Species):Lakeweb:Latitude"	0.00455242445233224	0.00165981470961387	2.74273051441464	0.00660693922581848
"log(Species):Stream:Latitude"	0.00509433150146879	0.00187589918486605	2.71567445765086	0.00715186896475766
