"Estimate"	"Std. Error"	"t value"	"Pr(>|t|)"
"(Intercept)"	-0.883808894532221	0.14076421834894	-6.27864740698057	1.8618086652415e-09
"log(Species)"	0.66514808859419	0.0612979278163245	10.8510697227362	3.69200342071201e-22
"log(Species):Lakeweb"	-0.0596381156347881	0.0756179760600293	-0.788676433067243	0.431169916188443
"log(Species):Stream"	-0.157850040550094	0.0862385567214292	-1.83038824571226	0.0685763139560399
"log(Species):Marine"	0.120399312350917	0.0368276412567395	3.26926483049968	0.0012555306501651
"log(Species):Terr"	-0.0584454179038047	0.0353992968990839	-1.65103329793302	0.100191678590145
"log(Species):Latitude"	-0.00106021244385491	0.00106606459823003	-0.994510506788386	0.321092345392037
"log(Species):Lakeweb:Latitude"	0.00411780330644735	0.00170177795865644	2.41970656953294	0.0163644287765072
"log(Species):Stream:Latitude"	0.00506690139836513	0.00188444929310698	2.68879688983889	0.00773311046744201
