"Estimate"	"Std. Error"	"t value"	"Pr(>|t|)"
"(Intercept)"	-0.867014145797126	0.139131418071251	-6.231620131645	2.48820091759448e-09
"log(Species)"	0.696101456458217	0.0601477775061038	11.5731866632574	2.78271432781559e-24
"log(Species):Lakeweb"	-0.111034207603693	0.0721971263852032	-1.53793112223438	0.12557081803898
"log(Species):Stream"	-0.171054591258823	0.0860406871145549	-1.98806630903679	0.0481032118387376
"log(Species):Marine"	0.0740068654923245	0.035393701084593	2.09096147688663	0.0377343656712035
"log(Species):Terr"	-0.0952114450330746	0.0333057840967416	-2.85870600603543	0.00468240820673492
"log(Species):Latitude"	-0.00117984414995282	0.0010569837776729	-1.11623676245099	0.265596397012615
"log(Species):Lakeweb:Latitude"	0.00454602529400863	0.00165664516569466	2.74411526870475	0.00659252623310118
"log(Species):Stream:Latitude"	0.00499871003555932	0.00189215777395716	2.64180403154504	0.00886719962702029
