"Estimate"	"Std. Error"	"t value"	"Pr(>|t|)"
"(Intercept)"	-1.09080983449517	0.116267630177415	-9.38188757120687	9.25151207950664e-18
"log(Species)"	0.715844870128853	0.0518036133302635	13.8184351266219	1.53803382200177e-31
"log(Species):Lakeweb"	-0.0509119097447708	0.0629329955936158	-0.808985958232942	0.419413410778843
"log(Species):Stream"	-0.127929337842021	0.0765970529161932	-1.67016005148386	0.0963361303741313
"log(Species):Marine"	0.132931527707088	0.0273406779568157	4.86204211603868	2.23491491746142e-06
"log(Species):Latitude"	-0.00104170561959621	0.000965989902569256	-1.07838147875622	0.28206633565972
"log(Species):Lakeweb:Latitude"	0.00483363702919836	0.00153215597294107	3.15479436464937	0.00183485022340299
"log(Species):Stream:Latitude"	0.00492809195919534	0.0017366770430338	2.83765595852322	0.00497747176742507
