"Estimate"	"Std. Error"	"t value"	"Pr(>|t|)"
"(Intercept)"	-0.899170523502727	0.139406794283175	-6.44997633096888	7.57410453494858e-10
"log(Species)"	0.702322403357109	0.0603825285593592	11.6312188328895	1.84071200477014e-24
"log(Species):Lakeweb"	-0.106523762303882	0.0723789827383419	-1.47174992344086	0.142585410357104
"log(Species):Stream"	-0.166669406821382	0.0863798412848672	-1.92949424706318	0.0550170547634025
"log(Species):Marine"	0.0831188966078004	0.0348957541687297	2.38192005267746	0.018115224918731
"log(Species):Terr"	-0.094637968235421	0.0334066156567612	-2.83291097810643	0.00506197748730229
"log(Species):Latitude"	-0.0011275283218323	0.00105959103921448	-1.06411651297861	0.288497958555993
"log(Species):Lakeweb:Latitude"	0.00448348734117977	0.00166120982426819	2.69892898277006	0.00752256224466858
"log(Species):Stream:Latitude"	0.00487659904784399	0.00190104210870748	2.56522410813908	0.0110080849191226
