"Estimate"	"Std. Error"	"t value"	"Pr(>|t|)"
"(Intercept)"	-0.636548609890114	0.136954981865827	-4.64786750520498	6.29853955910827e-06
"log(Species)"	0.554864925000414	0.0564181152016304	9.83487170773792	1.12012335977384e-18
"log(Species):Lakeweb"	-0.0640967877615874	0.0650646841595829	-0.985124089811586	0.32582924365424
"log(Species):Stream"	-0.190195139990122	0.0898160287200017	-2.11760798936066	0.0355227141575685
"log(Species):Latitude"	-0.000638872414991696	0.00103675727364161	-0.616221782315216	0.538493561498837
"log(Species):Lakeweb:Latitude"	0.00461280163843763	0.00159291811510611	2.8958184320293	0.00422985004928758
"log(Species):Stream:Latitude"	0.00663454001184915	0.00202168894406942	3.28168189835109	0.00123009394569273
