"Estimate"	"Std. Error"	"t value"	"Pr(>|t|)"
"(Intercept)"	-1.22902157781493	0.142495052552471	-8.62501227796925	1.51115931618086e-15
"log(Species)"	0.734712325618178	0.0536359567378274	13.698130327188	5.18803031292274e-31
"log(Species):Lakeweb"	-0.092694335575433	0.0676016437185421	-1.37118464103275	0.171767094681973
"log(Species):Marine"	0.0961332193878103	0.0286042471637342	3.36080229056657	0.000921715215246556
"log(Species):Terr"	-0.0799112888768819	0.0267932039422291	-2.98252083062499	0.00319362432563349
"log(Species):Latitude"	-0.00148047680299566	0.000901128118796978	-1.64291488869765	0.101882878633498
"log(Species):Lakeweb:Latitude"	0.00374547429913536	0.00159386823909097	2.3499271817296	0.0196959097951118
