"Estimate"	"Std. Error"	"t value"	"Pr(>|t|)"
"(Intercept)"	-1.08646458885807	0.116145940077227	-9.35430535183284	1.11401620548711e-17
"log(Species)"	0.714685268655656	0.051725021703755	13.8170124461016	1.55425003346435e-31
"log(Species):Lakeweb"	-0.0512157646290069	0.0628217204103476	-0.815255683774158	0.415823988665785
"log(Species):Stream"	-0.125948165478374	0.0764431107484109	-1.64760649122318	0.100887351370527
"log(Species):Marine"	0.132766742452015	0.0272925224414101	4.86458306435509	2.20920147971896e-06
"log(Species):Latitude"	-0.00104284509235062	0.000964270756169453	-1.08148576079742	0.280687028012626
"log(Species):Lakeweb:Latitude"	0.00483358682259512	0.00152942811639187	3.16038836398418	0.00180152244406566
"log(Species):Stream:Latitude"	0.00489343935423692	0.00173331300488383	2.82317119899812	0.00519946064492018
