"Estimate"	"Std. Error"	"t value"	"Pr(>|t|)"
"(Intercept)"	-0.492687193428831	0.13065456076639	-3.77091462049881	0.000229916253335555
"log(Species)"	0.721592836360919	0.0535498565978909	13.4751590798721	5.44482586648188e-28
"log(Species):Lakeweb"	-0.0221239973868604	0.0837072582794887	-0.264302019222645	0.791893837509611
"log(Species):Terr"	-0.0252637360088925	0.0279868578331012	-0.902699980096089	0.368068011560835
"log(Species):Latitude"	-0.00118883901087369	0.000937360296804304	-1.26828394047277	0.206574011547561
"log(Species):Lakeweb:Latitude"	0.00172131736862996	0.00186474218079469	0.923085982801327	0.357378849761983
