"Estimate"	"Std. Error"	"t value"	"Pr(>|t|)"
"(Intercept)"	-0.631534097454297	0.135947012485548	-4.64544299950272	6.36523735419164e-06
"log(Species)"	0.553557416928925	0.0562141368288994	9.84729906311296	1.03242707352265e-18
"log(Species):Lakeweb"	-0.0634741474897531	0.0649952273039448	-0.976597053702444	0.330023648059652
"log(Species):Stream"	-0.191849323310991	0.089621874206431	-2.1406528820084	0.0335902751522238
"log(Species):Latitude"	-0.000642099641500092	0.00103554905279168	-0.620057195522599	0.535970971498121
"log(Species):Lakeweb:Latitude"	0.00451929665500052	0.00159669178398883	2.83041266969539	0.00515432953136091
"log(Species):Stream:Latitude"	0.00668496251457037	0.00201538797337102	3.31696060654208	0.00109237457783813
