"Estimate"	"Std. Error"	"t value"	"Pr(>|t|)"
"(Intercept)"	-0.851187507594104	0.141340223125971	-6.02225954345265	7.35922131542412e-09
"log(Species)"	0.659213116238465	0.0612650288718497	10.7600229425724	7.02206661445647e-22
"log(Species):Lakeweb"	-0.0836611162612251	0.0737477680036527	-1.13442234966462	0.257880643419154
"log(Species):Stream"	-0.160018982686516	0.08617565210602	-1.85689320331047	0.064694150345558
"log(Species):Marine"	0.110946411136602	0.0373661377284973	2.96916989234315	0.00332489278259257
"log(Species):Terr"	-0.059282594431278	0.0353706119790059	-1.67604095927051	0.0951837089059246
"log(Species):Latitude"	-0.00111653212267793	0.0010658094900945	-1.0475907120877	0.296003459372478
"log(Species):Lakeweb:Latitude"	0.0045867357432848	0.00166645709019513	2.75238754737317	0.00642173280407658
"log(Species):Stream:Latitude"	0.00511931934140068	0.00188313862406087	2.71850371289247	0.00709304143084389
