"Estimate"	"Std. Error"	"t value"	"Pr(>|t|)"
"(Intercept)"	-0.519682159083555	0.143197187764441	-3.62913662758817	0.000354654702205706
"log(Species)"	0.693442525665217	0.0529694155314441	13.0913758195722	3.0157230797914e-29
"log(Species):Latitude"	-0.00111719012390744	0.000893351253164273	-1.25056087395671	0.212441502872214
"log(Species):Lakeweb"	-0.0367660504850425	0.0690305141570695	-0.532605774909721	0.594851459037848
"log(Species):Marine"	0.125384337361431	0.028326393083718	4.42641380393405	1.51734666596826e-05
"log(Species):Terr"	-0.0516675157977579	0.026550555221033	-1.94600509735584	0.052945325218933
"log(Species):Latitude:Lakeweb"	0.002856455890745	0.00161608705613036	1.76751362490623	0.0785476723345093
