"Estimate"	"Std. Error"	"t value"	"Pr(>|t|)"
"(Intercept)"	-0.320016127277772	0.13549458124575	-2.36183708850578	0.0192017326191587
"log(Species)"	0.637332267990162	0.053640006528346	11.8816590309952	1.11968843394632e-24
"log(Species):Lakeweb"	-0.0874175669935045	0.0643679676790448	-1.35809114604007	0.176053776765821
"log(Species):Terr"	-0.0600841056595134	0.0256456398857926	-2.3428585103388	0.0201768401160803
"log(Species):Latitude"	-0.000823409747258069	0.000909767506936703	-0.905077111437612	0.366576826378474
"log(Species):Lakeweb:Latitude"	0.00361233443974463	0.00153536923219999	2.35274640391784	0.0196635024812865
