"Estimate"	"Std. Error"	"t value"	"Pr(>|t|)"
"(Intercept)"	-1.09719190711777	0.116324335951872	-9.43217855609956	6.58971351776556e-18
"log(Species)"	0.717548032949392	0.0518409680389208	13.8413316744139	1.29913616331137e-31
"log(Species):Lakeweb"	-0.0459795416864253	0.0646449347577781	-0.711262867828837	0.477688737450562
"log(Species):Stream"	-0.131573493657882	0.0764778739975367	-1.72041254261488	0.0867896137909393
"log(Species):Marine"	0.133173555788546	0.0273637029489842	4.86679584399923	2.18704221365439e-06
"log(Species):Latitude"	-0.00104003202079939	0.000966812202984471	-1.07573323711564	0.283246666506734
"log(Species):Lakeweb:Latitude"	0.00473927082155162	0.00156210378137817	3.03390266258135	0.0027100448666513
"log(Species):Stream:Latitude"	0.00499233209659322	0.00173558494474999	2.87645506011944	0.0044247103808608
