"Estimate"	"Std. Error"	"t value"	"Pr(>|t|)"
"(Intercept)"	-1.23816369802384	0.142425397151387	-8.69341931135896	9.70111387469783e-16
"log(Species)"	0.736028973861708	0.0536128447044301	13.7285939203463	4.15295046789141e-31
"log(Species):Lakeweb"	-0.0950160908095493	0.067608998828469	-1.40537639154538	0.161373114173391
"log(Species):Marine"	0.0970388607697726	0.0285401159239312	3.40008642671295	0.000804859601697167
"log(Species):Terr"	-0.0792842648503071	0.0267302218868962	-2.96609078614398	0.00336198175148425
"log(Species):Latitude"	-0.00146592106987266	0.000899531440482579	-1.62964961968003	0.104660483433406
"log(Species):Lakeweb:Latitude"	0.00378599685854709	0.00159328037348254	2.37622763799682	0.018380938642926
