"Estimate"	"Std. Error"	"t value"	"Pr(>|t|)"
"(Intercept)"	-1.02303039572803	0.136251125881542	-7.50841792395508	2.29951889515694e-12
"log(Species)"	0.640838183807298	0.0538580966732513	11.8986414929433	9.96742150568302e-25
"log(Species):Lakeweb"	-0.0872666106680555	0.0644152431990683	-1.35475093058901	0.177114114623962
"log(Species):Terr"	-0.0595721069645072	0.0256743411445786	-2.32029739844313	0.0213924609258734
"log(Species):Latitude"	-0.000850199197875005	0.00091118157614383	-0.933073297501354	0.351972597444811
"log(Species):Lakeweb:Latitude"	0.00368084204086766	0.00153224519196441	2.4022539344037	0.0172624251750135
