"Estimate"	"Std. Error"	"t value"	"Pr(>|t|)"
"(Intercept)"	-0.321213059113189	0.135263768716109	-2.37471617242419	0.018563889156839
"log(Species)"	0.637635678993999	0.0535547209854536	11.9062459342696	9.46150786137258e-25
"log(Species):Lakeweb"	-0.0861505419386214	0.0642794297291311	-1.34025056385306	0.181772834056205
"log(Species):Terr"	-0.0600787998367974	0.0256068845594063	-2.34619716027611	0.0200022085568832
"log(Species):Latitude"	-0.000822998846891445	0.000908392317692339	-0.905994943883029	0.366092080284525
"log(Species):Lakeweb:Latitude"	0.00350078494606693	0.00153461523953819	2.28121346372164	0.0236509552703987
