"Estimate"	"Std. Error"	"t value"	"Pr(>|t|)"
"(Intercept)"	-1.10535210742647	0.116574812500575	-9.48191194749745	4.70812716156192e-18
"log(Species)"	0.719725718882438	0.0518309690787328	13.8860170217762	9.34462479605297e-32
"log(Species):Lakeweb"	-0.0498949958514934	0.0628951488145198	-0.79330436117793	0.428471072949385
"log(Species):Stream"	-0.128465821619399	0.0764460562477689	-1.68047676917471	0.0943101309432458
"log(Species):Marine"	0.133483016012804	0.0273250774020702	4.88500047222891	2.01271635565228e-06
"log(Species):Latitude"	-0.0010378921358081	0.00096535888522032	-1.07513604701658	0.283513301191025
"log(Species):Lakeweb:Latitude"	0.00483380505609221	0.00153115007756124	3.15697665887286	0.0018217813203371
"log(Species):Stream:Latitude"	0.00490113524364659	0.00173618082512657	2.82294054439248	0.00520306732501422
