"Estimate"	"Std. Error"	"t value"	"Pr(>|t|)"
"(Intercept)"	-1.21003963029547	0.142875455306643	-8.46919177054203	4.12248716900394e-15
"log(Species)"	0.730291891582189	0.0535494160454852	13.6377190548983	8.06537548947929e-31
"log(Species):Latitude"	-0.00150040205443315	0.000897817233981921	-1.67116646645187	0.0961642738267796
"log(Species):Lakeweb"	-0.0946086549557481	0.0673475420889126	-1.4047825951962	0.161549447287528
"log(Species):Marine"	0.0880285058194103	0.0292865467735373	3.00576597507737	0.00296862943641115
"log(Species):Terr"	-0.0799155475793705	0.0266710345869068	-2.99634224232914	0.00305802810853571
"log(Species):Latitude:Lakeweb"	0.00377143368279159	0.0015883693608829	2.37440596354442	0.0184694587893205
