"Estimate"	"Std. Error"	"t value"	"Pr(>|t|)"
"(Intercept)"	-0.869788194717194	0.141049232693537	-6.16655743606219	3.41108494075308e-09
"log(Species)"	0.661840609528335	0.0614512731258685	10.7701692066283	6.53707212018166e-22
"log(Species):Lakeweb"	-0.0801007464173768	0.0739581409723	-1.08305516288433	0.279997072354689
"log(Species):Stream"	-0.154846488431541	0.086667151246768	-1.78668026125199	0.0753981101327161
"log(Species):Marine"	0.119570551384979	0.0369257943911538	3.23813077975714	0.00139368152550009
"log(Species):Terr"	-0.0587397247266641	0.0354946959067121	-1.6548873916555	0.0994063573751711
"log(Species):Latitude"	-0.00106612539271436	0.00106894035987306	-0.997366581650038	0.319707779840192
"log(Species):Lakeweb:Latitude"	0.00453092084309559	0.00167187626258621	2.71008144830453	0.00726946148355245
"log(Species):Stream:Latitude"	0.00501344986327597	0.00189245836209052	2.64917314098146	0.00866788515302817
