"Estimate"	"Std. Error"	"t value"	"Pr(>|t|)"
"(Intercept)"	-1.48593163577173	0.120609979642381	-12.3201383515497	8.09028945504939e-27
"log(Species)"	0.769686459933516	0.0483056311517143	15.9336798129425	2.0372115443784e-38
"log(Species):Latitude"	-0.000796449668813028	0.000825055360230225	-0.965328761200686	0.335449808818885
"log(Species):Lakeweb"	-0.0410309967107763	0.0612896964466346	-0.669459943344675	0.503910531592494
"log(Species):Marine"	0.119760662364756	0.0254456270926838	4.70653216478168	4.47700638577238e-06
"log(Species):Latitude:Lakeweb"	0.00399279124967864	0.00148975227685254	2.68017126855102	0.00792051358976482
