"Estimate"	"Std. Error"	"t value"	"Pr(>|t|)"
"(Intercept)"	-1.20372283881688	0.146642052114789	-8.20857879071835	1.98349006791013e-14
"log(Species)"	0.695640423396167	0.0541360228263338	12.8498620156814	1.77900551659903e-28
"log(Species):Lakeweb"	-0.0648774550037214	0.069057522665371	-0.939469770992152	0.348534152076154
"log(Species):Marine"	0.12621215758843	0.0289765093347891	4.35567155899279	2.04561465162312e-05
"log(Species):Terr"	-0.0528034248680423	0.0271552148102904	-1.94450403861407	0.0531270763487901
"log(Species):Latitude"	-0.00117371111719961	0.000913210325620389	-1.28525826337131	0.200072088252218
"log(Species):Lakeweb:Latitude"	0.00359740489931453	0.00164028383464933	2.19316000275258	0.0293581421654566
