"Estimate"	"Std. Error"	"t value"	"Pr(>|t|)"
"(Intercept)"	-0.486115734227414	0.144021407128627	-3.3753019354495	0.000873472619748144
"log(Species)"	0.686726094943743	0.0530396196713308	12.9474174060666	8.69023508005434e-29
"log(Species):Latitude"	-0.00115870657835131	0.000893892817017305	-1.29624777858449	0.196267007039821
"log(Species):Lakeweb"	-0.0635517084914335	0.0671554523915081	-0.946337285034353	0.345029157973679
"log(Species):Marine"	0.11531490232205	0.0291115717353618	3.96113625778499	0.000101177159900571
"log(Species):Terr"	-0.0525403198900446	0.0265582637800283	-1.97830401585041	0.0491594725884467
"log(Species):Latitude:Lakeweb"	0.00337900624528974	0.00158202100625417	2.13587950598101	0.0338093901595016
