"Estimate"	"Std. Error"	"t value"	"Pr(>|t|)"
"(Intercept)"	-0.518785156343262	0.143614785599463	-3.61233806239238	0.000377040044137917
"log(Species)"	0.693227638559735	0.0531031103330934	13.0543697762977	3.95913669715433e-29
"log(Species):Latitude"	-0.00111748108821126	0.000895354473750839	-1.24808790369906	0.213343883126991
"log(Species):Lakeweb"	-0.0423752026941772	0.0693616554588812	-0.610931247442587	0.541884485029976
"log(Species):Marine"	0.125330872661867	0.0283915977243134	4.414364907493	1.59695721018503e-05
"log(Species):Terr"	-0.0516863594840696	0.0266102731476797	-1.94234607052789	0.0533892867905036
"log(Species):Latitude:Lakeweb"	0.0029735969087885	0.00162246333925996	1.83276677927578	0.0682074789885263
