"Estimate"	"Std. Error"	"t value"	"Pr(>|t|)"
"(Intercept)"	-1.19147088094438	0.129323523500616	-9.2131025253013	1.72787433693617e-16
"log(Species)"	0.66935514684383	0.0363858395093649	18.3960341679502	2.53739940261867e-41
"log(Species):Lakeweb"	0.0580520954799888	0.0249795515196133	2.32398469741972	0.0213839949555486
