"Estimate"	"Std. Error"	"t value"	"Pr(>|t|)"
"(Intercept)"	-0.887732282799205	0.140139398777936	-6.33463744343515	1.37227386466626e-09
"log(Species)"	0.66607361476132	0.0610375548054014	10.9125212647342	2.39027706066498e-22
"log(Species):Lakeweb"	-0.0783643183506086	0.0734525735230451	-1.06686960840143	0.287227236521537
"log(Species):Stream"	-0.11170820663758	0.0896108279491971	-1.24659272985304	0.213903303775284
"log(Species):Marine"	0.12063122310379	0.036673624184086	3.28931829857535	0.00117340745963813
"log(Species):Terr"	-0.0583630625327509	0.0352516752765975	-1.65561103337112	0.0992594589750539
"log(Species):Latitude"	-0.00105855783356551	0.00106162002609806	-0.997115547505451	0.319829318086485
"log(Species):Lakeweb:Latitude"	0.00451813602061399	0.0016604272384207	2.72106835883478	0.0070400942018056
"log(Species):Stream:Latitude"	0.00408555107810336	0.00195398375105633	2.09088283149473	0.037713429520655
