"Estimate"	"Std. Error"	"t value"	"Pr(>|t|)"
"(Intercept)"	-1.20538244057776	0.146691377642919	-8.21713218558723	1.87855315978782e-14
"log(Species)"	0.695518401146972	0.0541542323909045	12.8432879654996	1.86695745060797e-28
"log(Species):Lakeweb"	-0.0641797136937796	0.0690807513281434	-0.929053498403873	0.353893654482883
"log(Species):Marine"	0.126533844488474	0.0289862560725474	4.36530485937137	1.96448793111231e-05
"log(Species):Terr"	-0.0525116914917641	0.0271643489249095	-1.93311062366789	0.0545237953023727
"log(Species):Latitude"	-0.00116621849917997	0.00091351749931958	-1.27662414792121	0.20309945857525
"log(Species):Lakeweb:Latitude"	0.00358875703253121	0.00164083557178926	2.1871521401854	0.0297998667037197
