"Estimate"	"Std. Error"	"t value"	"Pr(>|t|)"
"(Intercept)"	-0.83478396509468	0.127165392682316	-6.56455303983633	7.32576729479259e-10
"log(Species)"	0.685702510494014	0.0575475834869239	11.9154005945327	1.09694512297877e-23
"log(Species):Lakeweb"	-0.0211535043108308	0.0838071275866843	-0.252406983987741	0.801058762228933
"log(Species):Stream"	-0.278733977406885	0.085367301578775	-3.26511406887655	0.0013450478092203
"log(Species):Latitude"	-0.00170191528305361	0.00110631592156427	-1.53836282193896	0.125985801353934
"log(Species):Lakeweb:Latitude"	0.00303557032243946	0.00190051097117587	1.59723904175166	0.112236083728547
"log(Species):Stream:Latitude"	0.0083974897286509	0.00191696496676859	4.38061721222088	2.16217614423875e-05
