"Estimate"	"Std. Error"	"t value"	"Pr(>|t|)"
"(Intercept)"	-1.17465326181867	0.130332875263111	-9.01271654943027	6.54404814483928e-16
"log(Species)"	0.72138602543601	0.0535950599110795	13.4599350505975	5.99130208189435e-28
"log(Species):Lakeweb"	-0.0232029146588267	0.0839653290575737	-0.276339233338999	0.782650963064693
"log(Species):Terr"	-0.0261348471552819	0.0280839154982432	-0.930598411639457	0.353490055822594
"log(Species):Latitude"	-0.00122928393973576	0.000940715491787626	-1.30675422108737	0.193207072248794
"log(Species):Lakeweb:Latitude"	0.00179540791863716	0.00186985521120161	0.96018553088043	0.338438251793058
