"Estimate"	"Std. Error"	"t value"	"Pr(>|t|)"
"(Intercept)"	-0.86675453203672	0.139057651105632	-6.23305891581838	2.46898786203882e-09
"log(Species)"	0.692211641330693	0.0603286425896625	11.4740131986544	5.63326771208159e-24
"log(Species):Lakeweb"	-0.107231032119122	0.0721264676577365	-1.48670849414071	0.138591655444808
"log(Species):Stream"	-0.167230574702143	0.0860196033860969	-1.94409841616605	0.0532194386058145
"log(Species):Marine"	0.0735798115443361	0.0354063930140297	2.07815044913444	0.0389109234869892
"log(Species):Terr"	-0.0949005194780176	0.0332956109634123	-2.85024111983713	0.00480400694379574
"log(Species):Latitude"	-0.00108698577978914	0.00105658459373156	-1.02877307338943	0.304769785108823
"log(Species):Lakeweb:Latitude"	0.00445324945192878	0.00165591267415633	2.68930211201968	0.00773540295960023
"log(Species):Stream:Latitude"	0.00490583735906183	0.00189163030532731	2.59344404942432	0.0101705103997223
