"Estimate"	"Std. Error"	"t value"	"Pr(>|t|)"
"(Intercept)"	-0.497942091516876	0.143604322122771	-3.46745894661285	0.000633391001251995
"log(Species)"	0.6824492442012	0.0533985392119844	12.7802980057559	2.9639353804905e-28
"log(Species):Latitude"	-0.000990490884938294	0.000904474541061234	-1.09510090110014	0.274686404341044
"log(Species):Lakeweb"	-0.059197072120005	0.067881239536999	-0.872068225680225	0.384135019339408
"log(Species):Marine"	0.124164846576514	0.0283776930096334	4.3754383604884	1.88248171265474e-05
"log(Species):Terr"	-0.0559244819412838	0.0268585944819828	-2.08218199871922	0.0384981288074127
"log(Species):Latitude:Lakeweb"	0.00335674643220227	0.00161338235536058	2.08056473473212	0.0386475762375191
