"Estimate"	"Std. Error"	"t value"	"Pr(>|t|)"
"(Intercept)"	-0.88637551565069	0.14158035084359	-6.26058284478971	2.05362435244337e-09
"log(Species)"	0.665753553780046	0.0614772579539899	10.8292655843288	4.3071119000368e-22
"log(Species):Lakeweb"	-0.0784956110942689	0.073898578239885	-1.06220732473988	0.289333235331378
"log(Species):Stream"	-0.161826146834926	0.0865088494523802	-1.87063113033315	0.0627549261187432
"log(Species):Marine"	0.120551024849252	0.0368990191426893	3.26705228621603	0.00126491168591159
"log(Species):Terr"	-0.0583915422687206	0.0354615472368303	-1.64661575195104	0.101097928656307
"log(Species):Latitude"	-0.00105913002289053	0.00106792249336815	-0.991766752238843	0.322426169613891
"log(Species):Lakeweb:Latitude"	0.00451910269147872	0.00167028836349377	2.70558233551123	0.00736531983750675
"log(Species):Stream:Latitude"	0.00513971635775712	0.00188952822415388	2.72010562851405	0.00705992776999817
