"Estimate"	"Std. Error"	"t value"	"Pr(>|t|)"
"(Intercept)"	-1.22842271798922	0.14232630003588	-8.63103107211769	1.45345574674649e-15
"log(Species)"	0.735287083052845	0.053613675203756	13.714543542453	4.60185466735749e-31
"log(Species):Lakeweb"	-0.0934689475994622	0.0675571582804643	-1.38355357120595	0.167950285896708
"log(Species):Marine"	0.0957813720023092	0.0285838583284872	3.35089024377271	0.000953605697242449
"log(Species):Terr"	-0.0802883792927706	0.0267779253705746	-2.99830469245377	0.00303920988114687
"log(Species):Latitude"	-0.00149003268436666	0.000900602557780728	-1.65448418005652	0.0995089237172635
"log(Species):Lakeweb:Latitude"	0.00375522055082348	0.00159287570540217	2.35751009202275	0.019308542735363
