"Estimate"	"Std. Error"	"t value"	"Pr(>|t|)"
"(Intercept)"	-1.20156217113496	0.12825117321554	-9.36882011297941	7.60637741718471e-17
"log(Species)"	0.752881112167836	0.0541980616485129	13.8912922209367	4.00196849570605e-29
"log(Species):Lakeweb"	-0.0453126072413875	0.0829854441160126	-0.546030785568141	0.585819827290238
"log(Species):Terr"	-0.0324369370745514	0.0277067176269011	-1.17072464199287	0.243483370822794
"log(Species):Latitude"	-0.00171664137093838	0.000945866723037402	-1.81488716023949	0.0714499247185622
"log(Species):Lakeweb:Latitude"	0.00226596400932764	0.00184698371999369	1.22684568618471	0.22171722092288
