"Estimate"	"Std. Error"	"t value"	"Pr(>|t|)"
"(Intercept)"	-0.514026818616232	0.128463242292115	-4.00135330110522	9.60786488009566e-05
"log(Species)"	0.67123804042218	0.0360597363522087	18.614613092729	6.97252513958651e-42
"log(Species):Lakeweb"	0.0587359064881223	0.0247528172037694	2.37289784045987	0.0188366507911509
