"Estimate"	"Std. Error"	"t value"	"Pr(>|t|)"
"(Intercept)"	-0.641518327465629	0.136823683554286	-4.68864973373634	5.27269212430805e-06
"log(Species)"	0.55616075304475	0.0563639775401533	9.86730847106285	9.05363393407345e-19
"log(Species):Lakeweb"	-0.0636468442618971	0.0650022145248932	-0.979148860190339	0.328764748806509
"log(Species):Stream"	-0.197026607096295	0.0899279701584071	-2.19093800014873	0.0296859349757613
"log(Species):Latitude"	-0.00063567401743974	0.0010357618221398	-0.613726055403824	0.540138244073991
"log(Species):Lakeweb:Latitude"	0.00460515729652183	0.00159138868501133	2.89379793880402	0.00425597553824902
"log(Species):Stream:Latitude"	0.00677605716921518	0.00201967141316519	3.35502949888065	0.00095996875418485
