"Estimate"	"Std. Error"	"t value"	"Pr(>|t|)"
"(Intercept)"	-0.508791074166385	0.143823758545817	-3.53760101467729	0.000493733612061017
"log(Species)"	0.690833443654345	0.0532105386714336	12.9830191706972	6.68979868269605e-29
"log(Species):Latitude"	-0.00112072290792078	0.000897531078749775	-1.24867309272666	0.213130098027398
"log(Species):Lakeweb"	-0.0624275917384561	0.069260938836519	-0.901339092237949	0.368407337000705
"log(Species):Marine"	0.124735188192904	0.0284581684848465	4.38310667319731	1.82261815823855e-05
"log(Species):Terr"	-0.0518963090651084	0.0266746985717657	-1.94552560455318	0.0530033261940179
"log(Species):Latitude:Lakeweb"	0.00338321023234114	0.00162219914852779	2.0855702183123	0.0381866345246613
