"Estimate"	"Std. Error"	"t value"	"Pr(>|t|)"
"(Intercept)"	-0.488301650080394	0.128475764200917	-3.80072967938732	0.000204707680242183
"log(Species)"	0.666629827230993	0.0360903802509355	18.4711222934181	1.62702524791735e-41
"log(Species):Lakeweb"	0.0550468519878469	0.0248029840197964	2.21936408715627	0.0278685125414544
