"Estimate"	"Std. Error"	"t value"	"Pr(>|t|)"
"(Intercept)"	-0.494102602006012	0.129088183010247	-3.82763619786013	0.00018526376297888
"log(Species)"	0.667569852374954	0.0362737718610695	18.4036514022248	2.42547957310235e-41
"log(Species):Lakeweb"	0.0559778369764377	0.024931731911174	2.24524462142758	0.0261225067073177
