"Estimate"	"Std. Error"	"t value"	"Pr(>|t|)"
"(Intercept)"	-1.48386410353746	0.121309686603253	-12.2320331136497	1.53992320414338e-26
"log(Species)"	0.771267988485546	0.0485932948521546	15.8719014800732	3.21609907683048e-38
"log(Species):Latitude"	-0.000840830630975109	0.000829843891537488	-1.01323952558989	0.312069017334089
"log(Species):Lakeweb"	-0.0433088594738346	0.0616644681468179	-0.702330868576047	0.483222071041819
"log(Species):Marine"	0.12537512304265	0.0253380239725469	4.94810184008391	1.49755989950941e-06
"log(Species):Latitude:Lakeweb"	0.00403660614478127	0.001498249097555	2.69421563568343	0.00760481189769181
