"Estimate"	"Std. Error"	"t value"	"Pr(>|t|)"
"(Intercept)"	-0.873480293147563	0.140894694552405	-6.19952579422837	2.85673517446837e-09
"log(Species)"	0.663632937746674	0.0614627697827982	10.7973158400097	5.39737651158262e-22
"log(Species):Lakeweb"	-0.0806648296998092	0.0739843557173678	-1.09029576479603	0.276803322649037
"log(Species):Stream"	-0.158900755544013	0.0864983001643292	-1.83703905443384	0.0675844923086626
"log(Species):Marine"	0.121862920145881	0.0371572504637842	3.27965386633374	0.00121234057836513
"log(Species):Terr"	-0.058742000771829	0.0354978476551756	-1.65480457695481	0.0994231797927155
"log(Species):Latitude"	-0.00108684464120395	0.00106994997939393	-1.01579014172194	0.310871060663748
"log(Species):Lakeweb:Latitude"	0.00455056660990846	0.00167260325402344	2.72064914316177	0.00704872441986113
"log(Species):Stream:Latitude"	0.00509229822599389	0.00189022017646225	2.69402384410301	0.00761684225678955
