"Estimate"	"Std. Error"	"t value"	"Pr(>|t|)"
"(Intercept)"	-0.317927146410321	0.135624465567401	-2.34417252875605	0.0201079496249413
"log(Species)"	0.63680273091609	0.0536533019645434	11.8688451148248	1.22237917854247e-24
"log(Species):Lakeweb"	-0.0917126358411797	0.0658544764031759	-1.39265606303958	0.165359957044549
"log(Species):Terr"	-0.0600933658043368	0.0256393392365786	-2.34379541726271	0.0201276993775954
"log(Species):Latitude"	-0.000824126883337932	0.000909546259901841	-0.90608572611455	0.366044156269314
"log(Species):Lakeweb:Latitude"	0.00369403695476909	0.00155678690019502	2.37285973713315	0.0186546619208377
