"Estimate"	"Std. Error"	"t value"	"Pr(>|t|)"
"(Intercept)"	-1.09637122238501	0.115493828270873	-9.49289878774853	4.37068971608438e-18
"log(Species)"	0.700989677437165	0.0524399182312604	13.367482274587	4.25898616719165e-30
"log(Species):Lakeweb"	-0.0341836702466962	0.0634121302288789	-0.539071469816802	0.590392725084714
"log(Species):Stream"	-0.115230268984263	0.0766796920873141	-1.50274819639406	0.134364568406075
"log(Species):Marine"	0.138050339837645	0.0273689568292532	5.04404828795265	9.64823385643735e-07
"log(Species):Latitude"	-0.000627602236511326	0.00099371426204177	-0.631572133443874	0.5283343195292
"log(Species):Lakeweb:Latitude"	0.00442105629153449	0.00154514800115513	2.8612510181739	0.00463427689809463
"log(Species):Stream:Latitude"	0.00457987151107801	0.00174371185014474	2.62650707494926	0.00924430370354038
