"Estimate"	"Std. Error"	"t value"	"Pr(>|t|)"
"(Intercept)"	-0.847901512794181	0.127743471317809	-6.63753305000387	4.98606661483965e-10
"log(Species)"	0.69225901604275	0.0560912126686709	12.341666066874	7.53323425357118e-25
"log(Species):Lakeweb"	-0.0231348205055665	0.0826766326696749	-0.279822965190165	0.779984015633379
"log(Species):Stream"	-0.287749963788712	0.0844872531514819	-3.40583878697997	0.000838896101433498
"log(Species):Latitude"	-0.00175769979581936	0.00107290361505147	-1.63826439874102	0.103381941436173
"log(Species):Lakeweb:Latitude"	0.00308316452236148	0.0018785694638655	1.64122997933614	0.102764268396359
"log(Species):Stream:Latitude"	0.00856171269736764	0.00189822916702333	4.51036831911794	1.26572560907862e-05
