"Estimate"	"Std. Error"	"t value"	"Pr(>|t|)"
"(Intercept)"	-0.512259526439919	0.129194811586649	-3.96501624290347	0.000110416209967082
"log(Species)"	0.671138193502133	0.0362525779032248	18.5128405294023	1.2714307938364e-41
"log(Species):Lakeweb"	0.0582657397946355	0.0248577602496192	2.34396579617538	0.0203089270451607
