"Estimate"	"Std. Error"	"t value"	"Pr(>|t|)"
"(Intercept)"	-0.32181055515136	0.135282807185676	-2.3787986208009	0.0183656418090983
"log(Species)"	0.640048583060881	0.05367722836381	11.9240244433412	8.37652238720002e-25
"log(Species):Lakeweb"	-0.0894510179982563	0.0643262079523188	-1.39058434883276	0.165986704943001
"log(Species):Terr"	-0.0611242485847917	0.0256466727160773	-2.38332080194069	0.0181482233476371
"log(Species):Latitude"	-0.000855049736791228	0.000909447221481162	-0.94018621047482	0.348322115208769
"log(Species):Lakeweb:Latitude"	0.00363547709394081	0.00152906835415483	2.37757657076767	0.0184247888507048
