"Estimate"	"Std. Error"	"t value"	"Pr(>|t|)"
"(Intercept)"	-0.32123534038644	0.135303917117045	-2.37417620443726	0.0185902513165668
"log(Species)"	0.639692261671228	0.053675363315626	11.9178003120288	8.74145319614209e-25
"log(Species):Lakeweb"	-0.0892967591107564	0.0643412563129029	-1.38786160277148	0.166813143804116
"log(Species):Terr"	-0.0610292347628034	0.0256513548387756	-2.37918172924532	0.0183471339398513
"log(Species):Latitude"	-0.00085224460772329	0.000909628650196069	-0.936914869094757	0.349998007373214
"log(Species):Lakeweb:Latitude"	0.00363318655605502	0.00152941169403819	2.37554516564609	0.0185234804577159
