"Estimate"	"Std. Error"	"t value"	"Pr(>|t|)"
"(Intercept)"	-1.180239829138	0.130090719718144	-9.07243677100966	4.56891673792714e-16
"log(Species)"	0.723959956748592	0.0536425309403914	13.4960066957517	4.7764994114559e-28
"log(Species):Lakeweb"	-0.0238283412729451	0.083855203099737	-0.284160557629367	0.776661764653889
"log(Species):Terr"	-0.0266732657874316	0.0280615171384695	-0.950528285973007	0.343304844651762
"log(Species):Latitude"	-0.00124421130165052	0.000939782850806021	-1.32393488621696	0.187449036986381
"log(Species):Lakeweb:Latitude"	0.00180684714884347	0.00186753027958198	0.967506213204696	0.334779071103192
