"Estimate"	"Std. Error"	"t value"	"Pr(>|t|)"
"(Intercept)"	-0.832961837099081	0.141413547900322	-5.89025485511623	1.4713488448251e-08
"log(Species)"	0.654933190814388	0.061195390052743	10.7023288886616	1.05449327797651e-21
"log(Species):Lakeweb"	-0.0920515950345589	0.0740150149946178	-1.24368812248775	0.214968699120413
"log(Species):Stream"	-0.160266739532169	0.086018462880699	-1.8631667454282	0.0638024953242439
"log(Species):Marine"	0.109785723006149	0.0373030243087612	2.94307834392838	0.00360630592076235
"log(Species):Terr"	-0.0596668561341116	0.0353066419052526	-1.68996123432614	0.092484754636138
"log(Species):Latitude"	-0.00112469001736858	0.00106387296309159	-1.05716571093249	0.291622340459133
"log(Species):Lakeweb:Latitude"	0.00485017951137624	0.00168583489541524	2.87701928852386	0.00441901944241943
"log(Species):Stream:Latitude"	0.0051252973241533	0.00187970415500417	2.72665105862999	0.00692607285260903
