"Estimate"	"Std. Error"	"t value"	"Pr(>|t|)"
"(Intercept)"	-0.320218789508292	0.135013860208132	-2.37174753032507	0.0187092319839939
"log(Species)"	0.630514086523998	0.0538059230342769	11.7183025765087	3.42374110151745e-24
"log(Species):Lakeweb"	-0.0804756798284647	0.0644360447036789	-1.24892333473519	0.213237792076697
"log(Species):Terr"	-0.0640064811601989	0.0257987109153947	-2.48099532453789	0.0139752384304992
"log(Species):Latitude"	-0.000665718589022555	0.000917569857259524	-0.725523603195549	0.469028261642083
"log(Species):Lakeweb:Latitude"	0.00344756995093334	0.00153213707982155	2.25017069055915	0.0255907272849628
