"Estimate"	"Std. Error"	"t value"	"Pr(>|t|)"
"(Intercept)"	-0.498867898214842	0.143762768025077	-3.47007716300944	0.000627572612456628
"log(Species)"	0.688456235133544	0.0531433401442583	12.9547038869729	8.23721865229054e-29
"log(Species):Latitude"	-0.00112394172749935	0.000895857161008353	-1.25459925579461	0.210973881591385
"log(Species):Lakeweb"	-0.0634040707812546	0.0677510512734937	-0.935838921898179	0.350396413641327
"log(Species):Marine"	0.124143729998695	0.0284087156072776	4.36991702528403	1.92674755927693e-05
"log(Species):Terr"	-0.0521047690914249	0.0266253402065791	-1.95696162704993	0.0516344707287851
"log(Species):Latitude:Lakeweb"	0.00338082096293202	0.00161643741618054	2.09152604925498	0.0376443172581776
