"Estimate"	"Std. Error"	"t value"	"Pr(>|t|)"
"(Intercept)"	-0.509711971707395	0.143509956397381	-3.55175337309695	0.000469313183297188
"log(Species)"	0.691054055028362	0.0531215579105351	13.008919207381	5.53011268218952e-29
"log(Species):Latitude"	-0.00112042419276654	0.00089635815147714	-1.24997378661661	0.212655477782709
"log(Species):Lakeweb"	-0.0587930708604113	0.0673444868230672	-0.873019806578631	0.383617301797866
"log(Species):Marine"	0.124790077111464	0.028418780980114	4.39111294741269	1.76206651405107e-05
"log(Species):Terr"	-0.0518769634114013	0.0266396021520532	-1.94736254375341	0.0527814137088266
"log(Species):Latitude:Lakeweb"	0.00323193166237191	0.00159232995298912	2.0296871614485	0.0436090239530967
