"Estimate"	"Std. Error"	"t value"	"Pr(>|t|)"
"(Intercept)"	-0.873248825632081	0.140683410097054	-6.20719120349479	2.74109008757001e-09
"log(Species)"	0.662656971368803	0.0613431304803878	10.8024642071481	5.20471633462974e-22
"log(Species):Lakeweb"	-0.0797658652787051	0.0738505817670638	-1.08009799476325	0.281308670611362
"log(Species):Stream"	-0.151368374817388	0.0866298606399744	-1.74730022303119	0.08201305424891
"log(Species):Marine"	0.119775108636586	0.0368713557745058	3.24845957303808	0.00134635724275083
"log(Species):Terr"	-0.0586670830395096	0.0354442089752176	-1.65519515700094	0.0993438600471108
"log(Species):Latitude"	-0.00106466594105423	0.00106742478583357	-0.997415419975301	0.319684138287897
"log(Species):Lakeweb:Latitude"	0.00452845520919328	0.00166950481129246	2.71245412326039	0.0072193644625906
"log(Species):Stream:Latitude"	0.0049500782188448	0.00189109543242806	2.61757187604709	0.00948499996884916
