"Estimate"	"Std. Error"	"t value"	"Pr(>|t|)"
"(Intercept)"	-0.317815671200291	0.135447504830117	-2.34641215132687	0.0199910089347227
"log(Species)"	0.638092174854416	0.0536157607250504	11.9012052841449	9.79390766844379e-25
"log(Species):Lakeweb"	-0.0888979399846033	0.0643836424070801	-1.38075350603071	0.168985363315097
"log(Species):Terr"	-0.0607045669144518	0.0256564408284098	-2.36605565520346	0.0189907110896384
"log(Species):Latitude"	-0.000842960131267976	0.000909940067234992	-0.926390826848029	0.355424330265377
"log(Species):Lakeweb:Latitude"	0.00362696133975148	0.00153027662425631	2.37013444645286	0.0187886275258876
