"Estimate"	"Std. Error"	"t value"	"Pr(>|t|)"
"(Intercept)"	-0.888444243272949	0.138889237843294	-6.39678247983016	1.01439195943366e-09
"log(Species)"	0.699706165412386	0.0603534213085442	11.5934797107075	2.40839039025869e-24
"log(Species):Lakeweb"	-0.107430390115276	0.0724390852868945	-1.48304454273268	0.139561767969705
"log(Species):Stream"	-0.169227886312711	0.0863798895746433	-1.95911209363698	0.0514231893089798
"log(Species):Marine"	0.0825805957977494	0.0349245406338716	2.36454350719959	0.0189639246038912
"log(Species):Terr"	-0.0947847872514753	0.0334399927338642	-2.83447391887403	0.00503820493056997
"log(Species):Latitude"	-0.00113183240378055	0.00106065206957721	-1.06710997531143	0.287147402651379
"log(Species):Lakeweb:Latitude"	0.00449460116806167	0.0016637102672838	2.70155282229498	0.00746547622311587
"log(Species):Stream:Latitude"	0.00495187922112138	0.0018995277767536	2.60690013682476	0.00979162596960396
