"Estimate"	"Std. Error"	"t value"	"Pr(>|t|)"
"(Intercept)"	-1.21601011900145	0.146481046560767	-8.30148437324957	1.09740730255787e-14
"log(Species)"	0.69828364807627	0.0541295348190009	12.9002336785491	1.22901152641598e-28
"log(Species):Lakeweb"	-0.0592383307943008	0.0686742232488642	-0.862599211055227	0.389310161271792
"log(Species):Marine"	0.127073286933683	0.0289975498736977	4.38220772055454	1.82954028264527e-05
"log(Species):Terr"	-0.0523968288101813	0.0271780460526441	-1.92791007523823	0.0551715100667675
"log(Species):Latitude"	-0.00116570581710436	0.000913998237892428	-1.27539175545058	0.203534296124426
"log(Species):Lakeweb:Latitude"	0.00342605567100425	0.00161729321098198	2.11838870511552	0.0352795495579896
