"Estimate"	"Std. Error"	"t value"	"Pr(>|t|)"
"(Intercept)"	-0.855576559955507	0.140737360815247	-6.07924260480247	5.43978471473653e-09
"log(Species)"	0.658488088963312	0.0612664420638416	10.747940745068	7.64656238316833e-22
"log(Species):Lakeweb"	-0.0877614020846633	0.074101387426938	-1.18434222532194	0.237585245789389
"log(Species):Stream"	-0.151240144500837	0.0864660532697979	-1.74912741800445	0.0816959725336767
"log(Species):Marine"	0.118730504289753	0.0368046443826606	3.225965262843	0.00145140081848257
"log(Species):Terr"	-0.0590380394420153	0.0353764787537009	-1.66885008123764	0.0966026093023448
"log(Species):Latitude"	-0.00107211886455695	0.00106537553629706	-1.00632953172863	0.315388301733567
"log(Species):Lakeweb:Latitude"	0.00478186625028505	0.0016885746821687	2.83189503004008	0.00506678634770834
"log(Species):Stream:Latitude"	0.004949074592137	0.00188750053504758	2.62202553071714	0.00936580247243255
