"Estimate"	"Std. Error"	"t value"	"Pr(>|t|)"
"(Intercept)"	-1.23981574836555	0.143017526544619	-8.66897770028728	1.13677923448727e-15
"log(Species)"	0.736433541554808	0.0537280083534058	13.7066971980569	4.87332286835083e-31
"log(Species):Lakeweb"	-0.0911876087527889	0.0675081138422356	-1.35076516825654	0.178210645876362
"log(Species):Marine"	0.0971287720342589	0.0285666186246718	3.40007941823303	0.000804879155558657
"log(Species):Terr"	-0.0792556666917885	0.0267489526802863	-2.96294466699621	0.00339513377005644
"log(Species):Latitude"	-0.00146545940323326	0.000900141196917662	-1.62803281113164	0.105003127027841
"log(Species):Lakeweb:Latitude"	0.00370472218225085	0.00159355502996765	2.3248159696914	0.0210279167072394
