"Estimate"	"Std. Error"	"t value"	"Pr(>|t|)"
"(Intercept)"	-1.23429526948139	0.146890158424266	-8.40284524655726	5.7318623394449e-15
"log(Species)"	0.702683566333477	0.0542431450952785	12.9543293461175	8.25991882791491e-29
"log(Species):Lakeweb"	-0.0575553550271861	0.0684824160788369	-0.840439901549742	0.401586852743492
"log(Species):Marine"	0.129200922559972	0.0289573262351253	4.46176976116155	1.30513187166288e-05
"log(Species):Terr"	-0.0510963970653997	0.0271114048474149	-1.88468275078234	0.0608092908957047
"log(Species):Latitude"	-0.00118454502191402	0.000912283443807957	-1.29843967897699	0.195514497070098
"log(Species):Lakeweb:Latitude"	0.00343957844821409	0.00161421553916951	2.13080494193713	0.0342303923212123
