"Estimate"	"Std. Error"	"t value"	"Pr(>|t|)"
"(Intercept)"	-1.19764813730736	0.130217763739935	-9.19727157731907	1.90265394082657e-16
"log(Species)"	0.670127931529235	0.0365931162893195	18.3129506170215	4.15209847904378e-41
"log(Species):Lakeweb"	0.0578283712924601	0.0250605412964525	2.30754677675881	0.0223056092728956
