"Estimate"	"Std. Error"	"t value"	"Pr(>|t|)"
"(Intercept)"	-0.841325747345678	0.12641735565897	-6.65514432698057	4.54246303927574e-10
"log(Species)"	0.690588544681941	0.0557379780794304	12.3899102277769	5.56297843498337e-25
"log(Species):Lakeweb"	-0.0583594817938312	0.0855867619787048	-0.681875098959252	0.496329048442439
"log(Species):Stream"	-0.282122846837342	0.0838689957433418	-3.36385149645409	0.00096727474286156
"log(Species):Latitude"	-0.00176294701978882	0.00106828528249273	-1.65025864221884	0.100902001936064
"log(Species):Lakeweb:Latitude"	0.00380860481946673	0.00193296160853801	1.97034685150698	0.0505687358647988
"log(Species):Stream:Latitude"	0.00846253246707403	0.00188685572040139	4.48499181764348	1.40666663176678e-05
