"Estimate"	"Std. Error"	"t value"	"Pr(>|t|)"
"(Intercept)"	-0.888891062638187	0.138377138947413	-6.42368435566507	8.75233080011013e-10
"log(Species)"	0.692268503807055	0.0607014186146867	11.4044864124405	9.22895917841626e-24
"log(Species):Lakeweb"	-0.0999003774448336	0.0727007182188485	-1.37413191908376	0.170865544827279
"log(Species):Stream"	-0.161676979263022	0.0865440153166986	-1.86814742384418	0.063134313412482
"log(Species):Marine"	0.0822962569062595	0.0348472100060693	2.36163115761423	0.0191095445077431
"log(Species):Terr"	-0.0983634080533777	0.0335726461227485	-2.92986759797667	0.00376590672825136
"log(Species):Latitude"	-0.00094831151799959	0.00107522936892704	-0.881962068191927	0.378805705138055
"log(Species):Lakeweb:Latitude"	0.00430753825399892	0.0016700381563915	2.5793052916266	0.0105827309414548
"log(Species):Stream:Latitude"	0.00476838295786809	0.00190484715260893	2.50328901788113	0.0130661562418048
