"Estimate"	"Std. Error"	"t value"	"Pr(>|t|)"
"(Intercept)"	-1.20510269678002	0.129654884231271	-9.294695714127	1.0507664792105e-16
"log(Species)"	0.671342569923735	0.0363816761168871	18.4527663807144	1.81362235399629e-41
"log(Species):Lakeweb"	0.0604614103631979	0.0249462806426362	2.42366432212192	0.0164798182473002
