"Estimate"	"Std. Error"	"t value"	"Pr(>|t|)"
"(Intercept)"	-0.321984338964753	0.135574217937537	-2.37496733422501	0.0185516382475799
"log(Species)"	0.637831191208712	0.0536462239968481	11.8895822238334	1.06054917778755e-24
"log(Species):Lakeweb"	-0.0873833071758242	0.0643437925371103	-1.35806895630881	0.176060805029952
"log(Species):Terr"	-0.0600753808666976	0.0256402113212962	-2.34301426434813	0.0201686635175136
"log(Species):Latitude"	-0.000822734070598928	0.0009095764347464	-0.904524390881252	0.366868935992018
"log(Species):Lakeweb:Latitude"	0.00358558243661725	0.00153192573422196	2.34057197194244	0.0202972122368936
