"Estimate"	"Std. Error"	"t value"	"Pr(>|t|)"
"(Intercept)"	-1.20854742323455	0.142798859288251	-8.46328485576344	4.28162834672049e-15
"log(Species)"	0.730005978528913	0.0535207080210905	13.639692102751	7.94999545035153e-31
"log(Species):Lakeweb"	-0.0948207289381716	0.0673114368421333	-1.408686746066	0.160392756678903
"log(Species):Marine"	0.0874302229330781	0.0292708461560274	2.98693869207039	0.00314969394458194
"log(Species):Terr"	-0.0799513634933392	0.0266567361543917	-2.9992930503672	0.00302977269883301
"log(Species):Latitude"	-0.0015026594006574	0.000897335911103756	-1.67457847397311	0.0954914839283894
"log(Species):Lakeweb:Latitude"	0.00377416538364642	0.00158751783065667	2.37740031057495	0.0183241533338359
