"Estimate"	"Std. Error"	"t value"	"Pr(>|t|)"
"(Intercept)"	-1.18277833249753	0.146817277382146	-8.05612495741165	5.20125828298232e-14
"log(Species)"	0.690907452949457	0.0539959426770217	12.7955438630295	2.65030144647857e-28
"log(Species):Lakeweb"	-0.0674101743086909	0.0687470698671271	-0.980553417607178	0.327904954365214
"log(Species):Marine"	0.117120007476738	0.0296142455132136	3.95485366745135	0.000103688272382327
"log(Species):Terr"	-0.0528824518699703	0.0270112778183857	-1.95779156489868	0.0515362998251189
"log(Species):Latitude"	-0.00119759056445426	0.000909118780348123	-1.31730923432873	0.189124226325375
"log(Species):Lakeweb:Latitude"	0.00363586381713947	0.00163335691497904	2.22600693320365	0.0270420381442999
