"Estimate"	"Std. Error"	"t value"	"Pr(>|t|)"
"(Intercept)"	-0.519327330920432	0.127810368682004	-4.06326447748958	7.56473498321059e-05
"log(Species)"	0.676355983693721	0.0360346112161558	18.7696206748717	2.79923510257857e-42
"log(Species):Lakeweb"	0.0553275640469346	0.0245985106395538	2.24922414440691	0.0258626769145882
