"Estimate"	"Std. Error"	"t value"	"Pr(>|t|)"
"(Intercept)"	-1.02502614859047	0.135327627324184	-7.57440419859697	1.55851495781559e-12
"log(Species)"	0.640619242850986	0.0535171576148768	11.9703525262131	6.09784242622247e-25
"log(Species):Lakeweb"	-0.0665441774338556	0.0657861670019748	-1.01152233769537	0.313059701955831
"log(Species):Terr"	-0.0599519707916252	0.0255680564780936	-2.34479968561519	0.0200751424611203
"log(Species):Latitude"	-0.00081991092861912	0.000907018644840496	-0.903962595789092	0.367165991282118
"log(Species):Lakeweb:Latitude"	0.00323770020743023	0.00155430512277778	2.08305316632037	0.0385919933677853
