"Estimate"	"Std. Error"	"t value"	"Pr(>|t|)"
"(Intercept)"	-0.86268773579869	0.140725545003638	-6.13028527106709	4.14308119483841e-09
"log(Species)"	0.666668233794463	0.0613281028397065	10.8705178038352	3.21764555007996e-22
"log(Species):Lakeweb"	-0.0872904698728279	0.0739794695959522	-1.17992830104859	0.239332612752751
"log(Species):Stream"	-0.164617174931922	0.0863757401186014	-1.90582650528827	0.0580066417252875
"log(Species):Marine"	0.112780545688194	0.0372342064924494	3.02894989076952	0.00275443577602918
"log(Species):Terr"	-0.0652742701212285	0.0357782532507547	-1.82441187566505	0.0694778051697535
"log(Species):Latitude"	-0.00107221996684664	0.0010657715186804	-1.00605049774104	0.315522190515285
"log(Species):Lakeweb:Latitude"	0.00453907988346277	0.00166691392063698	2.72304396001939	0.00699955179961695
"log(Species):Stream:Latitude"	0.00507638268968377	0.00188391630226021	2.69459035074616	0.00760433615445368
