"Estimate"	"Std. Error"	"t value"	"Pr(>|t|)"
"(Intercept)"	-1.02655374557419	0.136020475870908	-7.5470530374299	1.83155937177739e-12
"log(Species)"	0.638808619539684	0.0536205739468843	11.9134983555468	9.00291954445523e-25
"log(Species):Lakeweb"	-0.0839993575765559	0.0644087252584154	-1.30416115579901	0.193764675014891
"log(Species):Terr"	-0.0589526957923147	0.0256506380157355	-2.29829354560888	0.0226395065519655
"log(Species):Latitude"	-0.000787343063529982	0.00090992457807582	-0.865283873521631	0.387979978835082
"log(Species):Lakeweb:Latitude"	0.00361483389292178	0.00153061194922683	2.36169193292119	0.0192090302251984
