"Estimate"	"Std. Error"	"t value"	"Pr(>|t|)"
"(Intercept)"	-1.17922112062353	0.130356908073297	-9.04609612219765	5.353915855924e-16
"log(Species)"	0.716108356578192	0.0540335759408224	13.2530254403757	2.19996473656395e-27
"log(Species):Lakeweb"	-0.0163320502241122	0.084273306948349	-0.193798615665125	0.846584083745771
"log(Species):Terr"	-0.0280162935784019	0.0285056650799961	-0.982832482588257	0.327202040037703
"log(Species):Latitude"	-0.00109848534077046	0.000954184748684561	-1.15122919569279	0.251388180858562
"log(Species):Lakeweb:Latitude"	0.00166175724750907	0.00187782331365283	0.884938021286222	0.377543342445595
