"Estimate"	"Std. Error"	"t value"	"Pr(>|t|)"
"(Intercept)"	-1.46550660609359	0.121512773878709	-12.0605147863419	5.37858803308684e-26
"log(Species)"	0.767134425562875	0.0484344937538673	15.8385969606965	4.11390739652551e-38
"log(Species):Latitude"	-0.000865805121917056	0.00082616126919438	-1.04798561031714	0.29580572452564
"log(Species):Lakeweb"	-0.0453580071697292	0.0613913274889338	-0.738834115908396	0.460802454917713
"log(Species):Marine"	0.117202736038425	0.0259119525063627	4.52311480617471	1.00061422108371e-05
"log(Species):Latitude:Lakeweb"	0.00405655455950307	0.00149166637079986	2.71947845638423	0.00706539351567585
