"Estimate"	"Std. Error"	"t value"	"Pr(>|t|)"
"(Intercept)"	-1.07736218453987	0.116458901914473	-9.25100758146493	2.22938774982691e-17
"log(Species)"	0.710503262915887	0.0518318549367832	13.7078494254634	3.47498193255945e-31
"log(Species):Lakeweb"	-0.0500994017964272	0.0627316233815496	-0.798630723960544	0.425381797755766
"log(Species):Stream"	-0.12972680356573	0.0761810144260207	-1.70287576954896	0.0900297719712542
"log(Species):Marine"	0.125265553010902	0.0278528797001179	4.49740042536327	1.12265310456906e-05
"log(Species):Latitude"	-0.00100096369511813	0.000963344774313036	-1.03905031906352	0.299943036750919
"log(Species):Lakeweb:Latitude"	0.00478921328949118	0.00152761785972748	3.13508595032109	0.00195686676089825
"log(Species):Stream:Latitude"	0.00495251953897383	0.00172882873197343	2.86466753321517	0.00458641182049127
