"Estimate"	"Std. Error"	"t value"	"Pr(>|t|)"
"(Intercept)"	-1.01414886392335	0.13561743328867	-7.47801251897069	2.74930392394524e-12
"log(Species)"	0.640130099445436	0.0538100006067919	11.8961176775129	1.0141227227645e-24
"log(Species):Lakeweb"	-0.089678447158108	0.0644853207674303	-1.39068001974493	0.165957722373793
"log(Species):Terr"	-0.0610513916443041	0.0257101105344098	-2.37460634650304	0.0185692483733029
"log(Species):Latitude"	-0.000855996642354378	0.00091169676660766	-0.938904988705251	0.348977865465435
"log(Species):Lakeweb:Latitude"	0.0036945849662862	0.00153285055083753	2.41027082794701	0.0168990166692049
