"Estimate"	"Std. Error"	"t value"	"Pr(>|t|)"
"(Intercept)"	-1.16956427543287	0.129709225419754	-9.01681643420521	6.38475483998663e-16
"log(Species)"	0.720511377485987	0.0532939100510409	13.519581820811	4.11911133087296e-28
"log(Species):Lakeweb"	-0.0241032231921606	0.083499457346213	-0.28866323157313	0.773219875138902
"log(Species):Terr"	-0.0267432819551943	0.0279310272940073	-0.957475773221282	0.33979925037825
"log(Species):Latitude"	-0.00122570588597002	0.000935016545354124	-1.31089218908507	0.191808396918645
"log(Species):Lakeweb:Latitude"	0.00179500731781552	0.00185978892005914	0.965167228632827	0.335945384463263
