"Estimate"	"Std. Error"	"t value"	"Pr(>|t|)"
"(Intercept)"	-0.496588194986435	0.14412783151512	-3.4454705227029	0.000684287873275883
"log(Species)"	0.688452715572714	0.0532078449823166	12.9389325164648	9.24920940610176e-29
"log(Species):Latitude"	-0.00113194346160641	0.000897553069196369	-1.26114377016159	0.208611188224027
"log(Species):Lakeweb"	-0.0656702128165466	0.0678735113702241	-0.96753816755318	0.334352168559805
"log(Species):Marine"	0.123775217419088	0.028479698661279	4.34608592215803	2.12952252820529e-05
"log(Species):Terr"	-0.0524209046738241	0.0266896307606956	-1.96409254005198	0.0507960943864424
"log(Species):Latitude:Lakeweb"	0.00349914145622722	0.00161216069161562	2.17046692331927	0.0310569406519469
