"Estimate"	"Std. Error"	"t value"	"Pr(>|t|)"
"(Intercept)"	-1.17524040819193	0.130355911789145	-9.01562799923429	6.43052811480457e-16
"log(Species)"	0.721379278465001	0.0536149429728154	13.4548176024502	6.1870628093469e-28
"log(Species):Lakeweb"	-0.0229913804899575	0.083989239291742	-0.273741977946668	0.784642717536739
"log(Species):Terr"	-0.0260676471177863	0.0280927293148737	-0.927914366226594	0.354876334835905
"log(Species):Latitude"	-0.00122670920835133	0.000941001060155437	-1.3036214944845	0.194270986168983
"log(Species):Lakeweb:Latitude"	0.00179246658576652	0.0018703957230585	0.958335481453865	0.339367071515859
