"Estimate"	"Std. Error"	"t value"	"Pr(>|t|)"
"(Intercept)"	-0.831714399421907	0.127222780748324	-6.53746439536824	8.44555912188658e-10
"log(Species)"	0.690508984054668	0.0561259236025345	12.3028529373455	9.61425248337309e-25
"log(Species):Lakeweb"	-0.0270305929368296	0.0829450756390676	-0.325885445622501	0.744947757194703
"log(Species):Stream"	-0.284242957619347	0.0844662121357785	-3.36516756738695	0.0009629861644654
"log(Species):Latitude"	-0.00180746713802421	0.00107706473881197	-1.67814159436497	0.0953216754920825
"log(Species):Lakeweb:Latitude"	0.00314303874777293	0.00188296958099945	1.66919252413236	0.0970848370712061
"log(Species):Stream:Latitude"	0.00850115952264448	0.00189914046400432	4.47631951599824	1.45820896644101e-05
