"Estimate"	"Std. Error"	"t value"	"Pr(>|t|)"
"(Intercept)"	-1.21675786563737	0.147499128457232	-8.24925461163097	1.53129762533427e-14
"log(Species)"	0.697102731771899	0.0542168282524052	12.8576819087711	1.67975858442032e-28
"log(Species):Lakeweb"	-0.0618178873639218	0.069032913904695	-0.895484253341326	0.371520519137409
"log(Species):Marine"	0.127852095415743	0.0289888816303995	4.41038385149945	1.62413127267026e-05
"log(Species):Terr"	-0.0515749853718088	0.0271407633262595	-1.90027762859229	0.0587223144086846
"log(Species):Latitude"	-0.00115080153172265	0.000912465616708415	-1.26119988594638	0.208591013199125
"log(Species):Lakeweb:Latitude"	0.0035654216318412	0.00163967046035373	2.17447451670992	0.0307508967009251
