"Estimate"	"Std. Error"	"t value"	"Pr(>|t|)"
"(Intercept)"	-1.20434606056802	0.146128037537985	-8.24171788562448	1.60657599110312e-14
"log(Species)"	0.697185096334088	0.0540347129077325	12.9025409559328	1.20836143552578e-28
"log(Species):Lakeweb"	-0.0662059311107744	0.0688710180730586	-0.961303215244226	0.337469661297681
"log(Species):Marine"	0.131032209978242	0.0291209909798248	4.49957936077868	1.10981674731046e-05
"log(Species):Terr"	-0.0525699565366695	0.0270616552768424	-1.94259944555777	0.0533584434073198
"log(Species):Latitude"	-0.00121627690881124	0.000912019115860418	-1.33360900847322	0.183730155179077
"log(Species):Lakeweb:Latitude"	0.00363953686627347	0.00163697736618835	2.22332754346386	0.0272248306235344
