"Estimate"	"Std. Error"	"t value"	"Pr(>|t|)"
"(Intercept)"	-0.506952036531003	0.143338163744477	-3.53675548289236	0.000495229740170288
"log(Species)"	0.692812054919775	0.0530744652684619	13.0535852111818	3.98204583960943e-29
"log(Species):Latitude"	-0.00117724958152357	0.000896672867078162	-1.31290867020397	0.190600458150937
"log(Species):Lakeweb"	-0.0627060865310479	0.0672792188838371	-0.932027564697428	0.352358080638942
"log(Species):Marine"	0.128848863051892	0.0286253501719275	4.50121526122858	1.10203428945843e-05
"log(Species):Terr"	-0.052241106500157	0.0266056772631514	-1.96353229363232	0.0508615439740696
"log(Species):Latitude:Lakeweb"	0.0033914910706654	0.00158553152942863	2.13902467892743	0.033550700592845
