"Estimate"	"Std. Error"	"t value"	"Pr(>|t|)"
"(Intercept)"	-1.1797066546419	0.130209888947525	-9.06003886630545	4.9230066627747e-16
"log(Species)"	0.720372186073014	0.0535527843529968	13.4516289820643	6.31226340733906e-28
"log(Species):Lakeweb"	-0.0288145000920919	0.0844459674787555	-0.341218189007556	0.733395557024134
"log(Species):Terr"	-0.0251297656672114	0.0280454705520031	-0.896036514010871	0.371605061377322
"log(Species):Latitude"	-0.00119284053905793	0.000939301045895633	-1.26992357164954	0.205990811494298
"log(Species):Lakeweb:Latitude"	0.00188558739173887	0.00187488140689457	1.00571021975306	0.316102495798039
