"Estimate"	"Std. Error"	"t value"	"Pr(>|t|)"
"(Intercept)"	-1.0093434931317	0.135978977630313	-7.42279071898758	3.79944679626664e-12
"log(Species)"	0.638039778964055	0.0537660584772005	11.8669621139258	1.23824206904821e-24
"log(Species):Lakeweb"	-0.0892761661797943	0.0646338355793932	-1.38126053296236	0.16882971192244
"log(Species):Terr"	-0.0605173925885388	0.0257307964764937	-2.35194400778943	0.019704726647956
"log(Species):Latitude"	-0.000849221637593132	0.000913826986669041	-0.929302428120009	0.353917746897907
"log(Species):Lakeweb:Latitude"	0.00369210888009783	0.00153551954821258	2.404468822553	0.0171613391231604
