"Estimate"	"Std. Error"	"t value"	"Pr(>|t|)"
"(Intercept)"	-1.48407167374949	0.121180525571892	-12.2467836044253	1.38268564280602e-26
"log(Species)"	0.770717437090412	0.0485295964382225	15.8813897838925	2.99826639067069e-38
"log(Species):Latitude"	-0.000832636859086668	0.000828658349429434	-1.00480114592458	0.316106601632744
"log(Species):Lakeweb"	-0.0452909866803147	0.0616851114480486	-0.734228821463003	0.463598268135388
"log(Species):Marine"	0.125643433663706	0.0252975433645552	4.96662588351352	1.37465961535624e-06
"log(Species):Latitude:Lakeweb"	0.00403930808575589	0.00149672587080002	2.69876278920523	0.00750505806672714
