"Estimate"	"Std. Error"	"t value"	"Pr(>|t|)"
"(Intercept)"	-1.23426992988386	0.142764035518833	-8.64552424143995	1.32331896336181e-15
"log(Species)"	0.73389542293553	0.0536850395006565	13.6703899216942	6.35330179178092e-31
"log(Species):Lakeweb"	-0.090125925774532	0.0677919272088377	-1.32944923511162	0.185128599510029
"log(Species):Marine"	0.0960327651082147	0.0286955964484416	3.34660285876128	0.000967716085499285
"log(Species):Terr"	-0.0792034860203994	0.0267755085014906	-2.95805721172355	0.00344722989425634
"log(Species):Latitude"	-0.0014396967764653	0.000907914122430397	-1.58571911252065	0.114293497319772
"log(Species):Lakeweb:Latitude"	0.00370302588477062	0.00159812648104602	2.3171043898521	0.0214525367794731
