"Estimate"	"Std. Error"	"t value"	"Pr(>|t|)"
"(Intercept)"	-0.325689089843235	0.1362211708319	-2.39088452884568	0.0177896475200356
"log(Species)"	0.638351776881358	0.0536799409605993	11.8918122013194	1.04447415625466e-24
"log(Species):Lakeweb"	-0.0863917530080047	0.0643860671073423	-1.34177714044834	0.181278097359718
"log(Species):Terr"	-0.059777452186101	0.0256497930304188	-2.33052376349428	0.0208337044698306
"log(Species):Latitude"	-0.000817819455803071	0.000909566430535866	-0.899131089656922	0.369726936316691
"log(Species):Lakeweb:Latitude"	0.0035947770484859	0.00153046312264665	2.34881650873718	0.0198661330748338
