"Estimate"	"Std. Error"	"t value"	"Pr(>|t|)"
"(Intercept)"	-0.645221505066473	0.136458825386296	-4.72832375069872	4.4305756900979e-06
"log(Species)"	0.550009035610525	0.0562178092625607	9.78353733141313	1.56811520700067e-18
"log(Species):Lakeweb"	-0.0561942677788847	0.0653740333774149	-0.859580859184044	0.391114883854401
"log(Species):Stream"	-0.185158843903745	0.089714680954557	-2.06386337145348	0.0404042427076215
"log(Species):Latitude"	-0.000487540389357926	0.00104442694306874	-0.466801811838971	0.641182187029327
"log(Species):Lakeweb:Latitude"	0.00445371077966262	0.00159664030652512	2.78942649854276	0.00582386039013911
"log(Species):Stream:Latitude"	0.0065379975717576	0.00201730067358764	3.2409633612674	0.00140907660423297
