"Estimate"	"Std. Error"	"t value"	"Pr(>|t|)"
"(Intercept)"	-0.633354454038337	0.135627730617672	-4.66980057215389	5.72502081426011e-06
"log(Species)"	0.554032065453001	0.0560788251937682	9.87952339476912	8.35579035121904e-19
"log(Species):Lakeweb"	-0.0684433436173198	0.0648919329234677	-1.05472807687884	0.292903294052328
"log(Species):Stream"	-0.191906088543665	0.0894027061328857	-2.14653556748518	0.0331117501242545
"log(Species):Latitude"	-0.000640928101276008	0.0010330171361329	-0.620442855067557	0.53571765157422
"log(Species):Lakeweb:Latitude"	0.00462878034648488	0.00158707689162745	2.91654447929008	0.00397019839962944
"log(Species):Stream:Latitude"	0.00668480097940938	0.00201045896105162	3.32501240209984	0.00106302535289787
