"Estimate"	"Std. Error"	"t value"	"Pr(>|t|)"
"(Intercept)"	-0.831714399421906	0.127222780748324	-6.53746439536824	8.44555912188674e-10
"log(Species)"	0.690508984054667	0.0561259236025344	12.3028529373455	9.61425248337296e-25
"log(Species):Lakeweb"	-0.0270305929368293	0.0829450756390675	-0.325885445622497	0.744947757194706
"log(Species):Stream"	-0.284242957619348	0.0844662121357785	-3.36516756738695	0.000962986164465398
"log(Species):Latitude"	-0.00180746713802421	0.00107706473881197	-1.67814159436497	0.0953216754920824
"log(Species):Lakeweb:Latitude"	0.00314303874777292	0.00188296958099945	1.66919252413235	0.0970848370712067
"log(Species):Stream:Latitude"	0.00850115952264448	0.00189914046400432	4.47631951599824	1.45820896644102e-05
