"Estimate"	"Std. Error"	"t value"	"Pr(>|t|)"
"(Intercept)"	-0.85907535971117	0.141460658768627	-6.07289240124546	5.6266338770841e-09
"log(Species)"	0.657243968656412	0.0615220866227753	10.6830571707739	1.20771976008637e-21
"log(Species):Lakeweb"	-0.0853035413753733	0.0746643295795096	-1.1424939037929	0.254519471613232
"log(Species):Stream"	-0.156090308392596	0.0866223908092281	-1.80196259805805	0.0729520649291342
"log(Species):Marine"	0.117876667093079	0.0369811315510681	3.18748134924699	0.00164892168924175
"log(Species):Terr"	-0.0587854096451576	0.0354588435602349	-1.65784903687841	0.0988062506196795
"log(Species):Latitude"	-0.00102060818665076	0.00108007645441296	-0.94494068681969	0.345749869822954
"log(Species):Lakeweb:Latitude"	0.00472792005791549	0.0017007414622104	2.77991697325398	0.00591929303235593
"log(Species):Stream:Latitude"	0.00502433884517728	0.00189411308808492	2.65260763825735	0.00858300986014257
