"Estimate"	"Std. Error"	"t value"	"Pr(>|t|)"
"(Intercept)"	-1.02421928919805	0.136385694117663	-7.50972670428635	2.28188503121324e-12
"log(Species)"	0.635645051659026	0.0537287883104524	11.8306232403043	1.58798270206435e-24
"log(Species):Lakeweb"	-0.0816558418317228	0.0648473355979669	-1.25920118504118	0.209510605265823
"log(Species):Terr"	-0.0588042302379009	0.0257126308764882	-2.28697835396035	0.0233052368228697
"log(Species):Latitude"	-0.000723996738379308	0.000919373820738823	-0.787488964823354	0.431982135501983
"log(Species):Lakeweb:Latitude"	0.00355357598889575	0.00153846235080767	2.30982317313788	0.0219783533977649
