"Estimate"	"Std. Error"	"t value"	"Pr(>|t|)"
"(Intercept)"	-1.22882577296378	0.14203187619263	-8.65176047732543	1.27094346332825e-15
"log(Species)"	0.736137844202015	0.0535343960699648	13.7507452823405	3.53244162199585e-31
"log(Species):Lakeweb"	-0.0941851991639651	0.0674271815716374	-1.39684318651075	0.163921222094302
"log(Species):Marine"	0.100705087033116	0.0287587575765062	3.50171897256734	0.0005635810977048
"log(Species):Terr"	-0.0797467459501457	0.0267002964679862	-2.98673634750695	0.00315169383677795
"log(Species):Latitude"	-0.00152397919783619	0.000900058562581872	-1.69320004407776	0.0918862413405758
"log(Species):Lakeweb:Latitude"	0.00378903893797693	0.00159079759103708	2.38184855152237	0.0181101560078866
