"Estimate"	"Std. Error"	"t value"	"Pr(>|t|)"
"(Intercept)"	-1.1906834866511	0.131103337922924	-9.08202266635734	4.31260732689637e-16
"log(Species)"	0.717420346236416	0.0536605760818046	13.3695982902368	1.0569967803231e-27
"log(Species):Lakeweb"	-0.01364615123559	0.0843204897596331	-0.16183671696512	0.871642524446806
"log(Species):Terr"	-0.0237493735797495	0.0281022576546318	-0.845105538196329	0.399337961954654
"log(Species):Latitude"	-0.00107176714805212	0.000951496477838813	-1.12640159266431	0.261714339966695
"log(Species):Lakeweb:Latitude"	0.00162788220155524	0.00187582053732234	0.867824063744915	0.386815186841726
