"Estimate"	"Std. Error"	"t value"	"Pr(>|t|)"
"(Intercept)"	-0.628961333074138	0.136260170662864	-4.61588540521	7.23515921259208e-06
"log(Species)"	0.553781296821651	0.0563249133598543	9.83190676714578	1.14211860303013e-18
"log(Species):Lakeweb"	-0.0656784321583219	0.0651954023161198	-1.00740895561715	0.315033133910414
"log(Species):Stream"	-0.192663810152163	0.0898078956846716	-2.14528810282598	0.033212730456086
"log(Species):Latitude"	-0.000656695867810349	0.00103844403877493	-0.632384455290499	0.527904031943303
"log(Species):Lakeweb:Latitude"	0.00463741272256216	0.00159429637121823	2.90875197753767	0.00406605999535762
"log(Species):Stream:Latitude"	0.00669813127053065	0.00201881850501414	3.31784717343065	0.00108910637285084
