"Estimate"	"Std. Error"	"t value"	"Pr(>|t|)"
"(Intercept)"	-0.836815231144613	0.126561606457991	-6.61192011198412	5.70835897552989e-10
"log(Species)"	0.689442717904002	0.0558215405746609	12.3508364478382	7.11135597464661e-25
"log(Species):Lakeweb"	-0.0361004000311198	0.0829806522978537	-0.43504599001632	0.66413030375901
"log(Species):Stream"	-0.282009305396201	0.0840095897192417	-3.35687040418446	0.000990323639737526
"log(Species):Latitude"	-0.00176654624924891	0.00107007182420706	-1.65086698788462	0.100777506163613
"log(Species):Lakeweb:Latitude"	0.00328328364573653	0.00187919501965601	1.74717557858233	0.0825747756942354
"log(Species):Stream:Latitude"	0.00846336613702728	0.00189002005587849	4.47792398324232	1.44853798998103e-05
