"Estimate"	"Std. Error"	"t value"	"Pr(>|t|)"
"(Intercept)"	-0.892994742530306	0.139065561389153	-6.42139386351307	8.86311568651577e-10
"log(Species)"	0.698402673393007	0.0604319634135925	11.5568423387667	3.12597302792336e-24
"log(Species):Lakeweb"	-0.104665045814466	0.0728067551074351	-1.43757328094104	0.152043561015098
"log(Species):Stream"	-0.166771079664338	0.0866090284361319	-1.92556229616777	0.0555096567275088
"log(Species):Marine"	0.0815299205610824	0.0350339551753582	2.32716860408693	0.0209089023420406
"log(Species):Terr"	-0.0945241564574082	0.0334364991357641	-2.8269752785304	0.00515319365516397
"log(Species):Latitude"	-0.00107137420925533	0.00107285191191102	-0.998622640609305	0.319126811956077
"log(Species):Lakeweb:Latitude"	0.00442929643490201	0.00167070556411023	2.6511532193651	0.00863330139895628
"log(Species):Stream:Latitude"	0.00489167178742383	0.00190591094887716	2.56657940409319	0.010966489812239
