"Estimate"	"Std. Error"	"t value"	"Pr(>|t|)"
"(Intercept)"	-0.322209644126407	0.135201805616686	-2.38317559929571	0.0181551689767139
"log(Species)"	0.637888303955858	0.0535272718299353	11.9170710956936	8.78523405357096e-25
"log(Species):Lakeweb"	-0.0901503335370113	0.0643025731508505	-1.40197085621322	0.162564152165338
"log(Species):Terr"	-0.0600743821220662	0.0255927925294782	-2.3473164193736	0.019943962889188
"log(Species):Latitude"	-0.000822656724528929	0.000907892582579308	-0.906116803148424	0.366027751583916
"log(Species):Lakeweb:Latitude"	0.00361090826442657	0.00152760616763223	2.36376910550409	0.0191048340258389
