"Estimate"	"Std. Error"	"t value"	"Pr(>|t|)"
"(Intercept)"	-0.512229580281703	0.144100402223908	-3.55467141226839	0.000464421161553963
"log(Species)"	0.690556241326728	0.0532299285209388	12.9730822586975	7.19662795022819e-29
"log(Species):Latitude"	-0.0010941544491147	0.000904585092779662	-1.20956497940124	0.227761956045166
"log(Species):Lakeweb"	-0.0586946002472319	0.0676541265356436	-0.867568665102913	0.386588877998522
"log(Species):Marine"	0.124208023743969	0.0285640392694174	4.3484054398761	2.10892114783085e-05
"log(Species):Terr"	-0.0516847436443121	0.0266853946838948	-1.93681765836894	0.0540660029013133
"log(Species):Latitude:Lakeweb"	0.0033068614866103	0.00159301091074081	2.07585614405647	0.0390855151987901
