"Estimate"	"Std. Error"	"t value"	"Pr(>|t|)"
"(Intercept)"	-1.01799236375669	0.136559101370457	-7.45459184734298	3.15410273772718e-12
"log(Species)"	0.638420014014209	0.0538131074225209	11.8636526413829	1.26662156919764e-24
"log(Species):Lakeweb"	-0.0866182100257918	0.0645457927814079	-1.3419652357379	0.181217208752996
"log(Species):Terr"	-0.0597031939041707	0.0257134237298152	-2.32186870684761	0.0213057602575158
"log(Species):Latitude"	-0.000818702846707497	0.000911822836583817	-0.897874909313307	0.370394604592231
"log(Species):Lakeweb:Latitude"	0.0036538527486039	0.00153425981756652	2.38150846862381	0.0182350828399002
