"Estimate"	"Std. Error"	"t value"	"Pr(>|t|)"
"(Intercept)"	-1.01451129829991	0.135546597479664	-7.48459435473559	2.64509592708004e-12
"log(Species)"	0.637953826836927	0.0536637771649803	11.8879784565974	1.072262577455e-24
"log(Species):Lakeweb"	-0.0903272187389137	0.0644665576767217	-1.40114847130313	0.162809532373028
"log(Species):Terr"	-0.059998581575862	0.0256580593103086	-2.33839125750857	0.0204126012319203
"log(Species):Latitude"	-0.000823520621094123	0.000910207891709271	-0.904761020636331	0.366743860636443
"log(Species):Lakeweb:Latitude"	0.00366983657453918	0.00153150187134738	2.39623381675045	0.017539844012046
