"Estimate"	"Std. Error"	"t value"	"Pr(>|t|)"
"(Intercept)"	-1.22855089088816	0.14724992099912	-8.34330424459445	8.3983027342733e-15
"log(Species)"	0.69991736359969	0.0541988223716583	12.9138850803831	1.11176318162454e-28
"log(Species):Lakeweb"	-0.0567001262422616	0.0686267359939509	-0.826210447299423	0.409592198715676
"log(Species):Marine"	0.128562250292366	0.029001526831538	4.43294765269253	1.47578340457894e-05
"log(Species):Terr"	-0.0513196219174347	0.0271576922439463	-1.88969009061786	0.0601325432060983
"log(Species):Latitude"	-0.00114689949007218	0.000913058253795713	-1.25610768568638	0.210427589154238
"log(Species):Lakeweb:Latitude"	0.00340360310076205	0.00161628231363121	2.10582215251453	0.0363694274058155
