"Estimate"	"Std. Error"	"t value"	"Pr(>|t|)"
"(Intercept)"	-1.17402399447616	0.130611187716374	-8.98869396261514	7.56006686319506e-16
"log(Species)"	0.721207071029384	0.0536592197379333	13.44050611529	6.76918986706086e-28
"log(Species):Lakeweb"	-0.023243438565695	0.0841171038107797	-0.276322382876862	0.782663880541511
"log(Species):Terr"	-0.0259030291512853	0.0281158625498275	-0.921295909217774	0.358309474990452
"log(Species):Latitude"	-0.00123521976827387	0.000943507813736503	-1.30917810143206	0.192386861173721
"log(Species):Lakeweb:Latitude"	0.00180173664808294	0.00187272548844379	0.962093301554921	0.337482180329787
