"Estimate"	"Std. Error"	"t value"	"Pr(>|t|)"
"(Intercept)"	-0.848660522053875	0.127590425664065	-6.65144361449445	4.63232903592052e-10
"log(Species)"	0.684323757595397	0.0561368743185067	12.1902718293989	1.95064741926395e-24
"log(Species):Lakeweb"	-0.0149348318537515	0.0831857544701167	-0.179535930747814	0.857749891152523
"log(Species):Stream"	-0.274179409227783	0.0845592904454982	-3.24245163107774	0.00144929478349288
"log(Species):Latitude"	-0.001589351123654	0.00108790125850052	-1.46093325220033	0.146044970424466
"log(Species):Lakeweb:Latitude"	0.00291434194124374	0.0018872508076311	1.54422609303416	0.124559737777003
"log(Species):Stream:Latitude"	0.00829343378478804	0.00190192239894298	4.36055319049675	2.34654816184565e-05
