"Estimate"	"Std. Error"	"t value"	"Pr(>|t|)"
"(Intercept)"	-0.886444035724628	0.139655301695191	-6.34737117004957	1.32881425339903e-09
"log(Species)"	0.699218296479901	0.0604566704865869	11.5656103925708	2.93688540825048e-24
"log(Species):Lakeweb"	-0.107666804558617	0.0724509633628918	-1.48606449881607	0.138761787496131
"log(Species):Stream"	-0.168872681987484	0.086406009522505	-1.95440899216043	0.0519802931802874
"log(Species):Marine"	0.0824802149275441	0.0349307491079505	2.36124953039645	0.0191286989577146
"log(Species):Terr"	-0.0948121656620572	0.0334391144624757	-2.83536711979776	0.00502466490635407
"log(Species):Latitude"	-0.00113263501726976	0.00106062142681389	-1.06789754443505	0.286792791563815
"log(Species):Lakeweb:Latitude"	0.00449263963361692	0.00166282640389541	2.70180917448284	0.00745991988728075
"log(Species):Stream:Latitude"	0.00494754990242826	0.00189963275866347	2.60447703897738	0.00985890373842263
