"Estimate"	"Std. Error"	"t value"	"Pr(>|t|)"
"(Intercept)"	-0.870455181140054	0.140563845212061	-6.19259653737307	2.96538246276176e-09
"log(Species)"	0.665569230012206	0.0613301788054414	10.852230386016	3.66183350686271e-22
"log(Species):Lakeweb"	-0.0836074815123164	0.0738506072479773	-1.13211637152254	0.258846571036338
"log(Species):Stream"	-0.161588556293366	0.0863171653005451	-1.87203270323736	0.062559831800626
"log(Species):Marine"	0.124175255135561	0.0370279824665245	3.35355174286968	0.000942786070488196
"log(Species):Terr"	-0.0590349440314233	0.0354094941854711	-1.66720664582794	0.0969292714461669
"log(Species):Latitude"	-0.0011521889124599	0.00106901619474414	-1.07780304744184	0.282329442248056
"log(Species):Lakeweb:Latitude"	0.00461679043580559	0.00166955070480611	2.76528914187231	0.00618164165845064
"log(Species):Stream:Latitude"	0.0051572806736461	0.00188644227144038	2.73386615202823	0.00678118666522371
