"Estimate"	"Std. Error"	"t value"	"Pr(>|t|)"
"(Intercept)"	-0.491890374728916	0.130796151981183	-3.76074041382869	0.000238661298495617
"log(Species)"	0.720858573699358	0.0535072508431297	13.4721661520742	5.54816781366108e-28
"log(Species):Lakeweb"	-0.0202595702991442	0.0837615812296443	-0.241871870154883	0.809195085996822
"log(Species):Terr"	-0.0249201745048109	0.0280051113928012	-0.889843791559306	0.37491124914816
"log(Species):Latitude"	-0.00118400003356146	0.00093778378426857	-1.26255119082158	0.208622604597935
"log(Species):Lakeweb:Latitude"	0.00171290482302172	0.00186543265434675	0.91823460848634	0.359904549835568
