"Estimate"	"Std. Error"	"t value"	"Pr(>|t|)"
"(Intercept)"	-0.853776561592582	0.142104132709453	-6.00810507980244	7.93062010053067e-09
"log(Species)"	0.658063469865658	0.0615400076273121	10.6932627283849	1.12400175817104e-21
"log(Species):Lakeweb"	-0.0879612059005476	0.0742946218543125	-1.1839511892669	0.237739680269003
"log(Species):Stream"	-0.157995275900986	0.0864010973521334	-1.82862580155742	0.0688411535196106
"log(Species):Marine"	0.118624106720328	0.0369024442473202	3.21453250969799	0.00150765827983504
"log(Species):Terr"	-0.0590758229910775	0.0354588387649236	-1.66603941496009	0.0971618192208403
"log(Species):Latitude"	-0.00107287797775441	0.00106782507080281	-1.00473196133876	0.316155371854859
"log(Species):Lakeweb:Latitude"	0.00478387834231902	0.00169252736072745	2.82647031493949	0.00515022070311394
"log(Species):Stream:Latitude"	0.00507283225223086	0.00188767320287099	2.68734664692782	0.00776565221484065
