"Estimate"	"Std. Error"	"t value"	"Pr(>|t|)"
"(Intercept)"	-0.510590843075457	0.12947202047882	-3.94363848796956	0.000119780060997364
"log(Species)"	0.670841121179745	0.0363257945128981	18.467348895605	1.66374196712841e-41
"log(Species):Lakeweb"	0.0580246032983738	0.0248951049016586	2.33076355884357	0.0210137844490954
