"Estimate"	"Std. Error"	"t value"	"Pr(>|t|)"
"(Intercept)"	-0.519330974540878	0.144668558612982	-3.58979849885831	0.000409170090479245
"log(Species)"	0.692771991199895	0.0532486907824941	13.0101225216911	5.48140969365305e-29
"log(Species):Latitude"	-0.00111302916023313	0.000897051900673693	-1.24076339328554	0.216032913813937
"log(Species):Lakeweb"	-0.0585479397726758	0.0674236760956757	-0.868358760053292	0.386157299807514
"log(Species):Marine"	0.125767344897459	0.028493116029036	4.4139554539874	1.59973181455824e-05
"log(Species):Terr"	-0.0512499915482141	0.0266816047542066	-1.92079869334449	0.0560676573260461
"log(Species):Latitude:Lakeweb"	0.00332367145954252	0.00158794810236998	2.09306050656315	0.0375056686191279
