"Estimate"	"Std. Error"	"t value"	"Pr(>|t|)"
"(Intercept)"	-1.09456336903842	0.115806959297768	-9.45161996891764	5.77859273937668e-18
"log(Species)"	0.716846563600191	0.0516516247150952	13.8784901259978	9.8779374966529e-32
"log(Species):Lakeweb"	-0.0549415235161145	0.0628834705156675	-0.873703742264443	0.383249932104667
"log(Species):Stream"	-0.131561058207755	0.0762325241190021	-1.72578646356223	0.0858159022220945
"log(Species):Marine"	0.133073873433611	0.0272750377015652	4.87896203443101	2.06899463840356e-06
"log(Species):Latitude"	-0.00104072131382803	0.000963709427102104	-1.07991193668978	0.281385738709288
"log(Species):Lakeweb:Latitude"	0.00485155548674302	0.00152861125215953	3.17383211715147	0.00172370541331379
"log(Species):Stream:Latitude"	0.0049929227376119	0.00173001661085318	2.88605479640428	0.00429688368345464
