"Estimate"	"Std. Error"	"t value"	"Pr(>|t|)"
"(Intercept)"	-1.48781380040284	0.121518206653604	-12.2435463900809	1.41576081739848e-26
"log(Species)"	0.769887833460898	0.0486180868145625	15.8354201883217	4.21167207514495e-38
"log(Species):Lakeweb"	-0.0405984668814375	0.0618114262694619	-0.656811682429907	0.511994777456165
"log(Species):Marine"	0.124546394907336	0.0254560351697607	4.89260774809444	1.93279763729323e-06
"log(Species):Latitude"	-0.00078925948459655	0.000835661858097773	-0.944472308923075	0.345973932377464
"log(Species):Lakeweb:Latitude"	0.00398611638095785	0.00150115530127386	2.6553657556785	0.0085071046629204
