"Estimate"	"Std. Error"	"t value"	"Pr(>|t|)"
"(Intercept)"	-0.830202373128853	0.128202117049321	-6.47573060598886	1.16655549195125e-09
"log(Species)"	0.687762823751004	0.0562395647853765	12.2291633368016	1.52769287920912e-24
"log(Species):Lakeweb"	-0.0248118030500628	0.0828584618755406	-0.299448028462463	0.764996809225893
"log(Species):Stream"	-0.280943743656814	0.0844821706093986	-3.32547970335364	0.00110045040920649
"log(Species):Latitude"	-0.00177182307175096	0.00107524429830109	-1.64783303157289	0.101399625080579
"log(Species):Lakeweb:Latitude"	0.00310833875798803	0.00188266869228065	1.65102801716144	0.100744572789527
"log(Species):Stream:Latitude"	0.00845140658452765	0.00189948851620317	4.44930649089731	1.6306710638282e-05
