"Estimate"	"Std. Error"	"t value"	"Pr(>|t|)"
"(Intercept)"	-0.48132665745377	0.130152340881078	-3.69817902771002	0.000299756979502833
"log(Species)"	0.720999698168188	0.0534707109004313	13.4840118267882	5.15029331656028e-28
"log(Species):Lakeweb"	-0.0240851492043579	0.0838215941568778	-0.287338238393329	0.774232249273986
"log(Species):Terr"	-0.0260210658187415	0.02801708942956	-0.928756924739207	0.354440790270962
"log(Species):Latitude"	-0.00123377617406858	0.000940193200478797	-1.31225813315846	0.19134834835477
"log(Species):Lakeweb:Latitude"	0.00176927671993531	0.00186614646425165	0.948091028130963	0.344540154599208
