"Estimate"	"Std. Error"	"t value"	"Pr(>|t|)"
"(Intercept)"	-0.493569248495642	0.129316944210806	-3.81674073345756	0.000192916249619023
"log(Species)"	0.667223213816005	0.0363172670153063	18.3720656495104	2.92451677711629e-41
"log(Species):Lakeweb"	0.0561524503514286	0.0249528070791204	2.25034603014324	0.0257898359088914
