"Estimate"	"Std. Error"	"t value"	"Pr(>|t|)"
"(Intercept)"	-0.876077430172557	0.140520097960984	-6.23453472410618	2.36476436521366e-09
"log(Species)"	0.663324238368783	0.0612668762306214	10.8268003720622	4.38278686018712e-22
"log(Species):Lakeweb"	-0.0841044401599243	0.0738449795856813	-1.13893240450204	0.255998755796806
"log(Species):Stream"	-0.157946866664681	0.0862387444520636	-1.83150702933154	0.0684086341511986
"log(Species):Marine"	0.119942306926412	0.0368244851921143	3.25713465648385	0.00130776791745234
"log(Species):Terr"	-0.0586077081419355	0.0353989715636676	-1.65563307500404	0.0992549872889549
"log(Species):Latitude"	-0.00106347303383761	0.00106606195449455	-0.997571510130322	0.319608586220839
"log(Species):Lakeweb:Latitude"	0.00455651277241188	0.00166753711494064	2.73248057364774	0.00680879581566687
"log(Species):Stream:Latitude"	0.00506923725356452	0.00188445309624242	2.69003100351636	0.00770551537302339
