"Estimate"	"Std. Error"	"t value"	"Pr(>|t|)"
"(Intercept)"	-0.836815231144613	0.126561606457991	-6.61192011198412	5.70835897552976e-10
"log(Species)"	0.689442717904002	0.0558215405746609	12.3508364478382	7.11135597464707e-25
"log(Species):Lakeweb"	-0.0361004000311197	0.0829806522978538	-0.435045990016318	0.664130303759011
"log(Species):Stream"	-0.282009305396201	0.0840095897192417	-3.35687040418445	0.000990323639737547
"log(Species):Latitude"	-0.0017665462492489	0.00107007182420706	-1.65086698788461	0.100777506163614
"log(Species):Lakeweb:Latitude"	0.00328328364573653	0.00187919501965601	1.74717557858233	0.0825747756942356
"log(Species):Stream:Latitude"	0.00846336613702728	0.00189002005587849	4.47792398324231	1.44853798998107e-05
