"Estimate"	"Std. Error"	"t value"	"Pr(>|t|)"
"(Intercept)"	-0.830202373128855	0.128202117049321	-6.47573060598887	1.16655549195115e-09
"log(Species)"	0.687762823751005	0.0562395647853766	12.2291633368016	1.52769287920913e-24
"log(Species):Lakeweb"	-0.0248118030500635	0.0828584618755406	-0.299448028462472	0.764996809225885
"log(Species):Stream"	-0.280943743656815	0.0844821706093987	-3.32547970335365	0.00110045040920646
"log(Species):Latitude"	-0.00177182307175097	0.00107524429830109	-1.6478330315729	0.101399625080578
"log(Species):Lakeweb:Latitude"	0.00310833875798805	0.00188266869228065	1.65102801716145	0.100744572789525
"log(Species):Stream:Latitude"	0.00845140658452766	0.00189948851620317	4.44930649089731	1.63067106382814e-05
