"Estimate"	"Std. Error"	"t value"	"Pr(>|t|)"
"(Intercept)"	-0.628961333074139	0.136260170662864	-4.61588540521	7.23515921259188e-06
"log(Species)"	0.553781296821651	0.0563249133598543	9.83190676714579	1.14211860303006e-18
"log(Species):Lakeweb"	-0.0656784321583218	0.0651954023161196	-1.00740895561715	0.315033133910415
"log(Species):Stream"	-0.192663810152163	0.0898078956846714	-2.14528810282598	0.0332127304560857
"log(Species):Latitude"	-0.000656695867810355	0.00103844403877493	-0.632384455290506	0.527904031943299
"log(Species):Lakeweb:Latitude"	0.00463741272256217	0.00159429637121823	2.90875197753767	0.00406605999535756
"log(Species):Stream:Latitude"	0.00669813127053066	0.00201881850501414	3.31784717343065	0.00108910637285081
