"Estimate"	"Std. Error"	"t value"	"Pr(>|t|)"
"(Intercept)"	-1.20947255690745	0.146915298369177	-8.23244801823306	1.70420844274405e-14
"log(Species)"	0.694941072466878	0.0541956232125857	12.8228264806722	2.16947228721688e-28
"log(Species):Lakeweb"	-0.0621835157480815	0.0692687455199472	-0.89771390085554	0.370333020728905
"log(Species):Marine"	0.126354289149002	0.0290601498833577	4.34802606511547	2.11227754176812e-05
"log(Species):Terr"	-0.0520228383580433	0.0271443083096528	-1.91652842152339	0.0566116216333924
"log(Species):Latitude"	-0.00113433992755468	0.000920120913805848	-1.23281615550153	0.218978267243904
"log(Species):Lakeweb:Latitude"	0.00355403133098323	0.00164498898030432	2.16051984149203	0.0318279575378821
