"Estimate"	"Std. Error"	"t value"	"Pr(>|t|)"
"(Intercept)"	-1.09555815334869	0.116950584486697	-9.3677013942013	1.01793392351062e-17
"log(Species)"	0.717112038431317	0.051948920098513	13.8041760458432	1.70851233564957e-31
"log(Species):Lakeweb"	-0.0505798687058858	0.0630062520036547	-0.802775392876122	0.422986987212097
"log(Species):Stream"	-0.131599654250652	0.0765252069689919	-1.71969027544057	0.086921164884765
"log(Species):Marine"	0.133111598754572	0.0273737266274173	4.86275035059523	2.22771890693757e-06
"log(Species):Latitude"	-0.00104046044719062	0.000967041561729572	-1.07592112724683	0.283162812315709
"log(Species):Lakeweb:Latitude"	0.00483369189306124	0.00153381668569865	3.1514143366223	0.00185526319978731
"log(Species):Stream:Latitude"	0.00499316676317557	0.00173617501759733	2.8759581911768	0.00443142001898842
