"Estimate"	"Std. Error"	"t value"	"Pr(>|t|)"
"(Intercept)"	-1.49462340580164	0.121885052087854	-12.2625652629194	1.23216013406189e-26
"log(Species)"	0.772979090883357	0.0486026062345901	15.9040666904244	2.53559052855253e-38
"log(Species):Latitude"	-0.000828993753696413	0.000828526482418715	-1.000563978687	0.318146960378059
"log(Species):Lakeweb"	-0.0413962842674115	0.0615834562636854	-0.672198132078893	0.502169368396096
"log(Species):Marine"	0.12656065203213	0.0253206139499812	4.99832477530523	1.18664684771754e-06
"log(Species):Latitude:Lakeweb"	0.00402771504338627	0.00149638599415708	2.69162840277391	0.00766210239773926
