"Estimate"	"Std. Error"	"t value"	"Pr(>|t|)"
"(Intercept)"	-0.852560794696514	0.140644542234524	-6.06181214820887	5.96782788021337e-09
"log(Species)"	0.66135523894571	0.061264883657651	10.7950133822399	5.4858219212275e-22
"log(Species):Lakeweb"	-0.0916747268683028	0.0741163049047465	-1.23690363390515	0.217472206663457
"log(Species):Stream"	-0.161819948800013	0.0861671452758052	-1.87797736924042	0.0617379599902971
"log(Species):Marine"	0.123126839751783	0.0369678310590436	3.33064819396977	0.00101967725317979
"log(Species):Terr"	-0.0594111941127356	0.0353484870755227	-1.68072806017985	0.094267935891506
"log(Species):Latitude"	-0.00115991175482813	0.00106716510937061	-1.0869093682347	0.278293899504211
"log(Species):Lakeweb:Latitude"	0.00487175841471291	0.0016889413000453	2.8845042835901	0.00431918977761792
"log(Species):Stream:Latitude"	0.00516286322786182	0.00188316404101054	2.7415897475885	0.0066291337486082
