"Estimate"	"Std. Error"	"t value"	"Pr(>|t|)"
"(Intercept)"	-1.02421928919804	0.136385694117663	-7.50972670428633	2.28188503121355e-12
"log(Species)"	0.635645051659025	0.0537287883104523	11.8306232403043	1.58798270206435e-24
"log(Species):Lakeweb"	-0.0816558418317228	0.0648473355979669	-1.25920118504118	0.209510605265823
"log(Species):Terr"	-0.0588042302379008	0.0257126308764881	-2.28697835396035	0.0233052368228697
"log(Species):Latitude"	-0.000723996738379307	0.000919373820738824	-0.787488964823353	0.431982135501984
"log(Species):Lakeweb:Latitude"	0.00355357598889574	0.00153846235080767	2.30982317313788	0.0219783533977649
