"Estimate"	"Std. Error"	"t value"	"Pr(>|t|)"
"(Intercept)"	-0.645221505066475	0.136458825386296	-4.72832375069873	4.43057569009775e-06
"log(Species)"	0.550009035610526	0.0562178092625609	9.78353733141311	1.5681152070009e-18
"log(Species):Lakeweb"	-0.0561942677788844	0.0653740333774149	-0.859580859184039	0.391114883854403
"log(Species):Stream"	-0.185158843903745	0.0897146809545571	-2.06386337145347	0.040404242707622
"log(Species):Latitude"	-0.000487540389357921	0.00104442694306874	-0.466801811838966	0.641182187029331
"log(Species):Lakeweb:Latitude"	0.00445371077966261	0.00159664030652512	2.78942649854276	0.00582386039013918
"log(Species):Stream:Latitude"	0.00653799757175759	0.00201730067358764	3.24096336126739	0.00140907660423301
