"Estimate"	"Std. Error"	"t value"	"Pr(>|t|)"
"(Intercept)"	-0.500796779718014	0.144344564363791	-3.46945367790822	0.000628953606471319
"log(Species)"	0.687845885957404	0.0532473044664632	12.9179475440044	1.07907901284666e-28
"log(Species):Latitude"	-0.00109852187471895	0.000904020574709482	-1.21515140855281	0.225628818869513
"log(Species):Lakeweb"	-0.0636034170178811	0.0680566762419671	-0.934565431784342	0.351051088868821
"log(Species):Marine"	0.123545539038405	0.0285516533800253	4.32708878165484	2.30566418221464e-05
"log(Species):Terr"	-0.0519285239180554	0.026669335334075	-1.94712478835972	0.0528100917612539
"log(Species):Latitude:Lakeweb"	0.00346279027356408	0.00161620484987614	2.14254416686688	0.0332632466804018
