"Estimate"	"Std. Error"	"t value"	"Pr(>|t|)"
"(Intercept)"	-0.487015772420334	0.129738601028891	-3.75382321497273	0.000244785764178468
"log(Species)"	0.720175656609814	0.0533589528362141	13.4968101570584	4.75245439832009e-28
"log(Species):Lakeweb"	-0.0298296376829563	0.0841403196929242	-0.354522514197968	0.723423068499668
"log(Species):Terr"	-0.0252510342923874	0.0279439614304578	-0.903631160357413	0.367575420200691
"log(Species):Latitude"	-0.00119155618943947	0.000935901294628893	-1.27316437777977	0.204841643606268
"log(Species):Lakeweb:Latitude"	0.0018558329930637	0.0018680953711865	0.993435892882165	0.322026212524637
