"Estimate"	"Std. Error"	"t value"	"Pr(>|t|)"
"(Intercept)"	-1.22066252374658	0.146060985251405	-8.35721135007777	7.6823523798627e-15
"log(Species)"	0.698619216382788	0.0540621440624958	12.9225214518903	1.04342717723252e-28
"log(Species):Lakeweb"	-0.0612707429627206	0.0686175775220144	-0.89293072089383	0.372883435048232
"log(Species):Marine"	0.127684555824791	0.0289208539584442	4.41496492490362	1.59289961824532e-05
"log(Species):Terr"	-0.0519140023785632	0.0271099940283198	-1.91493964640245	0.0568151318396446
"log(Species):Latitude"	-0.00115377102601254	0.000912184613346848	-1.26484377080129	0.207283992234997
"log(Species):Lakeweb:Latitude"	0.00343392317900047	0.00161499364390424	2.12627659059944	0.0346098801781184
