"Estimate"	"Std. Error"	"t value"	"Pr(>|t|)"
"(Intercept)"	-0.498437876838672	0.128925160657287	-3.86610242948337	0.00016048671022158
"log(Species)"	0.668206075377455	0.0362451163121627	18.4357547544475	2.00567969645549e-41
"log(Species):Lakeweb"	0.0538822349749685	0.0251110116695707	2.14576121758816	0.0334000030110522
