"Estimate"	"Std. Error"	"t value"	"Pr(>|t|)"
"(Intercept)"	-1.21602721646839	0.145891046520934	-8.33517371673594	8.84709354695634e-15
"log(Species)"	0.699980245409563	0.0540197326328119	12.9578620865737	8.04826756412334e-29
"log(Species):Lakeweb"	-0.0609292403384978	0.0684774758910094	-0.889770534700701	0.374574456272419
"log(Species):Marine"	0.131722858072987	0.0291351736656499	4.52109397337444	1.01155969822548e-05
"log(Species):Terr"	-0.0523241605347542	0.0270795299585309	-1.93224035331789	0.0546317381184978
"log(Species):Latitude"	-0.00121241378679889	0.000912642799011716	-1.32846474887194	0.185420005997713
"log(Species):Lakeweb:Latitude"	0.00347275866959147	0.00161377017869879	2.15195367681885	0.0325051248777454
