"Estimate"	"Std. Error"	"t value"	"Pr(>|t|)"
"(Intercept)"	-1.22119355385927	0.146672751737716	-8.32597424805284	9.38359390219931e-15
"log(Species)"	0.697719750083552	0.0541801408634284	12.8777765979289	1.4493553393285e-28
"log(Species):Lakeweb"	-0.0569500671773166	0.0688618265615648	-0.827019410041372	0.409134537987528
"log(Species):Marine"	0.127033473673501	0.0290739385576436	4.36932455579205	1.93155639861623e-05
"log(Species):Terr"	-0.0517729129063097	0.0271617581150963	-1.90609579420173	0.0579591965518429
"log(Species):Latitude"	-0.00112986240851554	0.000920732924345004	-1.22713370907129	0.221101990478979
"log(Species):Lakeweb:Latitude"	0.00338870517303323	0.00162144789480535	2.08992542029236	0.0377894126529531
