"Estimate"	"Std. Error"	"t value"	"Pr(>|t|)"
"(Intercept)"	-0.331918137161682	0.136046626430431	-2.43973809472897	0.0156207465329351
"log(Species)"	0.635566451927061	0.053595213479836	11.8586420439612	1.31082922989732e-24
"log(Species):Lakeweb"	-0.0814182768379283	0.0646861190110906	-1.25866689921479	0.209703180752989
"log(Species):Terr"	-0.058876841297052	0.0256487068532219	-2.29550915116238	0.0228017625088602
"log(Species):Latitude"	-0.00072286637756977	0.000917088170787654	-0.788219061803977	0.431556077534589
"log(Species):Lakeweb:Latitude"	0.00349425142062644	0.00153463758843389	2.27692286893112	0.0239111640290593
