"Estimate"	"Std. Error"	"t value"	"Pr(>|t|)"
"(Intercept)"	-0.503555402484181	0.130915111577937	-3.84642686711076	0.000173880120798044
"log(Species)"	0.718232192950312	0.0533467896953626	13.4634566963033	5.86019974170073e-28
"log(Species):Lakeweb"	-0.0135646157569933	0.0838932605653972	-0.161688980325414	0.871758674356322
"log(Species):Terr"	-0.0237889393512371	0.0279645689282186	-0.850681425209887	0.39624186630278
"log(Species):Latitude"	-0.00106005579562326	0.000944967333564807	-1.12179094236442	0.263664107354009
"log(Species):Lakeweb:Latitude"	0.00158167719425203	0.00186634789489038	0.847471791610923	0.398022272991668
