"Estimate"	"Std. Error"	"t value"	"Pr(>|t|)"
"(Intercept)"	-0.516325779082566	0.129722075673143	-3.98024604835601	0.000104175016186908
"log(Species)"	0.672382070465349	0.0363807085135021	18.4818300120737	1.52720137855755e-41
"log(Species):Lakeweb"	0.0583333716998709	0.0248760017058059	2.34496573805333	0.0202563989973158
