"Estimate"	"Std. Error"	"t value"	"Pr(>|t|)"
"(Intercept)"	-0.516167000130495	0.144405319647869	-3.57443203193043	0.000432532578933206
"log(Species)"	0.690772534428337	0.0531742720139693	12.990728566004	6.32127640863353e-29
"log(Species):Latitude"	-0.00107607028022956	0.000902929475787982	-1.19175451581142	0.234659254176614
"log(Species):Lakeweb"	-0.0576010376987202	0.0676170983927989	-0.851870888693068	0.395224897783896
"log(Species):Marine"	0.123959286509808	0.0285085330357951	4.34814679359916	2.11120888097131e-05
"log(Species):Terr"	-0.0515100266173024	0.0266774010527307	-1.93084875529994	0.0548047160254725
"log(Species):Latitude:Lakeweb"	0.00328763250857638	0.00159178482553945	2.06537495258645	0.0400756140190943
