"Estimate"	"Std. Error"	"t value"	"Pr(>|t|)"
"(Intercept)"	-0.853357884404952	0.139617534068441	-6.11211113345286	4.56567183735925e-09
"log(Species)"	0.653750471104138	0.0608184910062818	10.7492057150286	7.57866770107599e-22
"log(Species):Lakeweb"	-0.0837934470651947	0.0735335050413514	-1.13952744423204	0.255751185833888
"log(Species):Stream"	-0.154017165256289	0.0855173609869598	-1.80100465541464	0.0731034453861375
"log(Species):Marine"	0.126643803924084	0.0367014810195517	3.45064559810591	0.000673085283268489
"log(Species):Terr"	-0.0587197211136292	0.035094302112701	-1.6731981426802	0.0957426298526949
"log(Species):Latitude"	-0.000971164670031625	0.00105794290331011	-0.917974558922821	0.3596608199971
"log(Species):Lakeweb:Latitude"	0.00468245647578097	0.00167574817393616	2.79424829375308	0.00567210263864301
"log(Species):Stream:Latitude"	0.00497421148031898	0.00186880210355287	2.66171119502823	0.00836164561974249
