"Estimate"	"Std. Error"	"t value"	"Pr(>|t|)"
"(Intercept)"	-0.336191771367194	0.136359775351163	-2.46547613107611	0.0145751872638794
"log(Species)"	0.636663978220899	0.053528334756662	11.893961975749	1.02920763072741e-24
"log(Species):Lakeweb"	-0.0810145530361239	0.0646128615163524	-1.2538456142454	0.211446787144527
"log(Species):Terr"	-0.0588613245683715	0.0256284848035837	-2.29671496459833	0.0227313711370855
"log(Species):Latitude"	-0.0007216856387036	0.000914970450431329	-0.788752946462246	0.431244677382529
"log(Species):Lakeweb:Latitude"	0.00348924745848442	0.00153305120796115	2.27601494350921	0.0239665460868294
