"Estimate"	"Std. Error"	"t value"	"Pr(>|t|)"
"(Intercept)"	-1.09492414241621	0.114913460144167	-9.52824970236346	3.43977045617987e-18
"log(Species)"	0.716942842010049	0.0512535639523058	13.9881558807736	4.39958145939656e-32
"log(Species):Lakeweb"	-0.0570703892445514	0.0623681692163344	-0.915056349443147	0.361182437044077
"log(Species):Stream"	-0.131562765004161	0.075645399966426	-1.73920377263591	0.0834235582458958
"log(Species):Marine"	0.133087555084327	0.0270649624250718	4.9173375153494	1.73564282448626e-06
"log(Species):Latitude"	-0.0010406267066484	0.00095628716170678	-1.08819478951395	0.277721820639377
"log(Species):Lakeweb:Latitude"	0.0051967903896683	0.00152564346126639	3.40629414513049	0.000785190506574537
"log(Species):Stream:Latitude"	0.00499284167066558	0.00171669244425911	2.90840778577574	0.00401220233856854
