"Estimate"	"Std. Error"	"t value"	"Pr(>|t|)"
"(Intercept)"	-0.867039689753158	0.139978015575933	-6.19411331262103	2.94125911351295e-09
"log(Species)"	0.661192237995466	0.0610214504064599	10.8354067887818	4.12420796141831e-22
"log(Species):Lakeweb"	-0.0857875164877839	0.0735333698553881	-1.16664742356423	0.244645177312115
"log(Species):Stream"	-0.158060052116846	0.085888003462804	-1.84030418387008	0.0671019367424128
"log(Species):Marine"	0.119408087766263	0.0366751059074007	3.25583484524219	0.00131348364242403
"log(Species):Terr"	-0.0587974182636664	0.0352550490626813	-1.6677729808042	0.0968166019490239
"log(Species):Latitude"	-0.0010672845195416	0.00106172677863818	-1.00523462440172	0.315913886370358
"log(Species):Lakeweb:Latitude"	0.0048250977587932	0.00166879896992698	2.89135950210009	0.00422957058853215
"log(Species):Stream:Latitude"	0.00507196776514257	0.00187678888632462	2.70247112080633	0.00743227382878649
