"Estimate"	"Std. Error"	"t value"	"Pr(>|t|)"
"(Intercept)"	-1.09291598310452	0.115392718705833	-9.47127336422898	5.05951239799474e-18
"log(Species)"	0.708640122088304	0.0516863147832236	13.710401390782	3.41024424320113e-31
"log(Species):Lakeweb"	-0.0429978216968945	0.0627041808067496	-0.685724957150962	0.493621883603254
"log(Species):Stream"	-0.123786455504756	0.0760846229972281	-1.62695759837393	0.105203995849678
"log(Species):Marine"	0.13851674751791	0.0273502567862524	5.06455016493796	8.76486455471343e-07
"log(Species):Latitude"	-0.00084500497164188	0.000966642835039522	-0.874164625248923	0.382999491030109
"log(Species):Lakeweb:Latitude"	0.00463751302103243	0.00152708049517163	3.03684909583709	0.00268478266193122
"log(Species):Stream:Latitude"	0.0047971445671666	0.00172732704859519	2.77720688219874	0.00596483591082296
