"Estimate"	"Std. Error"	"t value"	"Pr(>|t|)"
"(Intercept)"	-1.10681238721173	0.11641087196984	-9.50780943809508	3.95087726391264e-18
"log(Species)"	0.714723677524196	0.0517427488352793	13.8130210244432	1.60066371491911e-31
"log(Species):Lakeweb"	-0.044401139780382	0.0631090028209287	-0.703562689880711	0.482462856080881
"log(Species):Stream"	-0.126227266108348	0.0764647785827517	-1.65078966352779	0.100234732977282
"log(Species):Marine"	0.130456332508118	0.0274129229141127	4.75893551799822	3.5609313776677e-06
"log(Species):Latitude"	-0.000901342449038085	0.000973467278325025	-0.92590934395757	0.35552642822244
"log(Species):Lakeweb:Latitude"	0.00469765517749463	0.00153525107179957	3.05986119390113	0.00249481242750886
"log(Species):Stream:Latitude"	0.00485400359234145	0.00173646521774861	2.79533591731531	0.00565151507342112
