"Estimate"	"Std. Error"	"t value"	"Pr(>|t|)"
"(Intercept)"	-0.834215681989157	0.127017981240362	-6.56769753260784	7.20565455114746e-10
"log(Species)"	0.690116380617883	0.0560501487004337	12.3124808161757	9.04977639207249e-25
"log(Species):Lakeweb"	-0.0257655824286026	0.0827786266060546	-0.311258877864954	0.756019374688056
"log(Species):Stream"	-0.283277905885681	0.0843385904759549	-3.35881717120283	0.000983845061418168
"log(Species):Latitude"	-0.00177197696338298	0.00107397799353192	-1.64991924793133	0.100971511514377
"log(Species):Lakeweb:Latitude"	0.00310598682643897	0.0018804291324849	1.65174362212446	0.100598323471923
"log(Species):Stream:Latitude"	0.00846720297419476	0.00189689840423307	4.46370926102291	1.53641195034219e-05
