"Estimate"	"Std. Error"	"t value"	"Pr(>|t|)"
"(Intercept)"	-0.997340278991643	0.137096296012949	-7.27474270273093	8.98913231604257e-12
"log(Species)"	0.635474867449363	0.0537523683560145	11.8222673137017	1.68144518686327e-24
"log(Species):Lakeweb"	-0.0909277658378529	0.0645762984993604	-1.40806716939271	0.160753918051809
"log(Species):Terr"	-0.0607019703288582	0.0256877449982698	-2.36307119729454	0.0191397871679616
"log(Species):Latitude"	-0.000862551658475198	0.000912100646038815	-0.945675964841375	0.345521313982127
"log(Species):Lakeweb:Latitude"	0.00371617706093428	0.00153382618602561	2.42281498046627	0.0163439592867034
