"Estimate"	"Std. Error"	"t value"	"Pr(>|t|)"
"(Intercept)"	-1.20694117012474	0.146539118800475	-8.23630700119122	1.66287046438177e-14
"log(Species)"	0.695287337496747	0.0541749645348789	12.8341078478991	1.99708741769801e-28
"log(Species):Lakeweb"	-0.0634079237489147	0.0690128089686181	-0.918784855978661	0.359228242974153
"log(Species):Marine"	0.126867302618118	0.0289514415069471	4.3820720494237	1.83058716649012e-05
"log(Species):Terr"	-0.0519062382379048	0.0274329777002469	-1.89211097698074	0.0598076193017283
"log(Species):Latitude"	-0.00115718671856908	0.000913052394756391	-1.26738260062044	0.206376885646099
"log(Species):Lakeweb:Latitude"	0.00357864022030339	0.00164056379776704	2.18134779346847	0.030232081015213
