"Estimate"	"Std. Error"	"t value"	"Pr(>|t|)"
"(Intercept)"	-1.23173475629657	0.14174170358558	-8.68999542927659	9.91910047177929e-16
"log(Species)"	0.734517013323652	0.0534097488617591	13.7524895543847	3.4877114368354e-31
"log(Species):Lakeweb"	-0.0915935673661251	0.0672543505923593	-1.36189802681005	0.174675463365455
"log(Species):Marine"	0.102498026712363	0.0287603151588563	3.56387008091599	0.000451425564682473
"log(Species):Terr"	-0.0794033918540037	0.0266483692313681	-2.97967170766071	0.00322225300441804
"log(Species):Latitude"	-0.0014691622134673	0.00089678781153361	-1.63824953302483	0.102852939136066
"log(Species):Lakeweb:Latitude"	0.00373329722288511	0.00158689915082402	2.35257371014821	0.0195599443828423
