"Estimate"	"Std. Error"	"t value"	"Pr(>|t|)"
"(Intercept)"	-0.827831397093851	0.125631417980472	-6.58936602325486	6.42909274400602e-10
"log(Species)"	0.687160514013126	0.0553989957439872	12.4038442355286	5.09656125248418e-25
"log(Species):Lakeweb"	-0.0329835960625886	0.0819312284053078	-0.402576608511484	0.687810836362175
"log(Species):Stream"	-0.281783158893311	0.0833645424038293	-3.38013201737874	0.000915457096077976
"log(Species):Latitude"	-0.00177371502522456	0.00106185816682297	-1.67038789232222	0.0968478109433322
"log(Species):Lakeweb:Latitude"	0.00345526241096562	0.00186756412187567	1.85014392303454	0.0661844458669525
"log(Species):Stream:Latitude"	0.0084650266016347	0.00187550719476922	4.51345994579153	1.24951436786181e-05
