"Estimate"	"Std. Error"	"t value"	"Pr(>|t|)"
"(Intercept)"	-0.627345858129422	0.135871471405158	-4.61720073862105	7.1941219401794e-06
"log(Species)"	0.548587888672549	0.0563895534068315	9.7285375664296	2.24730979696427e-18
"log(Species):Lakeweb"	-0.0610525110234652	0.0650372273317171	-0.938731762227068	0.349072950991009
"log(Species):Stream"	-0.187841252413905	0.0896496097236708	-2.09528243338586	0.0374852489520365
"log(Species):Latitude"	-0.000511097708653344	0.00104416408753806	-0.489480259619362	0.625072355495633
"log(Species):Lakeweb:Latitude"	0.00449325977867469	0.00159558495970271	2.81605799261976	0.00538039947119424
"log(Species):Stream:Latitude"	0.00655163678266104	0.00201876620117073	3.24536678831931	0.00138861410436626
