"Estimate"	"Std. Error"	"t value"	"Pr(>|t|)"
"(Intercept)"	-0.319840870572089	0.135495476577705	-2.36052803127095	0.0192676330465738
"log(Species)"	0.637208735570596	0.0536546430859858	11.8761154472581	1.16301293927635e-24
"log(Species):Lakeweb"	-0.0873030849350893	0.0643570407585128	-1.35654287248348	0.176544675257587
"log(Species):Terr"	-0.0596437787779699	0.0259447580881403	-2.29887588758185	0.0226056997097215
"log(Species):Latitude"	-0.000821654817544056	0.000909871648691733	-0.903044752219151	0.367651636047759
"log(Species):Lakeweb:Latitude"	0.0036038442683983	0.00153076045920875	2.35428361551821	0.0195847381948266
