"Estimate"	"Std. Error"	"t value"	"Pr(>|t|)"
"(Intercept)"	-1.4847689279963	0.120607030614604	-12.3107991335997	8.66185705442081e-27
"log(Species)"	0.770831357358287	0.0483003030153212	15.9591412317594	1.68783423939884e-38
"log(Species):Latitude"	-0.000830902940461691	0.000824749149382259	-1.0074614094286	0.314830012083366
"log(Species):Lakeweb"	-0.042567488127669	0.0612814122039767	-0.694623158911254	0.488031130135742
"log(Species):Marine"	0.131811402611726	0.0254678121615038	5.1756076170126	5.14853297468541e-07
"log(Species):Latitude:Lakeweb"	0.00402692618502254	0.00148958696398668	2.70338441620421	0.00740488254846281
