"Estimate"	"Std. Error"	"t value"	"Pr(>|t|)"
"(Intercept)"	-1.16308946025772	0.13184421416118	-8.82169511690392	2.05519237703518e-15
"log(Species)"	0.718398446348552	0.0536201064067055	13.3979302633147	8.84574355258616e-28
"log(Species):Lakeweb"	-0.0242486032983413	0.0840503116921717	-0.288501051455349	0.773343769579599
"log(Species):Terr"	-0.0258118578552223	0.0280723865550132	-0.919475008105886	0.359257704321576
"log(Species):Latitude"	-0.00124019902377375	0.000941755656584921	-1.31690106143994	0.189790742753655
"log(Species):Lakeweb:Latitude"	0.00181354319006205	0.00187094292931961	0.969320422147544	0.333876248522054
