"Estimate"	"Std. Error"	"t value"	"Pr(>|t|)"
"(Intercept)"	-1.21932336198124	0.145577825511558	-8.37574924406623	6.82123139005393e-15
"log(Species)"	0.698310450955959	0.0538869270032574	12.958810045222	7.9924016776051e-29
"log(Species):Lakeweb"	-0.0581629220216988	0.0682951220327217	-0.851640941410599	0.395352268106131
"log(Species):Marine"	0.133643503631808	0.0291363110758321	4.58683679220678	7.60466400041586e-06
"log(Species):Terr"	-0.0519436591623018	0.0270233854881522	-1.92217437689572	0.0558933533524753
"log(Species):Latitude"	-0.00115448390952038	0.000909271512890094	-1.26968006052547	0.205558523704061
"log(Species):Lakeweb:Latitude"	0.0034138704343822	0.00160965032865905	2.12087704615088	0.0350671009726616
