"Estimate"	"Std. Error"	"t value"	"Pr(>|t|)"
"(Intercept)"	-1.19566891284684	0.148301885861123	-8.06239857237227	4.99986188709781e-14
"log(Species)"	0.693787107417321	0.0542268756888889	12.7941560085026	2.67742491452623e-28
"log(Species):Lakeweb"	-0.0658180615212613	0.069147924590635	-0.951844352681776	0.342234909878395
"log(Species):Marine"	0.125887092619937	0.029006453941459	4.33996836959125	2.18478654624163e-05
"log(Species):Terr"	-0.0528441842801368	0.0271510914638931	-1.94630055113665	0.0529096127875494
"log(Species):Latitude"	-0.00118173726510308	0.000913736864483673	-1.29330150838431	0.197281865867279
"log(Species):Lakeweb:Latitude"	0.00361103738497862	0.00164091424963758	2.20062528299463	0.028817173921879
