"Estimate"	"Std. Error"	"t value"	"Pr(>|t|)"
"(Intercept)"	-0.835357791573764	0.128630137339774	-6.49426183357933	1.05894015447607e-09
"log(Species)"	0.689005325562635	0.056125738510455	12.2761026197328	1.13743267129897e-24
"log(Species):Lakeweb"	-0.024256177946137	0.0830190341255488	-0.292176103969779	0.77054018987866
"log(Species):Stream"	-0.281905465453538	0.084476421811674	-3.33709050889962	0.00105844781394937
"log(Species):Latitude"	-0.00176659641911868	0.0010776397798411	-1.63931997701417	0.103161744239756
"log(Species):Lakeweb:Latitude"	0.00309989317367192	0.00188475558643484	1.64471892057665	0.102041387527555
"log(Species):Stream:Latitude"	0.00846252269834294	0.00190037880750327	4.45307149549886	1.60550727892378e-05
