"Estimate"	"Std. Error"	"t value"	"Pr(>|t|)"
"(Intercept)"	-0.63010399876268	0.136109028590327	-4.62940633173734	6.82386779597142e-06
"log(Species)"	0.553734276667407	0.0562959558117021	9.83612887788119	1.11092488045288e-18
"log(Species):Lakeweb"	-0.0652300142962432	0.0650771713415642	-1.00234864164388	0.317463615470208
"log(Species):Stream"	-0.19235447826016	0.0897437209097595	-2.14337533935749	0.0333680816068362
"log(Species):Latitude"	-0.000642039661169673	0.00103680638456061	-0.619247403112551	0.536503080271022
"log(Species):Lakeweb:Latitude"	0.00462173427914433	0.00159288803725318	2.90148093968624	0.00415741171294329
"log(Species):Stream:Latitude"	0.00668410905952631	0.00201783337284764	3.3125178468495	0.0011088903338974
