"Estimate"	"Std. Error"	"t value"	"Pr(>|t|)"
"(Intercept)"	-1.20916369509161	0.130183332989584	-9.28816052964599	1.09352008443898e-16
"log(Species)"	0.672584739368633	0.0365100686697598	18.421897407323	2.17711643755342e-41
"log(Species):Lakeweb"	0.0605290550809899	0.0249644541741391	2.4246095932549	0.0164385317804955
