"Estimate"	"Std. Error"	"t value"	"Pr(>|t|)"
"(Intercept)"	-0.503682757899434	0.142864437943713	-3.52559926843291	0.000515372938022051
"log(Species)"	0.689609688979829	0.0528725344353887	13.0428718113096	4.30845199689041e-29
"log(Species):Latitude"	-0.00112237991254247	0.00089203439939848	-1.2582249219305	0.209662551237035
"log(Species):Lakeweb"	-0.0656604939032778	0.0670877598054907	-0.978725390349134	0.328805547973763
"log(Species):Marine"	0.124430713543915	0.028282513326919	4.39956350786843	1.70024992146104e-05
"log(Species):Terr"	-0.0520036214566896	0.0265111889707359	-1.96157258409245	0.0510910425970223
"log(Species):Latitude:Lakeweb"	0.00361083621621952	0.00158808880381652	2.27369918328364	0.0239623824321477
