"Estimate"	"Std. Error"	"t value"	"Pr(>|t|)"
"(Intercept)"	-1.21896880269987	0.14399853606574	-8.46514718832539	4.23080782963495e-15
"log(Species)"	0.732674849437069	0.0536964196252824	13.6447616908167	7.66104417929704e-31
"log(Species):Lakeweb"	-0.0940117233479921	0.0676435642608124	-1.38981031492534	0.166044171561798
"log(Species):Marine"	0.0956238385298664	0.0286156949276976	3.34165704420166	0.00098423525595698
"log(Species):Terr"	-0.0801021174148534	0.0267759205032593	-2.99157287254057	0.00310420924569177
"log(Species):Latitude"	-0.00149407311916531	0.00090130391451957	-1.65767960739604	0.0988611314329468
"log(Species):Lakeweb:Latitude"	0.00376226627129065	0.00159367955179652	2.3607420118113	0.019145490943484
