"Estimate"	"Std. Error"	"t value"	"Pr(>|t|)"
"(Intercept)"	-1.0050484611958	0.135533253794979	-7.41551193566214	3.96460011217881e-12
"log(Species)"	0.635072940478223	0.0536391152328225	11.8397355683752	1.49196214636187e-24
"log(Species):Lakeweb"	-0.0878180944237537	0.0643110112620184	-1.36552190208861	0.173712036203193
"log(Species):Terr"	-0.0608307478859291	0.0256378950246487	-2.37268885871657	0.0186630368779556
"log(Species):Latitude"	-0.000792944210050536	0.000909548293431522	-0.871800008616294	0.384423598070697
"log(Species):Lakeweb:Latitude"	0.00363967381839149	0.00152979811455384	2.37918571330765	0.0183469415573262
