"Estimate"	"Std. Error"	"t value"	"Pr(>|t|)"
"(Intercept)"	-0.630103998762676	0.136109028590327	-4.62940633173732	6.82386779597224e-06
"log(Species)"	0.553734276667406	0.056295955811702	9.83612887788119	1.11092488045293e-18
"log(Species):Lakeweb"	-0.0652300142962439	0.0650771713415643	-1.00234864164389	0.317463615470203
"log(Species):Stream"	-0.19235447826016	0.0897437209097595	-2.14337533935749	0.0333680816068362
"log(Species):Latitude"	-0.000642039661169676	0.00103680638456061	-0.619247403112554	0.53650308027102
"log(Species):Lakeweb:Latitude"	0.00462173427914434	0.00159288803725318	2.90148093968624	0.00415741171294322
"log(Species):Stream:Latitude"	0.00668410905952631	0.00201783337284764	3.3125178468495	0.0011088903338974
