"Estimate"	"Std. Error"	"t value"	"Pr(>|t|)"
"(Intercept)"	-0.889077546856939	0.140349826095407	-6.33472496255578	1.42358215302403e-09
"log(Species)"	0.699840920698579	0.0603301021203971	11.6001945314455	2.29594314583737e-24
"log(Species):Lakeweb"	-0.107410559861175	0.0727285079550264	-1.47687011436554	0.141208484405317
"log(Species):Stream"	-0.169202132114845	0.0865109696666438	-1.95584597845612	0.0518095386151462
"log(Species):Marine"	0.0826232815931378	0.0351070512507099	2.35346685778593	0.0195230274626307
"log(Species):Terr"	-0.0947641755305463	0.0335784547052562	-2.8221720255552	0.00522809944341661
"log(Species):Latitude"	-0.00113137260874181	0.00106213682924647	-1.06518536744881	0.288015230894748
"log(Species):Lakeweb:Latitude"	0.00449054006365675	0.00166406443793902	2.69853736506646	0.00753111627074073
"log(Species):Stream:Latitude"	0.00495145432505129	0.00190033890320308	2.60556383743208	0.00982867743807355
