"Estimate"	"Std. Error"	"t value"	"Pr(>|t|)"
"(Intercept)"	-1.1993735336255	0.145633288800146	-8.23557267371343	1.67065941859407e-14
"log(Species)"	0.693519199113898	0.0538193992769482	12.8860449657777	1.36397873344887e-28
"log(Species):Lakeweb"	-0.0701759435920757	0.0686841948582352	-1.02171895203721	0.308051627080963
"log(Species):Marine"	0.126415652832942	0.0287654451337904	4.39470525295098	1.73552946146591e-05
"log(Species):Terr"	-0.0523612284947344	0.0269586365766938	-1.9422802909848	0.0533972965959974
"log(Species):Latitude"	-0.0011606766193976	0.00090706696646414	-1.2795930866296	0.202054695988534
"log(Species):Lakeweb:Latitude"	0.00389504665862731	0.00164069649921732	2.37402021671004	0.0184675194971874
