"Estimate"	"Std. Error"	"t value"	"Pr(>|t|)"
"(Intercept)"	-1.21268267413711	0.145403710493193	-8.34010817209427	8.57196398397609e-15
"log(Species)"	0.696707553566469	0.0538122908733492	12.9469967224814	8.71713689312376e-29
"log(Species):Lakeweb"	-0.0639518088713848	0.0682801776621115	-0.936608706378214	0.350001061515827
"log(Species):Marine"	0.127208927108427	0.0287852067246255	4.41924660556984	1.56423084855469e-05
"log(Species):Terr"	-0.0520816381906979	0.0269823988489702	-1.93020785446901	0.0548845355848441
"log(Species):Latitude"	-0.00115635948118883	0.000907889418997388	-1.27367877297858	0.204139838081112
"log(Species):Lakeweb:Latitude"	0.00369705675843016	0.00161631549454313	2.28733608686662	0.0231401091630242
