"Estimate"	"Std. Error"	"t value"	"Pr(>|t|)"
"(Intercept)"	-0.85543440489523	0.141092818782269	-6.06291951835846	5.93283709486466e-09
"log(Species)"	0.658407385383309	0.0614268209837348	10.7185651941462	9.40542307370811e-22
"log(Species):Lakeweb"	-0.087730012370018	0.0742731934481927	-1.18118002333119	0.23883616128713
"log(Species):Stream"	-0.158158223341905	0.0863842674745194	-1.83086837413487	0.0685043121819979
"log(Species):Marine"	0.118720593445879	0.0368896870214715	3.21825970973347	0.0014890992561991
"log(Species):Terr"	-0.0588201983780483	0.0356703733449521	-1.64899306797898	0.100609413596695
"log(Species):Latitude"	-0.0010710383783454	0.0010679921282496	-1.00285231512033	0.317059457834514
"log(Species):Lakeweb:Latitude"	0.00478088471820907	0.00169253573360631	2.82468761118702	0.00517791117016703
"log(Species):Stream:Latitude"	0.00507433355435448	0.00188765185033857	2.68817237322886	0.00774710877126273
