"Estimate"	"Std. Error"	"t value"	"Pr(>|t|)"
"(Intercept)"	-0.305048197958638	0.136757932012377	-2.23057042081502	0.0268857155680132
"log(Species)"	0.635406658954918	0.0536197034560417	11.8502456746303	1.38838917856161e-24
"log(Species):Lakeweb"	-0.0906974056028103	0.0644169193232785	-1.40797490093623	0.160781201276447
"log(Species):Terr"	-0.060776016982239	0.0256243457058302	-2.37180756456977	0.0187062828335256
"log(Species):Latitude"	-0.000861594065994971	0.000909849512839056	-0.946963265723459	0.34486664980457
"log(Species):Lakeweb:Latitude"	0.00365701714601076	0.0015300405872926	2.39014388009265	0.0178244811798463
