"Estimate"	"Std. Error"	"t value"	"Pr(>|t|)"
"(Intercept)"	-0.884952214716391	0.141558769655311	-6.25148280725529	2.15746457210616e-09
"log(Species)"	0.660916582378659	0.0614294938341347	10.7589455997016	7.07562402119116e-22
"log(Species):Lakeweb"	-0.0741321271141401	0.0742564035948324	-0.998326387022856	0.319243370382754
"log(Species):Stream"	-0.15333450689492	0.0866170307854339	-1.77025817560934	0.0781013162925196
"log(Species):Marine"	0.118159936347486	0.0369568996151395	3.19723617451616	0.00159662435868729
"log(Species):Terr"	-0.0580316799121323	0.0354782103952449	-1.63569918734994	0.103365654199797
"log(Species):Latitude"	-0.000950901865588819	0.00107820611184793	-0.881929582052803	0.37879980797687
"log(Species):Lakeweb:Latitude"	0.00441128836048803	0.00167748493043087	2.62970371921909	0.00916346008856371
"log(Species):Stream:Latitude"	0.00495772756883041	0.00189373584079424	2.61796152453403	0.00947451730598444
