"Estimate"	"Std. Error"	"t value"	"Pr(>|t|)"
"(Intercept)"	-1.00346139544475	0.134689465899325	-7.45018468032824	3.23660939695939e-12
"log(Species)"	0.635152780011714	0.0533078066095687	11.914817367438	8.92193261760266e-25
"log(Species):Lakeweb"	-0.0934819355640156	0.0640282917402888	-1.46000983351542	0.145947582888337
"log(Species):Terr"	-0.0600475641693928	0.0254823430500892	-2.35643810505811	0.0194748130817102
"log(Species):Latitude"	-0.000827313994283816	0.000903975425328693	-0.915195226665589	0.361255316585796
"log(Species):Lakeweb:Latitude"	0.00397937733770305	0.00153062082975178	2.59984527869543	0.0100633772359261
