"Estimate"	"Std. Error"	"t value"	"Pr(>|t|)"
"(Intercept)"	-0.507650304148645	0.142694587765838	-3.55760027129901	0.00045955920270372
"log(Species)"	0.688017068492292	0.0528461015651178	13.0192587175897	5.12533935668658e-29
"log(Species):Latitude"	-0.00106229789439156	0.000891847341091909	-1.19112077308093	0.23490739318507
"log(Species):Lakeweb"	-0.0576788084457311	0.0669537918820072	-0.861471872233593	0.389929123635928
"log(Species):Marine"	0.131666390305363	0.0285251868225417	4.61579414446866	6.70005713221315e-06
"log(Species):Terr"	-0.0515984269567809	0.0264878378073329	-1.94800448915828	0.0527040477200814
"log(Species):Latitude:Lakeweb"	0.00327633636145608	0.00157806075072725	2.07617885429708	0.0390553655208366
