"Estimate"	"Std. Error"	"t value"	"Pr(>|t|)"
"(Intercept)"	-1.48285777903015	0.121269278943736	-12.22781063717	1.58813441663066e-26
"log(Species)"	0.771123440615849	0.0485530409925471	15.8820832815439	2.98293657100181e-38
"log(Species):Latitude"	-0.000839287932878362	0.000829106470927988	-1.01228004159584	0.312526377880306
"log(Species):Lakeweb"	-0.043503236516754	0.0616176473552412	-0.706019109524693	0.480930069329859
"log(Species):Marine"	0.125136265616463	0.0253264778333465	4.94092650544958	1.54796883950915e-06
"log(Species):Latitude:Lakeweb"	0.00403478792635876	0.00149734125997117	2.69463483991381	0.00759556571769699
