"Estimate"	"Std. Error"	"t value"	"Pr(>|t|)"
"(Intercept)"	-1.18492352080162	0.129449007471341	-9.15359293939698	2.48149252650837e-16
"log(Species)"	0.667398446718791	0.0363667380562591	18.3518919317518	3.29593697916897e-41
"log(Species):Lakeweb"	0.0578970426848759	0.0249940824418739	2.31643001176462	0.0218033188090909
