"Estimate"	"Std. Error"	"t value"	"Pr(>|t|)"
"(Intercept)"	-0.486617121511459	0.145703873784452	-3.33976790645482	0.000986936170315316
"log(Species)"	0.686697204038734	0.0532769074730309	12.8892091641457	1.33265163531774e-28
"log(Species):Latitude"	-0.00114812496197343	0.000897729654628965	-1.27892061496838	0.202290990960031
"log(Species):Lakeweb"	-0.067373685956438	0.0679365634395609	-0.991714660638912	0.322441265350261
"log(Species):Marine"	0.123100356418431	0.028498307216259	4.31956731620184	2.37919148432641e-05
"log(Species):Terr"	-0.0527744064040769	0.0266754477247161	-1.97838877715177	0.0491498465757654
"log(Species):Latitude:Lakeweb"	0.00352226382070753	0.00161216805391266	2.18479941477513	0.0299744108475447
