"Estimate"	"Std. Error"	"t value"	"Pr(>|t|)"
"(Intercept)"	-1.09558873409725	0.115378713309949	-9.49558807398124	4.29182503564124e-18
"log(Species)"	0.717017391372677	0.0514610866057232	13.9331957147779	6.59874734976726e-32
"log(Species):Lakeweb"	-0.0504749222085879	0.0625515982924197	-0.80693257385087	0.420592951154894
"log(Species):Stream"	-0.131463101103197	0.0759517361080291	-1.73087684152752	0.0849017824970136
"log(Species):Marine"	0.139528646402638	0.0274181060472711	5.08892358071996	7.81643516800074e-07
"log(Species):Latitude"	-0.00103785604275769	0.000960160683755055	-1.08091912147328	0.280938454873903
"log(Species):Lakeweb:Latitude"	0.00483109586129314	0.00152291153685478	3.17227609377143	0.00173255020531876
"log(Species):Stream:Latitude"	0.00499009594965306	0.00172364457892979	2.89508406237173	0.00417973952345823
