"Estimate"	"Std. Error"	"t value"	"Pr(>|t|)"
"(Intercept)"	-0.882598599056002	0.137668407296704	-6.41104677817489	9.38098328243241e-10
"log(Species)"	0.698280359272317	0.0598706044762183	11.663158663275	1.46596711325065e-24
"log(Species):Lakeweb"	-0.113468591818173	0.0719635861824759	-1.57675010150904	0.116358242260573
"log(Species):Stream"	-0.169283646614037	0.0857202179641482	-1.9748391993688	0.0495966689684807
"log(Species):Marine"	0.0822872308147503	0.0346562325311867	2.37438477309099	0.0184790583907792
"log(Species):Terr"	-0.0948648011718419	0.0331845004886931	-2.85870812502256	0.00468237812188694
"log(Species):Latitude"	-0.0011341780568132	0.00105254892430436	-1.07755376555327	0.282469187465813
"log(Species):Lakeweb:Latitude"	0.00478755386394683	0.00165834916693645	2.88693958992431	0.00429684433822618
"log(Species):Stream:Latitude"	0.00495390274277917	0.00188502045073315	2.62803660345034	0.00922201861145085
