"Estimate"	"Std. Error"	"t value"	"Pr(>|t|)"
"(Intercept)"	-0.480394698900457	0.129827489401393	-3.70025409191424	0.000297512681835387
"log(Species)"	0.715485792512623	0.0535593236497828	13.35875331793	1.13156906269864e-27
"log(Species):Lakeweb"	-0.0188962956811863	0.0835892574926569	-0.226061293615945	0.821447779768143
"log(Species):Terr"	-0.0254953195432323	0.0279375468179362	-0.912582615409312	0.362861299144372
"log(Species):Latitude"	-0.00110578400515995	0.000940458728061465	-1.17579216627535	0.241457830564258
"log(Species):Lakeweb:Latitude"	0.00164186644577438	0.00186359821804932	0.88101954051714	0.379653963691039
