"Estimate"	"Std. Error"	"t value"	"Pr(>|t|)"
"(Intercept)"	-0.654374871143154	0.136556021255119	-4.79198840980163	3.34381378583704e-06
"log(Species)"	0.551295294242569	0.056033115404443	9.83874072079268	1.09205418176322e-18
"log(Species):Lakeweb"	-0.0542651151152325	0.0651807012036721	-0.832533466396267	0.406164224954303
"log(Species):Stream"	-0.184343844586075	0.089468799918809	-2.06042603402933	0.0407350774949912
"log(Species):Latitude"	-0.000459114455881811	0.00104039223466954	-0.441289775704296	0.659510323115807
"log(Species):Lakeweb:Latitude"	0.00441709618039202	0.001592252879625	2.77411725041584	0.00609357546969285
"log(Species):Stream:Latitude"	0.00651465028395062	0.00201204969189733	3.23781778858922	0.00142386513135999
