"Estimate"	"Std. Error"	"t value"	"Pr(>|t|)"
"(Intercept)"	-0.312728858320034	0.135198111846793	-2.31311557571469	0.0217926891746795
"log(Species)"	0.635003764838195	0.0535064782815593	11.8677921857743	1.23122415408567e-24
"log(Species):Lakeweb"	-0.0875964349667447	0.0641519852148992	-1.36545166409598	0.173734060765285
"log(Species):Terr"	-0.0609051577338361	0.0255744985234553	-2.38148003871817	0.0182364483144576
"log(Species):Latitude"	-0.000792149409069061	0.000907299193830537	-0.873085101866648	0.383724599188675
"log(Species):Lakeweb:Latitude"	0.00358070131620119	0.00152601528262081	2.34643870017581	0.0199896262967945
