"Estimate"	"Std. Error"	"t value"	"Pr(>|t|)"
"(Intercept)"	-0.888965586839897	0.138715182353726	-6.40856733744558	9.50942619378107e-10
"log(Species)"	0.699828176457141	0.060345882401806	11.5969499260516	2.34960827480621e-24
"log(Species):Lakeweb"	-0.107435179494004	0.0724420941954692	-1.48304905714229	0.139560569448824
"log(Species):Stream"	-0.169217763908258	0.0863846623303665	-1.95888667436249	0.0514497759401576
"log(Species):Marine"	0.0826065502248017	0.034923360330408	2.36536660399417	0.0189229466019831
"log(Species):Terr"	-0.0947534861299058	0.0336645208643314	-2.8146393798909	0.00534756645624407
"log(Species):Latitude"	-0.00113149810437291	0.00106083244135563	-1.06661340685149	0.287371140853722
"log(Species):Lakeweb:Latitude"	0.00449070115002718	0.00166297672210444	2.70039928420908	0.00749052500372894
"log(Species):Stream:Latitude"	0.0049515736509887	0.00189964639863074	2.60657649474017	0.00980058804593302
