"Estimate"	"Std. Error"	"t value"	"Pr(>|t|)"
"(Intercept)"	-1.01216573405134	0.135830623047008	-7.45167555994391	3.20846263951891e-12
"log(Species)"	0.637278203918186	0.0537873572152405	11.8481040324773	1.40889501245921e-24
"log(Species):Lakeweb"	-0.0875231891451752	0.064516227142662	-1.35660736874211	0.176524205449779
"log(Species):Terr"	-0.0595570696104611	0.0260089321424318	-2.28986985256875	0.0231335058262833
"log(Species):Latitude"	-0.000822466282031979	0.000912122205524179	-0.901706237443615	0.368360586763907
"log(Species):Lakeweb:Latitude"	0.00366282872792209	0.00153454677721884	2.38691239804398	0.0179771676525899
