"Estimate"	"Std. Error"	"t value"	"Pr(>|t|)"
"(Intercept)"	-0.508638061377894	0.143038848996591	-3.55594347232211	0.000462303612517245
"log(Species)"	0.685569784236409	0.0530859307181154	12.9143404846147	1.10805060815969e-28
"log(Species):Latitude"	-0.000999926710083712	0.000897394590397224	-1.11425533514873	0.266402264941218
"log(Species):Lakeweb"	-0.0549029284501585	0.0671996572203966	-0.817012031327658	0.414817618531729
"log(Species):Marine"	0.130470522281132	0.0286041605470397	4.56124283271914	8.50115845317549e-06
"log(Species):Terr"	-0.0512380080251266	0.0265555778007347	-1.92946312106638	0.0549774093229457
"log(Species):Latitude:Lakeweb"	0.00321367798564815	0.0015838061816424	2.02908539119072	0.0436708067169848
