"Estimate"	"Std. Error"	"t value"	"Pr(>|t|)"
"(Intercept)"	-0.630420686359764	0.13753113817024	-4.58383966530847	8.30760295711875e-06
"log(Species)"	0.553274964627871	0.0563549551437233	9.81768086261166	1.25378090595471e-18
"log(Species):Lakeweb"	-0.0646594556542728	0.0652208451358316	-0.991392483792726	0.322768233160027
"log(Species):Stream"	-0.191822467027193	0.0897811679370103	-2.13655571023284	0.033927070190186
"log(Species):Latitude"	-0.000642939136739465	0.00103847891534044	-0.6191162162678	0.536589307412955
"log(Species):Lakeweb:Latitude"	0.00462235044375813	0.00159494624730534	2.89812302550483	0.00420023011851578
"log(Species):Stream:Latitude"	0.00668518424576691	0.00201892229325086	3.31126377083213	0.00111359425169779
