"Estimate"	"Std. Error"	"t value"	"Pr(>|t|)"
"(Intercept)"	-0.827831397093849	0.125631417980472	-6.58936602325485	6.42909274400657e-10
"log(Species)"	0.687160514013126	0.0553989957439871	12.4038442355286	5.096561252484e-25
"log(Species):Lakeweb"	-0.0329835960625882	0.0819312284053078	-0.402576608511479	0.687810836362178
"log(Species):Stream"	-0.281783158893311	0.0833645424038293	-3.38013201737874	0.000915457096077985
"log(Species):Latitude"	-0.00177371502522456	0.00106185816682297	-1.67038789232222	0.0968478109433324
"log(Species):Lakeweb:Latitude"	0.00345526241096561	0.00186756412187567	1.85014392303454	0.0661844458669531
"log(Species):Stream:Latitude"	0.0084650266016347	0.00187550719476922	4.51345994579153	1.24951436786183e-05
