"Estimate"	"Std. Error"	"t value"	"Pr(>|t|)"
"(Intercept)"	-0.510180566074081	0.143026534586025	-3.56703437967468	0.000444221529638395
"log(Species)"	0.691178155535875	0.0529425439738699	13.0552501571706	3.93358646603095e-29
"log(Species):Latitude"	-0.00112054600792254	0.000893336282702872	-1.25433840494223	0.211068455896067
"log(Species):Lakeweb"	-0.0599981569888245	0.0670982314727208	-0.894183880438295	0.372214187629495
"log(Species):Marine"	0.130755307741908	0.0286256893119057	4.56776101763688	8.26364080525684e-06
"log(Species):Terr"	-0.0518686183420241	0.0265497933189408	-1.95363548480134	0.0520294929355032
"log(Species):Latitude:Lakeweb"	0.00333384879855115	0.00158144076952902	2.10810854430167	0.0361690084685465
