"Estimate"	"Std. Error"	"t value"	"Pr(>|t|)"
"(Intercept)"	-0.654374871143154	0.136556021255119	-4.79198840980163	3.34381378583707e-06
"log(Species)"	0.55129529424257	0.056033115404443	9.8387407207927	1.09205418176308e-18
"log(Species):Lakeweb"	-0.0542651151152329	0.0651807012036722	-0.832533466396272	0.4061642249543
"log(Species):Stream"	-0.184343844586075	0.0894687999188091	-2.06042603402933	0.040735077494991
"log(Species):Latitude"	-0.00045911445588181	0.00104039223466954	-0.441289775704295	0.659510323115807
"log(Species):Lakeweb:Latitude"	0.00441709618039203	0.001592252879625	2.77411725041584	0.00609357546969283
"log(Species):Stream:Latitude"	0.00651465028395062	0.00201204969189733	3.23781778858922	0.00142386513136001
