"Estimate"	"Std. Error"	"t value"	"Pr(>|t|)"
"(Intercept)"	-1.23828880391767	0.143056891043505	-8.65591859913336	1.2371691132161e-15
"log(Species)"	0.734124347841159	0.0536266150155818	13.6895522424425	5.52350226424444e-31
"log(Species):Lakeweb"	-0.0890136513122227	0.0677500051062351	-1.31385453289111	0.190315114877969
"log(Species):Marine"	0.0957431844959657	0.0286372762961303	3.34330623855116	0.000978697896168306
"log(Species):Terr"	-0.0790390742902039	0.0267661011960835	-2.95295432499408	0.00350240339701075
"log(Species):Latitude"	-0.00142109278961936	0.000906171818331625	-1.56823767951178	0.118317039177525
"log(Species):Lakeweb:Latitude"	0.00368314434633175	0.00159681753607006	2.30655304262024	0.0220456952036024
