"Estimate"	"Std. Error"	"t value"	"Pr(>|t|)"
"(Intercept)"	-0.49811532313206	0.143978041709727	-3.45966174575639	0.000651019203339073
"log(Species)"	0.688235668905393	0.0532281439063799	12.929920496869	9.8822844583237e-29
"log(Species):Latitude"	-0.00112325462594719	0.000897094897604746	-1.25210234607987	0.211880430099169
"log(Species):Lakeweb"	-0.0649234024418368	0.0678066660255972	-0.957478169142367	0.339391473812203
"log(Species):Marine"	0.124099404935901	0.0284454546128364	4.36271476849236	1.98599185409661e-05
"log(Species):Terr"	-0.0518542873688484	0.0269535291318768	-1.92384036669701	0.0556828752103447
"log(Species):Latitude:Lakeweb"	0.00348938958668612	0.00161189151972439	2.16477941845786	0.0314957896151582
