"Estimate"	"Std. Error"	"t value"	"Pr(>|t|)"
"(Intercept)"	-1.01216573405134	0.135830623047008	-7.45167555994389	3.20846263951927e-12
"log(Species)"	0.637278203918186	0.0537873572152404	11.8481040324773	1.40889501245921e-24
"log(Species):Lakeweb"	-0.0875231891451759	0.0645162271426621	-1.35660736874212	0.176524205449776
"log(Species):Terr"	-0.0595570696104612	0.0260089321424318	-2.28986985256876	0.0231335058262832
"log(Species):Latitude"	-0.000822466282031978	0.000912122205524178	-0.901706237443615	0.368360586763907
"log(Species):Lakeweb:Latitude"	0.0036628287279221	0.00153454677721884	2.38691239804399	0.0179771676525896
