"Estimate"	"Std. Error"	"t value"	"Pr(>|t|)"
"(Intercept)"	-0.487792761571103	0.12866785576636	-3.79110041638416	0.000212124922066653
"log(Species)"	0.666359195672568	0.0361381931942824	18.4391951221844	1.96525851522643e-41
"log(Species):Lakeweb"	0.0551533491818729	0.0248322788748592	2.2210345437813	0.0277528255593231
