"Estimate"	"Std. Error"	"t value"	"Pr(>|t|)"
"(Intercept)"	-0.856126168780821	0.140237370453542	-6.10483615039289	4.74642374326746e-09
"log(Species)"	0.65863585518577	0.0610486820704829	10.7886989996828	5.7358592740765e-22
"log(Species):Lakeweb"	-0.0877185079426019	0.0738379344933327	-1.18798702245013	0.23614921341043
"log(Species):Stream"	-0.158214842836829	0.0858762995005302	-1.84235748113311	0.0667999438570475
"log(Species):Marine"	0.125198140037144	0.0368979471402515	3.39309229213371	0.000822632983457818
"log(Species):Terr"	-0.0590280710443447	0.0352507031177149	-1.67452180591203	0.0954820585580311
"log(Species):Latitude"	-0.00107232502214788	0.00106158775119658	-1.01011435082893	0.313575945925948
"log(Species):Lakeweb:Latitude"	0.00478168982517999	0.00168257119311293	2.8418945033365	0.00491620756143041
"log(Species):Stream:Latitude"	0.00507570293773864	0.00187653347806708	2.70482940862151	0.00738147281647234
