"Estimate"	"Std. Error"	"t value"	"Pr(>|t|)"
"(Intercept)"	-1.17359525431798	0.130271278454759	-9.00885650497055	6.69763318056934e-16
"log(Species)"	0.720042557772559	0.053534068913561	13.4501742980751	6.3702206316887e-28
"log(Species):Lakeweb"	-0.0222284629703501	0.0838639336878982	-0.265053903303342	0.791315616600839
"log(Species):Terr"	-0.026048586506718	0.0280550938830568	-0.92847974828733	0.354584033720384
"log(Species):Latitude"	-0.00120292256045743	0.000939054439605323	-1.28099342245058	0.202084948927859
"log(Species):Lakeweb:Latitude"	0.00176970713634084	0.00186807895336879	0.947340653428729	0.344921053411679
