"Estimate"	"Std. Error"	"t value"	"Pr(>|t|)"
"(Intercept)"	-0.483806241068134	0.130500696457947	-3.70730773244599	0.000288329881174432
"log(Species)"	0.664582453845744	0.0365872324606029	18.1643269837741	1.00400135966167e-40
"log(Species):Lakeweb"	0.0556442985473343	0.0249538418458163	2.2298890443863	0.0271465644045139
