"Estimate"	"Std. Error"	"t value"	"Pr(>|t|)"
"(Intercept)"	-1.09390091550947	0.114720929693514	-9.53532122195929	3.27871313466455e-18
"log(Species)"	0.712326856109623	0.0512057905504791	13.9110606134946	7.76885485651567e-32
"log(Species):Lakeweb"	-0.0463528355555258	0.0622198130806948	-0.744985130305831	0.457090526487109
"log(Species):Stream"	-0.127215003494596	0.0755399495429114	-1.68407583357372	0.0936114907445518
"log(Species):Marine"	0.141104176595353	0.027228839723431	5.18215899129665	5.02538603142328e-07
"log(Species):Latitude"	-0.000931215922288844	0.000955783467079972	-0.97429590944256	0.330999476519292
"log(Species):Lakeweb:Latitude"	0.00472399363508826	0.00151491399962661	3.1183246284955	0.00206649461210335
"log(Species):Stream:Latitude"	0.00488339248344179	0.00171441405801839	2.84843236125017	0.00481795309779068
