"Estimate"	"Std. Error"	"t value"	"Pr(>|t|)"
"(Intercept)"	-0.873317545717777	0.141008612326476	-6.19336316632771	2.95316556836615e-09
"log(Species)"	0.662628308924314	0.0614906473141376	10.7760828332013	6.26994719252988e-22
"log(Species):Lakeweb"	-0.079714341824728	0.0740065192515908	-1.07712594283394	0.282631094762586
"log(Species):Stream"	-0.157936556984699	0.0865326995678094	-1.82516618311365	0.0693634858806238
"log(Species):Marine"	0.119777735982669	0.036948746012355	3.2417266865462	0.00137703331792689
"log(Species):Terr"	-0.0584555631778114	0.0357311619881759	-1.63598270879507	0.103306246778837
"log(Species):Latitude"	-0.00106355202809462	0.00106982069030505	-0.994140455248969	0.321272026871984
"log(Species):Lakeweb:Latitude"	0.00452732131579322	0.00167308333347715	2.70597478631512	0.00735691302759003
"log(Species):Stream:Latitude"	0.00506898614720482	0.00189089496743053	2.68073385064474	0.00791560726590224
