"Estimate"	"Std. Error"	"t value"	"Pr(>|t|)"
"(Intercept)"	-0.316193977707327	0.135400315335711	-2.33525289009377	0.0205796750358257
"log(Species)"	0.637199480295791	0.0535644562076894	11.8959385646543	1.01536764348032e-24
"log(Species):Lakeweb"	-0.0885749169033062	0.0642956114879817	-1.37761994720064	0.169949738103923
"log(Species):Terr"	-0.0607885485930498	0.0256310456574745	-2.37167649753387	0.018712721961746
"log(Species):Latitude"	-0.000828672074978136	0.000908596682502412	-0.912035109676879	0.362912076937973
"log(Species):Lakeweb:Latitude"	0.00361412406188826	0.00152877730924051	2.36406181596438	0.0190901910392996
