"Estimate"	"Std. Error"	"t value"	"Pr(>|t|)"
"(Intercept)"	-0.483466418749763	0.129953187935166	-3.72031210954952	0.000276622710857259
"log(Species)"	0.718694924982606	0.0534625365517165	13.442963453247	6.66547411975579e-28
"log(Species):Lakeweb"	-0.0210340617437458	0.0836751998198513	-0.251377490451546	0.801850992847894
"log(Species):Terr"	-0.0220776008505833	0.02850410387006	-0.774541131032473	0.439775739511326
"log(Species):Latitude"	-0.0011796977947553	0.000937332010639596	-1.25856983583685	0.210054059164359
"log(Species):Lakeweb:Latitude"	0.00171386231998566	0.00186432836844913	0.919292088770482	0.359353046989643
