"Estimate"	"Std. Error"	"t value"	"Pr(>|t|)"
"(Intercept)"	-0.504696736515043	0.144653018806782	-3.48901627272074	0.000586952219914719
"log(Species)"	0.688058888290183	0.0531924991525011	12.9352615359835	9.50204571391024e-29
"log(Species):Latitude"	-0.00108058126755654	0.000902375165253118	-1.19748560151634	0.232423760139037
"log(Species):Lakeweb"	-0.0624635167947278	0.068024736436519	-0.918247097554271	0.359509005144289
"log(Species):Marine"	0.123298348628437	0.0284964529557209	4.32679634970795	2.3084817607179e-05
"log(Species):Terr"	-0.0517553132344268	0.0266616135210729	-1.94119208852533	0.0535299509197491
"log(Species):Latitude:Lakeweb"	0.00344213490652712	0.00161508034637727	2.13124685359961	0.0341935514386948
