"Estimate"	"Std. Error"	"t value"	"Pr(>|t|)"
"(Intercept)"	-1.18064597328009	0.129122240545853	-9.14362985252588	2.63634799403173e-16
"log(Species)"	0.666566758519914	0.0362658136076953	18.380030453211	2.78971178568017e-41
"log(Species):Lakeweb"	0.0573490720177806	0.0249199729573762	2.30132962487046	0.022663164168577
