"Estimate"	"Std. Error"	"t value"	"Pr(>|t|)"
"(Intercept)"	-0.490697972680181	0.143096764386563	-3.42913394851195	0.000724554028646984
"log(Species)"	0.686499037489346	0.0528820159265131	12.9817108039779	6.7544372149873e-29
"log(Species):Latitude"	-0.00112659183835043	0.00089126839785289	-1.26403207054626	0.207574620855515
"log(Species):Lakeweb"	-0.0715394270633977	0.0674879083599999	-1.0600332533909	0.29030790747903
"log(Species):Marine"	0.123656772050236	0.0282644315643614	4.37499589435065	1.88599280886882e-05
"log(Species):Terr"	-0.0522763979026316	0.0264890925569365	-1.97350655898336	0.0497069037903416
"log(Species):Latitude:Lakeweb"	0.00379870137374688	0.00161212015681764	2.35633886077425	0.0193467628994655
