"Estimate"	"Std. Error"	"t value"	"Pr(>|t|)"
"(Intercept)"	-1.1701297701809	0.12996546567946	-9.00338997027751	6.9212901006316e-16
"log(Species)"	0.717262880434667	0.0534325721586053	13.4237011519041	7.52310576634102e-28
"log(Species):Lakeweb"	-0.020657490681118	0.0836154967153859	-0.247053375182747	0.80518967893109
"log(Species):Terr"	-0.0260278007859786	0.0279689061526258	-0.930597737499828	0.353490403573558
"log(Species):Latitude"	-0.0011532682199569	0.000936961537341193	-1.23085972475404	0.220216122933832
"log(Species):Lakeweb:Latitude"	0.00172221656912232	0.00186315091795824	0.924356987146073	0.356719012392062
