"Estimate"	"Std. Error"	"t value"	"Pr(>|t|)"
"(Intercept)"	-0.311230750849293	0.134378241674232	-2.31607994695895	0.0216267016349696
"log(Species)"	0.635105257393251	0.0531846293388542	11.9415189179343	7.43023235475849e-25
"log(Species):Lakeweb"	-0.0931936448425549	0.063880342861378	-1.45887828192763	0.146258521513869
"log(Species):Terr"	-0.0601230499405856	0.0254234615153206	-2.3648648278817	0.01905007073634
"log(Species):Latitude"	-0.000826425720506158	0.000901886627594048	-0.91632994128187	0.360661585998354
"log(Species):Lakeweb:Latitude"	0.00391678331530246	0.00152708405515349	2.56487735700232	0.0110973758244204
