"Estimate"	"Std. Error"	"t value"	"Pr(>|t|)"
"(Intercept)"	-0.835357791573763	0.128630137339774	-6.49426183357932	1.05894015447611e-09
"log(Species)"	0.689005325562635	0.0561257385104549	12.2761026197328	1.13743267129897e-24
"log(Species):Lakeweb"	-0.0242561779461368	0.0830190341255488	-0.292176103969777	0.770540189878662
"log(Species):Stream"	-0.281905465453537	0.0844764218116739	-3.33709050889962	0.00105844781394939
"log(Species):Latitude"	-0.00176659641911867	0.0010776397798411	-1.63931997701417	0.103161744239757
"log(Species):Lakeweb:Latitude"	0.00309989317367191	0.00188475558643484	1.64471892057664	0.102041387527555
"log(Species):Stream:Latitude"	0.00846252269834292	0.00190037880750327	4.45307149549886	1.60550727892382e-05
