"Estimate"	"Std. Error"	"t value"	"Pr(>|t|)"
"(Intercept)"	-1.18714655622807	0.129470244552408	-9.16926171208033	2.25606040523577e-16
"log(Species)"	0.667917351274772	0.0363864070262222	18.3562326116297	3.21221609908644e-41
"log(Species):Lakeweb"	0.0580951448997228	0.0250088604579385	2.32298248844368	0.0214392117602097
