"Estimate"	"Std. Error"	"t value"	"Pr(>|t|)"
"(Intercept)"	-1.17664139444115	0.130959376398974	-8.98478159254861	6.90254235585416e-16
"log(Species)"	0.66478419914699	0.03671582816992	18.1062019374964	1.41907678089805e-40
"log(Species):Lakeweb"	0.0578400144836303	0.0250415488620769	2.30976186026671	0.022179419013884
