"Estimate"	"Std. Error"	"t value"	"Pr(>|t|)"
"(Intercept)"	-0.620322616973524	0.134811714915964	-4.60139994035537	7.70228143479732e-06
"log(Species)"	0.55063408162772	0.055722714926877	9.88168078942848	8.23822388268771e-19
"log(Species):Lakeweb"	-0.0709069030620083	0.0644678386666927	-1.09988025856748	0.272790692376273
"log(Species):Stream"	-0.191499709227854	0.0888153980046299	-2.1561543778464	0.03234198003611
"log(Species):Latitude"	-0.000649315096136823	0.00102623380076503	-0.632716536575562	0.527687584416879
"log(Species):Lakeweb:Latitude"	0.00496069366612177	0.00158565734749789	3.12847770922864	0.00203701215680884
"log(Species):Stream:Latitude"	0.00668595740113288	0.00199724931407321	3.34758277498039	0.000984627632592019
