"Estimate"	"Std. Error"	"t value"	"Pr(>|t|)"
"(Intercept)"	-0.625302762322053	0.135640814404836	-4.60998973698109	7.42188783029047e-06
"log(Species)"	0.550396560257322	0.056110333028852	9.8091836306569	1.32559347661888e-18
"log(Species):Lakeweb"	-0.0635788850667845	0.0648097293090324	-0.981008341565834	0.327849377895411
"log(Species):Stream"	-0.190118939579537	0.0893937199366547	-2.12675946044372	0.0347441580406772
"log(Species):Latitude"	-0.000559267376501539	0.00103492224147742	-0.540395552523005	0.589563891211213
"log(Species):Lakeweb:Latitude"	0.00454325721442952	0.00158796422006811	2.86105767183763	0.00470039412613386
"log(Species):Stream:Latitude"	0.00659867286100928	0.00201119927225391	3.28096422470076	0.00123305642219865
