"Estimate"	"Std. Error"	"t value"	"Pr(>|t|)"
"(Intercept)"	-0.497254089194893	0.143277173272007	-3.47057439673849	0.000626473296564545
"log(Species)"	0.682841105322621	0.0531028218390104	12.8588478290807	1.66544258079303e-28
"log(Species):Latitude"	-0.00100358422736504	0.000896818905224643	-1.11904892004217	0.264356444436924
"log(Species):Lakeweb"	-0.0598276025776107	0.067586112022474	-0.885205566458928	0.377025592985921
"log(Species):Marine"	0.129793665901625	0.0285914937341007	4.53959023997482	9.33824113012803e-06
"log(Species):Terr"	-0.0514769631738883	0.0265391672141758	-1.93966007894897	0.05371717591065
"log(Species):Latitude:Lakeweb"	0.00337031869303619	0.00160655934535479	2.09784886115857	0.0370758181183913
