"Estimate"	"Std. Error"	"t value"	"Pr(>|t|)"
"(Intercept)"	-0.498343327745221	0.145455973478251	-3.42607674218162	0.000732331381611572
"log(Species)"	0.689476731558544	0.053259527333005	12.9456036522366	8.80681591514301e-29
"log(Species):Latitude"	-0.00114381222363111	0.00089832299245329	-1.27327501715991	0.204282758408804
"log(Species):Lakeweb"	-0.0622346096165607	0.0675266282972728	-0.921630639435824	0.357744778199792
"log(Species):Marine"	0.12380717078382	0.0285109733424514	4.34243928808552	2.16230156508343e-05
"log(Species):Terr"	-0.0525176843191755	0.0266924001632057	-1.96751449843648	0.050397871592482
"log(Species):Latitude:Lakeweb"	0.00336055670431451	0.00158897534408399	2.11492061020733	0.0355774916095973
