"Estimate"	"Std. Error"	"t value"	"Pr(>|t|)"
"(Intercept)"	-0.319840870572085	0.135495476577705	-2.36052803127092	0.0192676330465753
"log(Species)"	0.637208735570595	0.0536546430859858	11.8761154472581	1.16301293927641e-24
"log(Species):Lakeweb"	-0.0873030849350899	0.064357040758513	-1.35654287248349	0.176544675257585
"log(Species):Terr"	-0.05964377877797	0.0259447580881404	-2.29887588758185	0.0226056997097213
"log(Species):Latitude"	-0.000821654817544056	0.000909871648691732	-0.903044752219151	0.367651636047759
"log(Species):Lakeweb:Latitude"	0.00360384426839831	0.00153076045920876	2.35428361551821	0.0195847381948264
