"Estimate"	"Std. Error"	"t value"	"Pr(>|t|)"
"(Intercept)"	-1.22922582580227	0.141436519216887	-8.69100733394958	9.85417506746165e-16
"log(Species)"	0.731441253527035	0.0533214121374899	13.7175896925049	4.50058419979844e-31
"log(Species):Lakeweb"	-0.0893551007926473	0.0671186546602079	-1.33130053403205	0.184519951402468
"log(Species):Marine"	0.103381766915149	0.0286630390788173	3.60679712401992	0.00038660065191315
"log(Species):Terr"	-0.0791377335141532	0.0265900978714987	-2.97621068927991	0.00325734689759933
"log(Species):Latitude"	-0.00141289323018579	0.000895401627637625	-1.57794355803606	0.116069529110292
"log(Species):Lakeweb:Latitude"	0.00367782579835329	0.00158372678048596	2.32226028104719	0.021167815388031
