"Estimate"	"Std. Error"	"t value"	"Pr(>|t|)"
"(Intercept)"	-1.48213259194792	0.120782008711381	-12.2711371317694	1.15737544005392e-26
"log(Species)"	0.765528770888521	0.0485126955625849	15.7799677385672	6.34640134827913e-38
"log(Species):Latitude"	-0.00072226773756197	0.000829575987700273	-0.870646870534693	0.384904714924002
"log(Species):Lakeweb"	-0.0381528060648215	0.061447517048075	-0.620900695384838	0.535313591023632
"log(Species):Marine"	0.130627928424383	0.0254576258996166	5.13119051004476	6.35910621538346e-07
"log(Species):Latitude:Lakeweb"	0.0039175691829799	0.00149368286372235	2.62275833654346	0.0093376063779939
