"Estimate"	"Std. Error"	"t value"	"Pr(>|t|)"
"(Intercept)"	-1.17616859156526	0.130410827174666	-9.01894894041237	6.3034310398749e-16
"log(Species)"	0.718890800645953	0.0536508086130489	13.3994401804991	8.76219664005316e-28
"log(Species):Lakeweb"	-0.02017916726049	0.0839698678877843	-0.240314386196927	0.81040004461897
"log(Species):Terr"	-0.0219378326042287	0.0286044830652532	-0.766936866301119	0.444270792729306
"log(Species):Latitude"	-0.00118089738630794	0.000940632890866731	-1.25542855004765	0.211188531160605
"log(Species):Lakeweb:Latitude"	0.00174607522611611	0.00187089373117914	0.933284021971486	0.352106432786658
