"Estimate"	"Std. Error"	"t value"	"Pr(>|t|)"
"(Intercept)"	-1.17228974425571	0.130152519032268	-9.00704614072873	6.77089443836337e-16
"log(Species)"	0.721834130958851	0.0535044151451367	13.4911133782286	4.92559270513125e-28
"log(Species):Lakeweb"	-0.0244753770385861	0.083837046244558	-0.291939877833839	0.770717996770281
"log(Species):Terr"	-0.0265116575127541	0.0280373640152058	-0.945583097554238	0.345814269800208
"log(Species):Latitude"	-0.00124814307685843	0.000939423754969401	-1.32862626717278	0.185899194069097
"log(Species):Lakeweb:Latitude"	0.00181574278496591	0.00186689657684588	0.972599557728906	0.332248446464541
