"Estimate"	"Std. Error"	"t value"	"Pr(>|t|)"
"(Intercept)"	-0.314971418260541	0.135967653381526	-2.31651727765523	0.0216023077915838
"log(Species)"	0.632553040898258	0.0548228949057153	11.5381181892369	1.17157712065123e-23
"log(Species):Lakeweb"	-0.084357940440166	0.0647191822660636	-1.30344570939365	0.194008186344278
"log(Species):Terr"	-0.0584227628578455	0.0259359994111141	-2.25257418971139	0.0254357336360871
"log(Species):Latitude"	-0.000744824132841079	0.000928308844163159	-0.802345186652309	0.423361034013568
"log(Species):Lakeweb:Latitude"	0.00353136983004747	0.00154008304447688	2.29297364366931	0.0229503999622362
