"Estimate"	"Std. Error"	"t value"	"Pr(>|t|)"
"(Intercept)"	-0.505082210500144	0.129334252567077	-3.90524706699945	0.000138523480219347
"log(Species)"	0.669431193277963	0.0363042296431674	18.4394821170362	1.96192375192663e-41
"log(Species):Lakeweb"	0.0576578042944562	0.0249206469870917	2.31365599473889	0.0219590943337731
