"Estimate"	"Std. Error"	"t value"	"Pr(>|t|)"
"(Intercept)"	-1.24061131411733	0.142791713958506	-8.68825844108741	1.00315392669839e-15
"log(Species)"	0.734708442547219	0.0535884515521503	13.7102010091153	4.75017423910901e-31
"log(Species):Latitude"	-0.00143537528436928	0.000900953907504377	-1.59317282761473	0.112611267357389
"log(Species):Lakeweb"	-0.0888226659372418	0.0675894418403733	-1.31415001394767	0.1902158517672
"log(Species):Marine"	0.0978128683638742	0.028589580414443	3.42127680595343	0.000747725647960743
"log(Species):Terr"	-0.0784501142203085	0.0267711153998867	-2.93040140645916	0.0037560739545149
"log(Species):Latitude:Lakeweb"	0.00369668854309567	0.00159296212527682	2.32063806441931	0.0212570387638859
