"Estimate"	"Std. Error"	"t value"	"Pr(>|t|)"
"(Intercept)"	-1.02061258740071	0.136593641014336	-7.47188946587632	2.84988656651754e-12
"log(Species)"	0.639919924939168	0.0539400338667125	11.8635432547267	1.26757059063676e-24
"log(Species):Lakeweb"	-0.0871976839626922	0.0644752958245623	-1.35242006798942	0.177856873230257
"log(Species):Terr"	-0.0597269583609858	0.0256967497689416	-2.32430011180537	0.0211722096491272
"log(Species):Latitude"	-0.000839079547415043	0.000911829549998277	-0.920215348818897	0.358633254980843
"log(Species):Lakeweb:Latitude"	0.00367188537877522	0.00153352930694482	2.39440182991387	0.0176250437939156
