"Estimate"	"Std. Error"	"t value"	"Pr(>|t|)"
"(Intercept)"	-0.856102836809438	0.141415448826065	-6.05381409114932	6.2266235411666e-09
"log(Species)"	0.658612237522243	0.0614525471641829	10.7174115299505	9.4821759666014e-22
"log(Species):Lakeweb"	-0.0877029841850755	0.0742798771343158	-1.1807098714836	0.239022544555927
"log(Species):Stream"	-0.158368916556074	0.0864444486457971	-1.83203107934652	0.0683302079665762
"log(Species):Marine"	0.11876161241699	0.0368939138750197	3.21900280949596	0.00148542454004598
"log(Species):Terr"	-0.0590269924278959	0.035458344188482	-1.66468552829576	0.0974321169313667
"log(Species):Latitude"	-0.00107189691785215	0.00106783053475938	-1.00380807905412	0.316599534353486
"log(Species):Lakeweb:Latitude"	0.00478127796226924	0.00169248952341337	2.82499708041116	0.00517309453545389
"log(Species):Stream:Latitude"	0.00507793230731584	0.00188822431594375	2.68926327472795	0.00772267151790046
