"Estimate"	"Std. Error"	"t value"	"Pr(>|t|)"
"(Intercept)"	-1.10266091197682	0.116866526312125	-9.43521594054961	6.45590874889358e-18
"log(Species)"	0.71900752836602	0.0519117581050232	13.8505717127012	1.21357821639113e-31
"log(Species):Lakeweb"	-0.0500831861058782	0.0629612951884928	-0.795459908439617	0.427219281467948
"log(Species):Stream"	-0.129816641722762	0.076505744067545	-1.69682215766897	0.0911707658384888
"log(Species):Marine"	0.133380957495137	0.0273541933011488	4.8760698598096	2.09648586485867e-06
"log(Species):Latitude"	-0.0010385978597528	0.000966351630454843	-1.07476184343369	0.283680463598616
"log(Species):Lakeweb:Latitude"	0.00483377396100727	0.00153272239954965	3.15371783072235	0.00184132906265693
"log(Species):Stream:Latitude"	0.00493998542684977	0.00173734514215203	2.8434105043346	0.00489170090491022
