"Estimate"	"Std. Error"	"t value"	"Pr(>|t|)"
"(Intercept)"	-1.47946386774637	0.121399683234879	-12.186719341631	2.14354777877256e-26
"log(Species)"	0.770079618308022	0.0485427427498227	15.8639494739064	3.41081327636876e-38
"log(Species):Lakeweb"	-0.0436024660544675	0.0615883981800068	-0.707965580254724	0.479722871880096
"log(Species):Marine"	0.124934905625912	0.0253197929914313	4.93427832005548	1.59613756628877e-06
"log(Species):Latitude"	-0.00083521307907801	0.000828687344208103	-1.00787478524382	0.314631950751466
"log(Species):Lakeweb:Latitude"	0.00402978385784116	0.00149668630353063	2.6924705920907	0.00764341072663328
