"Estimate"	"Std. Error"	"t value"	"Pr(>|t|)"
"(Intercept)"	-0.896441796504874	0.139529116239263	-6.42476510040861	8.70053149650303e-10
"log(Species)"	0.705974978550676	0.0617108732022459	11.4400419556044	7.17049782456129e-24
"log(Species):Lakeweb"	-0.111086982343248	0.0728227905136676	-1.52544253742101	0.128653372935626
"log(Species):Stream"	-0.173469736118654	0.086814031266072	-1.99817625778712	0.046987527952997
"log(Species):Marine"	0.0831574822197696	0.0349246375010736	2.38105498495763	0.0181566703249798
"log(Species):Terr"	-0.0962140662513309	0.0335642574320776	-2.86656323161729	0.00457205690754088
"log(Species):Latitude"	-0.00123353002328855	0.00108235247691719	-1.13967496688505	0.255719988291498
"log(Species):Lakeweb:Latitude"	0.00459035647204373	0.0016756361583738	2.73947088638781	0.00668307144293165
"log(Species):Stream:Latitude"	0.0050540175555827	0.00191117303631361	2.64445838213122	0.00880022015443978
