"Estimate"	"Std. Error"	"t value"	"Pr(>|t|)"
"(Intercept)"	-1.48078857086052	0.121278785472408	-12.2097905671838	1.81140017913837e-26
"log(Species)"	0.771275480810146	0.0485292517067306	15.8930017192739	2.75166626246513e-38
"log(Species):Latitude"	-0.000853603839391399	0.000829096820820191	-1.02955869321386	0.304358141207466
"log(Species):Lakeweb"	-0.0443521753684824	0.0616112716464067	-0.719871123956409	0.47237542233005
"log(Species):Marine"	0.124938212833037	0.0253152814138248	4.93528832607832	1.5887273336996e-06
"log(Species):Latitude:Lakeweb"	0.00404853730696009	0.0014967858879318	2.70482060233357	0.00737399953074054
