"Estimate"	"Std. Error"	"t value"	"Pr(>|t|)"
"(Intercept)"	-0.483632329693134	0.129519191194722	-3.73405921726327	0.00026155924083417
"log(Species)"	0.664818056038608	0.036339029138623	18.2948766600923	4.6221184900768e-41
"log(Species):Lakeweb"	0.0553526038460406	0.0249041749688153	2.22262347238374	0.0276431728975555
