"Estimate"	"Std. Error"	"t value"	"Pr(>|t|)"
"(Intercept)"	-1.22998896091813	0.146696349960518	-8.38459144518027	6.44489849403274e-15
"log(Species)"	0.698643699367517	0.0540637507320541	12.9225902736581	1.04289982131018e-28
"log(Species):Lakeweb"	-0.0549480613755694	0.0686330031232924	-0.800606980243319	0.424234864010194
"log(Species):Marine"	0.128954163156373	0.0289713572276698	4.45109154338174	1.36601959491167e-05
"log(Species):Terr"	-0.0508324887980203	0.0271458909049542	-1.87256660597362	0.0624731252338159
"log(Species):Latitude"	-0.00111569547831979	0.000913456493633802	-1.22139969018279	0.223260016818908
"log(Species):Lakeweb:Latitude"	0.00337198096856782	0.00161567478631139	2.08704189552038	0.0380520102430438
