"Estimate"	"Std. Error"	"t value"	"Pr(>|t|)"
"(Intercept)"	-0.887721239174515	0.140947722083094	-6.29823047903657	1.67370893930577e-09
"log(Species)"	0.666071009573422	0.0613134588066131	10.8633735975368	3.3843950547013e-22
"log(Species):Lakeweb"	-0.0783653870290391	0.0737509422761899	-1.06256794300429	0.289169967785594
"log(Species):Stream"	-0.15183293701849	0.0863655067065267	-1.75802751362792	0.0801657876882504
"log(Species):Marine"	0.120630570317182	0.0368236923122295	3.27589556458247	0.0012278027831693
"log(Species):Terr"	-0.0583632943481481	0.0353931795807175	-1.64899833921519	0.100608332518193
"log(Species):Latitude"	-0.00105856249099267	0.00106587423996925	-0.993140139143626	0.321758069274922
"log(Species):Lakeweb:Latitude"	0.00451814388898718	0.0016670825602244	2.71021003805535	0.00726673838973186
"log(Species):Stream:Latitude"	0.00489905216793379	0.00188915652876966	2.5932484118319	0.0101603520200318
