"Estimate"	"Std. Error"	"t value"	"Pr(>|t|)"
"(Intercept)"	-0.328310036375631	0.136255182648985	-2.40952329293346	0.0169326142227658
"log(Species)"	0.639855781443159	0.0538063786280504	11.8918202220282	1.04441677943573e-24
"log(Species):Lakeweb"	-0.0869750666441847	0.0643155358015608	-1.35231815392999	0.177889402676121
"log(Species):Terr"	-0.0598018260791032	0.0256330771129011	-2.33299442808624	0.0207006488165979
"log(Species):Latitude"	-0.000838283576810155	0.00090957017440305	-0.92162606074932	0.357898602080726
"log(Species):Lakeweb:Latitude"	0.00361289645225572	0.00152972945346268	2.36178785998897	0.0192042072782309
