"Estimate"	"Std. Error"	"t value"	"Pr(>|t|)"
"(Intercept)"	-0.624557243476706	0.136383526293125	-4.57941850054797	8.46708114531539e-06
"log(Species)"	0.546842174439942	0.0572758195397558	9.54752247692191	7.31246567369958e-18
"log(Species):Lakeweb"	-0.0602863864826247	0.0654261126083173	-0.921442281670283	0.358000494635003
"log(Species):Stream"	-0.186735695983205	0.0900796954619842	-2.07300540954884	0.0395355013414851
"log(Species):Latitude"	-0.000504793047807257	0.00106173404896774	-0.475442082975521	0.635023842690248
"log(Species):Lakeweb:Latitude"	0.00448944983214783	0.00160740779268391	2.79297503258444	0.00576291247946269
"log(Species):Stream:Latitude"	0.00654378488928756	0.00203047876562587	3.22277927751218	0.00149658076655981
