"Estimate"	"Std. Error"	"t value"	"Pr(>|t|)"
"(Intercept)"	-1.20489815381469	0.128794333090778	-9.35521093902043	7.26039611309516e-17
"log(Species)"	0.670843360650549	0.0361601859464574	18.5519886884395	1.00895131149875e-41
"log(Species):Lakeweb"	0.0608946473674204	0.0248335484934425	2.45211220553117	0.01527677483808
