"Estimate"	"Std. Error"	"t value"	"Pr(>|t|)"
"(Intercept)"	-1.24316340561382	0.143321786969781	-8.67393179988707	1.10084706625508e-15
"log(Species)"	0.737706770399334	0.0538284903080991	13.7047642647399	4.94262028971616e-31
"log(Species):Latitude"	-0.00148637390058155	0.000900342259070436	-1.65089873945955	0.100239836787217
"log(Species):Lakeweb"	-0.0909692966539823	0.0674928349679177	-1.34783635473638	0.179149525307389
"log(Species):Marine"	0.0977934794551842	0.0285983742882375	3.41954680603668	0.00075224398191298
"log(Species):Terr"	-0.0788256763541371	0.0267549075120633	-2.94621374858411	0.00357652451485576
"log(Species):Latitude:Lakeweb"	0.00374687588019611	0.00159255694273643	2.35274217181711	0.0195513176826243
