"Estimate"	"Std. Error"	"t value"	"Pr(>|t|)"
"(Intercept)"	-0.505326242965364	0.144158047660364	-3.50536269855645	0.000553887463232941
"log(Species)"	0.688933152545421	0.0531618768231214	12.9591578348074	7.97200271180525e-29
"log(Species):Latitude"	-0.00111164911635102	0.000896235064951471	-1.24035441127402	0.216183783559625
"log(Species):Lakeweb"	-0.0631194040448	0.0677869272845879	-0.931144198051752	0.352813737721455
"log(Species):Marine"	0.125163654656828	0.0284566353395441	4.39839964083516	1.70863843991335e-05
"log(Species):Terr"	-0.0512841074690098	0.0266589651100731	-1.92370961353005	0.0556993702507847
"log(Species):Latitude:Lakeweb"	0.00347276455588992	0.00161034707934717	2.15653171942148	0.0321416940168211
