"Estimate"	"Std. Error"	"t value"	"Pr(>|t|)"
"(Intercept)"	-0.516772719746785	0.144633556503887	-3.57297941251205	0.00043480478564272
"log(Species)"	0.695564542037431	0.0542505948837627	12.8213256191521	2.19349926554116e-28
"log(Species):Latitude"	-0.00118330793069696	0.000909657005228941	-1.30082869025908	0.194696744232903
"log(Species):Lakeweb"	-0.0621915414570042	0.0675860376922082	-0.920183274247102	0.358498782446455
"log(Species):Marine"	0.125173745531495	0.0284606341754567	4.39813620314334	1.71054265894136e-05
"log(Species):Terr"	-0.0531721428375945	0.0268432121486814	-1.98084128468233	0.0488720137683635
"log(Species):Latitude:Lakeweb"	0.00339469404539957	0.00159491208044155	2.1284521491992	0.0344271133257142
