"Estimate"	"Std. Error"	"t value"	"Pr(>|t|)"
"(Intercept)"	-1.18243761060692	0.130593957026766	-9.05430570852962	5.09585112962349e-16
"log(Species)"	0.720043414758357	0.0536237692384582	13.4276912082851	7.33682150042998e-28
"log(Species):Lakeweb"	-0.0191452485058898	0.0840255549618766	-0.227850307142586	0.82005908223446
"log(Species):Terr"	-0.0245623453047156	0.0281035679122375	-0.873993842398214	0.383456530155498
"log(Species):Latitude"	-0.00117971657462298	0.000940925654005036	-1.25378298444891	0.211784607727377
"log(Species):Lakeweb:Latitude"	0.00174098017463947	0.00187140743311967	0.930305257865322	0.353641298070395
