"Estimate"	"Std. Error"	"t value"	"Pr(>|t|)"
"(Intercept)"	-0.495638982411416	0.144539457763501	-3.42909119821379	0.000724662248242358
"log(Species)"	0.686137656386469	0.0542906133907666	12.6382373219449	8.39663819770753e-28
"log(Species):Latitude"	-0.00108926815364718	0.000913265350524931	-1.19271814376959	0.234282308438357
"log(Species):Lakeweb"	-0.0636844373084815	0.0680836406033736	-0.935385310540016	0.350629516512702
"log(Species):Marine"	0.123971651558385	0.0284508223633147	4.35740134240328	2.03081453246489e-05
"log(Species):Terr"	-0.0513814349251525	0.0269025639045746	-1.90990847963065	0.0574636346068403
"log(Species):Latitude:Lakeweb"	0.00345712689512882	0.00161991749464026	2.13413763760638	0.0339533959007057
