"Estimate"	"Std. Error"	"t value"	"Pr(>|t|)"
"(Intercept)"	-1.21290080776851	0.146359679282409	-8.28712397919481	1.202804937868e-14
"log(Species)"	0.698533987690846	0.0540852918406686	12.9154149662107	1.09934015257574e-28
"log(Species):Lakeweb"	-0.0605230403879103	0.0686263874793621	-0.881920826826435	0.378795464228408
"log(Species):Marine"	0.126521712055583	0.0289733221961781	4.36683481441671	1.9518907433221e-05
"log(Species):Terr"	-0.0529006533019246	0.0271564585389057	-1.94799528908147	0.0527051558206402
"log(Species):Latitude"	-0.00118145003384096	0.000913422480242061	-1.29343218433586	0.197236772010984
"log(Species):Lakeweb:Latitude"	0.00344270392339936	0.00161604495514519	2.13032682812345	0.0342702897350351
