"Estimate"	"Std. Error"	"t value"	"Pr(>|t|)"
"(Intercept)"	-0.845537246147455	0.127173119717794	-6.64871041949555	4.69982282568804e-10
"log(Species)"	0.691658410721043	0.0559716836014249	12.357291512729	6.82864270923847e-25
"log(Species):Lakeweb"	-0.023358833309131	0.0825911561653745	-0.28282487367484	0.77768601637661
"log(Species):Stream"	-0.276789298131152	0.0842954804108735	-3.28356036150484	0.00126539695211724
"log(Species):Latitude"	-0.00175958639544279	0.0010718409619885	-1.64164876865535	0.102677281984086
"log(Species):Lakeweb:Latitude"	0.00308652731890269	0.0018767066846914	1.64465088981672	0.102055443795246
"log(Species):Stream:Latitude"	0.00830886348316603	0.00189903671823296	4.37530428105538	2.20959502401578e-05
