"Estimate"	"Std. Error"	"t value"	"Pr(>|t|)"
"(Intercept)"	-1.19885629242099	0.130441643622469	-9.19074813171464	1.97969343505396e-16
"log(Species)"	0.670106274301314	0.0365879051888826	18.3149669499233	4.10272996079168e-41
"log(Species):Lakeweb"	0.0596830218445299	0.0250404866699857	2.38346093792449	0.0183230820689481
