"Estimate"	"Std. Error"	"t value"	"Pr(>|t|)"
"(Intercept)"	-1.24063007215298	0.1432621696035	-8.65985818577659	1.2059916945668e-15
"log(Species)"	0.740274134555923	0.0547046771404039	13.5321909067473	1.74277487107227e-30
"log(Species):Latitude"	-0.00154950994673098	0.00091295169621876	-1.69725293588773	0.0911163573913219
"log(Species):Lakeweb"	-0.0943820979175518	0.0677159696111316	-1.39379378984831	0.164839172958917
"log(Species):Marine"	0.0971419552614479	0.0285700699891308	3.40013011163097	0.000804737729520882
"log(Species):Terr"	-0.0810892949597455	0.0269339875610201	-3.01066801846679	0.00292308145246209
"log(Species):Latitude:Lakeweb"	0.00381081724250403	0.00159966524318066	2.38225920001042	0.0180905119800401
