"Estimate"	"Std. Error"	"t value"	"Pr(>|t|)"
"(Intercept)"	-1.18076419172841	0.131479583569615	-8.98058968298466	7.9370646417526e-16
"log(Species)"	0.721893845786305	0.0551790114715226	13.0827614800397	6.42259559515642e-27
"log(Species):Lakeweb"	-0.0215793410850022	0.0843603496310711	-0.25579956910295	0.798440442542006
"log(Species):Terr"	-0.0258238887267362	0.0285257020330636	-0.905284949580003	0.366701593592343
"log(Species):Latitude"	-0.00122104473464633	0.000960923902466163	-1.27069868021034	0.205715534010005
"log(Species):Lakeweb:Latitude"	0.00178335318118807	0.00188161464846956	0.94777811314266	0.344698960891568
