"Estimate"	"Std. Error"	"t value"	"Pr(>|t|)"
"(Intercept)"	-0.871938475608136	0.141536000701738	-6.16054199133119	3.52303731296443e-09
"log(Species)"	0.661047984202771	0.0629630018694644	10.4989909085539	4.39701766900809e-21
"log(Species):Lakeweb"	-0.0785927903212811	0.074601518555133	-1.05350121342635	0.293293849380716
"log(Species):Stream"	-0.156698825490979	0.0871611310232191	-1.79780624289094	0.0736107554057585
"log(Species):Marine"	0.1196560947413	0.0369631136399907	3.23717573975811	0.00139813444319024
"log(Species):Terr"	-0.0582269606557125	0.0356959238486409	-1.63119354754925	0.104313415030737
"log(Species):Latitude"	-0.00103379072349531	0.00109898076401017	-0.940681363450823	0.347923857420364
"log(Species):Lakeweb:Latitude"	0.00449796097734407	0.00169131669104942	2.65944337991082	0.00841630403552062
"log(Species):Stream:Latitude"	0.00503905989660825	0.00190770537615661	2.64142459291081	0.00886215250549437
