"Estimate"	"Std. Error"	"t value"	"Pr(>|t|)"
"(Intercept)"	-0.888193764416632	0.139236763143844	-6.37901761260459	1.11796946199183e-09
"log(Species)"	0.698975407129983	0.0618283002242661	11.3051046946889	1.86682477638829e-23
"log(Species):Lakeweb"	-0.106839986726234	0.0730474460590533	-1.46261084391454	0.145068869773426
"log(Species):Stream"	-0.168560611378597	0.0870043463513275	-1.9373815038842	0.054039986450607
"log(Species):Marine"	0.0825408043635881	0.0349383527843203	2.36246983002103	0.019067509589541
"log(Species):Terr"	-0.0945495840517943	0.0336309607887842	-2.81138515921692	0.00539994189338757
"log(Species):Latitude"	-0.00111566378846152	0.00108986474219156	-1.02367178721469	0.307168083441653
"log(Species):Lakeweb:Latitude"	0.00447511218715696	0.0016810628370581	2.66207311737884	0.00836714993151129
"log(Species):Stream:Latitude"	0.0049356968028586	0.00191608607113615	2.57592645612833	0.0106834314504498
