"Estimate"	"Std. Error"	"t value"	"Pr(>|t|)"
"(Intercept)"	-0.89517558732958	0.139746825944665	-6.40569530848623	9.66036636145817e-10
"log(Species)"	0.701348001851737	0.0604593320231559	11.6003266722021	2.29378366736157e-24
"log(Species):Lakeweb"	-0.106882571500143	0.0724354895124239	-1.47555531438509	0.141561075471547
"log(Species):Stream"	-0.167997237682553	0.0864249759701442	-1.94385055704949	0.0532495301034891
"log(Species):Marine"	0.08291840982841	0.0349236106560667	2.37427941357507	0.0184841909032715
"log(Species):Terr"	-0.094692650062259	0.0334311723453987	-2.83246573239876	0.00506876840554163
"log(Species):Latitude"	-0.00112913135030991	0.00106036906610769	-1.06484750112018	0.288167762415932
"log(Species):Lakeweb:Latitude"	0.00448636031169307	0.00166243203285402	2.69867292197866	0.00752815433507513
"log(Species):Stream:Latitude"	0.00491518732463125	0.00190179701983656	2.58449628081427	0.0104296782868892
