"Estimate"	"Std. Error"	"t value"	"Pr(>|t|)"
"(Intercept)"	-1.24945834318461	0.141891379058969	-8.80573824478337	4.66977304532703e-16
"log(Species)"	0.740541044638921	0.0534391991793839	13.8576373899819	1.61754647209859e-31
"log(Species):Latitude"	-0.00153871455763562	0.000896148374889116	-1.71703101936218	0.0874339520030097
"log(Species):Lakeweb"	-0.0917027918643848	0.0671285337597497	-1.3660776830399	0.173361935051866
"log(Species):Marine"	0.0991607127749819	0.0284361528007219	3.48713531924981	0.000593444324421479
"log(Species):Terr"	-0.0779655994940614	0.0266127390261147	-2.92963454147109	0.00376498797172031
"log(Species):Latitude:Lakeweb"	0.00379721545250523	0.0015844262959946	2.39658699309935	0.0174167823138772
