"Estimate"	"Std. Error"	"t value"	"Pr(>|t|)"
"(Intercept)"	-1.19331915839978	0.129519703225107	-9.21341794866358	1.95118756676024e-16
"log(Species)"	0.726334221631358	0.0532772554618296	13.6331013175358	2.01973077965945e-28
"log(Species):Lakeweb"	-0.0216407467772066	0.0832538483923228	-0.259936894150856	0.795253020704983
"log(Species):Terr"	-0.0242549477295194	0.0278429751115374	-0.871133477380039	0.385011386264141
"log(Species):Latitude"	-0.00127988886614486	0.000933678651410827	-1.37080232498718	0.172393086646268
"log(Species):Lakeweb:Latitude"	0.00183435826325933	0.00185537026536974	0.988675035650514	0.324343413747122
