"Estimate"	"Std. Error"	"t value"	"Pr(>|t|)"
"(Intercept)"	-1.19792898626022	0.129791758086478	-9.22962292769054	1.56250048651438e-16
"log(Species)"	0.669636721817142	0.0364326518137037	18.3801257520669	2.78813717300326e-41
"log(Species):Lakeweb"	0.0598534856196375	0.0250088010013403	2.39329688842059	0.0178560316775162
