"Estimate"	"Std. Error"	"t value"	"Pr(>|t|)"
"(Intercept)"	-0.629726382544518	0.136846143612664	-4.60171084051099	7.69195711933633e-06
"log(Species)"	0.552690540268764	0.0573337941835703	9.63987379762743	4.00891562851307e-18
"log(Species):Lakeweb"	-0.0643189276182758	0.0653518419688939	-0.98419456407809	0.326284768450764
"log(Species):Stream"	-0.191397427903974	0.0900864760305741	-2.12459668018334	0.0349268174703187
"log(Species):Latitude"	-0.000631808116410104	0.00105641374718239	-0.598068813564033	0.550513810960526
"log(Species):Lakeweb:Latitude"	0.00461184055251453	0.00160451091506657	2.87429677742217	0.0045158190919417
"log(Species):Stream:Latitude"	0.00667366799851284	0.00202921876990971	3.28878684618602	0.00120112090469553
