"Estimate"	"Std. Error"	"t value"	"Pr(>|t|)"
"(Intercept)"	-0.324621243493835	0.135560597888993	-2.39465780284961	0.0176131173879283
"log(Species)"	0.637536563502721	0.0535886351725451	11.8968613671532	1.00897000017633e-24
"log(Species):Lakeweb"	-0.0859516546619319	0.0643466323001588	-1.33575995494204	0.183234014844824
"log(Species):Terr"	-0.059490332043997	0.0256438409567607	-2.31986823441569	0.0214161948452859
"log(Species):Latitude"	-0.000811468965913303	0.000909206486153199	-0.892502394419316	0.373258641005788
"log(Species):Lakeweb:Latitude"	0.00358938186146525	0.00152965834531106	2.34652520444711	0.0199851218231181
