"Estimate"	"Std. Error"	"t value"	"Pr(>|t|)"
"(Intercept)"	-1.4933484825691	0.122188791829345	-12.2216486488776	1.66120648085594e-26
"log(Species)"	0.775847692133552	0.0493221486586608	15.7302087040629	9.16973938363116e-38
"log(Species):Latitude"	-0.000901888647812672	0.000837687663873517	-1.07664071790467	0.282830814898783
"log(Species):Lakeweb"	-0.0446942730979021	0.0616975434340884	-0.724409281313593	0.469591235050641
"log(Species):Marine"	0.126383583700661	0.0253379937206694	4.9879080835656	1.24550045936248e-06
"log(Species):Latitude:Lakeweb"	0.00410026087786839	0.00150240516113696	2.72913125162954	0.00686859077454739
