"Estimate"	"Std. Error"	"t value"	"Pr(>|t|)"
"(Intercept)"	-1.2011681507434	0.146597667957698	-8.19363750786275	2.18090671131941e-14
"log(Species)"	0.695735399725273	0.0541000247660002	12.8601678600805	1.64938131685754e-28
"log(Species):Lakeweb"	-0.0658586575666256	0.0690248223573897	-0.95413005520868	0.341079451597845
"log(Species):Marine"	0.125817625703233	0.0289593579927894	4.34462758927737	2.14257369872783e-05
"log(Species):Terr"	-0.0531527437713666	0.0271384164690099	-1.9585794120325	0.0514432532840693
"log(Species):Latitude"	-0.001185427433612	0.000912793420449817	-1.29868095787525	0.195431792960754
"log(Species):Lakeweb:Latitude"	0.00361089953406087	0.00163934471911245	2.20264810199031	0.0286720876252843
