"Estimate"	"Std. Error"	"t value"	"Pr(>|t|)"
"(Intercept)"	-0.830841806068139	0.127443701503606	-6.51928495693158	9.2898924884786e-10
"log(Species)"	0.683421524647236	0.0574309350643951	11.899885033753	1.20922356763971e-23
"log(Species):Lakeweb"	-0.0202474800363809	0.0833263723082434	-0.242990057955252	0.808332304829163
"log(Species):Stream"	-0.277355201590405	0.0850093604824984	-3.26264307855258	0.00135606537487366
"log(Species):Latitude"	-0.00164554061718938	0.00110934437149573	-1.48334517168072	0.140000244908921
"log(Species):Lakeweb:Latitude"	0.00298165705534019	0.00190096980778485	1.56849258895629	0.118792386752677
"log(Species):Stream:Latitude"	0.00833869798347969	0.0019189278183092	4.34549851428339	2.49471074784841e-05
