"Estimate"	"Std. Error"	"t value"	"Pr(>|t|)"
"(Intercept)"	-0.629779094159781	0.136510013350612	-4.61342782629619	7.31243902114866e-06
"log(Species)"	0.553099808935637	0.0563583799161463	9.81397637331972	1.28459977865116e-18
"log(Species):Lakeweb"	-0.0647096796518466	0.0650822623313029	-0.994275203932529	0.321366896525937
"log(Species):Stream"	-0.191435222645526	0.0899212903150312	-2.12891988065174	0.034562519532053
"log(Species):Latitude"	-0.000643229121828819	0.00103714730441278	-0.620190708775943	0.535883266627474
"log(Species):Lakeweb:Latitude"	0.00462321440175079	0.00159345779048301	2.90137236729026	0.00415878990432811
"log(Species):Stream:Latitude"	0.00667905799781868	0.00202025343079014	3.30604957577349	0.00113335230328331
