"Estimate"	"Std. Error"	"t value"	"Pr(>|t|)"
"(Intercept)"	-0.501044247012182	0.129250311042511	-3.87654190516714	0.000154326018043087
"log(Species)"	0.668453544597024	0.0362985538097027	18.4154318682069	2.26206230685285e-41
"log(Species):Lakeweb"	0.0573330683499533	0.0249399496411127	2.29884459170846	0.0228074814420197
