"Estimate"	"Std. Error"	"t value"	"Pr(>|t|)"
"(Intercept)"	-0.840733278544703	0.14090581968058	-5.96663275122748	9.86657776230998e-09
"log(Species)"	0.654986563134892	0.0612062914638808	10.7012947112049	1.06220059992075e-21
"log(Species):Lakeweb"	-0.08940903928656	0.0739715917164679	-1.20869427319157	0.228107949020236
"log(Species):Stream"	-0.155076793651242	0.0860513093132587	-1.80214333621241	0.0729235324708633
"log(Species):Marine"	0.117853120678235	0.0367409331587395	3.20767902570817	0.00154234530846177
"log(Species):Terr"	-0.0593496129761793	0.035310416639694	-1.68079616793481	0.0942546815062432
"log(Species):Latitude"	-0.00107837872070154	0.00106337330963504	-1.01411114133723	0.311669594552668
"log(Species):Lakeweb:Latitude"	0.00479845851442227	0.00168543034093612	2.84702274420734	0.00484057470400121
"log(Species):Stream:Latitude"	0.00503718546702524	0.00187988662169004	2.67951556700625	0.00794351686504602
