"Estimate"	"Std. Error"	"t value"	"Pr(>|t|)"
"(Intercept)"	-0.869793128514508	0.141040747760689	-6.16696339408475	3.4036566331937e-09
"log(Species)"	0.661841773409706	0.0612531956619898	10.8050162323271	5.1117711108701e-22
"log(Species):Lakeweb"	-0.0861833314011783	0.0740232571168654	-1.16427369934715	0.245603418603852
"log(Species):Stream"	-0.152107511981718	0.0862215696869676	-1.76414686642742	0.0791273590886852
"log(Species):Marine"	0.119570843020823	0.0367666614286626	3.25215394530242	0.00132979604286693
"log(Species):Terr"	-0.0587396211619181	0.035334718103591	-1.66237695712502	0.0978944089510041
"log(Species):Latitude"	-0.00106612331198432	0.00106410402507845	-1.00189764051096	0.317519297399384
"log(Species):Lakeweb:Latitude"	0.0047659745445276	0.00168659107909595	2.82580324513649	0.00516056638023484
"log(Species):Stream:Latitude"	0.00490586636993376	0.00188600884475857	2.60118948199407	0.00993526823747193
