"Estimate"	"Std. Error"	"t value"	"Pr(>|t|)"
"(Intercept)"	-0.874064322209181	0.141329138316425	-6.18460094373615	3.09578953393199e-09
"log(Species)"	0.662849346777493	0.0615159166699557	10.7752494420883	6.30692358821078e-22
"log(Species):Lakeweb"	-0.0796869506446286	0.0740106418961527	-1.07669584539532	0.28282281891549
"log(Species):Stream"	-0.158174965829899	0.0865927472497892	-1.82665374241587	0.069138494252432
"log(Species):Marine"	0.119823312488026	0.0369528319897025	3.24260160957126	0.00137301066012352
"log(Species):Terr"	-0.0586499650489796	0.0355186224784457	-1.65124548635215	0.1001483132869
"log(Species):Latitude"	-0.00106432202173358	0.00106965547067224	-0.995013862795174	0.320848042997543
"log(Species):Lakeweb:Latitude"	0.0045278741833465	0.00167299587161432	2.70644671643895	0.00734681514663678
"log(Species):Stream:Latitude"	0.0050729853680445	0.00189146313587714	2.68204294961951	0.00788571578567534
