"Estimate"	"Std. Error"	"t value"	"Pr(>|t|)"
"(Intercept)"	-0.630284372699905	0.135942494372777	-4.63640435323748	6.61994364481706e-06
"log(Species)"	0.555390412449423	0.0562829276376001	9.86783089937191	9.02263304914603e-19
"log(Species):Lakeweb"	-0.0668227879893471	0.0650417237972303	-1.02738341003491	0.305559993175279
"log(Species):Stream"	-0.193969207179789	0.0896685387948108	-2.16318019437844	0.0317895332041933
"log(Species):Latitude"	-0.000664239874267845	0.00103595465601398	-0.641186243443923	0.522182565617836
"log(Species):Lakeweb:Latitude"	0.0046437731284472	0.00159124254844263	2.91833142156244	0.00394850944343692
"log(Species):Stream:Latitude"	0.00670640935114286	0.00201561962389726	3.3272197152833	0.001055108954008
