"Estimate"	"Std. Error"	"t value"	"Pr(>|t|)"
"(Intercept)"	-0.502239538757225	0.144005152549496	-3.48764978103545	0.000589798504311781
"log(Species)"	0.690084739078659	0.0531605806065616	12.9811362329907	6.78302008061575e-29
"log(Species):Latitude"	-0.00112819502391211	0.000896753506698962	-1.25808822099297	0.209711885159369
"log(Species):Lakeweb"	-0.0615464703694718	0.0673882170681091	-0.913312045446564	0.362092060909654
"log(Species):Marine"	0.123752127690256	0.0284722663780051	4.34640945147432	2.12663748800925e-05
"log(Species):Terr"	-0.0526527237241601	0.0266749450472862	-1.97386437463409	0.0496658970317443
"log(Species):Latitude:Lakeweb"	0.00334380667696132	0.00158742486370917	2.10643461205981	0.0363156476237709
