"Estimate"	"Std. Error"	"t value"	"Pr(>|t|)"
"(Intercept)"	-1.00516212794877	0.135824168179129	-7.40046592166965	4.32880271337889e-12
"log(Species)"	0.63669450882145	0.0536744550111535	11.8621513472125	1.27970873135124e-24
"log(Species):Lakeweb"	-0.0893997337006232	0.06443261119064	-1.38749201760754	0.166925564378365
"log(Species):Terr"	-0.0608168781059302	0.025679001258544	-2.3683506026425	0.0188767735689491
"log(Species):Latitude"	-0.000835602818924471	0.000910414755205969	-0.917826533617008	0.35987945009694
"log(Species):Lakeweb:Latitude"	0.00368223074018721	0.00153181665018471	2.40383256034148	0.0171903239968523
