"Estimate"	"Std. Error"	"t value"	"Pr(>|t|)"
"(Intercept)"	-0.854659749350623	0.141011715951354	-6.06091304956151	5.99638629824e-09
"log(Species)"	0.65847329648508	0.0613790113984652	10.7279879796426	8.80126152683181e-22
"log(Species):Lakeweb"	-0.0880646529785013	0.0742406800161501	-1.18620482677885	0.236850615640758
"log(Species):Stream"	-0.158416576975512	0.0863423535844831	-1.83474934836594	0.0679246015908243
"log(Species):Marine"	0.118682753551219	0.0368724227649697	3.21874031190521	0.00148672165946368
"log(Species):Terr"	-0.0572918820103856	0.0356560487999099	-1.60679278660092	0.10956745036155
"log(Species):Latitude"	-0.00107737687579671	0.00106739784035248	-1.0093489372631	0.313941905404281
"log(Species):Lakeweb:Latitude"	0.00478776245337468	0.00169172870298149	2.83010062129747	0.00509424791714843
"log(Species):Stream:Latitude"	0.00508057939782799	0.00188672395273069	2.69280484327068	0.00764381568542096
