"Estimate"	"Std. Error"	"t value"	"Pr(>|t|)"
"(Intercept)"	-1.22030328992705	0.147524370640788	-8.27187592549307	1.32570604769047e-14
"log(Species)"	0.699050013696936	0.0543460409013614	12.8629427664421	1.61612069832736e-28
"log(Species):Lakeweb"	-0.0625352547455392	0.0689461033510324	-0.907016520239687	0.365404150784471
"log(Species):Marine"	0.128151886155503	0.028974612199223	4.42290254911297	1.54014440810824e-05
"log(Species):Terr"	-0.0515483339950082	0.0271185874593782	-1.90084878396503	0.0586470309647172
"log(Species):Latitude"	-0.00117744721118668	0.00091233782487325	-1.29058247842597	0.198221877517198
"log(Species):Lakeweb:Latitude"	0.00358959934150433	0.00163873999412739	2.19046301083032	0.0295557303843557
