"Estimate"	"Std. Error"	"t value"	"Pr(>|t|)"
"(Intercept)"	-1.20463206027242	0.147112694031635	-8.18849840390644	2.25321027363114e-14
"log(Species)"	0.693316968132597	0.0552571492942355	12.5470998230617	1.63629801020257e-27
"log(Species):Lakeweb"	-0.062238589058666	0.0692957337990867	-0.89815903009438	0.370096231825432
"log(Species):Marine"	0.126748361759622	0.0289573324132091	4.37707313474099	1.86956359896667e-05
"log(Species):Terr"	-0.0515021402294936	0.0273815103058978	-1.88090940397836	0.0613234510868993
"log(Species):Latitude"	-0.00112517083466161	0.000929524215465781	-1.21048038979576	0.227411425435304
"log(Species):Lakeweb:Latitude"	0.00354823170773342	0.00164875688917717	2.15206482594544	0.0324962594254615
