"Estimate"	"Std. Error"	"t value"	"Pr(>|t|)"
"(Intercept)"	-1.18794750294002	0.131243774683353	-9.05145791338397	5.18393753299624e-16
"log(Species)"	0.723034112551953	0.0538239201653097	13.4333231457555	7.08171329684817e-28
"log(Species):Lakeweb"	-0.0202141846012188	0.0839589121537429	-0.240762821750278	0.810053062599874
"log(Species):Terr"	-0.0248722087811086	0.028077510521079	-0.885840956677265	0.377058028988964
"log(Species):Latitude"	-0.00121261559551678	0.000940787006842523	-1.28893743928986	0.19931577504572
"log(Species):Lakeweb:Latitude"	0.00177043893802653	0.00187069050658434	0.946409324147983	0.345394183804568
