"Estimate"	"Std. Error"	"t value"	"Pr(>|t|)"
"(Intercept)"	-0.327908869186297	0.135724379920683	-2.41599091760762	0.0166438766636103
"log(Species)"	0.637301439507521	0.0535645987536956	11.8978103884994	1.00243256116636e-24
"log(Species):Lakeweb"	-0.0845616474577566	0.0643939231352447	-1.31319297443882	0.190710008569893
"log(Species):Terr"	-0.059278163154103	0.0256374081879055	-2.31217456615086	0.02184561339146
"log(Species):Latitude"	-0.0007871877650271	0.000910016416960641	-0.865025894429711	0.388121193451824
"log(Species):Lakeweb:Latitude"	0.00356215952746721	0.00152995789110272	2.32827292057023	0.0209555752637993
