"Estimate"	"Std. Error"	"t value"	"Pr(>|t|)"
"(Intercept)"	-0.874019458402004	0.138409199272036	-6.31474976373617	1.58694691688862e-09
"log(Species)"	0.696187828326706	0.0600883614233048	11.5860677814505	2.53890003397043e-24
"log(Species):Lakeweb"	-0.108782730423208	0.0720957864336804	-1.50886391291779	0.132836592890375
"log(Species):Stream"	-0.165404797214912	0.0860047440311223	-1.92320550544348	0.0558066901398485
"log(Species):Marine"	0.0818566846920816	0.034758021845027	2.35504439973742	0.0194425242926775
"log(Species):Terr"	-0.0949822306033343	0.0332788791038548	-2.85412950078394	0.0047477970713997
"log(Species):Latitude"	-0.00113762056657701	0.00105554117293668	-1.07776048509028	0.282377117300385
"log(Species):Lakeweb:Latitude"	0.00450157480623073	0.00165485576798208	2.72022184248716	0.00707046868095295
"log(Species):Stream:Latitude"	0.00490636213877524	0.00189063138488526	2.59509187142422	0.0101234166137503
