"Estimate"	"Std. Error"	"t value"	"Pr(>|t|)"
"(Intercept)"	-1.23069558940361	0.142981858859262	-8.6073548016675	1.69388491452067e-15
"log(Species)"	0.733657003197269	0.0547476357667572	13.4007065861782	4.54915776448355e-30
"log(Species):Lakeweb"	-0.0910803533742539	0.0678686585668506	-1.34200904066109	0.181028576012321
"log(Species):Marine"	0.0966370602703944	0.0285838274976631	3.3808299563204	0.000860293241570442
"log(Species):Terr"	-0.0791379358958228	0.0270184928562001	-2.92902851084318	0.00377204614756622
"log(Species):Latitude"	-0.00145543709010462	0.000917511797115836	-1.58628705884734	0.114164620287793
"log(Species):Lakeweb:Latitude"	0.0037199024381467	0.00160304030488593	2.32052957546279	0.021263017505841
