"Estimate"	"Std. Error"	"t value"	"Pr(>|t|)"
"(Intercept)"	-0.888230288294993	0.138630289248307	-6.40718773012182	9.58164046541958e-10
"log(Species)"	0.699851740436014	0.0602980075576983	11.6065483551233	2.19436819429907e-24
"log(Species):Lakeweb"	-0.107704131095224	0.0724090244410258	-1.48744071511342	0.138398412419503
"log(Species):Stream"	-0.169427687783167	0.0863423840966753	-1.96227715456019	0.0510511137819124
"log(Species):Marine"	0.082577897164441	0.0349068719881005	2.36566304745355	0.0189082072311332
"log(Species):Terr"	-0.0930467345600099	0.033655573326032	-2.76467536769132	0.00620489353007584
"log(Species):Latitude"	-0.00113672274161226	0.00106023567237389	-1.07214157307792	0.284887001560836
"log(Species):Lakeweb:Latitude"	0.0044961595298072	0.00166215646149422	2.70501582370008	0.00739073189804807
"log(Species):Stream:Latitude"	0.00495675776870233	0.00189870914248994	2.61059351207532	0.00968987124021103
