"Estimate"	"Std. Error"	"t value"	"Pr(>|t|)"
"(Intercept)"	-0.893869873764188	0.139194213453773	-6.42174593027208	8.84599803038322e-10
"log(Species)"	0.701029526359625	0.0603806517867961	11.6101682511636	2.13851649386814e-24
"log(Species):Lakeweb"	-0.106999845472652	0.0724221528154778	-1.47744635188177	0.141054168705559
"log(Species):Stream"	-0.17212035375867	0.0866663567215603	-1.98601118438213	0.0483327260013826
"log(Species):Marine"	0.0828528822965082	0.0349157847562647	2.37293484522476	0.0185498009955758
"log(Species):Terr"	-0.0947105223886212	0.0334284865889001	-2.83322794577454	0.0050571481232554
"log(Species):Latitude"	-0.00112965528759908	0.00106028584205999	-1.0654252304306	0.287906976789417
"log(Species):Lakeweb:Latitude"	0.00448729931957946	0.00166229602226998	2.69945861595201	0.00751100753203204
"log(Species):Stream:Latitude"	0.00500679092510865	0.00190407022814402	2.62952009390378	0.00918318139781039
