"Estimate"	"Std. Error"	"t value"	"Pr(>|t|)"
"(Intercept)"	-0.880711399513981	0.142087069851329	-6.19839229871866	2.87423688931663e-09
"log(Species)"	0.66441739040761	0.0615973068188298	10.7864681870231	5.8268829980508e-22
"log(Species):Lakeweb"	-0.0790437208777388	0.0739983711126332	-1.06818190305062	0.286636343886668
"log(Species):Stream"	-0.156547084014441	0.0865719880442555	-1.80828796416705	0.0719589604025183
"log(Species):Marine"	0.120216219994817	0.0369503027566609	3.25345696858049	0.0013240001192078
"log(Species):Terr"	-0.0585104370490446	0.0355071937666536	-1.64784740336181	0.100844599394423
"log(Species):Latitude"	-0.00106151875023597	0.00106928751868024	-0.992734630949529	0.321955238792384
"log(Species):Lakeweb:Latitude"	0.0045231382668165	0.00167242534840791	2.70453821518692	0.00738772853511077
"log(Species):Stream:Latitude"	0.00502937033572066	0.00189285251412253	2.65703233516433	0.00847476726634056
