"Estimate"	"Std. Error"	"t value"	"Pr(>|t|)"
"(Intercept)"	-0.858786705521756	0.140830568299331	-6.09801349161947	4.92229840662613e-09
"log(Species)"	0.659245361381865	0.0612741647831738	10.7589448785583	7.07566000697429e-22
"log(Species):Lakeweb"	-0.081165347445185	0.0737088438336029	-1.101161586911	0.272057598321557
"log(Species):Stream"	-0.154875453536498	0.0862057381036014	-1.79657940345422	0.0738061158771412
"log(Species):Marine"	0.118920255398854	0.0368025040309459	3.23130880710885	0.00142578040993022
"log(Species):Terr"	-0.0589706556626761	0.0353732361113099	-1.66709812687512	0.0969508727961359
"log(Species):Latitude"	-0.0010707650500673	0.00106527475160266	-1.00515388021389	0.31595266864232
"log(Species):Lakeweb:Latitude"	0.0045387591955242	0.00166614469631102	2.72410865969407	0.00697779017727367
"log(Species):Stream:Latitude"	0.00503205041205719	0.00188325976104698	2.67198955563075	0.00811790604208791
