"Estimate"	"Std. Error"	"t value"	"Pr(>|t|)"
"(Intercept)"	-0.512049126315867	0.128332351301885	-3.99002372450371	0.000100346819414785
"log(Species)"	0.6706371176757	0.0360304803376052	18.613049601111	7.03710790636925e-42
"log(Species):Lakeweb"	0.0586989542133129	0.0247444712267472	2.37220483215916	0.0188707842281232
