"Estimate"	"Std. Error"	"t value"	"Pr(>|t|)"
"(Intercept)"	-0.33466494086577	0.134800347342651	-2.4826712056986	0.0139117842787392
"log(Species)"	0.643039757403871	0.0533701203512162	12.0486847916433	3.56355968437796e-25
"log(Species):Lakeweb"	-0.087926680050021	0.0639064921461066	-1.37586459680807	0.170491773543897
"log(Species):Terr"	-0.0591084539997764	0.0254725426655206	-2.32047718109371	0.0213825253274442
"log(Species):Latitude"	-0.000895604830770502	0.000904455441382217	-0.990214431572008	0.32333533260154
"log(Species):Lakeweb:Latitude"	0.00366453256387722	0.00152043143340365	2.41019258308398	0.0169025305763756
