"Estimate"	"Std. Error"	"t value"	"Pr(>|t|)"
"(Intercept)"	-0.490755137091353	0.144245463191949	-3.40222233844747	0.000795751872896899
"log(Species)"	0.687341305163513	0.0531773921147979	12.92544214428	1.02127946685479e-28
"log(Species):Latitude"	-0.00113197097138311	0.000896168130163413	-1.26312343999189	0.207900308238625
"log(Species):Lakeweb"	-0.0665823014730709	0.0677821220043794	-0.982298864422819	0.327046550202203
"log(Species):Marine"	0.123061995161569	0.0284596250310708	4.32409053271839	2.33470923976337e-05
"log(Species):Terr"	-0.0528998491495041	0.0266581980381553	-1.98437452800785	0.0484740842777804
"log(Species):Latitude:Lakeweb"	0.0035032293575271	0.00161034229909418	2.17545633589683	0.0306763179417418
