"Estimate"	"Std. Error"	"t value"	"Pr(>|t|)"
"(Intercept)"	-0.879638834942786	0.138311267919902	-6.35984940469346	1.24138457415398e-09
"log(Species)"	0.704991593620075	0.060212872083809	11.7083203179349	1.06229640040912e-24
"log(Species):Lakeweb"	-0.115711168398202	0.0724267321303647	-1.59763066749895	0.111628783789874
"log(Species):Stream"	-0.176745027057221	0.0862264753604227	-2.04977678048923	0.0416289019953464
"log(Species):Marine"	0.0766622228698138	0.0350799154533432	2.18535939665464	0.0299686294391905
"log(Species):Terr"	-0.100612742653975	0.0336049550284107	-2.99398533843934	0.00308397916038322
"log(Species):Latitude"	-0.00118104526251762	0.00105707212505309	-1.11727973382923	0.265151360453964
"log(Species):Lakeweb:Latitude"	0.00454321317013143	0.00165667348309355	2.74237091164626	0.00662640250113283
"log(Species):Stream:Latitude"	0.0050006068470618	0.00189227666836531	2.64264043977337	0.00884604450477672
