"Estimate"	"Std. Error"	"t value"	"Pr(>|t|)"
"(Intercept)"	-1.22614054095451	0.147210705302986	-8.32915336171302	9.19464319378597e-15
"log(Species)"	0.702843505300957	0.0552172575230195	12.7286927462478	4.32740534781896e-28
"log(Species):Lakeweb"	-0.0604281154986786	0.0687903175293683	-0.878439258154033	0.380677001064231
"log(Species):Marine"	0.127972661560286	0.028967759153642	4.41776186005731	1.57411567651042e-05
"log(Species):Terr"	-0.053290033676233	0.0273215171397579	-1.95047856982606	0.0524067685888169
"log(Species):Latitude"	-0.0012193174185193	0.000925865701988433	-1.31694846876889	0.189244929960336
"log(Species):Lakeweb:Latitude"	0.00347672184110166	0.00162333097472953	2.14172087838151	0.0333302978825714
