"Estimate"	"Std. Error"	"t value"	"Pr(>|t|)"
"(Intercept)"	-1.18433283114699	0.129367691933828	-9.15478055952937	2.46364781036352e-16
"log(Species)"	0.667328416105458	0.0363438936875735	18.3615003346113	3.11347527540899e-41
"log(Species):Lakeweb"	0.0577765551999436	0.0249783819951257	2.31306235973244	0.0219925567112257
