"Estimate"	"Std. Error"	"t value"	"Pr(>|t|)"
"(Intercept)"	-1.0202193239994	0.13606224619798	-7.49818081435251	2.4421763217652e-12
"log(Species)"	0.637375266814378	0.0536979401002274	11.8696409140595	1.2157363009939e-24
"log(Species):Lakeweb"	-0.0847911721298939	0.06455422252363	-1.31348762040866	0.190610961197777
"log(Species):Terr"	-0.0592046284360924	0.0257012288196082	-2.30357189734537	0.0223346935086181
"log(Species):Latitude"	-0.000788148828867076	0.00091228177163942	-0.863931356921371	0.388720680929524
"log(Species):Lakeweb:Latitude"	0.00362130647643732	0.00153376650070838	2.361054616048	0.0192410998539233
