"Estimate"	"Std. Error"	"t value"	"Pr(>|t|)"
"(Intercept)"	-1.02061258740071	0.136593641014336	-7.47188946587635	2.84988656651704e-12
"log(Species)"	0.639919924939169	0.0539400338667125	11.8635432547267	1.26757059063663e-24
"log(Species):Lakeweb"	-0.0871976839626916	0.0644752958245622	-1.35242006798941	0.177856873230259
"log(Species):Terr"	-0.0597269583609856	0.0256967497689416	-2.32430011180537	0.0211722096491273
"log(Species):Latitude"	-0.000839079547415041	0.000911829549998277	-0.920215348818896	0.358633254980843
"log(Species):Lakeweb:Latitude"	0.00367188537877521	0.00153352930694482	2.39440182991387	0.0176250437939158
