"Estimate"	"Std. Error"	"t value"	"Pr(>|t|)"
"(Intercept)"	-1.19958156527905	0.146815930788256	-8.17064986639045	2.52326059625183e-14
"log(Species)"	0.694400062694325	0.0541250181978815	12.8295580457006	2.06490040669141e-28
"log(Species):Lakeweb"	-0.0650737101019308	0.0689900057351093	-0.943233870015677	0.346610245135763
"log(Species):Marine"	0.12582809656978	0.0289667782012752	4.34387613615382	2.14932863247183e-05
"log(Species):Terr"	-0.0529833604274037	0.0271332496114711	-1.95270972648275	0.0521398903981333
"log(Species):Latitude"	-0.00116602280115835	0.000912137929756779	-1.27834043856642	0.202495017856836
"log(Species):Lakeweb:Latitude"	0.00359259932372787	0.00163903874893174	2.19189407576201	0.0294507441188363
