"Estimate"	"Std. Error"	"t value"	"Pr(>|t|)"
"(Intercept)"	-0.520870374205676	0.144117985589364	-3.61419410683267	0.00037450290281047
"log(Species)"	0.691514236783564	0.0531135154419736	13.019553140651	5.11425722252252e-29
"log(Species):Latitude"	-0.00108170413578582	0.000897401399703937	-1.20537380055646	0.22937180070448
"log(Species):Lakeweb"	-0.0567780755417552	0.067426695740825	-0.842071154724814	0.400675205897459
"log(Species):Marine"	0.126169899969767	0.0284621508617316	4.4329011037394	1.47607560943995e-05
"log(Species):Terr"	-0.050755694949869	0.0266687693000103	-1.90318849658538	0.0583394776352304
"log(Species):Latitude:Lakeweb"	0.00329189885295066	0.00158727736329768	2.07392792782701	0.0392660767014215
