"Estimate"	"Std. Error"	"t value"	"Pr(>|t|)"
"(Intercept)"	-0.323347672722957	0.13637101225714	-2.37108801475534	0.0187416573375912
"log(Species)"	0.639637037403458	0.0548163212306112	11.6687333816605	4.80401365903432e-24
"log(Species):Lakeweb"	-0.0884995108489498	0.0646105050512724	-1.36973872559454	0.172393613971105
"log(Species):Terr"	-0.0607717167265588	0.0258750441840458	-2.34866137017187	0.0198741697889941
"log(Species):Latitude"	-0.000855771497661666	0.000924129373455105	-0.926029971823247	0.355611335293398
"log(Species):Lakeweb:Latitude"	0.00363482373859989	0.00153779894547339	2.36365342120907	0.019110623918389
