"Estimate"	"Std. Error"	"t value"	"Pr(>|t|)"
"(Intercept)"	-0.489738612090921	0.130133232524709	-3.76336315166791	0.000236377310352586
"log(Species)"	0.719840673358807	0.0534345890884474	13.4714364915821	5.57365831459529e-28
"log(Species):Lakeweb"	-0.0199921701084082	0.0837291198675486	-0.238772008353054	0.811593763505853
"log(Species):Terr"	-0.0246812227157652	0.0280044208871592	-0.881333087201321	0.379484808114825
"log(Species):Latitude"	-0.00117838722602984	0.000937606147396276	-1.25680407418639	0.210691212787378
"log(Species):Lakeweb:Latitude"	0.00170863552950464	0.0018648052650148	0.916254132031893	0.360938861328815
