"Estimate"	"Std. Error"	"t value"	"Pr(>|t|)"
"(Intercept)"	-1.49698240715293	0.121790748888439	-12.2914295282326	9.97899954543942e-27
"log(Species)"	0.774985544399814	0.0486857564681116	15.9181165215625	2.28551732180985e-38
"log(Species):Lakeweb"	-0.0426082382749681	0.0615173554220749	-0.692621423379304	0.489284308742872
"log(Species):Marine"	0.126778749384923	0.0253027543231233	5.01047228953509	1.12141345746645e-06
"log(Species):Latitude"	-0.000863842516989433	0.00082858945179365	-1.04254587735756	0.298313425693472
"log(Species):Lakeweb:Latitude"	0.00406320967470304	0.00149577516251195	2.71645751081963	0.00712802426940851
