"Estimate"	"Std. Error"	"t value"	"Pr(>|t|)"
"(Intercept)"	-0.880103496209645	0.14186035471152	-6.20401308032381	2.78846921601527e-09
"log(Species)"	0.668087027872688	0.0628515923675412	10.6295958894068	1.75897481227818e-21
"log(Species):Lakeweb"	-0.0829155886379059	0.0743858843365053	-1.11466831882799	0.266237035447353
"log(Species):Stream"	-0.161709487323337	0.0869804415741643	-1.85914769339789	0.06437253627041
"log(Species):Marine"	0.120302196672374	0.0369557458360896	3.25530425514756	0.00131582349787546
"log(Species):Terr"	-0.0598949316002563	0.0356335795050277	-1.68085644025197	0.0942429532228959
"log(Species):Latitude"	-0.00115396517144978	0.00109157463041279	-1.05715645939243	0.291626552284439
"log(Species):Lakeweb:Latitude"	0.00461576143658421	0.00168610505707597	2.73752896785022	0.00670868834122773
"log(Species):Stream:Latitude"	0.00516021093556871	0.00190302616483882	2.71158170650048	0.00723774841864804
