"Estimate"	"Std. Error"	"t value"	"Pr(>|t|)"
"(Intercept)"	-1.23868822731368	0.145755995499256	-8.49836895608185	3.09712838498196e-15
"log(Species)"	0.704843781176834	0.0539224301851525	13.0714394502737	3.49203846810953e-29
"log(Species):Lakeweb"	-0.0582541710717509	0.0681614420941946	-0.85464992057016	0.39368753721737
"log(Species):Marine"	0.130232351802176	0.0288137172580622	4.51980390575034	1.01720770442479e-05
"log(Species):Terr"	-0.0504502058726851	0.0269848025431206	-1.86957847077324	0.0628892453804148
"log(Species):Latitude"	-0.00122710533102402	0.000908488929009615	-1.35071027487561	0.178195069262093
"log(Species):Lakeweb:Latitude"	0.00348086150000591	0.00160697719382652	2.16609265730606	0.0313939870709002
