"Estimate"	"Std. Error"	"t value"	"Pr(>|t|)"
"(Intercept)"	-0.901995476972258	0.138666339447925	-6.50479042400188	5.59634909358044e-10
"log(Species)"	0.70301143537014	0.0601872246750648	11.6804095747148	1.29630106112794e-24
"log(Species):Lakeweb"	-0.106270036276746	0.0722080029041201	-1.4717210281782	0.142593210246412
"log(Species):Stream"	-0.163475521040512	0.0862341387340159	-1.89571697984649	0.0593706990717493
"log(Species):Marine"	0.0832606675394216	0.0348122325842152	2.39170720631041	0.0176521028556111
"log(Species):Terr"	-0.0945993008801113	0.0333304035592955	-2.83822848744741	0.00498151225930014
"log(Species):Latitude"	-0.00112639476658552	0.00105717527335045	-1.06547589125472	0.287884116262876
"log(Species):Lakeweb:Latitude"	0.00448145576729031	0.00165741811364625	2.70387763376816	0.00741522330845289
"log(Species):Stream:Latitude"	0.00478656597911969	0.00189846170870522	2.52128655383004	0.0124353678117457
