"Estimate"	"Std. Error"	"t value"	"Pr(>|t|)"
"(Intercept)"	-1.48096105509411	0.121913432589964	-12.1476446330166	2.8504619120227e-26
"log(Species)"	0.768327302990682	0.0493349527577005	15.5736908630313	2.91964955086715e-37
"log(Species):Lakeweb"	-0.0413459057472443	0.0617934742015118	-0.669098254815923	0.504140762209974
"log(Species):Marine"	0.125319976808445	0.0253492276773535	4.94373944656324	1.52801433300317e-06
"log(Species):Latitude"	-0.000791861250550801	0.000841129170206487	-0.941426452201639	0.347528404881217
"log(Species):Lakeweb:Latitude"	0.00398684194236166	0.00150488321181154	2.64926999721288	0.0086571150729993
