"Estimate"	"Std. Error"	"t value"	"Pr(>|t|)"
"(Intercept)"	-1.1938964494521	0.129706347020481	-9.2046108527255	1.81954022927048e-16
"log(Species)"	0.668660789869868	0.0364266265884216	18.356374237586	3.20952072918867e-41
"log(Species):Lakeweb"	0.0595287832357472	0.0250279456717092	2.37849258651047	0.0185630775505502
