"Estimate"	"Std. Error"	"t value"	"Pr(>|t|)"
"(Intercept)"	-0.626955087944983	0.135849005327711	-4.61508780599877	7.26015342431984e-06
"log(Species)"	0.554855963204591	0.056178607063382	9.87664152261001	8.51544641984048e-19
"log(Species):Lakeweb"	-0.0674578560256855	0.0649739749877208	-1.03822886068513	0.300496993480386
"log(Species):Stream"	-0.194199032629046	0.0895635011857474	-2.16828317403864	0.031393411386378
"log(Species):Latitude"	-0.000668443786601457	0.0010348245812907	-0.645948887073917	0.519100133100476
"log(Species):Lakeweb:Latitude"	0.00465095544238348	0.00158960972795618	2.92584737032491	0.00385846719153438
"log(Species):Stream:Latitude"	0.00670876604602005	0.00201348055436411	3.3319249254626	0.0010384171537066
