"Estimate"	"Std. Error"	"t value"	"Pr(>|t|)"
"(Intercept)"	-0.328310036375629	0.136255182648985	-2.40952329293344	0.0169326142227666
"log(Species)"	0.639855781443158	0.0538063786280504	11.8918202220282	1.04441677943581e-24
"log(Species):Lakeweb"	-0.0869750666441852	0.0643155358015609	-1.35231815392999	0.177889402676119
"log(Species):Terr"	-0.0598018260791033	0.0256330771129011	-2.33299442808624	0.0207006488165979
"log(Species):Latitude"	-0.000838283576810158	0.00090957017440305	-0.921626060749324	0.357898602080724
"log(Species):Lakeweb:Latitude"	0.00361289645225573	0.00152972945346268	2.36178785998898	0.0192042072782307
