"Estimate"	"Std. Error"	"t value"	"Pr(>|t|)"
"(Intercept)"	-0.493516308987443	0.130261081384672	-3.78867044355364	0.000214036546259233
"log(Species)"	0.6669839815417	0.0365318732984973	18.2575904633156	5.76730953918545e-41
"log(Species):Lakeweb"	0.0563746077805153	0.0249793635039414	2.25684724799414	0.02537124525155
