"Estimate"	"Std. Error"	"t value"	"Pr(>|t|)"
"(Intercept)"	-0.613459064923979	0.135703485012927	-4.52058445562795	1.08912322328828e-05
"log(Species)"	0.548844446081149	0.0560068357953928	9.79959746496332	1.41153371610544e-18
"log(Species):Lakeweb"	-0.0661872467284104	0.0646633565828562	-1.02356651782531	0.307355328962743
"log(Species):Stream"	-0.185383238682522	0.08927341468693	-2.0765783333441	0.0392003466625087
"log(Species):Latitude"	-0.000653732322616874	0.00103045521933213	-0.634411190658611	0.526583735174152
"log(Species):Lakeweb:Latitude"	0.00464831761569778	0.00158318507169664	2.93605447575144	0.0037391942411233
"log(Species):Stream:Latitude"	0.00659698610180983	0.00200621607799344	3.28827297028142	0.0012031949155992
