"Estimate"	"Std. Error"	"t value"	"Pr(>|t|)"
"(Intercept)"	-1.09467890076495	0.116695747590322	-9.38062374481704	9.33064201968149e-18
"log(Species)"	0.716439944018079	0.0527697746199711	13.5767103266524	9.13081754789554e-31
"log(Species):Lakeweb"	-0.0502039020356869	0.0633146348220853	-0.792927293614823	0.428690268086054
"log(Species):Stream"	-0.131124153625541	0.07682501835679	-1.70678974675379	0.0892982394258788
"log(Species):Marine"	0.132941345868916	0.0274937003356643	4.83533843192677	2.52325428413684e-06
"log(Species):Latitude"	-0.00102716039657378	0.000990780680580966	-1.03671823311238	0.301026392873129
"log(Species):Lakeweb:Latitude"	0.00482015111298135	0.00154930033595394	3.11117928597973	0.00211493137156032
"log(Species):Stream:Latitude"	0.00497936615639414	0.0017493655386526	2.84638404402853	0.00484791018810994
