"Estimate"	"Std. Error"	"t value"	"Pr(>|t|)"
"(Intercept)"	-0.861684056930903	0.141604671522044	-6.08513863044951	5.27174908842185e-09
"log(Species)"	0.659928845748452	0.0614555612692061	10.7383096357648	8.18375624625261e-22
"log(Species):Lakeweb"	-0.087083456356315	0.0742495479812088	-1.17284830310825	0.242154440903731
"log(Species):Stream"	-0.161388294298672	0.086613215876248	-1.86332181141111	0.0637805859778352
"log(Species):Marine"	0.119091517303337	0.0368793002685224	3.22922388538336	0.00143572651414676
"log(Species):Terr"	-0.0589098377078534	0.035441423523399	-1.66217470550979	0.0979349938299645
"log(Species):Latitude"	-0.00106954315023805	0.00106731336904999	-1.0020891532447	0.317427015888628
"log(Species):Lakeweb:Latitude"	0.00477503910740281	0.0016916871816322	2.82264898572777	0.00520974282043793
"log(Species):Stream:Latitude"	0.00513743737897005	0.00189140005191693	2.71620875433691	0.00714072588930461
