"Estimate"	"Std. Error"	"t value"	"Pr(>|t|)"
"(Intercept)"	-0.61345906492398	0.135703485012927	-4.52058445562796	1.08912322328826e-05
"log(Species)"	0.548844446081149	0.0560068357953929	9.79959746496333	1.41153371610542e-18
"log(Species):Lakeweb"	-0.0661872467284099	0.0646633565828563	-1.0235665178253	0.307355328962747
"log(Species):Stream"	-0.185383238682521	0.0892734146869301	-2.07657833334409	0.0392003466625095
"log(Species):Latitude"	-0.000653732322616872	0.00103045521933213	-0.634411190658609	0.526583735174154
"log(Species):Lakeweb:Latitude"	0.00464831761569776	0.00158318507169664	2.93605447575143	0.0037391942411234
"log(Species):Stream:Latitude"	0.00659698610180981	0.00200621607799344	3.28827297028141	0.00120319491559923
