"Estimate"	"Std. Error"	"t value"	"Pr(>|t|)"
"(Intercept)"	-0.477178406482338	0.129899147576287	-3.67345294704187	0.000327761112772962
"log(Species)"	0.719212896276625	0.0533158710460744	13.4896585606769	4.97081109039684e-28
"log(Species):Lakeweb"	-0.0237451904359915	0.0835279413982095	-0.284278410775014	0.77657161974679
"log(Species):Terr"	-0.0262214360585413	0.0279368698936207	-0.938596061705855	0.34937988696224
"log(Species):Latitude"	-0.00120984853756864	0.000935266101069458	-1.29358750005501	0.197707870915748
"log(Species):Lakeweb:Latitude"	0.00174793916154971	0.00186042008729048	0.93954003909698	0.348896785245974
