"Estimate"	"Std. Error"	"t value"	"Pr(>|t|)"
"(Intercept)"	-1.01145729127005	0.135737391287019	-7.45157455642645	3.21036185195659e-12
"log(Species)"	0.637324855514938	0.0537369619860105	11.86008348743	1.29795610515157e-24
"log(Species):Lakeweb"	-0.0878187038270727	0.0644814249532596	-1.36192250544602	0.174843410057914
"log(Species):Terr"	-0.0581601033222449	0.0259907728759122	-2.23772119436074	0.0264068025319858
"log(Species):Latitude"	-0.000827900442182803	0.000911524191333645	-0.908259429704775	0.364897834788104
"log(Species):Lakeweb:Latitude"	0.00366889666597734	0.00153367871985749	2.39221984270489	0.0177269978877617
