"Estimate"	"Std. Error"	"t value"	"Pr(>|t|)"
"(Intercept)"	-0.315198945868149	0.135336284434023	-2.32900546358511	0.0209158435200653
"log(Species)"	0.638393167160718	0.0535474191852858	11.9220156054905	8.49260997764774e-25
"log(Species):Lakeweb"	-0.0901181403855237	0.0643198985074766	-1.40109270189611	0.162826182834826
"log(Species):Terr"	-0.061101215340803	0.0256257399967051	-2.38436881622382	0.0180981621064666
"log(Species):Latitude"	-0.000859257640521873	0.000909050014994379	-0.945225924150264	0.345750372970122
"log(Species):Lakeweb:Latitude"	0.00364559978992714	0.00152861750549486	2.384899935283	0.0180728383377975
