"Estimate"	"Std. Error"	"t value"	"Pr(>|t|)"
"(Intercept)"	-0.47809132577721	0.130494891574184	-3.66367847821401	0.000339498834610149
"log(Species)"	0.711912681204794	0.0550057948917425	12.9425032872612	1.55330432514224e-26
"log(Species):Lakeweb"	-0.0161265638184471	0.0841173038452393	-0.191715177273359	0.848213044114648
"log(Species):Terr"	-0.0219120554158437	0.0285134964745763	-0.76848012783635	0.443356400424881
"log(Species):Latitude"	-0.00105807912423699	0.000962780360946746	-1.09898286998349	0.273457945473953
"log(Species):Lakeweb:Latitude"	0.00159559974117122	0.00187624242895491	0.850423013863931	0.39638502898448
