"Estimate"	"Std. Error"	"t value"	"Pr(>|t|)"
"(Intercept)"	-1.01693867627779	0.135897561894248	-7.48312671767536	2.66798896316071e-12
"log(Species)"	0.637609585398277	0.0537218408490108	11.868721833087	1.22341150085805e-24
"log(Species):Lakeweb"	-0.0861779226883147	0.0645065792115932	-1.33595555277603	0.18317018787702
"log(Species):Terr"	-0.0594165448637305	0.0257075840465189	-2.31124576919457	0.0218979612581491
"log(Species):Latitude"	-0.000812365088482345	0.000911466507604485	-0.891272560982412	0.373916192406416
"log(Species):Lakeweb:Latitude"	0.00364845762662253	0.00153346062864954	2.37923136626963	0.0183447371927338
