"Estimate"	"Std. Error"	"t value"	"Pr(>|t|)"
"(Intercept)"	-0.493423632481924	0.130285887039841	-3.78723777143288	0.000216517313741002
"log(Species)"	0.71943684891189	0.0534018112869739	13.4721432021423	5.54896778337825e-28
"log(Species):Lakeweb"	-0.0183030699035212	0.0837462818359389	-0.218553821163994	0.827281466113063
"log(Species):Terr"	-0.0243986226559651	0.0279912842080856	-0.871650706505179	0.384729939608804
"log(Species):Latitude"	-0.00114871169747632	0.000938642457100854	-1.22380112766718	0.22286069569027
"log(Species):Lakeweb:Latitude"	0.0016766591539842	0.00186455244177773	0.899228745953432	0.36990793718822
