"Estimate"	"Std. Error"	"t value"	"Pr(>|t|)"
"(Intercept)"	-1.01693867627779	0.135897561894248	-7.48312671767535	2.66798896316092e-12
"log(Species)"	0.637609585398276	0.0537218408490107	11.868721833087	1.22341150085805e-24
"log(Species):Lakeweb"	-0.0861779226883148	0.0645065792115931	-1.33595555277603	0.183170187877019
"log(Species):Terr"	-0.0594165448637305	0.0257075840465189	-2.31124576919457	0.0218979612581491
"log(Species):Latitude"	-0.000812365088482343	0.000911466507604484	-0.891272560982411	0.373916192406417
"log(Species):Lakeweb:Latitude"	0.00364845762662254	0.00153346062864954	2.37923136626964	0.0183447371927337
