"Estimate"	"Std. Error"	"t value"	"Pr(>|t|)"
"(Intercept)"	-1.49927417538058	0.120532827269743	-12.4387207148583	3.39789815643298e-27
"log(Species)"	0.77727108239556	0.048288719924228	16.0963281614259	6.12758490526322e-39
"log(Species):Latitude"	-0.000922403965817172	0.000823902822585802	-1.11955432185828	0.264135714437669
"log(Species):Lakeweb"	-0.0441219205316761	0.0611257694030717	-0.721821924902575	0.471177473557537
"log(Species):Marine"	0.127703099417762	0.0251344145704237	5.08080659925272	8.06749370647731e-07
"log(Species):Latitude:Lakeweb"	0.00412239858388186	0.00148648294892413	2.77325655626627	0.00603062740750318
