"Estimate"	"Std. Error"	"t value"	"Pr(>|t|)"
"(Intercept)"	-1.22704147429296	0.146002417784765	-8.40425448366098	5.68018337002315e-15
"log(Species)"	0.702046568920451	0.0539409880880977	13.0150854443721	5.28502626750865e-29
"log(Species):Lakeweb"	-0.063194320779965	0.0685560646564332	-0.921790378380988	0.357661623893146
"log(Species):Marine"	0.129532673245495	0.0288015402482476	4.49742173956744	1.12016200860844e-05
"log(Species):Terr"	-0.0506989161009339	0.0269684263846774	-1.87993601768842	0.0614566723223476
"log(Species):Latitude"	-0.0012305882643881	0.000907914296431567	-1.35540135145438	0.176698794406234
"log(Species):Lakeweb:Latitude"	0.00363804994465828	0.00163004174421563	2.23187532317394	0.0266454097620209
