"Estimate"	"Std. Error"	"t value"	"Pr(>|t|)"
"(Intercept)"	-0.503819721110157	0.143792937834308	-3.50378626863238	0.000556998400974787
"log(Species)"	0.691400682460441	0.0531367863439312	13.0117142949765	5.41764178264179e-29
"log(Species):Latitude"	-0.00114726994934566	0.000897403592040341	-1.27843253528463	0.202462620720444
"log(Species):Lakeweb"	-0.0623367368199895	0.0674228716337389	-0.924563657843308	0.356219908129727
"log(Species):Marine"	0.123744973336171	0.0284652107591025	4.34723545114102	2.11928870225123e-05
"log(Species):Terr"	-0.052816916484202	0.0266802098339536	-1.97962897641781	0.0490091839932154
"log(Species):Latitude:Lakeweb"	0.00336242216263893	0.00158770402416814	2.11778902834275	0.0353309136052341
