"Estimate"	"Std. Error"	"t value"	"Pr(>|t|)"
"(Intercept)"	-1.09820435462717	0.116697250626336	-9.41071318075531	7.61720497978451e-18
"log(Species)"	0.717818221500622	0.051903055895278	13.8299799331455	1.41254393399885e-31
"log(Species):Lakeweb"	-0.0503948248095704	0.0629941188535926	-0.799992534647484	0.424594058673
"log(Species):Stream"	-0.133252674392269	0.0767534027303443	-1.73611422623727	0.0839695566391711
"log(Species):Marine"	0.133211950953058	0.0273679390482084	4.86744547035152	2.18057762656033e-06
"log(Species):Latitude"	-0.00103976652226408	0.000966886060361665	-1.07537647390961	0.283405934310749
"log(Species):Lakeweb:Latitude"	0.0048337224682666	0.0015335731374414	3.15193475306377	0.00185210662975032
"log(Species):Stream:Latitude"	0.00502487966010643	0.00174002410926736	2.88782186025121	0.00427372483588095
