"Estimate"	"Std. Error"	"t value"	"Pr(>|t|)"
"(Intercept)"	-0.51131654880251	0.144943435597679	-3.52769717851712	0.00051152727996039
"log(Species)"	0.691949878122921	0.0533952583234909	12.9590135875137	7.98045695579383e-29
"log(Species):Latitude"	-0.00114321598115447	0.000896376498258931	-1.27537478210884	0.20354028976146
"log(Species):Lakeweb"	-0.0640580809413342	0.0677398930587832	-0.945647801447606	0.345380026254666
"log(Species):Marine"	0.125369325851248	0.0284677021093128	4.40391449123094	1.66923903865423e-05
"log(Species):Terr"	-0.0514739594222614	0.0266441484742158	-1.93190484102256	0.0546734008420217
"log(Species):Latitude:Lakeweb"	0.0035001615688798	0.0016100702803776	2.17391850004145	0.030793201084117
