"Estimate"	"Std. Error"	"t value"	"Pr(>|t|)"
"(Intercept)"	-0.879685008352911	0.141513972670042	-6.21624134885968	2.61045409854407e-09
"log(Species)"	0.664175265027037	0.0615173364521127	10.7965543265036	5.42647051891276e-22
"log(Species):Lakeweb"	-0.0791430435299362	0.0739773722495307	-1.06982772060329	0.285896443654193
"log(Species):Stream"	-0.16124629363292	0.0867599505393007	-1.85853372011638	0.0644599906138895
"log(Species):Marine"	0.12015555020363	0.0369373621417197	3.25295427818105	0.00132623332896204
"log(Species):Terr"	-0.0585319819024122	0.035500898476122	-1.64874649417059	0.100659993868949
"log(Species):Latitude"	-0.00106195161011637	0.00106911416500957	-0.993300477042002	0.3216801303705
"log(Species):Lakeweb:Latitude"	0.00452386955105513	0.00167215081928199	2.70541957034572	0.00736880902561022
"log(Species):Stream:Latitude"	0.00513363251134558	0.00189460397197274	2.70960717241622	0.00727951300869637
