"Estimate"	"Std. Error"	"t value"	"Pr(>|t|)"
"(Intercept)"	-0.841352406189192	0.127743008049453	-6.58628929313672	6.53411575382876e-10
"log(Species)"	0.69059531694822	0.0561528019971404	12.2985014529353	9.88080097881795e-25
"log(Species):Lakeweb"	-0.0237553443087732	0.0828102681873441	-0.286864718938366	0.774596563110657
"log(Species):Stream"	-0.286633315588673	0.0848905021803106	-3.3765063019636	0.000926767085515765
"log(Species):Latitude"	-0.00176292574699194	0.00107465983380025	-1.64045002106185	0.102926430676709
"log(Species):Lakeweb:Latitude"	0.00309247959393755	0.00188164344443217	1.64349925225647	0.102293627141551
"log(Species):Stream:Latitude"	0.00855019267895846	0.00190603894871386	4.48584363122689	1.4016997062318e-05
