"Estimate"	"Std. Error"	"t value"	"Pr(>|t|)"
"(Intercept)"	-0.862020769013613	0.141953102395981	-6.0725743535283	5.63615566882205e-09
"log(Species)"	0.663684248108034	0.0627899149651559	10.5699179315075	2.67458276245738e-21
"log(Species):Lakeweb"	-0.0907220526431579	0.0746273428145961	-1.21566773278458	0.225444663457382
"log(Species):Stream"	-0.161798879374046	0.0868334905682324	-1.8633234517609	0.0637803542454867
"log(Species):Marine"	0.119228947662028	0.0368978048585305	3.23132902131069	0.00142568429206448
"log(Species):Terr"	-0.0602251934348005	0.0355738141274948	-1.69296419042829	0.091910713675937
"log(Species):Latitude"	-0.00115827719005603	0.00108973273892374	-1.06290024029193	0.289019577716258
"log(Species):Lakeweb:Latitude"	0.00486353876194448	0.00170458072402105	2.85321703654583	0.00475063369307827
"log(Species):Stream:Latitude"	0.00516236013921034	0.00189981111598219	2.71730178636281	0.00711797893611292
