"Estimate"	"Std. Error"	"t value"	"Pr(>|t|)"
"(Intercept)"	-0.833846970208192	0.127539929157143	-6.53792875469457	8.42501293965981e-10
"log(Species)"	0.688688677188206	0.0561508348550108	12.2649766288693	1.21980916672114e-24
"log(Species):Lakeweb"	-0.0244664797293061	0.0828677284730508	-0.295247380133785	0.768197496915856
"log(Species):Stream"	-0.281380127555628	0.0845763110286845	-3.32693781666827	0.00109509146336051
"log(Species):Latitude"	-0.00176891481455969	0.00107543649120439	-1.64483428731218	0.102017554429223
"log(Species):Lakeweb:Latitude"	0.00310315489327065	0.00188300187491804	1.64798290145394	0.101368821622307
"log(Species):Stream:Latitude"	0.00845501413309252	0.00190091255816481	4.44787115366065	1.64036385094343e-05
