"Estimate"	"Std. Error"	"t value"	"Pr(>|t|)"
"(Intercept)"	-1.00727562998085	0.136303767929822	-7.38993239350113	4.60325621401679e-12
"log(Species)"	0.632599569834658	0.05495841811362	11.5105127030191	1.41420070985077e-23
"log(Species):Lakeweb"	-0.0845623598269816	0.0648791692789485	-1.30338228381756	0.19402978497157
"log(Species):Terr"	-0.0583375030854526	0.0260001136802794	-2.24374030832413	0.0260094566928852
"log(Species):Latitude"	-0.000745236460761328	0.000930603640756875	-0.800809741250544	0.424247325920378
"log(Species):Lakeweb:Latitude"	0.00358997362821267	0.00154389015818341	2.32527787626858	0.0211187112241997
