"Estimate"	"Std. Error"	"t value"	"Pr(>|t|)"
"(Intercept)"	-0.497914913703644	0.129742220484199	-3.83772461921357	0.000178435668741637
"log(Species)"	0.668064901427863	0.0364628795185629	18.3217812265144	3.94020411343271e-41
"log(Species):Lakeweb"	0.0564558765560759	0.0250153129823492	2.25685269642283	0.0253708969498937
