"Estimate"	"Std. Error"	"t value"	"Pr(>|t|)"
"(Intercept)"	-1.00709985135776	0.135864993678561	-7.41250431101059	4.03489528913284e-12
"log(Species)"	0.638252569292944	0.0537147850616994	11.8822512006669	1.11515681048367e-24
"log(Species):Lakeweb"	-0.0902771071237682	0.0645602879920344	-1.398338048537	0.163650221677755
"log(Species):Terr"	-0.0608527642351722	0.025707697334762	-2.36710287361626	0.0189386447461477
"log(Species):Latitude"	-0.000862117151466205	0.000912602909040548	-0.944679381279399	0.34602868017513
"log(Species):Lakeweb:Latitude"	0.00370701157171245	0.00153394885919797	2.41664612837919	0.0166148702492267
