"Estimate"	"Std. Error"	"t value"	"Pr(>|t|)"
"(Intercept)"	-0.863238648385061	0.140437063644573	-6.14680075175739	3.79245718279832e-09
"log(Species)"	0.660295573426701	0.0611830803379776	10.7921270027466	5.59874021013352e-22
"log(Species):Lakeweb"	-0.0827695745718319	0.0736601012549698	-1.12366903061035	0.262406540931724
"log(Species):Stream"	-0.158107655009382	0.0860930902468305	-1.83647322399608	0.0676684083355797
"log(Species):Marine"	0.119183408915895	0.0367643322481548	3.2418216686603	0.001376596087007
"log(Species):Terr"	-0.0588772054656864	0.0353394378853794	-1.66604816003723	0.0971600752677796
"log(Species):Latitude"	-0.00106888753248095	0.00106426454625266	-1.00434383184573	0.316341917471172
"log(Species):Lakeweb:Latitude"	0.00469869936283152	0.00166854231958202	2.8160504577484	0.00531399858350348
"log(Species):Stream:Latitude"	0.00507311614814349	0.00188127051000149	2.69664363586896	0.00755916338271092
