"Estimate"	"Std. Error"	"t value"	"Pr(>|t|)"
"(Intercept)"	-0.495689316152451	0.143929162808471	-3.44398109792436	0.000687870339712712
"log(Species)"	0.68769477001394	0.0531877852943138	12.9295620452815	9.90834083352872e-29
"log(Species):Latitude"	-0.00112497277665382	0.000896399388101202	-1.25499056735948	0.210832065218809
"log(Species):Lakeweb"	-0.0658561078116563	0.0677815461223181	-0.971593473138144	0.332334571032601
"log(Species):Marine"	0.123954274685603	0.0284272990016188	4.36039578288968	2.00543630727984e-05
"log(Species):Terr"	-0.0521715428041566	0.0266416052404923	-1.95827324717137	0.0514793952182414
"log(Species):Latitude:Lakeweb"	0.00355459151381834	0.00161513583145592	2.20080035659549	0.0288045916913804
