"Estimate"	"Std. Error"	"t value"	"Pr(>|t|)"
"(Intercept)"	-0.844140438225862	0.140512711055302	-6.00757349200695	7.95290521418491e-09
"log(Species)"	0.655790311126657	0.0611063410542425	10.7319518696845	8.55881004156255e-22
"log(Species):Lakeweb"	-0.0915806354131795	0.0739192099448287	-1.23892876400509	0.216722723763901
"log(Species):Stream"	-0.158346834212601	0.085921087365886	-1.84293331319583	0.0667154547973205
"log(Species):Marine"	0.118054517255133	0.0366956049985886	3.21712960611151	0.0014947039221098
"log(Species):Terr"	-0.0592780936972587	0.0352694215673196	-1.68072202670274	0.0942691101332808
"log(Species):Latitude"	-0.00107694181946149	0.00106214552895214	-1.01393056799283	0.311755556410146
"log(Species):Lakeweb:Latitude"	0.00497814534806882	0.00168839806635785	2.94844293372563	0.0035467233278499
"log(Species):Stream:Latitude"	0.00507888616161363	0.0018775124108897	2.70511456124377	0.00737535151032447
