"Estimate"	"Std. Error"	"t value"	"Pr(>|t|)"
"(Intercept)"	-0.828166550842078	0.12680493800407	-6.53102760726475	8.7354963831593e-10
"log(Species)"	0.691761101316301	0.0559232642962832	12.3698269409191	6.31133265399739e-25
"log(Species):Lakeweb"	-0.0295201426381141	0.0826485288994838	-0.357176867286	0.721442120735903
"log(Species):Stream"	-0.286307042270716	0.0841702544014574	-3.40152283376916	0.000851316553240079
"log(Species):Latitude"	-0.0018390389234748	0.00107282980783562	-1.71419446965681	0.088479082119049
"log(Species):Lakeweb:Latitude"	0.00317682573308073	0.00187642367365891	1.69302155887114	0.0924473932968676
"log(Species):Stream:Latitude"	0.00853055599468716	0.00189259884426085	4.50732389515896	1.28188722553702e-05
