"Estimate"	"Std. Error"	"t value"	"Pr(>|t|)"
"(Intercept)"	-0.828166550842081	0.12680493800407	-6.53102760726477	8.73549638315825e-10
"log(Species)"	0.691761101316302	0.0559232642962833	12.3698269409191	6.31133265399694e-25
"log(Species):Lakeweb"	-0.029520142638115	0.0826485288994839	-0.35717686728601	0.721442120735895
"log(Species):Stream"	-0.286307042270717	0.0841702544014574	-3.40152283376916	0.000851316553240073
"log(Species):Latitude"	-0.0018390389234748	0.00107282980783562	-1.71419446965681	0.0884790821190485
"log(Species):Lakeweb:Latitude"	0.00317682573308075	0.00187642367365891	1.69302155887115	0.0924473932968656
"log(Species):Stream:Latitude"	0.00853055599468717	0.00189259884426085	4.50732389515897	1.28188722553701e-05
