"Estimate"	"Std. Error"	"t value"	"Pr(>|t|)"
"(Intercept)"	-0.483441509004386	0.129950430746423	-3.72019935776699	0.000276736161829283
"log(Species)"	0.719282516472517	0.0534330453748826	13.4613797777402	5.93716692229655e-28
"log(Species):Lakeweb"	-0.0214591678089849	0.0836710174272617	-0.256470740631786	0.797923135612483
"log(Species):Terr"	-0.0252430293707714	0.0279787714276022	-0.902220793936227	0.368321661121084
"log(Species):Latitude"	-0.00119326861952141	0.00093706871278103	-1.27340567798922	0.204756268815088
"log(Species):Lakeweb:Latitude"	0.00177009267758259	0.00186577209243236	0.948718594710549	0.344221802743463
