"Estimate"	"Std. Error"	"t value"	"Pr(>|t|)"
"(Intercept)"	-0.32268316716011	0.136037085948561	-2.37202351777899	0.0186956776355615
"log(Species)"	0.63723600235491	0.0536344886468811	11.8810865626098	1.12408676886871e-24
"log(Species):Lakeweb"	-0.086331904538522	0.064557529358282	-1.33728637692122	0.182736357673593
"log(Species):Terr"	-0.0598352534781738	0.0256741398091543	-2.33056507142799	0.0208314737026701
"log(Species):Latitude"	-0.000808263429169148	0.000912898974519507	-0.885381024329189	0.377076212386378
"log(Species):Lakeweb:Latitude"	0.00358791014146656	0.00153312457954762	2.34026000843666	0.0203136840473488
