"Estimate"	"Std. Error"	"t value"	"Pr(>|t|)"
"(Intercept)"	-1.19758045275539	0.1462157832096	-8.19050054971606	2.22476347140691e-14
"log(Species)"	0.693089646403784	0.0540053456611141	12.8337229938857	2.00273636513719e-28
"log(Species):Lakeweb"	-0.0665916778655573	0.0688255916191922	-0.967542396642299	0.334350060368285
"log(Species):Marine"	0.126308778544036	0.0288559301540459	4.37722083016362	1.8684006951353e-05
"log(Species):Terr"	-0.0523988964437051	0.0270414566243086	-1.93772462673485	0.053954491888869
"log(Species):Latitude"	-0.00116125824808572	0.000909844911290685	-1.27632548544827	0.203204776094507
"log(Species):Lakeweb:Latitude"	0.00374281437760326	0.0016403893487373	2.28166220445427	0.0234791854310355
