"Estimate"	"Std. Error"	"t value"	"Pr(>|t|)"
"(Intercept)"	-1.48039638451863	0.12068435843345	-12.2666798227624	1.19567946531804e-26
"log(Species)"	0.76974589445659	0.0483246045396859	15.9286537735544	2.11429758288234e-38
"log(Species):Lakeweb"	-0.0452496766616775	0.0613285402551351	-0.737824126800226	0.461414792176026
"log(Species):Marine"	0.125469420205182	0.0251884519703435	4.98122791956043	1.28472044625291e-06
"log(Species):Latitude"	-0.000833003097952891	0.000825075148122817	-1.00960876090876	0.313802047342705
"log(Species):Lakeweb:Latitude"	0.00421630831371364	0.00149509663569566	2.82009083095275	0.00524362978851303
