"Estimate"	"Std. Error"	"t value"	"Pr(>|t|)"
"(Intercept)"	-1.09508106773933	0.116047278199451	-9.43650798821152	6.39981249460107e-18
"log(Species)"	0.716984720157124	0.0517591707241945	13.8523224024912	1.19801401174964e-31
"log(Species):Lakeweb"	-0.0513036243988828	0.0629205675287277	-0.815371291358092	0.415757975198905
"log(Species):Stream"	-0.131563507408102	0.0763915474646655	-1.72222597623062	0.0864600349020406
"log(Species):Marine"	0.133093506181586	0.0273319265870332	4.86952523298258	2.16000544387818e-06
"log(Species):Latitude"	-0.00104058555543508	0.000965719744192812	-1.077523330855	0.282448446837339
"log(Species):Lakeweb:Latitude"	0.0049162222425145	0.00153549908641345	3.20170964998592	0.00157216207946826
"log(Species):Stream:Latitude"	0.00499280640903729	0.00173362547442633	2.87997983571939	0.00437737791455304
