"Estimate"	"Std. Error"	"t value"	"Pr(>|t|)"
"(Intercept)"	-1.20359408863675	0.146017923226909	-8.24278322851083	1.59571674618834e-14
"log(Species)"	0.694830068120466	0.0539687366515494	12.8746772896808	1.48271551216381e-28
"log(Species):Lakeweb"	-0.064111763414527	0.0687717717440408	-0.932239519044852	0.352248806426377
"log(Species):Marine"	0.131514056499071	0.0290897980244903	4.5209683610849	1.01210830958962e-05
"log(Species):Terr"	-0.0523105059506216	0.027038233079948	-1.93468655277685	0.0543287829502447
"log(Species):Latitude"	-0.00116623852644157	0.000909768003770635	-1.28190760898159	0.201242961271586
"log(Species):Lakeweb:Latitude"	0.00359002193155518	0.00163477955264062	2.1960281591217	0.0291492705489661
