"Estimate"	"Std. Error"	"t value"	"Pr(>|t|)"
"(Intercept)"	-0.625368087837774	0.136048446869671	-4.59665731014814	7.8614392044252e-06
"log(Species)"	0.55194966194862	0.056222308488063	9.81727141399413	1.25715074450732e-18
"log(Species):Lakeweb"	-0.0662285020582652	0.0649892321281246	-1.0190688501704	0.309479895904294
"log(Species):Stream"	-0.191657045065276	0.0895995431810651	-2.13904042655632	0.0337224764028087
"log(Species):Latitude"	-0.000646067945485809	0.00103529609077836	-0.624041712550158	0.533356681399151
"log(Species):Lakeweb:Latitude"	0.00472901821536484	0.00159588136552898	2.96326426106075	0.00343755630548225
"log(Species):Stream:Latitude"	0.00668550967514584	0.00201488137194871	3.31806614931373	0.00108830055379131
