"Estimate"	"Std. Error"	"t value"	"Pr(>|t|)"
"(Intercept)"	-1.22985238771653	0.1424288013401	-8.63485738941117	1.4179138710065e-15
"log(Species)"	0.733993631746053	0.053648422445912	13.6815510742382	5.85592684733998e-31
"log(Species):Lakeweb"	-0.092241791077712	0.0675669050465647	-1.36519189408102	0.173639686688849
"log(Species):Marine"	0.0965865256317925	0.0285701115070726	3.38068423736751	0.000860725999083126
"log(Species):Terr"	-0.0794281395033151	0.0267602484823652	-2.96813908718589	0.00334055774652207
"log(Species):Latitude"	-0.00146824367143129	0.000900548431617344	-1.63038834990184	0.104504225239482
"log(Species):Lakeweb:Latitude"	0.00377476755328869	0.00159838993827367	2.36160617813048	0.0191020992682443
