"Estimate"	"Std. Error"	"t value"	"Pr(>|t|)"
"(Intercept)"	-0.833359766972667	0.126770195322736	-6.57378309508062	6.97868204394047e-10
"log(Species)"	0.688564910752463	0.0559132982235752	12.3148684235933	8.9149984085676e-25
"log(Species):Lakeweb"	0.0138313932259632	0.090549425338831	0.152749652183953	0.87879309527776
"log(Species):Stream"	-0.281922322362684	0.0841475012121583	-3.35033504621703	0.00101236524168637
"log(Species):Latitude"	-0.00176930358519263	0.00107182852338197	-1.6507338129143	0.100804749375854
"log(Species):Lakeweb:Latitude"	0.00227772806855765	0.00204044198535082	1.11629151179519	0.266013840847354
"log(Species):Stream:Latitude"	0.00846400480376214	0.00189312272736268	4.47092239791204	1.49119859348881e-05
