"Estimate"	"Std. Error"	"t value"	"Pr(>|t|)"
"(Intercept)"	-0.857203464388017	0.141886650327237	-6.04146663841192	6.64787929642831e-09
"log(Species)"	0.658070017779003	0.0615401553624605	10.6933434584799	1.12336311005652e-21
"log(Species):Lakeweb"	-0.0867789546060634	0.0748594230538142	-1.15922553321952	0.247650101852639
"log(Species):Stream"	-0.157381380037554	0.0867364030601069	-1.81447897866471	0.0709977742181194
"log(Species):Marine"	0.119257032527008	0.0372290347371804	3.20333399372042	0.00156471830710342
"log(Species):Terr"	-0.0585308482250214	0.0357870650444443	-1.6355308308276	0.103400943577363
"log(Species):Latitude"	-0.00106272916977965	0.0010715674711703	-0.991751987972353	0.322433356814073
"log(Species):Lakeweb:Latitude"	0.00477134406735393	0.00169539610488375	2.81429457907189	0.00534205902971173
"log(Species):Stream:Latitude"	0.00506623593712133	0.00188956393658135	2.68116671737888	0.00790571205787983
