"Estimate"	"Std. Error"	"t value"	"Pr(>|t|)"
"(Intercept)"	-1.16948705090257	0.129907305013023	-9.00247334655531	6.95951317040154e-16
"log(Species)"	0.717818502355654	0.0533867017378155	13.4456424350936	6.55421498455798e-28
"log(Species):Lakeweb"	-0.0227690359649815	0.0835882145338793	-0.272395290316351	0.78567601219687
"log(Species):Terr"	-0.0251068778390468	0.0279457307076882	-0.898415507601654	0.370339826526021
"log(Species):Latitude"	-0.00119773675258003	0.000935965536509478	-1.27968040046301	0.202545363601664
"log(Species):Lakeweb:Latitude"	0.00189879462918782	0.00186492478837374	1.01816150497073	0.3101676252386
