"Estimate"	"Std. Error"	"t value"	"Pr(>|t|)"
"(Intercept)"	-0.501294853464391	0.143413797708374	-3.49544368446161	0.000573736346726107
"log(Species)"	0.689037639587823	0.0530484502574441	12.988836360797	6.40980509640737e-29
"log(Species):Latitude"	-0.00112315448648783	0.000894671005940178	-1.25538268148921	0.210690027644841
"log(Species):Lakeweb"	-0.062485053831158	0.0672299638579837	-0.929422689608329	0.35370280203379
"log(Species):Marine"	0.124288385558199	0.0283683282992899	4.38123756348766	1.837038986655e-05
"log(Species):Terr"	-0.0520537850962139	0.026589788044572	-1.95766077596997	0.0515517600136571
"log(Species):Latitude:Lakeweb"	0.00347300801858062	0.00158811806577087	2.18687016629008	0.0298207392852621
