"Estimate"	"Std. Error"	"t value"	"Pr(>|t|)"
"(Intercept)"	-1.09833704536998	0.116546295627513	-9.42404080246627	6.96194068735019e-18
"log(Species)"	0.716462067603094	0.0518495425174864	13.8180981512318	1.54185943599076e-31
"log(Species):Lakeweb"	-0.0489939813530731	0.0631790189989615	-0.775478665692458	0.43890504779666
"log(Species):Stream"	-0.130187346594192	0.0765959621250132	-1.69966331099428	0.0906338114002609
"log(Species):Marine"	0.133708143675933	0.0274265313034619	4.87513868219478	2.10541200299179e-06
"log(Species):Latitude"	-0.00101852024949299	0.00096919743242703	-1.05089037116251	0.294483235048804
"log(Species):Lakeweb:Latitude"	0.0048125125247277	0.00153484782786327	3.13549814995498	0.00195423977371895
"log(Species):Stream:Latitude"	0.00497086330362187	0.00173689079373524	2.86193197727295	0.00462470053115648
