"Estimate"	"Std. Error"	"t value"	"Pr(>|t|)"
"(Intercept)"	-0.315375738753558	0.135583230920493	-2.32606743925801	0.0210755969204353
"log(Species)"	0.636951262301886	0.0535905217669602	11.8855208216051	1.09046345795935e-24
"log(Species):Lakeweb"	-0.0886141313962578	0.064334195190191	-1.37740327883621	0.170016572703759
"log(Species):Terr"	-0.0606582175510185	0.0256406495752328	-2.36570518126071	0.0190081643535611
"log(Species):Latitude"	-0.00083142946338414	0.000909038343492056	-0.914625295331567	0.361553761663848
"log(Species):Lakeweb:Latitude"	0.0036176134526283	0.00152949177701699	2.3652389028752	0.0190314064804981
