"Estimate"	"Std. Error"	"t value"	"Pr(>|t|)"
"(Intercept)"	-0.884558383686489	0.137815845320532	-6.41840843213044	9.00958246082406e-10
"log(Species)"	0.703182003721422	0.0599711465379728	11.7253386722593	9.40821931751621e-25
"log(Species):Lakeweb"	-0.112259801322634	0.0720320992183936	-1.55846910670026	0.120627828621134
"log(Species):Stream"	-0.173688587700239	0.0858667404454276	-2.02276908147721	0.0443647892238981
"log(Species):Marine"	0.0889687260198712	0.0349105288412607	2.54847832367178	0.0115337988781755
"log(Species):Terr"	-0.0952015310836773	0.0332257266144226	-2.86529568452996	0.00458969703399964
"log(Species):Latitude"	-0.00124086144654868	0.00105589516485585	-1.17517485433137	0.241255482422369
"log(Species):Lakeweb:Latitude"	0.00460146548894025	0.00165351688560512	2.78283549989651	0.00587982641152341
"log(Species):Stream:Latitude"	0.00506069412884389	0.00188845901270708	2.67980088251397	0.00795077980419857
