"Estimate"	"Std. Error"	"t value"	"Pr(>|t|)"
"(Intercept)"	-0.869506470455725	0.140339465842688	-6.19573735181796	2.91564309856537e-09
"log(Species)"	0.662243626618452	0.0611821058997625	10.8241391315205	4.46596687566898e-22
"log(Species):Lakeweb"	-0.0805974843017794	0.0736581231610074	-1.09421039856804	0.275087072996985
"log(Species):Stream"	-0.158498634793769	0.0861219260816841	-1.84039816577532	0.0670880894907176
"log(Species):Marine"	0.124951653591115	0.036950983294365	3.38155151638875	0.000856135341609366
"log(Species):Terr"	-0.0587862880282932	0.0353507852534678	-1.66294150488571	0.0977811954080501
"log(Species):Latitude"	-0.00107759498345013	0.00106464706295726	-1.0121617021672	0.312598456370035
"log(Species):Lakeweb:Latitude"	0.00454247234547005	0.00166512887659022	2.72800046250589	0.00689876444329609
"log(Species):Stream:Latitude"	0.00508257327250114	0.0018819041533211	2.70076096252385	0.0074693104634093
