"Estimate"	"Std. Error"	"t value"	"Pr(>|t|)"
"(Intercept)"	-0.875279850512607	0.141797167684298	-6.17275975822988	3.29930733556277e-09
"log(Species)"	0.662228700206057	0.0616049612602636	10.7496001402927	7.55762081071762e-22
"log(Species):Lakeweb"	-0.0786619360664094	0.0745679366968963	-1.054902945567	0.292653705986885
"log(Species):Stream"	-0.157049465919507	0.0868846683071149	-1.80756247309799	0.0720722958652259
"log(Species):Marine"	0.120382164015664	0.0372878503863939	3.2284554558176	0.00143940851633325
"log(Species):Terr"	-0.0580891523902754	0.0358475284147229	-1.62045069657906	0.106601223101032
"log(Species):Latitude"	-0.00105396034471844	0.00107339110343177	-0.981897782969122	0.327253830429016
"log(Species):Lakeweb:Latitude"	0.0045171590901411	0.00167559693968785	2.69585064471568	0.00757658058703308
"log(Species):Stream:Latitude"	0.00505962916859022	0.00189279457313585	2.67309999743278	0.00809196025485404
