"Estimate"	"Std. Error"	"t value"	"Pr(>|t|)"
"(Intercept)"	-0.494944072837519	0.143354640310407	-3.45258494434371	0.00066741542126872
"log(Species)"	0.690139815019079	0.0530016732958737	13.0210948466944	5.05661675236215e-29
"log(Species):Latitude"	-0.00118587035180809	0.000894340048645262	-1.32597254657715	0.18624282588495
"log(Species):Lakeweb"	-0.0679276614163252	0.0675538440509307	-1.00553362093077	0.315759896893636
"log(Species):Marine"	0.129201367700106	0.0285692546412109	4.52239196726311	1.00590743266951e-05
"log(Species):Terr"	-0.0525192311663428	0.0265477738588253	-1.97829134170072	0.0491609120794353
"log(Species):Latitude:Lakeweb"	0.00355421281983488	0.00160570201193558	2.21349465431041	0.027904877194951
