"Estimate"	"Std. Error"	"t value"	"Pr(>|t|)"
"(Intercept)"	-1.2281719068531	0.141816423941529	-8.66029386948496	1.20259197217149e-15
"log(Species)"	0.736196239527518	0.0534455474579532	13.7746973236021	2.96533712387604e-31
"log(Species):Lakeweb"	-0.0944618060599165	0.067314647217994	-1.40328754533925	0.161994064484254
"log(Species):Marine"	0.101743456760679	0.0287157921855631	3.54311857751328	0.000486304553390791
"log(Species):Terr"	-0.0797855058923041	0.0266595148515823	-2.99275910820143	0.00309266364179112
"log(Species):Latitude"	-0.00152921974087355	0.000898311672123684	-1.7023264734592	0.0901599634269484
"log(Species):Lakeweb:Latitude"	0.00379448733716609	0.00158817145327842	2.38921769392923	0.0177604869392977
