"Estimate"	"Std. Error"	"t value"	"Pr(>|t|)"
"(Intercept)"	-0.494803751998388	0.143464516805347	-3.4489625937941	0.000675956857315435
"log(Species)"	0.687777506499714	0.0530249886808602	12.9708185444266	7.31735020001012e-29
"log(Species):Latitude"	-0.00113207759317574	0.000893858946775286	-1.26650585896115	0.206689810790651
"log(Species):Lakeweb"	-0.0656140304674546	0.0675691640112864	-0.971064707216072	0.332597193016574
"log(Species):Marine"	0.128669045763003	0.0285811065198026	4.50189168406948	1.09883170230368e-05
"log(Species):Terr"	-0.052227465835633	0.0265654171649679	-1.9659945677234	0.0505744237911784
"log(Species):Latitude:Lakeweb"	0.00350051773853681	0.00160619226338666	2.17938899242109	0.0303791599731281
