"Estimate"	"Std. Error"	"t value"	"Pr(>|t|)"
"(Intercept)"	-1.00194903897221	0.135348276688053	-7.40274692437698	4.27153502542185e-12
"log(Species)"	0.63476941181821	0.0535383191695152	11.8563567490488	1.33150029364411e-24
"log(Species):Lakeweb"	-0.0903339591876867	0.0642304791979527	-1.40640331997657	0.161246450011053
"log(Species):Terr"	-0.0600542682231153	0.0255824899420545	-2.34747549433776	0.0199356968336668
"log(Species):Latitude"	-0.00082783317825958	0.000907529892590203	-0.912182821765618	0.362834528999068
"log(Species):Lakeweb:Latitude"	0.0038354894970933	0.00153207729187419	2.50345691920109	0.0131458166936091
