"Estimate"	"Std. Error"	"t value"	"Pr(>|t|)"
"(Intercept)"	-0.496298401781176	0.144026316617619	-3.44588692842029	0.000683289433663212
"log(Species)"	0.687840683333786	0.0532154434742895	12.9255839738723	1.02021600319199e-28
"log(Species):Latitude"	-0.0011247752051549	0.000896765444573412	-1.25425796897198	0.211097625055806
"log(Species):Lakeweb"	-0.0658078255077518	0.0678349949225138	-0.970116170612564	0.33306864044612
"log(Species):Marine"	0.123990578454461	0.0284395793192797	4.35978947024739	2.01055019901795e-05
"log(Species):Terr"	-0.0521587475048681	0.0266525571257819	-1.95698848927382	0.0516312908096469
"log(Species):Latitude:Lakeweb"	0.00353774231525524	0.00161736272215099	2.18735245149602	0.0297850467247161
