"Estimate"	"Std. Error"	"t value"	"Pr(>|t|)"
"(Intercept)"	-1.2037352712802	0.145905797850793	-8.250085253714	1.52321784126755e-14
"log(Species)"	0.697232454854606	0.0539448978625082	12.924900824387	1.02534856713738e-28
"log(Species):Lakeweb"	-0.0664651736165857	0.0687560409122211	-0.966681221529901	0.334779532266104
"log(Species):Marine"	0.132057449872473	0.0290776767560675	4.54154061138731	9.25970424498981e-06
"log(Species):Terr"	-0.0526072992392799	0.0270202214427594	-1.94696032934908	0.052829936476022
"log(Species):Latitude"	-0.00122095282162624	0.000910255838701516	-1.34132929415529	0.181215691293545
"log(Species):Lakeweb:Latitude"	0.0036446379495036	0.00163427729060457	2.23012212826829	0.0267633700412189
