"Estimate"	"Std. Error"	"t value"	"Pr(>|t|)"
"(Intercept)"	-0.322683167160108	0.136037085948561	-2.37202351777899	0.0186956776355619
"log(Species)"	0.637236002354909	0.0536344886468811	11.8810865626098	1.12408676886879e-24
"log(Species):Lakeweb"	-0.0863319045385215	0.0645575293582819	-1.33728637692121	0.182736357673595
"log(Species):Terr"	-0.0598352534781737	0.0256741398091543	-2.33056507142799	0.0208314737026701
"log(Species):Latitude"	-0.000808263429169143	0.000912898974519507	-0.885381024329185	0.377076212386381
"log(Species):Lakeweb:Latitude"	0.00358791014146655	0.00153312457954762	2.34026000843665	0.0203136840473491
