"Estimate"	"Std. Error"	"t value"	"Pr(>|t|)"
"(Intercept)"	-0.831360855897876	0.127060705463908	-6.54302093524916	8.20290673978805e-10
"log(Species)"	0.688057118354849	0.0560167937955431	12.2830507020128	1.08883535786417e-24
"log(Species):Lakeweb"	-0.0255396817270093	0.0827369804155793	-0.308685204593232	0.757972841416943
"log(Species):Stream"	-0.281872004564448	0.0842849263929953	-3.34427538383511	0.00103321131554714
"log(Species):Latitude"	-0.00177089864422972	0.00107358425711601	-1.64951994451457	0.101053340079641
"log(Species):Lakeweb:Latitude"	0.0031815955390098	0.00188285795223887	1.68976928675189	0.0930695414448438
"log(Species):Stream:Latitude"	0.00846437425861564	0.00189621286907977	4.46383124839954	1.53563645524633e-05
