"Estimate"	"Std. Error"	"t value"	"Pr(>|t|)"
"(Intercept)"	-1.01255698584609	0.135802732627318	-7.45608697451498	3.12658737328428e-12
"log(Species)"	0.637458426943733	0.0537685923428095	11.855590767181	1.3385013573848e-24
"log(Species):Lakeweb"	-0.0879515038799594	0.0661608197839139	-1.32935934239049	0.185331821839961
"log(Species):Terr"	-0.0600072447554223	0.0257093052877645	-2.33406714354047	0.0206431114645109
"log(Species):Latitude"	-0.000824191526220057	0.000912025616872304	-0.903693395199287	0.367308387563063
"log(Species):Lakeweb:Latitude"	0.0036730207961334	0.00157096395416299	2.33806815643354	0.0204297465691248
