"Estimate"	"Std. Error"	"t value"	"Pr(>|t|)"
"(Intercept)"	-0.318930536581453	0.136115832775091	-2.34308184491979	0.0201651166554662
"log(Species)"	0.637057080921709	0.0537405299584334	11.8543133351021	1.35025891586663e-24
"log(Species):Lakeweb"	-0.087555781271529	0.0643939466308114	-1.35968962693824	0.17554803647205
"log(Species):Terr"	-0.0600889179233419	0.0256453387790899	-2.34307366500207	0.0201655459366432
"log(Species):Latitude"	-0.000823782424800706	0.000909765488107554	-0.905488761190859	0.366359366877323
"log(Species):Lakeweb:Latitude"	0.0036154600966323	0.00153454010420494	2.35605448611296	0.0194943460168697
