"Estimate"	"Std. Error"	"t value"	"Pr(>|t|)"
"(Intercept)"	-0.837670798760103	0.127784313660727	-6.55534920337841	7.68878004447227e-10
"log(Species)"	0.689660061604915	0.0561826634452841	12.2753180307404	1.14305488422314e-24
"log(Species):Lakeweb"	-0.0240096786406529	0.0828697793368102	-0.289727797428658	0.772409213475001
"log(Species):Stream"	-0.282030842261546	0.0844202270818374	-3.34079701050962	0.00104535788580854
"log(Species):Latitude"	-0.00176586353710921	0.00107534060908563	-1.64214344942365	0.102574608407243
"log(Species):Lakeweb:Latitude"	0.00308267680863802	0.00188476493919823	1.63557626976517	0.103944397991491
"log(Species):Stream:Latitude"	0.00846320800412581	0.00189924680390551	4.45608647950467	1.58562618367478e-05
