"Estimate"	"Std. Error"	"t value"	"Pr(>|t|)"
"(Intercept)"	-1.00194903897221	0.135348276688053	-7.40274692437699	4.27153502542161e-12
"log(Species)"	0.63476941181821	0.0535383191695152	11.8563567490488	1.33150029364407e-24
"log(Species):Lakeweb"	-0.0903339591876863	0.0642304791979527	-1.40640331997656	0.161246450011055
"log(Species):Terr"	-0.0600542682231152	0.0255824899420545	-2.34747549433776	0.019935696833667
"log(Species):Latitude"	-0.000827833178259579	0.000907529892590203	-0.912182821765617	0.362834528999068
"log(Species):Lakeweb:Latitude"	0.00383548949709329	0.00153207729187419	2.50345691920108	0.0131458166936094
