"Estimate"	"Std. Error"	"t value"	"Pr(>|t|)"
"(Intercept)"	-0.832511845409486	0.12709048603658	-6.55054419392075	7.88527620715214e-10
"log(Species)"	0.688349509412711	0.0560396769888422	12.2832526238466	1.08745453060083e-24
"log(Species):Lakeweb"	-0.0244187835337661	0.0827626302870974	-0.295046006259819	0.768351034684685
"log(Species):Stream"	-0.281900977968392	0.0843266196692326	-3.34296547251788	0.00103776999775761
"log(Species):Latitude"	-0.00176998019605799	0.00107411323501109	-1.64785251532602	0.101395620068006
"log(Species):Lakeweb:Latitude"	0.00314845146288744	0.00188216591987902	1.67278103892659	0.0963746849644625
"log(Species):Stream:Latitude"	0.00846416152345861	0.00189715150575095	4.46151058457939	1.55045411419033e-05
