"Estimate"	"Std. Error"	"t value"	"Pr(>|t|)"
"(Intercept)"	-0.625368087837776	0.136048446869671	-4.59665731014816	7.8614392044248e-06
"log(Species)"	0.551949661948621	0.056222308488063	9.81727141399414	1.25715074450724e-18
"log(Species):Lakeweb"	-0.0662285020582657	0.0649892321281247	-1.01906885017041	0.309479895904292
"log(Species):Stream"	-0.191657045065277	0.0895995431810653	-2.13904042655632	0.0337224764028086
"log(Species):Latitude"	-0.000646067945485807	0.00103529609077836	-0.624041712550156	0.533356681399153
"log(Species):Lakeweb:Latitude"	0.00472901821536484	0.00159588136552898	2.96326426106075	0.00343755630548226
"log(Species):Stream:Latitude"	0.00668550967514584	0.00201488137194872	3.31806614931373	0.00108830055379132
