"Estimate"	"Std. Error"	"t value"	"Pr(>|t|)"
"(Intercept)"	-0.891446578244453	0.139262447869376	-6.40119854191134	9.90143316557847e-10
"log(Species)"	0.700438462397637	0.0604014303519356	11.5963886668984	2.35901751975717e-24
"log(Species):Lakeweb"	-0.107029671518168	0.0724647702867453	-1.47698904025568	0.141176625500232
"log(Species):Stream"	-0.169199247706515	0.0863733942231468	-1.95892785305375	0.0514449183358712
"log(Species):Marine"	0.0827312686603432	0.0349257403858109	2.36877637371301	0.018754020234376
"log(Species):Terr"	-0.0947436919363298	0.0334377554691846	-2.83343455943516	0.00505400238728421
"log(Species):Latitude"	-0.001130627671527	0.00106057972545554	-1.06604684625794	0.287626559998606
"log(Species):Lakeweb:Latitude"	0.00447235405426124	0.00166550456671197	2.68528477414538	0.00782581842696303
"log(Species):Stream:Latitude"	0.00495083993620884	0.00189938707192211	2.60654608499508	0.00980143051015101
