"Estimate"	"Std. Error"	"t value"	"Pr(>|t|)"
"(Intercept)"	-0.626949664008477	0.136082751721039	-4.60712071206264	7.51442792064051e-06
"log(Species)"	0.552362049720181	0.0562471822102272	9.82026170939007	1.23274602344045e-18
"log(Species):Lakeweb"	-0.0654754474625571	0.0650090573137795	-1.00717423337684	0.315145598273045
"log(Species):Stream"	-0.191706364270157	0.0896503941384853	-2.13837726105278	0.033776977733995
"log(Species):Latitude"	-0.000645050078921821	0.00103588205174744	-0.622706106195852	0.534232264504379
"log(Species):Lakeweb:Latitude"	0.00469860009670384	0.00159545674722144	2.94498744944773	0.0036375919259388
"log(Species):Stream:Latitude"	0.0066853693289282	0.00201602629425515	3.31611216975631	0.0010955107805181
