"Estimate"	"Std. Error"	"t value"	"Pr(>|t|)"
"(Intercept)"	-1.48447340315941	0.121340972328814	-12.2339006740175	1.5190684342833e-26
"log(Species)"	0.770823632065686	0.0485888168923825	15.8642189986423	3.40402441277499e-38
"log(Species):Latitude"	-0.000832596827156015	0.000829603211222304	-1.00360849125608	0.316680034092753
"log(Species):Lakeweb"	-0.0422031360705737	0.0637540500201969	-0.661967922935154	0.508690916471445
"log(Species):Marine"	0.125662454295721	0.02532662666212	4.96167357667373	1.40652479338252e-06
"log(Species):Latitude:Lakeweb"	0.00401805114412191	0.00154544962542052	2.59992372318741	0.00996182654209648
