"Estimate"	"Std. Error"	"t value"	"Pr(>|t|)"
"(Intercept)"	-0.878921040837637	0.138130031305558	-6.36299747803119	1.22023509128429e-09
"log(Species)"	0.69738336915564	0.0600352589995493	11.6162298751951	2.04814865408541e-24
"log(Species):Lakeweb"	-0.110392484628317	0.0720911300348311	-1.53129080616409	0.127202550718214
"log(Species):Stream"	-0.169318726024755	0.0859322506542264	-1.97037462344677	0.0501095207139744
"log(Species):Marine"	0.0821026717201203	0.0347431613899618	2.36313186352241	0.0190343854730215
"log(Species):Terr"	-0.0949151387975178	0.033266671125525	-2.85316010247538	0.00476175417144151
"log(Species):Latitude"	-0.00113565373259289	0.00105515478441202	-1.07629112749152	0.283031994799185
"log(Species):Lakeweb:Latitude"	0.00466077270161896	0.00165820677930349	2.81073070004976	0.00541053133595047
"log(Species):Stream:Latitude"	0.00495517576221491	0.00188968380191536	2.62222481729081	0.00937559498652056
