"Estimate"	"Std. Error"	"t value"	"Pr(>|t|)"
"(Intercept)"	-0.630293670508113	0.136144464663692	-4.62959454183528	6.81830489676803e-06
"log(Species)"	0.553233982045676	0.0562963247775932	9.82717760406753	1.1780946609836e-18
"log(Species):Lakeweb"	-0.0623341826223843	0.0666275708592929	-0.935561387252499	0.35069923720598
"log(Species):Stream"	-0.191810642359779	0.089753472547996	-2.13708324496534	0.0338835432803718
"log(Species):Latitude"	-0.000642897952158147	0.00103706954393232	-0.619917879104258	0.536062496235048
"log(Species):Lakeweb:Latitude"	0.00456916232404292	0.00162668763445621	2.80887505828393	0.00549687771603486
"log(Species):Stream:Latitude"	0.00668507258782097	0.00201834738562886	3.31215163228113	0.00111026205138672
