"Estimate"	"Std. Error"	"t value"	"Pr(>|t|)"
"(Intercept)"	-0.851310509403683	0.140151814370493	-6.07420255832887	5.5875759481835e-09
"log(Species)"	0.661982609936348	0.0610362979510884	10.845720205161	3.83429011815566e-22
"log(Species):Lakeweb"	-0.0927358242452443	0.0738394839190932	-1.25591105629687	0.2105112892571
"log(Species):Stream"	-0.162757919861799	0.085852211209665	-1.89579182141643	0.0593287732192807
"log(Species):Marine"	0.125096726734191	0.0368375453845969	3.39590288734325	0.000814661494230269
"log(Species):Terr"	-0.0595172973678188	0.0352246745848067	-1.68964789793942	0.0925448182573947
"log(Species):Latitude"	-0.00118273831533159	0.0010627771960302	-1.11287513483493	0.267004779295475
"log(Species):Lakeweb:Latitude"	0.00489545529879208	0.001682611227753	2.90943933931168	0.00400129663698574
"log(Species):Stream:Latitude"	0.00518554024589241	0.00187621322783974	2.76383311286159	0.00620832404239718
