"Estimate"	"Std. Error"	"t value"	"Pr(>|t|)"
"(Intercept)"	-1.2323699692956	0.142980859077249	-8.61912550567191	1.5697937989584e-15
"log(Species)"	0.734610157856619	0.0537448520671193	13.6684748325142	6.44279199642425e-31
"log(Species):Lakeweb"	-0.0914178531820629	0.0675896768264628	-1.35254165242984	0.177642964244603
"log(Species):Marine"	0.0967235426085191	0.028585497163524	3.38365787571264	0.000851934989700357
"log(Species):Terr"	-0.0793845583876167	0.0267683697072846	-2.96561050432643	0.00336702341406468
"log(Species):Latitude"	-0.00146754013147389	0.000900800486837596	-1.6291511304861	0.104766030734172
"log(Species):Lakeweb:Latitude"	0.00372642019454113	0.00159694109248755	2.33347379691788	0.0205599981885961
