"Estimate"	"Std. Error"	"t value"	"Pr(>|t|)"
"(Intercept)"	-0.830229139019952	0.127052763259247	-6.53452249067498	8.57687865418214e-10
"log(Species)"	0.688791501894706	0.0559826787197151	12.3036538737854	9.56598077272764e-25
"log(Species):Lakeweb"	-0.0258311456820661	0.0827104095399166	-0.312308279281338	0.755223310022496
"log(Species):Stream"	-0.282865394986535	0.0842606428086513	-3.35702868572814	0.000989795414421158
"log(Species):Latitude"	-0.00176493012828464	0.00107318296022745	-1.6445752436384	0.102071075359842
"log(Species):Lakeweb:Latitude"	0.00310142910247869	0.00187904262447937	1.65053685428664	0.100845051484128
"log(Species):Stream:Latitude"	0.00845771184639986	0.00189551864196661	4.46195128823684	1.54762963513338e-05
