"Estimate"	"Std. Error"	"t value"	"Pr(>|t|)"
"(Intercept)"	-0.478936113179689	0.129965630839239	-3.68509820701836	0.0003142773183679
"log(Species)"	0.721330661329871	0.0533835768704363	13.5122204920919	4.31401943584658e-28
"log(Species):Lakeweb"	-0.0252498957044814	0.0836832989877841	-0.301731600091045	0.763255977151793
"log(Species):Terr"	-0.0264020356342711	0.0279751538469974	-0.943767307900071	0.346738642855196
"log(Species):Latitude"	-0.00124955406695555	0.000938231712721323	-1.33181819588174	0.184850189945096
"log(Species):Lakeweb:Latitude"	0.00178654721692176	0.00186319075785051	0.958864361791294	0.339101378114593
