"Estimate"	"Std. Error"	"t value"	"Pr(>|t|)"
"(Intercept)"	-1.17672730690633	0.130532957649463	-9.01479080912533	6.46296877759804e-16
"log(Species)"	0.719627703997706	0.0536641333597824	13.4098448804359	8.20756142774953e-28
"log(Species):Lakeweb"	-0.0211419553036924	0.0840417490690879	-0.251564913128025	0.801706364288244
"log(Species):Terr"	-0.0251230931189646	0.0280971882777929	-0.894149723117349	0.372610447308746
"log(Species):Latitude"	-0.00119426794495761	0.000941035755831862	-1.26909943384871	0.20628379778098
"log(Species):Lakeweb:Latitude"	0.00179672210429321	0.00187541664979677	0.958038900042778	0.339516123977242
