"Estimate"	"Std. Error"	"t value"	"Pr(>|t|)"
"(Intercept)"	-1.0110668160845	0.136451646405517	-7.40970770759144	4.1013626776447e-12
"log(Species)"	0.637080682873542	0.053873114111933	11.8255774401656	1.643781401354e-24
"log(Species):Lakeweb"	-0.0878094650786042	0.0645528140054195	-1.36027323411853	0.17536366258454
"log(Species):Terr"	-0.0600138504587194	0.0257086088200788	-2.33438732055574	0.020625965353256
"log(Species):Latitude"	-0.000824703093615338	0.000912009985644463	-0.904269806906303	0.367003531333515
"log(Species):Lakeweb:Latitude"	0.0036760763439895	0.00153832599356786	2.38966016264441	0.0178472635358942
