"Estimate"	"Std. Error"	"t value"	"Pr(>|t|)"
"(Intercept)"	-1.17163375304633	0.130424526477429	-8.98323179458957	7.81214799139479e-16
"log(Species)"	0.721537200311833	0.053572068938829	13.4685334093727	5.67624312607757e-28
"log(Species):Lakeweb"	-0.0244072455593867	0.0839787763431965	-0.290635879947113	0.77171337556025
"log(Species):Terr"	-0.0262838470714145	0.0280739313160498	-0.936236780503489	0.350589176208896
"log(Species):Latitude"	-0.00125097707922581	0.000941544515019897	-1.32864358431249	0.185893490955099
"log(Species):Lakeweb:Latitude"	0.00181898637404496	0.00186976949798644	0.972839901390963	0.332129340936957
