"Estimate"	"Std. Error"	"t value"	"Pr(>|t|)"
"(Intercept)"	-0.857540014147516	0.14171189339519	-6.05129176953487	6.31049572412976e-09
"log(Species)"	0.658951267244177	0.0614887553928317	10.7166141684663	9.53558850352984e-22
"log(Species):Lakeweb"	-0.0873698457406148	0.0743188540302995	-1.17560808600459	0.241051702026372
"log(Species):Stream"	-0.158179022681275	0.0863772439042443	-1.83125804357254	0.0684459219705731
"log(Species):Marine"	0.118846563702921	0.0368964479314012	3.22108415216238	0.00147517679260698
"log(Species):Terr"	-0.0589968248113122	0.0354574168744156	-1.66387825205286	0.0975935740211768
"log(Species):Latitude"	-0.0010712908171429	0.0010677937228113	-1.00327506545214	0.316855971611639
"log(Species):Lakeweb:Latitude"	0.00476604686545452	0.00169602835998125	2.81012215238383	0.00540927929002917
"log(Species):Stream:Latitude"	0.00507483783808396	0.0018874807136952	2.68868328097972	0.0077356552674627
