"Estimate"	"Std. Error"	"t value"	"Pr(>|t|)"
"(Intercept)"	-1.09077874874903	0.11539234958251	-9.45278220519361	5.73337594269881e-18
"log(Species)"	0.715836574377583	0.0514590296767961	13.9108059144063	7.78346080314409e-32
"log(Species):Lakeweb"	-0.0534238584855971	0.0625637597358427	-0.853910613926718	0.394100520301315
"log(Species):Stream"	-0.131543153404613	0.0759419586248807	-1.73215381571046	0.084673714587218
"log(Species):Marine"	0.132930348838726	0.0271712403525016	4.89231802134081	1.94649929039647e-06
"log(Species):Latitude"	-0.00104171377134728	0.000960036392475997	-1.08507737780714	0.279096949457572
"log(Species):Lakeweb:Latitude"	0.00503975428226913	0.0015271194056906	3.30017041463108	0.00113027922194543
"log(Species):Stream:Latitude"	0.00499377315404702	0.00172342260379139	2.89759061013888	0.00414774137187648
