"Estimate"	"Std. Error"	"t value"	"Pr(>|t|)"
"(Intercept)"	-0.627033573132578	0.136153767507973	-4.60533398824871	7.57261936962101e-06
"log(Species)"	0.552941822986069	0.0562514795825284	9.82981829259849	1.15786937120534e-18
"log(Species):Lakeweb"	-0.0655161453858968	0.0650350389604613	-1.00739764953055	0.315038550477485
"log(Species):Stream"	-0.192266875254541	0.0896817406795211	-2.1438798332607	0.0333270468086169
"log(Species):Latitude"	-0.000637281991624215	0.00103624494000342	-0.614991655951645	0.539303897539907
"log(Species):Lakeweb:Latitude"	0.00461972343400435	0.00159196803457901	2.9018945944012	0.00415216470769276
"log(Species):Stream:Latitude"	0.006677647797696	0.00201669976392989	3.31117597033057	0.00111392427849457
