"Estimate"	"Std. Error"	"t value"	"Pr(>|t|)"
"(Intercept)"	-0.507476613073016	0.143677951545417	-3.5320423740354	0.000503647651213875
"log(Species)"	0.690518549700366	0.0531701588700034	12.9869566759924	6.49897403842871e-29
"log(Species):Latitude"	-0.00112114928483108	0.000897014060222636	-1.24986812865878	0.212694003427094
"log(Species):Lakeweb"	-0.0606771007686356	0.0673857516426552	-0.900444074444767	0.368882181682864
"log(Species):Marine"	0.124656841422834	0.0284406758256335	4.38304779348742	1.82307077448249e-05
"log(Species):Terr"	-0.0519239224618126	0.0266592141864915	-1.94769140975367	0.0527417674986801
"log(Species):Latitude:Lakeweb"	0.00338886722350697	0.00159144097989948	2.12943317805039	0.0343449699210302
