"Estimate"	"Std. Error"	"t value"	"Pr(>|t|)"
"(Intercept)"	-1.01498977812515	0.136374140999254	-7.44268503315968	3.38194102653311e-12
"log(Species)"	0.637311131199949	0.0537673772276948	11.8531191971863	1.36134305533255e-24
"log(Species):Lakeweb"	-0.0865640810228685	0.0647174816329039	-1.33756875018538	0.182644406720579
"log(Species):Terr"	-0.0597619934085572	0.0257377518634299	-2.32195856598771	0.0213008114041611
"log(Species):Latitude"	-0.000809279467940898	0.000915160837216639	-0.884302993561474	0.37765622282868
"log(Species):Lakeweb:Latitude"	0.003647115504102	0.00153692315681994	2.37299795238188	0.0186478902495902
