"Estimate"	"Std. Error"	"t value"	"Pr(>|t|)"
"(Intercept)"	-1.22403906577845	0.147056182343356	-8.32361513996391	9.52628956142207e-15
"log(Species)"	0.698187315539612	0.0541282881110242	12.8987510949457	1.24246624115428e-28
"log(Species):Lakeweb"	-0.0564710203827268	0.0687950053721501	-0.820859306242421	0.412627254281854
"log(Species):Marine"	0.128172382431077	0.0290123375576787	4.41785782259911	1.57347498899063e-05
"log(Species):Terr"	-0.0514468736375941	0.0271865550290616	-1.89236457442287	0.0597736672393836
"log(Species):Latitude"	-0.0011303198724322	0.000916173328327179	-1.23374020775744	0.218634316611499
"log(Species):Lakeweb:Latitude"	0.00338833530123179	0.00161866881624953	2.09328509156221	0.0374854125930585
