"Estimate"	"Std. Error"	"t value"	"Pr(>|t|)"
"(Intercept)"	-0.500253306509455	0.129690473139037	-3.85728646369536	0.000165870544766093
"log(Species)"	0.668495996829495	0.0363960311303928	18.3672773120381	3.00868600480972e-41
"log(Species):Lakeweb"	0.0570355101083608	0.0249669262129273	2.28444261107437	0.0236598442213585
