"Estimate"	"Std. Error"	"t value"	"Pr(>|t|)"
"(Intercept)"	-0.625731030201664	0.136045640671923	-4.59941992342574	7.76834751040059e-06
"log(Species)"	0.554582937713726	0.0562267441090554	9.86333010209654	9.29321437249477e-19
"log(Species):Lakeweb"	-0.0676148197935786	0.0650712137814442	-1.03908957378108	0.300097613063017
"log(Species):Stream"	-0.194207003335919	0.0896560993928966	-2.16613264073483	0.0315598244355953
"log(Species):Latitude"	-0.00067924920632788	0.00103636976285845	-0.655412026354777	0.51300371359203
"log(Species):Lakeweb:Latitude"	0.00466285591279282	0.00159149666147074	2.9298559184433	0.00381121672456938
"log(Species):Stream:Latitude"	0.00671889231061328	0.00201548493666691	3.33363558733641	0.0010324098505797
