"Estimate"	"Std. Error"	"t value"	"Pr(>|t|)"
"(Intercept)"	-1.18140723482561	0.129074433661094	-9.15291434032233	2.49174655432769e-16
"log(Species)"	0.665743698311413	0.0362842360374597	18.3480147583678	3.37256752968943e-41
"log(Species):Lakeweb"	0.0625275328832023	0.0250444558242487	2.49666166923306	0.0135492398778333
