"Estimate"	"Std. Error"	"t value"	"Pr(>|t|)"
"(Intercept)"	-1.21541908039697	0.145669701602603	-8.34366424194862	8.37896176655339e-15
"log(Species)"	0.700028731923506	0.0539301060644352	12.9802958497267	6.82504387570516e-29
"log(Species):Lakeweb"	-0.0611800345818145	0.0683634659575793	-0.894922949339311	0.371819840994297
"log(Species):Marine"	0.132748380616991	0.0290919424294561	4.56306349907325	8.43416158052554e-06
"log(Species):Terr"	-0.0523615098152004	0.0270381674500703	-1.93657761428888	0.0540955485148885
"log(Species):Latitude"	-0.00121710022269947	0.000910881657296956	-1.33617821036294	0.18289050436813
"log(Species):Lakeweb:Latitude"	0.00347762192172324	0.00161111291700884	2.15852153192324	0.0319848279756709
