"Estimate"	"Std. Error"	"t value"	"Pr(>|t|)"
"(Intercept)"	-1.09061285106917	0.11578155761088	-9.41957314769	7.17510316923888e-18
"log(Species)"	0.716078831137346	0.0516218346319991	13.871626923803	1.03906975844112e-31
"log(Species):Lakeweb"	-0.0512122137568959	0.0627423846333031	-0.816229954538784	0.415267862170864
"log(Species):Stream"	-0.131828897883311	0.0761816094439254	-1.7304556683112	0.0849771137645238
"log(Species):Marine"	0.137289968583224	0.0274361482099333	5.00398115408625	1.16303884834575e-06
"log(Species):Latitude"	-0.00104899348443675	0.00096308340808628	-1.0892031527375	0.277278015253127
"log(Species):Lakeweb:Latitude"	0.00484087096219355	0.00152752477475868	3.16909489272168	0.00175076380713821
"log(Species):Stream:Latitude"	0.00500104664080875	0.0017288664842563	2.89267371792452	0.00421072208648487
