"Estimate"	"Std. Error"	"t value"	"Pr(>|t|)"
"(Intercept)"	-1.00982461033278	0.135861994372754	-7.43272329391989	3.58499833602163e-12
"log(Species)"	0.636765795356183	0.0537615740560363	11.8442550564549	1.44651121792239e-24
"log(Species):Lakeweb"	-0.0884572942873787	0.0645139934257504	-1.37113344857786	0.17195920755571
"log(Species):Terr"	-0.060019356974045	0.0256958338929257	-2.33576217935348	0.0205524811365988
"log(Species):Latitude"	-0.000825129536277902	0.000911549535720704	-0.90519440133939	0.366514858152036
"log(Species):Lakeweb:Latitude"	0.00372279105653683	0.00153934517489151	2.41842513119203	0.0165363387149856
