"Estimate"	"Std. Error"	"t value"	"Pr(>|t|)"
"(Intercept)"	-1.09444516724197	0.115995201037059	-9.43526247169745	6.45388007045718e-18
"log(Species)"	0.716815019473865	0.051734842298879	13.8555562870518	1.16978648920437e-31
"log(Species):Lakeweb"	-0.0520535446883693	0.0629046675449977	-0.827498923686923	0.40886760816391
"log(Species):Stream"	-0.131560499002409	0.0763547349678316	-1.72301690337654	0.0863166085259006
"log(Species):Marine"	0.133069390853153	0.0273187789766734	4.87098603370146	2.14566812866566e-06
"log(Species):Latitude"	-0.00104075231040172	0.000965254401428744	-1.07821555525799	0.282140189580085
"log(Species):Lakeweb:Latitude"	0.00494498126511394	0.00153605180205495	3.21928027329447	0.00148309542486995
"log(Species):Stream:Latitude"	0.00499294929793835	0.00173279006372686	2.88145078994715	0.00435776223215266
