"Estimate"	"Std. Error"	"t value"	"Pr(>|t|)"
"(Intercept)"	-0.869210321543267	0.140073855538524	-6.20537157488474	2.76811945774006e-09
"log(Species)"	0.666199037284439	0.0611023770469789	10.902997059709	2.55700181760864e-22
"log(Species):Lakeweb"	-0.0846514143894076	0.0735761365828306	-1.15052812394014	0.25120444289982
"log(Species):Stream"	-0.162527615767114	0.0860031875248035	-1.8897859538083	0.0601320625955419
"log(Species):Marine"	0.126145762650498	0.0368981274148207	3.41875784731096	0.000752468449122793
"log(Species):Terr"	-0.059141033520183	0.0352860852935721	-1.6760440561242	0.0951831014773277
"log(Species):Latitude"	-0.00117504114278524	0.00106463933322506	-1.10369878898401	0.270957582747089
"log(Species):Lakeweb:Latitude"	0.00464000461042696	0.00166331861892396	2.78960660792018	0.00575111756931071
"log(Species):Stream:Latitude"	0.00517998401044804	0.00187951224374885	2.75602568042659	0.00635318801483881
