"Estimate"	"Std. Error"	"t value"	"Pr(>|t|)"
"(Intercept)"	-0.50950990645037	0.143749212078001	-3.54443616827548	0.000481794017570343
"log(Species)"	0.691005648021059	0.0532003982100422	12.9887307477075	6.41478263728483e-29
"log(Species):Latitude"	-0.00112048973746803	0.000897570986930209	-1.24835779429572	0.213245265566122
"log(Species):Lakeweb"	-0.0591540603155648	0.0694362923019466	-0.851918475979837	0.395198541783251
"log(Species):Marine"	0.124778033270599	0.0284580204200663	4.38463503183855	1.81090710152466e-05
"log(Species):Terr"	-0.051881208275042	0.0266757322407589	-1.94488412939498	0.0530810046600585
"log(Species):Latitude:Lakeweb"	0.00331357113984764	0.00163487902051236	2.02679898529078	0.0439062273828596
