"Estimate"	"Std. Error"	"t value"	"Pr(>|t|)"
"(Intercept)"	-1.21941905919773	0.146897600291505	-8.30115030319019	1.09975196402066e-14
"log(Species)"	0.698321330450373	0.0542399278962338	12.8746729122931	1.48276316746516e-28
"log(Species):Lakeweb"	-0.0580985858691805	0.0686562002363215	-0.846224895482117	0.398359493768145
"log(Species):Marine"	0.127610440712833	0.0289760284100352	4.40400040015968	1.66863223583376e-05
"log(Species):Terr"	-0.0519401243231747	0.0271528350723335	-1.91288033771831	0.0570798256788781
"log(Species):Latitude"	-0.0011541743734947	0.000913587272615595	-1.26334331496356	0.207821462572386
"log(Species):Lakeweb:Latitude"	0.00340963769574462	0.00162029946225184	2.10432563558715	0.0365011234416349
