"Estimate"	"Std. Error"	"t value"	"Pr(>|t|)"
"(Intercept)"	-0.314783314340074	0.13552978387182	-2.32261356395127	0.0212647688790564
"log(Species)"	0.638176461310415	0.0535822584834238	11.9102195273803	9.20743283397922e-25
"log(Species):Lakeweb"	-0.090047438343987	0.0644010030940264	-1.39823036937043	0.16368249751132
"log(Species):Terr"	-0.0609260611484544	0.0256442706048737	-2.37581571678141	0.0185103094328498
"log(Species):Latitude"	-0.000861145571255854	0.000910351310328563	-0.945948626080464	0.345382583953565
"log(Species):Lakeweb:Latitude"	0.00364785954755504	0.00153016425886259	2.38396598693697	0.0181173898981418
