"Estimate"	"Std. Error"	"t value"	"Pr(>|t|)"
"(Intercept)"	-0.309751740398451	0.135028056814399	-2.29398058230383	0.0228912695858326
"log(Species)"	0.63473034210376	0.0534116531031299	11.8837426895998	1.10382405265159e-24
"log(Species):Lakeweb"	-0.0900771573820134	0.0640785165986733	-1.40573100257877	0.161445794682955
"log(Species):Terr"	-0.0601296061763002	0.0255219644451849	-2.35599443394901	0.0194974052867867
"log(Species):Latitude"	-0.000826933456969095	0.000905382771735372	-0.913352322116854	0.362220917684958
"log(Species):Lakeweb:Latitude"	0.00377426613337197	0.00152845255716137	2.46933809995484	0.0144237880860618
