"Estimate"	"Std. Error"	"t value"	"Pr(>|t|)"
"(Intercept)"	-0.317038480729386	0.135417409690909	-2.34119439629682	0.0202643830471783
"log(Species)"	0.636577462493654	0.0535951179985384	11.8775270260812	1.15182478560204e-24
"log(Species):Lakeweb"	-0.0881365070197219	0.0643038965440196	-1.37062467061211	0.172117577974945
"log(Species):Terr"	-0.0600973051285468	0.0256194199826269	-2.34577149558031	0.0200243991781025
"log(Species):Latitude"	-0.000824431957564632	0.000908838219322432	-0.907127297286499	0.365494592329713
"log(Species):Lakeweb:Latitude"	0.00367607319135825	0.00153337659577971	2.39737139687397	0.0174871221772332
