"Estimate"	"Std. Error"	"t value"	"Pr(>|t|)"
"(Intercept)"	-1.19309771052492	0.130146736476984	-9.16732714796815	2.28275168208431e-16
"log(Species)"	0.668700768796989	0.0365240758066874	18.3084925224734	4.26337800705144e-41
"log(Species):Lakeweb"	0.0592311830345347	0.0250547622182751	2.36406885519476	0.0192756156285617
