"Estimate"	"Std. Error"	"t value"	"Pr(>|t|)"
"(Intercept)"	-1.48444502353408	0.12158763278053	-12.2088487915014	1.8238940871078e-26
"log(Species)"	0.77081613006674	0.0486319250345107	15.8500024319363	3.78124601987062e-38
"log(Species):Lakeweb"	-0.0426738278683969	0.0616642022004583	-0.692035676220582	0.48965134315447
"log(Species):Marine"	0.125661110609158	0.0253293131357047	4.96109428376184	1.41029859564326e-06
"log(Species):Latitude"	-0.000832599655157065	0.000829604769206424	-1.00361001534924	0.316679300865283
"log(Species):Lakeweb:Latitude"	0.00402967115573951	0.00150137580248562	2.68398568104544	0.00783362112495864
