"Estimate"	"Std. Error"	"t value"	"Pr(>|t|)"
"(Intercept)"	-0.834924006853675	0.127687476605001	-6.53880888755046	8.38620526672088e-10
"log(Species)"	0.68897731165243	0.05614862569031	12.2705997374275	1.17745615980228e-24
"log(Species):Lakeweb"	-0.0243794611593534	0.0831006931155993	-0.293372536922643	0.769627327968891
"log(Species):Stream"	-0.281976728341356	0.0845735614231399	-3.33410020337874	0.00106911983148221
"log(Species):Latitude"	-0.00176832358171737	0.00108020865230258	-1.6370203830047	0.103641931406326
"log(Species):Lakeweb:Latitude"	0.00310189118206022	0.00188614382326203	1.64456768556259	0.102072637270167
"log(Species):Stream:Latitude"	0.00846398389194758	0.00190187155963895	4.45034463502591	1.62369488035346e-05
