"Estimate"	"Std. Error"	"t value"	"Pr(>|t|)"
"(Intercept)"	-0.851524491997208	0.141014459288283	-6.03856155102787	6.75097700290822e-09
"log(Species)"	0.657532207293902	0.0613509362611298	10.7175578298468	9.47240824304728e-22
"log(Species):Lakeweb"	-0.0895193981573617	0.0742270157178621	-1.20602178723749	0.229134576918359
"log(Species):Stream"	-0.158254358944875	0.0862804571478708	-1.83418544797059	0.0680085796404647
"log(Species):Marine"	0.11849098730419	0.0368479457260953	3.21567417041314	0.0015019508821985
"log(Species):Terr"	-0.059123095912987	0.0354167960559762	-1.66935190353027	0.0965030400769936
"log(Species):Latitude"	-0.00107382774292456	0.00106658626232171	-1.00678939984384	0.315167725396973
"log(Species):Lakeweb:Latitude"	0.0048782309540687	0.00169595330031451	2.87639462310905	0.00442744527100308
"log(Species):Stream:Latitude"	0.00507665526723297	0.00188536510674905	2.69266427444744	0.00764693165854498
