"Estimate"	"Std. Error"	"t value"	"Pr(>|t|)"
"(Intercept)"	-0.832511845409485	0.12709048603658	-6.55054419392075	7.8852762071522e-10
"log(Species)"	0.688349509412711	0.0560396769888422	12.2832526238466	1.08745453060086e-24
"log(Species):Lakeweb"	-0.024418783533766	0.0827626302870974	-0.295046006259819	0.768351034684685
"log(Species):Stream"	-0.281900977968391	0.0843266196692326	-3.34296547251787	0.00103776999775762
"log(Species):Latitude"	-0.00176998019605799	0.00107411323501109	-1.64785251532602	0.101395620068006
"log(Species):Lakeweb:Latitude"	0.00314845146288744	0.00188216591987902	1.67278103892658	0.0963746849644626
"log(Species):Stream:Latitude"	0.0084641615234586	0.00189715150575096	4.46151058457938	1.55045411419036e-05
