"Estimate"	"Std. Error"	"t value"	"Pr(>|t|)"
"(Intercept)"	-0.487732431249864	0.130646115833817	-3.73323330844572	0.000263908892721953
"log(Species)"	0.719643084636603	0.0534962198098645	13.4522231139761	6.28874420583464e-28
"log(Species):Lakeweb"	-0.0204943049501264	0.0839574663797929	-0.244103423243117	0.807469425364847
"log(Species):Terr"	-0.0250354546907333	0.0280403408000157	-0.892837033233177	0.3733109233462
"log(Species):Latitude"	-0.0011778633042999	0.000942464669224882	-1.24976918791939	0.213243680209446
"log(Species):Lakeweb:Latitude"	0.00170936422366647	0.00186873940692753	0.9147151375573	0.361743905608294
