"Estimate"	"Std. Error"	"t value"	"Pr(>|t|)"
"(Intercept)"	-0.488964778456461	0.143666931012495	-3.40346087307965	0.000792336557684253
"log(Species)"	0.686083831299619	0.0530639175818596	12.9293852124888	9.92122033377246e-29
"log(Species):Latitude"	-0.00112715404137173	0.000893984378656919	-1.2608207349944	0.208727355121332
"log(Species):Lakeweb"	-0.0680282101670805	0.0676258151206175	-1.00595031713474	0.315559859284139
"log(Species):Marine"	0.123553467228193	0.0283529098961905	4.35769970985568	2.02827208797548e-05
"log(Species):Terr"	-0.0523128077894715	0.026570066500638	-1.9688625088016	0.0502417247526075
"log(Species):Latitude:Lakeweb"	0.0036495110401661	0.00161179387221722	2.26425419718574	0.0245467440875905
