"Estimate"	"Std. Error"	"t value"	"Pr(>|t|)"
"(Intercept)"	-0.831360855897878	0.127060705463908	-6.54302093524917	8.2029067397874e-10
"log(Species)"	0.68805711835485	0.0560167937955432	12.2830507020127	1.0888353578642e-24
"log(Species):Lakeweb"	-0.0255396817270096	0.0827369804155794	-0.308685204593236	0.75797284141694
"log(Species):Stream"	-0.281872004564448	0.0842849263929953	-3.34427538383511	0.00103321131554714
"log(Species):Latitude"	-0.00177089864422972	0.00107358425711601	-1.64951994451457	0.101053340079641
"log(Species):Lakeweb:Latitude"	0.00318159553900981	0.00188285795223887	1.68976928675189	0.0930695414448432
"log(Species):Stream:Latitude"	0.00846437425861564	0.00189621286907978	4.46383124839954	1.53563645524633e-05
