"Estimate"	"Std. Error"	"t value"	"Pr(>|t|)"
"(Intercept)"	-0.494673532303697	0.129101168323239	-3.83167355283069	0.000182501945483561
"log(Species)"	0.66718989020104	0.0362938852357578	18.3829834107621	2.74133240333617e-41
"log(Species):Lakeweb"	0.0584439361420374	0.0251117220699977	2.32735676108264	0.0211991275701596
