"Estimate"	"Std. Error"	"t value"	"Pr(>|t|)"
"(Intercept)"	-1.21963149402939	0.146557290989489	-8.3218752598044	9.6329054949293e-15
"log(Species)"	0.698372221606026	0.0541866665534573	12.8882669118805	1.34190450186115e-28
"log(Species):Lakeweb"	-0.0581614163082014	0.0686187950152087	-0.847601831179205	0.397593646562405
"log(Species):Marine"	0.127623102618913	0.0289695679076882	4.40541961224916	1.65863845756014e-05
"log(Species):Terr"	-0.0519356616218368	0.0271516796614432	-1.91279737642118	0.0570905107412217
"log(Species):Latitude"	-0.00115410546517356	0.000913569833341941	-1.26329200358084	0.20783986053087
"log(Species):Lakeweb:Latitude"	0.0034083830616358	0.00161851596991447	2.10586928086716	0.0363652866617565
