"Estimate"	"Std. Error"	"t value"	"Pr(>|t|)"
"(Intercept)"	-1.21682957111473	0.146965690037383	-8.2796846720157	1.26128768809398e-14
"log(Species)"	0.702489540859455	0.0550100556723834	12.7702023252473	3.19175504582524e-28
"log(Species):Lakeweb"	-0.0671798216826932	0.0691346071760061	-0.971724935265253	0.33226929872611
"log(Species):Marine"	0.127392943827847	0.0289265611888457	4.40401273404633	1.6685451349427e-05
"log(Species):Terr"	-0.0547155023956472	0.0273327997256687	-2.00182575311752	0.04654861397464
"log(Species):Latitude"	-0.00126572336456968	0.000924377006022049	-1.36927179746343	0.172329807623117
"log(Species):Lakeweb:Latitude"	0.00368029355050638	0.00164476948111985	2.23757407512245	0.0262650985463109
