"Estimate"	"Std. Error"	"t value"	"Pr(>|t|)"
"(Intercept)"	-0.51928046332464	0.144148009130759	-3.60241162161036	0.000390885982413758
"log(Species)"	0.698117694777563	0.0540279591034363	12.9214152517036	1.05194021991524e-28
"log(Species):Latitude"	-0.0012276329158375	0.000908768903952032	-1.35087469487435	0.178142465474964
"log(Species):Lakeweb"	-0.0639104468421039	0.0675511238040329	-0.946104864628298	0.345147407793305
"log(Species):Marine"	0.125297467239508	0.0284321643607169	4.40689163335818	1.6483335045211e-05
"log(Species):Terr"	-0.0543871880894635	0.0268707411545161	-2.02403006961059	0.0441927735693294
"log(Species):Latitude:Lakeweb"	0.00343828990133852	0.00159365307366185	2.15748958048825	0.0320660987594195
