"Estimate"	"Std. Error"	"t value"	"Pr(>|t|)"
"(Intercept)"	-1.01654723348135	0.136188552480542	-7.46426344186738	2.98025641388824e-12
"log(Species)"	0.637470244150506	0.0537487147677232	11.8601951117409	1.29696450137573e-24
"log(Species):Lakeweb"	-0.0861760881871062	0.064605096078061	-1.3338899470559	0.18384506963863
"log(Species):Terr"	-0.0595952335103001	0.0257245439840553	-2.3166682195509	0.0215938940184688
"log(Species):Latitude"	-0.000806728873933287	0.000912936491783085	-0.88366373914755	0.378000421012167
"log(Species):Lakeweb:Latitude"	0.00364317159955761	0.00153506889794467	2.37329516898916	0.018633335861678
