"Estimate"	"Std. Error"	"t value"	"Pr(>|t|)"
"(Intercept)"	-1.22854921708192	0.146719605448419	-8.37344956951799	6.92262514475671e-15
"log(Species)"	0.705346783907731	0.0549918163326756	12.8263954702042	2.11338742426836e-28
"log(Species):Lakeweb"	-0.0621301033729553	0.0687562339007718	-0.903628658059148	0.3671943700864
"log(Species):Marine"	0.128090823245523	0.0289393933513499	4.42617513402535	1.51888597490906e-05
"log(Species):Terr"	-0.0544975269598872	0.0273501144002686	-1.99258862914855	0.0475595541181771
"log(Species):Latitude"	-0.00126307016160295	0.000924981314939184	-1.3655088391553	0.173506961192467
"log(Species):Lakeweb:Latitude"	0.00351977425895382	0.00162208379844654	2.16990901599824	0.0310997538565373
