"Estimate"	"Std. Error"	"t value"	"Pr(>|t|)"
"(Intercept)"	-0.617982711733252	0.136093871459029	-4.54085628623841	9.9888899874893e-06
"log(Species)"	0.550023963490148	0.0561700180585373	9.79212723266251	1.48232992510256e-18
"log(Species):Lakeweb"	-0.0657776891538	0.0648532004101996	-1.01425509824886	0.311764582795914
"log(Species):Stream"	-0.198002147032601	0.0896002511212986	-2.20983919748786	0.0283235475227859
"log(Species):Latitude"	-0.000650821006096204	0.00103348233932042	-0.629735972580006	0.529631919652493
"log(Species):Lakeweb:Latitude"	0.00464135941286412	0.00158783492984273	2.92307426019645	0.00389146828847892
"log(Species):Stream:Latitude"	0.00686546864040229	0.00201734104068202	3.40322657495791	0.000813798207363829
