"Estimate"	"Std. Error"	"t value"	"Pr(>|t|)"
"(Intercept)"	-1.19028046942853	0.129896789500856	-9.16327858450019	2.33963081472402e-16
"log(Species)"	0.668139028862738	0.0365128989228433	18.2987121968761	4.51810360005981e-41
"log(Species):Lakeweb"	0.0586371031800896	0.0251512392287512	2.33138028097875	0.0209803851362337
