"Estimate"	"Std. Error"	"t value"	"Pr(>|t|)"
"(Intercept)"	-1.24270464392888	0.142757180242826	-8.70502374602155	8.99705107102492e-16
"log(Species)"	0.742723396756589	0.0544706392340048	13.6352979733883	8.20924497641827e-31
"log(Species):Latitude"	-0.00159386149788014	0.000911865081626737	-1.7479137319709	0.0819266791969099
"log(Species):Lakeweb"	-0.0961390233265764	0.0676676534320151	-1.42075302527176	0.156857697452801
"log(Species):Marine"	0.0972382625078494	0.0285374235353747	3.40739458792816	0.00078470947047751
"log(Species):Terr"	-0.0823490314701949	0.0269554510914618	-3.05500476288742	0.00253936070857057
"log(Species):Latitude:Lakeweb"	0.00385450931230228	0.00159810816213411	2.4119201713825	0.0167204121900925
