"Estimate"	"Std. Error"	"t value"	"Pr(>|t|)"
"(Intercept)"	-0.327078041987487	0.135933882815534	-2.4061553691609	0.0170847176164548
"log(Species)"	0.643092827799542	0.0545929783044178	11.7797718273139	2.24883707819684e-24
"log(Species):Lakeweb"	-0.0906448902585398	0.0645861180993736	-1.40347326834339	0.162116594238658
"log(Species):Terr"	-0.0621606881122022	0.0259029486564808	-2.39975336154055	0.0173771820008377
"log(Species):Latitude"	-0.000912086762318578	0.000923290617948515	-0.987865298951233	0.324481601618822
"log(Species):Lakeweb:Latitude"	0.00368780178862544	0.00153691005996461	2.39949095571041	0.017389263390658
