"Estimate"	"Std. Error"	"t value"	"Pr(>|t|)"
"(Intercept)"	-1.48376792239263	0.121557867386114	-12.2062681280811	1.85857251079829e-26
"log(Species)"	0.77050830204197	0.0486966052310302	15.8226286696263	4.62942860469052e-38
"log(Species):Lakeweb"	-0.0425815663446103	0.0616450592256365	-0.690753920581876	0.490455022954899
"log(Species):Marine"	0.125558830617476	0.0253481383903829	4.95337482712786	1.46153233838329e-06
"log(Species):Latitude"	-0.000827977692060365	0.000830855513007599	-0.996536315999377	0.320094470834177
"log(Species):Lakeweb:Latitude"	0.00402372687255141	0.0014990922832189	2.68410885546788	0.00783082959381649
