"Estimate"	"Std. Error"	"t value"	"Pr(>|t|)"
"(Intercept)"	-0.626734473737996	0.136422622749973	-4.59406556701842	7.94974975541971e-06
"log(Species)"	0.552305939974884	0.0563303903308613	9.80475968177868	1.36458725219536e-18
"log(Species):Lakeweb"	-0.0648446663685832	0.0650518521372884	-0.996815067336316	0.32013555188206
"log(Species):Stream"	-0.191699653867437	0.0897229672307543	-2.13657282838644	0.0339256570146355
"log(Species):Latitude"	-0.000645188570500839	0.00103672921863982	-0.622330844834602	0.534478406063271
"log(Species):Lakeweb:Latitude"	0.0046526267289906	0.0015946146285623	2.91771230844996	0.00395601160053447
"log(Species):Stream:Latitude"	0.0066853884245248	0.00201765076635015	3.3134517311033	0.00110539946206282
