"Estimate"	"Std. Error"	"t value"	"Pr(>|t|)"
"(Intercept)"	-1.09328914102162	0.11622708757064	-9.40649175569458	7.83726832361743e-18
"log(Species)"	0.717389859644468	0.0518079479294645	13.8471004607475	1.24503897603925e-31
"log(Species):Lakeweb"	-0.0516218815879271	0.0630049664268802	-0.819330356247969	0.413501059495455
"log(Species):Stream"	-0.132438375016509	0.0764789246378043	-1.73169766237852	0.0847551263245873
"log(Species):Marine"	0.134594467127259	0.0275377507368306	4.88763473870959	1.98863148748726e-06
"log(Species):Latitude"	-0.00106336406570641	0.000967756590941689	-1.09879289447328	0.273081648308142
"log(Species):Lakeweb:Latitude"	0.00485597428153545	0.00153376088576651	3.16605693012482	0.00176832263859482
"log(Species):Stream:Latitude"	0.00501551766627022	0.00173577126323273	2.88950380301217	0.00425178750227366
