"Estimate"	"Std. Error"	"t value"	"Pr(>|t|)"
"(Intercept)"	-1.48457574334222	0.121688122796225	-12.1998409477336	1.9478268085039e-26
"log(Species)"	0.770847764089409	0.048615267214054	15.85608407119	3.6150095133411e-38
"log(Species):Lakeweb"	-0.0426489584556004	0.0616598402129722	-0.691681300313001	0.489873470695067
"log(Species):Marine"	0.125669704282344	0.0253501503427477	4.95735538382306	1.43489254018807e-06
"log(Species):Latitude"	-0.000832574460411488	0.000829615354921195	-1.00356684031068	0.316700072420909
"log(Species):Lakeweb:Latitude"	0.00402854481318798	0.00149835821110293	2.6886393275895	0.00772877584808766
