"Estimate"	"Std. Error"	"t value"	"Pr(>|t|)"
"(Intercept)"	-0.497003086289616	0.14440327169358	-3.44177164728126	0.000693217006827979
"log(Species)"	0.68788859373343	0.0533469300201308	12.8946238044786	1.28070198061825e-28
"log(Species):Latitude"	-0.00111943274662435	0.000897919161049827	-1.24669657936193	0.213852796515624
"log(Species):Lakeweb"	-0.0649621643817342	0.0678049878217982	-0.958073535127897	0.339091881337394
"log(Species):Marine"	0.12393520916373	0.0284860108150609	4.35073938461766	2.08838453705745e-05
"log(Species):Terr"	-0.0522162386421552	0.0266731138717841	-1.95763565113376	0.0515547303967998
"log(Species):Latitude:Lakeweb"	0.00348634193541453	0.00161215988036188	2.16252865356751	0.03167093253358
