"Estimate"	"Std. Error"	"t value"	"Pr(>|t|)"
"(Intercept)"	-1.17910138777044	0.130758792461089	-9.01737745950292	6.3632593574806e-16
"log(Species)"	0.720220941446146	0.0537112705149025	13.4091212987843	8.24496940198725e-28
"log(Species):Lakeweb"	-0.0206904184010799	0.0840765018872825	-0.246090381219935	0.805933705586018
"log(Species):Terr"	-0.0251284101113111	0.0281078420271501	-0.893999976484816	0.372690313361448
"log(Species):Latitude"	-0.00119313052249722	0.00094139805423154	-1.26740279219205	0.206887926523652
"log(Species):Lakeweb:Latitude"	0.0017559367841799	0.00187286064964211	0.937569372561406	0.349905804798465
