"Estimate"	"Std. Error"	"t value"	"Pr(>|t|)"
"(Intercept)"	-1.20552971621469	0.14662111815892	-8.2220742233601	1.82044835962914e-14
"log(Species)"	0.695408828097203	0.0541496798988084	12.8423442095455	1.87993515221724e-28
"log(Species):Lakeweb"	-0.0640190504407089	0.0690402613759035	-0.927271264112752	0.354815897382275
"log(Species):Marine"	0.127715755342982	0.0291264679658946	4.38486930487178	1.80911837554452e-05
"log(Species):Terr"	-0.0522844049726828	0.0271317205602723	-1.92705821426011	0.0552782202970119
"log(Species):Latitude"	-0.00116827075930525	0.000913664245958572	-1.27866529140533	0.20238076035901
"log(Species):Lakeweb:Latitude"	0.00359070677408758	0.00164087131515311	2.1882927326038	0.0297155655219113
