"Estimate"	"Std. Error"	"t value"	"Pr(>|t|)"
"(Intercept)"	-0.632041212354159	0.136525274388509	-4.62948135563212	6.82164980103532e-06
"log(Species)"	0.554742825075647	0.0571052562556072	9.71439165936983	2.46499056948013e-18
"log(Species):Lakeweb"	-0.0655580547457685	0.0653472852155041	-1.00322537546234	0.317041632899003
"log(Species):Stream"	-0.192918317538962	0.0900447968557102	-2.14247046220892	0.0334417921697031
"log(Species):Latitude"	-0.0006730167433904	0.00105588209454329	-0.637397628834218	0.524641351933326
"log(Species):Lakeweb:Latitude"	0.0046509783164349	0.00160450418054418	2.89870127658844	0.00419282793407025
"log(Species):Stream:Latitude"	0.00671616098365046	0.00202865301783709	3.310650428929	0.00111590160364218
