"Estimate"	"Std. Error"	"t value"	"Pr(>|t|)"
"(Intercept)"	-0.85603414883735	0.141741038145525	-6.03942344459523	6.72022727032582e-09
"log(Species)"	0.6584633669703	0.0614155059877664	10.7214514702763	9.21610042333307e-22
"log(Species):Lakeweb"	-0.0875779416235017	0.0744987957283346	-1.17556184321236	0.241070150085472
"log(Species):Stream"	-0.158065214524738	0.0864952399002606	-1.82744408486532	0.0690192016455674
"log(Species):Marine"	0.118891935692224	0.0372465747784425	3.19202333098925	0.00162437693055398
"log(Species):Terr"	-0.0588942480190471	0.0357564797320675	-1.64709301531798	0.10099970337189
"log(Species):Latitude"	-0.00107196609667	0.00106783567691307	-1.00386802936654	0.316570700342991
"log(Species):Lakeweb:Latitude"	0.00478139495478355	0.00169251813501038	2.82501844788459	0.00517276211876763
"log(Species):Stream:Latitude"	0.00507533300606083	0.00188756279494074	2.68882869468731	0.0077323981849518
