"Estimate"	"Std. Error"	"t value"	"Pr(>|t|)"
"(Intercept)"	-0.633235885604105	0.136422987166393	-4.6417095737081	6.46927720820588e-06
"log(Species)"	0.553202021101725	0.0562864706948453	9.82833022345434	1.16922375012594e-18
"log(Species):Lakeweb"	-0.0635975837520459	0.0651541752758194	-0.976109105561019	0.330264728531163
"log(Species):Stream"	-0.191103262907661	0.0897692292601618	-2.12882815729453	0.0345702145705296
"log(Species):Latitude"	-0.000631332484826536	0.00103758626802145	-0.608462644778836	0.543615113233746
"log(Species):Lakeweb:Latitude"	0.00460822529476297	0.00159368942707907	2.89154537669801	0.00428527557416118
"log(Species):Stream:Latitude"	0.00667513957655305	0.00201826846001535	3.30735960492702	0.0011283577379488
