"Estimate"	"Std. Error"	"t value"	"Pr(>|t|)"
"(Intercept)"	-1.18426413717109	0.131040175876047	-9.03741260459921	5.64103416926626e-16
"log(Species)"	0.725439293885472	0.0549412238839477	13.2039157958661	2.9962900698435e-27
"log(Species):Lakeweb"	-0.0239040645871821	0.0843308824143896	-0.283455644039405	0.777201010652571
"log(Species):Terr"	-0.0275229864106594	0.0285858189513746	-0.962819587484161	0.337118666086194
"log(Species):Latitude"	-0.00128035338900253	0.000960241668356125	-1.33336578821289	0.184343179518481
"log(Species):Lakeweb:Latitude"	0.00184047654536899	0.00188065545777059	0.978635686704023	0.329265597212494
