"Estimate"	"Std. Error"	"t value"	"Pr(>|t|)"
"(Intercept)"	-0.50874662553963	0.144382874144823	-3.52359397576013	0.000519074170109632
"log(Species)"	0.690902408315449	0.0532379535753504	12.9776289642234	6.96013256733741e-29
"log(Species):Latitude"	-0.00112128098029234	0.00089765363971008	-1.24912430662509	0.212965363954908
"log(Species):Lakeweb"	-0.060199436649737	0.0674612172135689	-0.892356217931223	0.373190497979419
"log(Species):Marine"	0.124676130880556	0.0285055614923703	4.3737475900598	1.89593235029499e-05
"log(Species):Terr"	-0.0519563166852277	0.0267007552650853	-1.9458744207572	0.0529611269798219
"log(Species):Latitude:Lakeweb"	0.00333500069070742	0.00158901570134918	2.09878397543572	0.0369923677225508
