"Estimate"	"Std. Error"	"t value"	"Pr(>|t|)"
"(Intercept)"	-0.897060980242453	0.139113206402788	-6.44842429729571	7.63910434597827e-10
"log(Species)"	0.707677662047961	0.0614832737083687	11.5100842776307	4.35934554258885e-24
"log(Species):Lakeweb"	-0.112583028650491	0.0728078629520241	-1.54630316130383	0.123537011953849
"log(Species):Stream"	-0.175015488777761	0.0867631346940947	-2.0171641953097	0.0449513219529665
"log(Species):Marine"	0.0832516292847748	0.0349027678668958	2.3852443336947	0.0179567339735235
"log(Species):Terr"	-0.0969929636231286	0.0335838941354704	-2.88807972154388	0.00428190160152813
"log(Species):Latitude"	-0.0012709782673448	0.00108148154412809	-1.17521956268749	0.241237639308932
"log(Species):Lakeweb:Latitude"	0.00462760788505636	0.00167475998373615	2.76314691657059	0.00623298297776153
"log(Species):Stream:Latitude"	0.00509149992051619	0.00191005008866746	2.66563685985232	0.00828190411815461
