"Estimate"	"Std. Error"	"t value"	"Pr(>|t|)"
"(Intercept)"	-1.21760773318389	0.146730869493517	-8.29823838287615	1.12040050043891e-14
"log(Species)"	0.69777435673174	0.0542797834931069	12.8551425931968	1.71136485920604e-28
"log(Species):Lakeweb"	-0.0581975634975095	0.0686170284204624	-0.848150449490382	0.397288755986293
"log(Species):Marine"	0.127411433514823	0.0290063641524733	4.39253375035489	1.75152456293189e-05
"log(Species):Terr"	-0.0520457736750463	0.027165358450698	-1.91588760993172	0.0566936311775975
"log(Species):Latitude"	-0.00114998026431068	0.000914513459357881	-1.25747768121218	0.209932325817388
"log(Species):Lakeweb:Latitude"	0.00340986561013103	0.00161769336321839	2.10785658621181	0.0361910478572146
