"Estimate"	"Std. Error"	"t value"	"Pr(>|t|)"
"(Intercept)"	-1.48368064892604	0.121387011207486	-12.2227298799704	1.64814621256252e-26
"log(Species)"	0.770888150190656	0.0485810740415459	15.8680754882324	3.30835397212334e-38
"log(Species):Lakeweb"	-0.0429908077474828	0.0616611022908696	-0.697211145280621	0.486413518896783
"log(Species):Marine"	0.126277434662086	0.025518665150753	4.94843417224588	1.49526408702888e-06
"log(Species):Latitude"	-0.000839156198000609	0.000830218699917467	-1.01076523340661	0.313249351343886
"log(Species):Lakeweb:Latitude"	0.0040348814839986	0.00149858051261627	2.69246893979316	0.00764344735763734
