"Estimate"	"Std. Error"	"t value"	"Pr(>|t|)"
"(Intercept)"	-0.836571547423506	0.127502257576884	-6.56122929367783	7.45487071888718e-10
"log(Species)"	0.688788863834478	0.0561048915996336	12.2768058933203	1.13241665427843e-24
"log(Species):Lakeweb"	-0.023616377727486	0.0829643853222613	-0.284656815520926	0.776284604147794
"log(Species):Stream"	-0.281411221247658	0.0844810225537897	-3.33105841691821	0.00108007861982947
"log(Species):Latitude"	-0.00175865823077914	0.00107664434433592	-1.63346256359512	0.10438838572853
"log(Species):Lakeweb:Latitude"	0.00309119714245252	0.00188375386820733	1.64097719698075	0.102816802262931
"log(Species):Stream:Latitude"	0.00845532870731465	0.00189992764175373	4.4503424875223	1.62370928159114e-05
