"Estimate"	"Std. Error"	"t value"	"Pr(>|t|)"
"(Intercept)"	-1.17495932527446	0.130938458896294	-8.97337065960926	8.28859360147733e-16
"log(Species)"	0.719622955412623	0.0536735481098119	13.4074042196788	8.3344239659128e-28
"log(Species):Lakeweb"	-0.0213330946318066	0.0840705689144257	-0.253752233478059	0.800018982019207
"log(Species):Terr"	-0.0254047396253663	0.028113989712329	-0.903633382714991	0.367574245076815
"log(Species):Latitude"	-0.00119920327297063	0.000941301690593899	-1.27398397873269	0.204551765689722
"log(Species):Lakeweb:Latitude"	0.00176513615247522	0.00187242634360171	0.942699913674518	0.347282766987206
