"Estimate"	"Std. Error"	"t value"	"Pr(>|t|)"
"(Intercept)"	-0.320267276876757	0.135774581508414	-2.35881615924488	0.0193541125156896
"log(Species)"	0.637395932059983	0.0536857755689099	11.8727153571962	1.19040944695149e-24
"log(Species):Lakeweb"	-0.0873433868523786	0.0643601458635633	-1.35710361871363	0.176366765381574
"log(Species):Terr"	-0.0600829923502939	0.0256459067309561	-2.34279072214554	0.0201803996947946
"log(Species):Latitude"	-0.00082332352892947	0.000909780843018975	-0.904969076066045	0.366633910949336
"log(Species):Lakeweb:Latitude"	0.00360462270210767	0.00153261535033661	2.35194218909264	0.0197048201722636
