"Estimate"	"Std. Error"	"t value"	"Pr(>|t|)"
"(Intercept)"	-1.00991973151709	0.136060401115573	-7.42258381745649	3.80404607132057e-12
"log(Species)"	0.636444717887213	0.0538658696161203	11.8153614231589	1.76281934769963e-24
"log(Species):Lakeweb"	-0.087478683021516	0.064503370741785	-1.35618777771636	0.176657407089652
"log(Species):Terr"	-0.0601848133354804	0.0257107047237741	-2.34084650662371	0.0202827264018297
"log(Species):Latitude"	-0.000811510491022179	0.000912853790650886	-0.888981893194038	0.375142861410263
"log(Species):Lakeweb:Latitude"	0.00365388222660665	0.00153461218175257	2.38098085630587	0.0182604385092948
