"Estimate"	"Std. Error"	"t value"	"Pr(>|t|)"
"(Intercept)"	-0.482648324579676	0.130262283783045	-3.70520392060327	0.000292223147457632
"log(Species)"	0.718572473684959	0.0535788968985448	13.4114831637095	8.12349143231614e-28
"log(Species):Lakeweb"	-0.0211969485156301	0.0837303003872024	-0.253157440229008	0.800477735277678
"log(Species):Terr"	-0.0254323551728066	0.0280026050377533	-0.908213901475183	0.365157210249326
"log(Species):Latitude"	-0.0011746706798949	0.000938960089780883	-1.25103366232427	0.212783237446144
"log(Species):Lakeweb:Latitude"	0.00170934600541677	0.00186596738001611	0.916064248348228	0.361038127619321
