"Estimate"	"Std. Error"	"t value"	"Pr(>|t|)"
"(Intercept)"	-0.493770199758683	0.129629667558257	-3.8090832836301	0.000198472889567235
"log(Species)"	0.667128804724605	0.0363831452368374	18.3362048657945	3.61717763252398e-41
"log(Species):Lakeweb"	0.0563116732620297	0.0249671688770532	2.25542886097048	0.0254620606591302
