"Estimate"	"Std. Error"	"t value"	"Pr(>|t|)"
"(Intercept)"	-0.874078244057063	0.141653030719597	-6.17055801500858	3.33856960909908e-09
"log(Species)"	0.662666762420342	0.0614794609706713	10.7786690377209	6.15657042749249e-22
"log(Species):Lakeweb"	-0.0794997349268899	0.0742174540231443	-1.07117302760208	0.285292608327217
"log(Species):Stream"	-0.157786035244708	0.0866435673696794	-1.82109347565858	0.0699825780393159
"log(Species):Marine"	0.120012408525668	0.0373056475735383	3.21700376033133	0.00149532925457131
"log(Species):Terr"	-0.0584616759476185	0.0358170969930291	-1.63222820540136	0.104095162368212
"log(Species):Latitude"	-0.00106437248673354	0.0010696606922733	-0.995056184098413	0.320827508049539
"log(Species):Lakeweb:Latitude"	0.00452792060055388	0.00167300871660882	2.70645368168311	0.0073466662052342
"log(Species):Stream:Latitude"	0.00506989759044655	0.00189080028420952	2.68135013136308	0.0079015226336177
