"Estimate"	"Std. Error"	"t value"	"Pr(>|t|)"
"(Intercept)"	-0.870467074875403	0.141035054462772	-6.17199091524563	3.3129659100813e-09
"log(Species)"	0.663064016969677	0.0614417089326675	10.7917573988105	5.61336576924177e-22
"log(Species):Lakeweb"	-0.081098311798402	0.0740164111838044	-1.09568014040847	0.274444602996223
"log(Species):Stream"	-0.15908038856916	0.0865113348864164	-1.83883867678175	0.0673181705679764
"log(Species):Marine"	0.121349357095808	0.0370668250185377	3.27379960477109	0.00123650533279672
"log(Species):Terr"	-0.0588175370177825	0.0355001429383681	-1.65682535757379	0.0990133446160555
"log(Species):Latitude"	-0.00109154611812395	0.00107050004667257	-1.01966003786435	0.309035716777131
"log(Species):Lakeweb:Latitude"	0.00455614418335301	0.00167304962169312	2.72325705363252	0.0069951914275703
"log(Species):Stream:Latitude"	0.00509663930188035	0.00189055417977349	2.69584408445305	0.00757672482717796
