"Estimate"	"Std. Error"	"t value"	"Pr(>|t|)"
"(Intercept)"	-1.09390326798986	0.116264985937797	-9.40870769618559	7.72097469203187e-18
"log(Species)"	0.716670404595088	0.05183138572446	13.8269582141787	1.44436512429378e-31
"log(Species):Lakeweb"	-0.0505953223857023	0.0629846980706111	-0.803295465971445	0.42268704870046
"log(Species):Stream"	-0.13155793531076	0.0764776431267235	-1.72021429965838	0.0868257049098215
"log(Species):Marine"	0.133048840344864	0.0273632604315904	4.86231677973805	2.23212153550093e-06
"log(Species):Latitude"	-0.00104089441501098	0.000966808821715811	-1.0766290000992	0.282847045193519
"log(Species):Lakeweb:Latitude"	0.00485372668515639	0.00153474114072571	3.16257025784901	0.00178867576909267
"log(Species):Stream:Latitude"	0.00499307106445518	0.00173557955133349	2.87688977472618	0.0044188476701201
