"Estimate"	"Std. Error"	"t value"	"Pr(>|t|)"
"(Intercept)"	-0.317604195543222	0.135724760180603	-2.34006083429876	0.020324206676368
"log(Species)"	0.636378056269053	0.053732990463239	11.8433396463282	1.45560415620071e-24
"log(Species):Lakeweb"	-0.087258108957588	0.0643442504431017	-1.35611353550149	0.176680983576849
"log(Species):Terr"	-0.0602595316476029	0.0256472802086215	-2.34954861324228	0.0198282461091149
"log(Species):Latitude"	-0.00081074504153672	0.000910601915033346	-0.890339706244776	0.374415440578548
"log(Species):Lakeweb:Latitude"	0.00359493543763328	0.00153082651991947	2.34836239825685	0.0198896656377187
