"Estimate"	"Std. Error"	"t value"	"Pr(>|t|)"
"(Intercept)"	-0.631033532699575	0.136474939975014	-4.62380516756488	6.99143804340296e-06
"log(Species)"	0.553375054617869	0.0563210149308785	9.82537433490881	1.19210774015039e-18
"log(Species):Lakeweb"	-0.0645442638531751	0.0650995532899188	-0.991470149813921	0.32273042588134
"log(Species):Stream"	-0.191781871259331	0.0897608167068574	-2.13658785977467	0.0339244161521688
"log(Species):Latitude"	-0.000643093293020398	0.00103714575889678	-0.620060668911629	0.535968689736192
"log(Species):Lakeweb:Latitude"	0.00462195634338484	0.00159339381042914	2.90069932061555	0.00416734272109268
"log(Species):Stream:Latitude"	0.00668567843317775	0.00201849699766956	3.31220628066163	0.0011100572564586
