"Estimate"	"Std. Error"	"t value"	"Pr(>|t|)"
"(Intercept)"	-1.20611621682198	0.147200519173589	-8.19369539994379	2.18010544115111e-14
"log(Species)"	0.69522208418361	0.0542034459000523	12.8261602678463	2.11703852770954e-28
"log(Species):Lakeweb"	-0.0636288483320784	0.0690659001724488	-0.921277333289008	0.357928740092268
"log(Species):Marine"	0.126755475105899	0.0290003839616171	4.37082058201933	1.91943584821706e-05
"log(Species):Terr"	-0.0522845823379801	0.0271592147601803	-1.9251139180444	0.0555224257930394
"log(Species):Latitude"	-0.00115908766124109	0.000913043498331493	-1.26947693440589	0.205630781992342
"log(Species):Lakeweb:Latitude"	0.00358111541295848	0.00164068224820569	2.18269894543866	0.0301309875416792
