"Estimate"	"Std. Error"	"t value"	"Pr(>|t|)"
"(Intercept)"	-1.20586252777614	0.146972418302725	-8.20468589754284	2.03315261211094e-14
"log(Species)"	0.694953778679578	0.0542960503742759	12.7993431177607	2.57744645347387e-28
"log(Species):Lakeweb"	-0.0634485480487178	0.0690113382908869	-0.919393097135406	0.358910849229637
"log(Species):Marine"	0.126705833252574	0.0289928188481148	4.3702488508051	1.92405928144238e-05
"log(Species):Terr"	-0.0522966247793956	0.0271476678015901	-1.92637633411488	0.0553637622753133
"log(Species):Latitude"	-0.00115349902230884	0.000913894463692503	-1.26217968062552	0.208238982011916
"log(Species):Lakeweb:Latitude"	0.00357570336696767	0.00164084257599235	2.17918733904449	0.0303943364442667
