"Estimate"	"Std. Error"	"t value"	"Pr(>|t|)"
"(Intercept)"	-0.508199164893078	0.1438196293915	-3.53358694528185	0.000500874263192882
"log(Species)"	0.691072960695314	0.0531866444588176	12.9933551500962	6.20040969576926e-29
"log(Species):Latitude"	-0.00112973074227344	0.000898279613937795	-1.25766044864475	0.209866318352424
"log(Species):Lakeweb"	-0.0605521119549287	0.0674420381971438	-0.897839293912281	0.370266307631084
"log(Species):Marine"	0.125557654370468	0.0286304684247334	4.38545581957717	1.80464763704743e-05
"log(Species):Terr"	-0.051957001802561	0.026674245492381	-1.94783398156104	0.0527245876437454
"log(Species):Latitude:Lakeweb"	0.00334360962747324	0.00158924282314385	2.1039010394012	0.0365385630586162
