"Estimate"	"Std. Error"	"t value"	"Pr(>|t|)"
"(Intercept)"	-0.496792116167599	0.144060545334788	-3.44849531850018	0.000677066105113618
"log(Species)"	0.688345673541746	0.053204016678357	12.9378516231794	9.32294910745178e-29
"log(Species):Latitude"	-0.00113355573222164	0.000897708128122621	-1.26272192120199	0.208044346501051
"log(Species):Lakeweb"	-0.0654924301334224	0.0678345509075212	-0.965473040762194	0.335382660519355
"log(Species):Marine"	0.124889898353851	0.0286178069812226	4.36406250261583	1.97477443923524e-05
"log(Species):Terr"	-0.0521973175064847	0.0266578955941901	-1.95804343677678	0.0515065377717865
"log(Species):Latitude:Lakeweb"	0.00350061177731095	0.00161221534423816	2.1713053345024	0.0309926976747884
