"Estimate"	"Std. Error"	"t value"	"Pr(>|t|)"
"(Intercept)"	-0.832273286711128	0.127420536580866	-6.53170445709853	8.70455322791829e-10
"log(Species)"	0.688288907270405	0.0561225320333341	12.2640387440395	1.22702004492764e-24
"log(Species):Lakeweb"	-0.0238051869324624	0.0828569280909031	-0.287304724915043	0.774260287070521
"log(Species):Stream"	-0.28189497282459	0.0844046045673514	-3.33980562161925	0.00104884419307053
"log(Species):Latitude"	-0.00177017055730642	0.00107512002693629	-1.64648645077404	0.101676731872497
"log(Species):Lakeweb:Latitude"	0.00310753974964886	0.00188250117432245	1.65075049728313	0.100801335978952
"log(Species):Stream:Latitude"	0.00846420561579972	0.00189890189440015	4.45742122895374	1.57690057541326e-05
