"Estimate"	"Std. Error"	"t value"	"Pr(>|t|)"
"(Intercept)"	-0.317403829960226	0.135916128964041	-2.33529186255886	0.0205775929536388
"log(Species)"	0.636973671348413	0.0536517556625992	11.8723732985396	1.19320103395691e-24
"log(Species):Lakeweb"	-0.0879241088280113	0.0643903510007732	-1.36548578259739	0.173723361947287
"log(Species):Terr"	-0.0603047363758615	0.025657590104152	-2.3503663489465	0.0197860028555646
"log(Species):Latitude"	-0.000826819961962927	0.000909739657482123	-0.9088533792748	0.364585003939642
"log(Species):Lakeweb:Latitude"	0.00361118960652197	0.00153070917709669	2.35916113952577	0.0193366575250163
