"Estimate"	"Std. Error"	"t value"	"Pr(>|t|)"
"(Intercept)"	-0.508460765181231	0.14416016146368	-3.52705463158998	0.000512702255533274
"log(Species)"	0.690640123101241	0.0533288079024545	12.9506011903456	8.48930930516788e-29
"log(Species):Latitude"	-0.00111600012898673	0.000898491288280451	-1.24208230346067	0.215546899893793
"log(Species):Lakeweb"	-0.0600322481790744	0.0674148659405909	-0.890489765743621	0.374189175419486
"log(Species):Marine"	0.124623536097999	0.0284981759743447	4.37303553077191	1.9016245573456e-05
"log(Species):Terr"	-0.0519715284558741	0.0266894244816317	-1.94727048129652	0.0527925167259087
"log(Species):Latitude:Lakeweb"	0.00332980295361522	0.00158935156075383	2.09507011276719	0.0373247490298765
