"Estimate"	"Std. Error"	"t value"	"Pr(>|t|)"
"(Intercept)"	-1.23038131554729	0.142500989759482	-8.63419487558624	1.42400551714343e-15
"log(Species)"	0.734444649779471	0.0536437836120743	13.6911418309084	5.45974039048369e-31
"log(Species):Latitude"	-0.00147553701965914	0.000901573266116185	-1.63662463730261	0.103192533232446
"log(Species):Lakeweb"	-0.0919728810485009	0.0675841620866402	-1.36086441273912	0.175001445255129
"log(Species):Marine"	0.0973335514145104	0.028762008966428	3.38410128194179	0.000850631348669853
"log(Species):Terr"	-0.0794593551786437	0.0267669471189411	-2.96856248960928	0.00333614485601666
"log(Species):Latitude:Lakeweb"	0.0037401022715704	0.00159438642787702	2.34579409745131	0.0199099099109092
