"Estimate"	"Std. Error"	"t value"	"Pr(>|t|)"
"(Intercept)"	-0.864244298982678	0.141238841273678	-6.11902711172794	4.40010201705274e-09
"log(Species)"	0.660532806114303	0.06144007071045	10.7508471015148	7.49146412072198e-22
"log(Species):Lakeweb"	-0.0806372226154789	0.0739032253618683	-1.0911191253242	0.276441736876938
"log(Species):Stream"	-0.16185346126296	0.0865360466825544	-1.87035885584994	0.0627928845301268
"log(Species):Marine"	0.119242852736223	0.0368997273369616	3.23153750290128	0.00142469331982611
"log(Species):Terr"	-0.0588560959749907	0.035466259834696	-1.65949542605597	0.0984739106666849
"log(Species):Latitude"	-0.00106846341951707	0.00106807506703282	-1.00036360036502	0.318259122471007
"log(Species):Lakeweb:Latitude"	0.00453487076367658	0.00167052476837802	2.71463844746204	0.00717352037208008
"log(Species):Stream:Latitude"	0.00517832170230384	0.00189282974316152	2.73575672667458	0.00674367834796342
