"Estimate"	"Std. Error"	"t value"	"Pr(>|t|)"
"(Intercept)"	-1.0124638876235	0.136110623671799	-7.43853683357472	3.46507748260803e-12
"log(Species)"	0.63743482741673	0.0538186478927627	11.8441256399987	1.44779328547575e-24
"log(Species):Lakeweb"	-0.0875725499988715	0.064519437259725	-1.35730492574424	0.17630292888158
"log(Species):Terr"	-0.0600076574461451	0.0257093803641214	-2.33407637975937	0.0206426166713465
"log(Species):Latitude"	-0.000824223486347326	0.000912032551102311	-0.90372156712076	0.367293484125354
"log(Species):Lakeweb:Latitude"	0.00366476340409255	0.00153640857416571	2.38527919312255	0.0180547744634042
