"Estimate"	"Std. Error"	"t value"	"Pr(>|t|)"
"(Intercept)"	-1.01938180757304	0.136271784021812	-7.48050533637888	2.70936706052824e-12
"log(Species)"	0.643141725160489	0.0547286842288077	11.7514560092778	2.72937524448431e-24
"log(Species):Lakeweb"	-0.0908518347889435	0.0647466647325058	-1.40318941777601	0.162201079418322
"log(Species):Terr"	-0.0620757676314629	0.0259673375889228	-2.39053262271845	0.0178061906121777
"log(Species):Latitude"	-0.000912556181645037	0.000925585711762421	-0.985922935119024	0.325431397736768
"log(Species):Lakeweb:Latitude"	0.00374646307731215	0.00154073047436349	2.4316148344245	0.0159642766400366
