"Estimate"	"Std. Error"	"t value"	"Pr(>|t|)"
"(Intercept)"	-1.18661580525271	0.130084719727689	-9.12186925364251	3.00880291957702e-16
"log(Species)"	0.667333960537153	0.0365108646816423	18.277681625894	5.11876282778317e-41
"log(Species):Lakeweb"	0.0585073498620585	0.0250548136622021	2.33517401689253	0.0207759561232441
