"Estimate"	"Std. Error"	"t value"	"Pr(>|t|)"
"(Intercept)"	-1.10060597299513	0.116635908263416	-9.43625328924833	6.41083217820493e-18
"log(Species)"	0.721336635191411	0.052532458593261	13.731255960747	2.92442957236566e-31
"log(Species):Lakeweb"	-0.0531043857996722	0.0631723359199486	-0.840627230675237	0.401486377214758
"log(Species):Stream"	-0.134467147052996	0.0766821366224085	-1.75356547138387	0.0809233877010107
"log(Species):Marine"	0.134338745198397	0.027469835120174	4.89040959331196	1.9635627824315e-06
"log(Species):Latitude"	-0.00113132330720158	0.000984094541416482	-1.14960835528382	0.251576501317332
"log(Species):Lakeweb:Latitude"	0.00492593678928744	0.00154447512302375	3.18939212154063	0.00163752992679505
"log(Species):Stream:Latitude"	0.00508375151675295	0.00174492959826714	2.91344219377191	0.00395051253963697
