"Estimate"	"Std. Error"	"t value"	"Pr(>|t|)"
"(Intercept)"	-1.01247486437369	0.136600852341373	-7.41192201234191	4.04864657335165e-12
"log(Species)"	0.637415451597165	0.0546805603115966	11.6570760790464	5.20218145420951e-24
"log(Species):Lakeweb"	-0.087551844955109	0.064692181242649	-1.35336053404533	0.177556901128278
"log(Species):Terr"	-0.0599951510368773	0.0259358954922275	-2.31320916044162	0.0217874319404495
"log(Species):Latitude"	-0.000823711296469656	0.000922288662957415	-0.89311658003942	0.372930526555105
"log(Species):Lakeweb:Latitude"	0.00366379719219501	0.00153954927469704	2.37978559855837	0.0183179945825852
