"Estimate"	"Std. Error"	"t value"	"Pr(>|t|)"
"(Intercept)"	-1.48507243568315	0.121403694381146	-12.2325143666616	1.53452194897544e-26
"log(Species)"	0.770962611486844	0.0485949616925066	15.8650729342118	3.3826044053168e-38
"log(Species):Lakeweb"	-0.0425965224300186	0.0616424935719367	-0.691025297026775	0.490284806328159
"log(Species):Marine"	0.12577848040911	0.0253451067424346	4.96263368260048	1.40029170699121e-06
"log(Species):Latitude"	-0.000834145944585717	0.000829692908099744	-1.00536708997088	0.315834734051285
"log(Species):Lakeweb:Latitude"	0.0040302522861358	0.00149838770256662	2.68972594958721	0.00770447764665514
