"Estimate"	"Std. Error"	"t value"	"Pr(>|t|)"
"(Intercept)"	-0.890088343011037	0.138731426318142	-6.41590998257211	9.13398274627398e-10
"log(Species)"	0.700719513593942	0.0604175421318486	11.5979480274912	2.33296796399083e-24
"log(Species):Lakeweb"	-0.107951824651305	0.0724573466891238	-1.4898672057986	0.137759522975131
"log(Species):Stream"	-0.169824540814689	0.0864006366693571	-1.96554733114506	0.0506690686115126
"log(Species):Marine"	0.0826879961347453	0.0349190300403728	2.36799235371494	0.0187927439902656
"log(Species):Terr"	-0.0957447666059724	0.0336537810420951	-2.84499285492504	0.0048808369061478
"log(Species):Latitude"	-0.0011460490798913	0.00106203768926318	-1.0791039635198	0.281779249052285
"log(Species):Lakeweb:Latitude"	0.00450489521489775	0.00166355958057631	2.70798549537799	0.00732717463647804
"log(Species):Stream:Latitude"	0.00496618649735924	0.00190012698877401	2.61360768343357	0.00960753359007016
