"Estimate"	"Std. Error"	"t value"	"Pr(>|t|)"
"(Intercept)"	-1.17908259443159	0.13025150363701	-9.05235303630351	5.1560881117053e-16
"log(Species)"	0.721495427526978	0.0536036802228038	13.4598114257842	5.99595729397957e-28
"log(Species):Lakeweb"	-0.0217674368774142	0.0839160492167106	-0.259395396716073	0.795669998893595
"log(Species):Terr"	-0.020668035096063	0.0286501740306511	-0.721393003545163	0.471740674087381
"log(Species):Latitude"	-0.00122234771926548	0.000940397653732295	-1.29982004358918	0.19556782932398
"log(Species):Lakeweb:Latitude"	0.00178570611875983	0.00186968665273496	0.955083097024693	0.341003933044008
