"Estimate"	"Std. Error"	"t value"	"Pr(>|t|)"
"(Intercept)"	-0.49030953956077	0.130058869569156	-3.76990466843986	0.000229358945372202
"log(Species)"	0.66625208823093	0.0364805399304999	18.263218951809	5.57772701006986e-41
"log(Species):Lakeweb"	0.0560722056571916	0.0249670066960032	2.2458521495958	0.0260826934430702
