"Estimate"	"Std. Error"	"t value"	"Pr(>|t|)"
"(Intercept)"	-1.09586925300364	0.116790772316974	-9.38318354492444	9.17106182872913e-18
"log(Species)"	0.717423562016717	0.0524713873595851	13.6726623426255	4.50352543185664e-31
"log(Species):Lakeweb"	-0.0507866155293121	0.0631421906145312	-0.804321405941598	0.422095732701201
"log(Species):Stream"	-0.131795737702837	0.0766663914164214	-1.71908101148226	0.0870322599734065
"log(Species):Marine"	0.13321287012645	0.0274763595577845	4.84827219727906	2.37937369035673e-06
"log(Species):Latitude"	-0.00104786963514684	0.000980661414495117	-1.0685335628162	0.286472600325579
"log(Species):Lakeweb:Latitude"	0.00484118625660213	0.00154278140415329	3.13795994919908	0.00193861825340293
"log(Species):Stream:Latitude"	0.00500012007023435	0.00174365056657624	2.8676158893765	0.00454546849468059
