"Estimate"	"Std. Error"	"t value"	"Pr(>|t|)"
"(Intercept)"	-0.631974397429588	0.136150651253124	-4.64172878802215	6.46873758574746e-06
"log(Species)"	0.555472311778611	0.0565637632580693	9.82028563489133	1.23255267393157e-18
"log(Species):Lakeweb"	-0.0663110123185073	0.065194734237519	-1.01712221230815	0.310402456386227
"log(Species):Stream"	-0.193663142358007	0.0898523705328282	-2.15534816955387	0.0324059001881281
"log(Species):Latitude"	-0.000668397091173512	0.00103886477368951	-0.643391813931387	0.520753919302262
"log(Species):Lakeweb:Latitude"	0.00464641843732036	0.00159402499069926	2.91489685822434	0.0039902929139822
"log(Species):Stream:Latitude"	0.00671150425989897	0.00201886039203116	3.3244023640221	0.00106522296751158
