"Estimate"	"Std. Error"	"t value"	"Pr(>|t|)"
"(Intercept)"	-0.486363982127269	0.129794498522594	-3.74718487812183	0.000250803050510579
"log(Species)"	0.721285575314042	0.0534156044207643	13.5032746167645	4.56335122538473e-28
"log(Species):Lakeweb"	-0.0226140886399946	0.0836216183456432	-0.270433520510462	0.787181932757789
"log(Species):Terr"	-0.0208115349862597	0.0285496509987065	-0.728959348301757	0.467112546204777
"log(Species):Latitude"	-0.00122093066849025	0.000937098140672248	-1.30288452777677	0.194521898977861
"log(Species):Lakeweb:Latitude"	0.00175328601786778	0.00186312660284073	0.941045023561216	0.348127461879562
