"Estimate"	"Std. Error"	"t value"	"Pr(>|t|)"
"(Intercept)"	-0.486795213774872	0.130121882904398	-3.74107108588742	0.000256468522473948
"log(Species)"	0.720625934773781	0.053610281097028	13.4419353905184	6.70867015374277e-28
"log(Species):Lakeweb"	-0.0218040414468736	0.0837754980050539	-0.26026752411019	0.794998449292322
"log(Species):Terr"	-0.0263549303732101	0.0285326199014544	-0.923677196984867	0.357071826573723
"log(Species):Latitude"	-0.00120320171191712	0.000939552743618228	-1.28061114193928	0.20221891706795
"log(Species):Lakeweb:Latitude"	0.00173528780958824	0.00186670108339381	0.929601329867638	0.354004633245708
