"Estimate"	"Std. Error"	"t value"	"Pr(>|t|)"
"(Intercept)"	-0.875518868956422	0.14178347053842	-6.1750418834555	3.25908944461067e-09
"log(Species)"	0.664254881079406	0.0625282712423556	10.6232727673662	1.83889629956404e-21
"log(Species):Lakeweb"	-0.0806086030268063	0.0742798431448106	-1.08520157843707	0.279047693580096
"log(Species):Stream"	-0.159016269028373	0.0868675606544466	-1.83055985261206	0.068550571982785
"log(Species):Marine"	0.119943257523739	0.0369646864752228	3.24480656975507	0.00136292121380303
"log(Species):Terr"	-0.0590704748003875	0.0356458408715471	-1.65714914716848	0.0989478031308644
"log(Species):Latitude"	-0.00108939500995175	0.00108537329332763	-1.00370537643486	0.316648934765807
"log(Species):Lakeweb:Latitude"	0.00455252426049917	0.00168256854935194	2.70569913020935	0.00736281703563174
"log(Species):Stream:Latitude"	0.00509509242202604	0.00189986493513523	2.68181823233838	0.00789083964711752
