"Estimate"	"Std. Error"	"t value"	"Pr(>|t|)"
"(Intercept)"	-1.19113879728619	0.129367238965806	-9.20742227173163	1.78866802415505e-16
"log(Species)"	0.669194793198042	0.0363963162978707	18.386333048688	2.68747221628487e-41
"log(Species):Lakeweb"	0.0581053405171711	0.0249889095975811	2.32524513685846	0.0213147284106201
