"Estimate"	"Std. Error"	"t value"	"Pr(>|t|)"
"(Intercept)"	-1.22225751156868	0.147121754178391	-8.30779593673585	1.05402894497226e-14
"log(Species)"	0.70023792227429	0.0549808288052707	12.7360379515989	4.10052064269074e-28
"log(Species):Lakeweb"	-0.05911429412709	0.0687451251820994	-0.859905251034191	0.390790272544189
"log(Species):Marine"	0.127763314030729	0.0289749946435796	4.40943356857668	1.63068305986219e-05
"log(Species):Terr"	-0.0526268033998374	0.0273304270461793	-1.92557559788275	0.0554643565575013
"log(Species):Latitude"	-0.0011818434554861	0.000922443114651914	-1.28121012202695	0.201487326965037
"log(Species):Lakeweb:Latitude"	0.00344037687313036	0.00162182453487555	2.12130030046336	0.0350310741854458
