"Estimate"	"Std. Error"	"t value"	"Pr(>|t|)"
"(Intercept)"	-1.18962936486429	0.129732681233233	-9.16985106262917	2.24799097525449e-16
"log(Species)"	0.667955660988212	0.0364493204514616	18.3255998387599	3.85196778589154e-41
"log(Species):Lakeweb"	0.0588576279139457	0.0250516609947165	2.34945011934973	0.0200222982154132
