"Estimate"	"Std. Error"	"t value"	"Pr(>|t|)"
"(Intercept)"	-0.320175835019529	0.13626360940998	-2.34967968635123	0.0198214696913229
"log(Species)"	0.637365058052364	0.0545455638446375	11.6850026496706	4.29865962018525e-24
"log(Species):Lakeweb"	-0.0873417404887644	0.0645324678845952	-1.35345421230379	0.17752704221523
"log(Species):Terr"	-0.0600790718142372	0.0258718644318485	-2.32217789995371	0.0212887361621448
"log(Species):Latitude"	-0.000823178373871633	0.000920011698158479	-0.894747724968422	0.372059999617775
"log(Species):Lakeweb:Latitude"	0.00360506816317076	0.00153574840448633	2.34743409313622	0.0199378478853025
