"Estimate"	"Std. Error"	"t value"	"Pr(>|t|)"
"(Intercept)"	-1.17668383890084	0.131360644107922	-8.95765887029379	9.1081014674852e-16
"log(Species)"	0.718746159531114	0.0548274325658638	13.1092434187519	5.43647857091362e-27
"log(Species):Lakeweb"	-0.0198548161740589	0.0842642342385719	-0.235625664357731	0.814030236008872
"log(Species):Terr"	-0.0245640475287199	0.0285148684856536	-0.861446986545934	0.390305670791134
"log(Species):Latitude"	-0.00117440804746352	0.000955280377343727	-1.22938571263141	0.22076649005148
"log(Species):Lakeweb:Latitude"	0.00173926417798829	0.00187898445098265	0.925640537939901	0.356053448574944
