"Estimate"	"Std. Error"	"t value"	"Pr(>|t|)"
"(Intercept)"	-0.320439887276892	0.135467323107826	-2.36544046140069	0.0190213565165588
"log(Species)"	0.63766349779178	0.0536710975665225	11.8809475994306	1.12515703685629e-24
"log(Species):Lakeweb"	-0.0875474234648354	0.0643703095660198	-1.36005907156691	0.175431304156178
"log(Species):Terr"	-0.0594947732575988	0.0259849337000403	-2.28958726408089	0.0231502402615313
"log(Species):Latitude"	-0.000828399596084977	0.000910439236110106	-0.909890043430414	0.364039401960667
"log(Species):Lakeweb:Latitude"	0.00361005316237394	0.00153106838949133	2.35786538808585	0.0194022905970277
