"Estimate"	"Std. Error"	"t value"	"Pr(>|t|)"
"(Intercept)"	-0.498680972528575	0.143954572366175	-3.46415514513903	0.000640805060459252
"log(Species)"	0.688654767661736	0.053247853198834	12.9330053005182	9.66085554036861e-29
"log(Species):Latitude"	-0.00112962763462556	0.000897612904829335	-1.25847971720097	0.209570620903921
"log(Species):Lakeweb"	-0.0651462763284865	0.0678147921893998	-0.960649944138141	0.337797383794943
"log(Species):Marine"	0.124129379605627	0.02844372510256	4.36403386539743	1.97501215855837e-05
"log(Species):Terr"	-0.0514133688121547	0.0270160807497093	-1.90306541087415	0.0583556234661783
"log(Species):Latitude:Lakeweb"	0.00349536884682711	0.00161210882438003	2.16819658447768	0.0312314826738795
