"Estimate"	"Std. Error"	"t value"	"Pr(>|t|)"
"(Intercept)"	-0.891809910235709	0.139465940855713	-6.39446380072354	1.02735636697604e-09
"log(Species)"	0.702007599384287	0.0613906388424449	11.4350919394396	7.42698730997256e-24
"log(Species):Lakeweb"	-0.108665380149292	0.0727203980051921	-1.49429022846566	0.136600845380426
"log(Species):Stream"	-0.17067629895114	0.0867111392952736	-1.96833186991055	0.0503456632991593
"log(Species):Marine"	0.0828096839080582	0.0349360398376457	2.37032257499391	0.0186778573389912
"log(Species):Terr"	-0.0953625788829632	0.0335787032850152	-2.83997205233114	0.00495538310982369
"log(Species):Latitude"	-0.00116645022591805	0.00107627758412628	-1.08378195655257	0.279704223393792
"log(Species):Lakeweb:Latitude"	0.00452474909546365	0.0016722869457184	2.70572529854908	0.00737550251648321
"log(Species):Stream:Latitude"	0.0049866825124537	0.00190827985031399	2.61318197728346	0.00961912431113113
