"Estimate"	"Std. Error"	"t value"	"Pr(>|t|)"
"(Intercept)"	-0.62647404923823	0.136712939388371	-4.58240494309436	8.35903572510811e-06
"log(Species)"	0.550426536725707	0.0570183722657884	9.65349438878964	3.6682539485889e-18
"log(Species):Lakeweb"	-0.0631974097097712	0.0652240878607391	-0.968927458896857	0.333826250655456
"log(Species):Stream"	-0.189880033986022	0.0899489289699548	-2.11097604118718	0.0360962572250336
"log(Species):Latitude"	-0.000590771627937441	0.00105007693759201	-0.562598421875804	0.574378614726906
"log(Species):Lakeweb:Latitude"	0.00457371362433633	0.00160047156701823	2.85772875856672	0.00474787523201576
"log(Species):Stream:Latitude"	0.00663082698825855	0.00202537233228017	3.27388050215613	0.00126265563807484
