"Estimate"	"Std. Error"	"t value"	"Pr(>|t|)"
"(Intercept)"	-0.510060803019485	0.143713677272237	-3.5491458621108	0.000473725525493382
"log(Species)"	0.691382803940449	0.0532301780344802	12.9885495309184	6.42333237477001e-29
"log(Species):Latitude"	-0.00112597954232076	0.00089818050280803	-1.25362278383972	0.211328070600172
"log(Species):Lakeweb"	-0.0602426467920208	0.0674253598336296	-0.893471639464262	0.372594466528108
"log(Species):Marine"	0.1248076351688	0.0284559078552953	4.38600081935443	1.80050284916802e-05
"log(Species):Terr"	-0.0511689649584573	0.0270325120085474	-1.89286755675085	0.0597063747245142
"log(Species):Latitude:Lakeweb"	0.00333931715418913	0.00158920883900497	2.10124501716207	0.0367735115711419
