"Estimate"	"Std. Error"	"t value"	"Pr(>|t|)"
"(Intercept)"	-1.01247486437369	0.136600852341373	-7.41192201234193	4.04864657335124e-12
"log(Species)"	0.637415451597166	0.0546805603115966	11.6570760790464	5.20218145420914e-24
"log(Species):Lakeweb"	-0.0875518449551087	0.064692181242649	-1.35336053404533	0.177556901128279
"log(Species):Terr"	-0.0599951510368773	0.0259358954922276	-2.31320916044162	0.0217874319404495
"log(Species):Latitude"	-0.000823711296469656	0.000922288662957416	-0.893116580039419	0.372930526555106
"log(Species):Lakeweb:Latitude"	0.003663797192195	0.00153954927469704	2.37978559855837	0.0183179945825853
