"Estimate"	"Std. Error"	"t value"	"Pr(>|t|)"
"(Intercept)"	-1.17949373822112	0.130581431922279	-9.03262983762609	5.80566284572799e-16
"log(Species)"	0.720816257485856	0.0537996155231565	13.3981674492748	8.8325669563305e-28
"log(Species):Lakeweb"	-0.0209448665047746	0.0840713663630227	-0.249131986440354	0.803584313844578
"log(Species):Terr"	-0.026215942777532	0.0286333880210099	-0.915572504318942	0.361295279056965
"log(Species):Latitude"	-0.00120429707447723	0.000942870944453782	-1.27726607926697	0.203393964765939
"log(Species):Lakeweb:Latitude"	0.00176739876468894	0.00187329367666408	0.943471270258213	0.346889498631583
