"Estimate"	"Std. Error"	"t value"	"Pr(>|t|)"
"(Intercept)"	-1.21922968012775	0.14627482853498	-8.33519814953116	8.8457099268062e-15
"log(Species)"	0.698544450958431	0.0541788040823045	12.8933161739276	1.29305947630683e-28
"log(Species):Lakeweb"	-0.0584280870281101	0.068626961161746	-0.851386773347018	0.395493083646716
"log(Species):Marine"	0.12759561205929	0.0289630264936838	4.40546543321763	1.65831675551451e-05
"log(Species):Terr"	-0.0511768296523413	0.0275142640142014	-1.8600108520412	0.0642371567437013
"log(Species):Latitude"	-0.00116044312698863	0.000914187163917817	-1.26937149501801	0.205668297393681
"log(Species):Lakeweb:Latitude"	0.00341985688995232	0.00161753045948004	2.11424574412753	0.0356357195097343
