"Estimate"	"Std. Error"	"t value"	"Pr(>|t|)"
"(Intercept)"	-0.838124422841986	0.126910632545741	-6.60405204851459	5.95026027692809e-10
"log(Species)"	0.695033593642056	0.0563614837790464	12.3317121381473	8.01953346856271e-25
"log(Species):Lakeweb"	-0.0293194896011732	0.0828364758874962	-0.353944192905952	0.723858630866373
"log(Species):Stream"	-0.2873005570265	0.0844236504968617	-3.40308142724982	0.000846811502506018
"log(Species):Latitude"	-0.00184885809043698	0.00107644397233174	-1.71756091163023	0.0878610926872779
"log(Species):Lakeweb:Latitude"	0.00318042742031231	0.00188022437364185	1.69151483455778	0.0927352038407836
"log(Species):Stream:Latitude"	0.00854648069067299	0.00189686743991576	4.50557614666661	1.29125493917478e-05
