"Estimate"	"Std. Error"	"t value"	"Pr(>|t|)"
"(Intercept)"	-0.834236121693267	0.127171111459808	-6.55994991407247	7.50516029033879e-10
"log(Species)"	0.688801852157401	0.056086297940923	12.2811074619853	1.10221401256747e-24
"log(Species):Lakeweb"	-0.0244439249285478	0.0828409941752291	-0.295070395664771	0.768332438463068
"log(Species):Stream"	-0.281958699555549	0.0844060291594362	-3.34050425500945	0.00104638625854911
"log(Species):Latitude"	-0.00175558632440391	0.00107585980964926	-1.63179840780207	0.104739013494084
"log(Species):Lakeweb:Latitude"	0.00308958342535108	0.00188283974195124	1.64091683243803	0.102829350563747
"log(Species):Stream:Latitude"	0.00845082486753249	0.00189938784919078	4.44923603735431	1.63114554543665e-05
