"Estimate"	"Std. Error"	"t value"	"Pr(>|t|)"
"(Intercept)"	-0.857446757021367	0.141873025204	-6.0437617072621	6.56752205290076e-09
"log(Species)"	0.659884222553621	0.0624655213577486	10.5639752652407	2.78844663823594e-21
"log(Species):Lakeweb"	-0.0885087606956122	0.074526704589135	-1.187611356004	0.236296937782858
"log(Species):Stream"	-0.159135145239171	0.0867192499595698	-1.8350613654219	0.0678781718212175
"log(Species):Marine"	0.118871582890961	0.0369060443862133	3.22092450892318	0.00147596048687298
"log(Species):Terr"	-0.0594042056694997	0.0355854227991139	-1.66934101092032	0.0965052004594202
"log(Species):Latitude"	-0.00109441862108966	0.00108352327285647	-1.01005548150753	0.313604082482373
"log(Species):Lakeweb:Latitude"	0.00480286416266509	0.00170126284162648	2.82311706642187	0.00520241837551792
"log(Species):Stream:Latitude"	0.00509795448785546	0.00189662136700189	2.6879136640299	0.00775291433495434
