"Estimate"	"Std. Error"	"t value"	"Pr(>|t|)"
"(Intercept)"	-1.48554353236404	0.121144671432818	-12.2625577732312	1.23222754221263e-26
"log(Species)"	0.773922843802046	0.048664741596787	15.9031532565076	2.5527660115956e-38
"log(Species):Lakeweb"	-0.0453980918087163	0.0616461807836359	-0.736429917176106	0.462260826550887
"log(Species):Marine"	0.124977246561646	0.0253036120146783	4.93910697370592	1.56101037573908e-06
"log(Species):Latitude"	-0.000881500968941891	0.000830619850166565	-1.06125680570374	0.289747510334004
"log(Species):Lakeweb:Latitude"	0.00407773629146187	0.00149740273994062	2.72320611061763	0.00698879709049463
