"Estimate"	"Std. Error"	"t value"	"Pr(>|t|)"
"(Intercept)"	-0.322714780613807	0.135429910669546	-2.38289148252665	0.0181687662166365
"log(Species)"	0.639103828168579	0.0536823953761802	11.9052777673211	9.52446654373934e-25
"log(Species):Lakeweb"	-0.0881886251199451	0.0643237460996709	-1.37101195852765	0.171997014511874
"log(Species):Terr"	-0.0622612623054557	0.0259252981009491	-2.40156398831056	0.0172940212123299
"log(Species):Latitude"	-0.000847435416063048	0.000910079148387971	-0.931166720569431	0.352955223835838
"log(Species):Lakeweb:Latitude"	0.003627053846742	0.0015300298532502	2.37057717471143	0.0187668070412774
