"Estimate"	"Std. Error"	"t value"	"Pr(>|t|)"
"(Intercept)"	-0.833033336628052	0.127759053071	-6.52034682947365	9.23836677468496e-10
"log(Species)"	0.687363593133273	0.0570083584613903	12.0572423357673	4.49994468161791e-24
"log(Species):Lakeweb"	-0.0234251779619775	0.0830706654176329	-0.281990975324547	0.77832418024356
"log(Species):Stream"	-0.280795712214481	0.0847469301535688	-3.31334376012978	0.00114601254655737
"log(Species):Latitude"	-0.00173718682493519	0.00109288743641126	-1.589538654264	0.113963425859034
"log(Species):Lakeweb:Latitude"	0.00307193491884184	0.00189217710304519	1.62349227981778	0.10650320333437
"log(Species):Stream:Latitude"	0.00843168789733458	0.00191012683143757	4.41420316104813	1.88428966805657e-05
