"Estimate"	"Std. Error"	"t value"	"Pr(>|t|)"
"(Intercept)"	-0.512943498758061	0.144545473633949	-3.54866524604606	0.000474543048806517
"log(Species)"	0.692999988997626	0.0540180477375806	12.829045439854	2.07268330197691e-28
"log(Species):Latitude"	-0.00114646708730001	0.000906290015724406	-1.26501127388414	0.207224054914768
"log(Species):Lakeweb"	-0.060900849712225	0.0675413145728464	-0.901682919519439	0.368225024015531
"log(Species):Marine"	0.124967234063965	0.0284676073072034	4.3898046195243	1.77182774536093e-05
"log(Species):Terr"	-0.0525162633939948	0.0268518380851954	-1.9557790877247	0.0517746220028907
"log(Species):Latitude:Lakeweb"	0.00335896655221392	0.00159342441812169	2.10801749616303	0.0361769713416276
