"Estimate"	"Std. Error"	"t value"	"Pr(>|t|)"
"(Intercept)"	-0.873790927466937	0.140985744682945	-6.19772537593752	2.8845835793115e-09
"log(Species)"	0.663097470798511	0.0615231127766875	10.7780221265035	6.18473738512557e-22
"log(Species):Lakeweb"	-0.0800260244910635	0.0740254845779077	-1.08106046110162	0.280881325996395
"log(Species):Stream"	-0.15828811977506	0.0865499548091968	-1.82886426831779	0.0688052700831211
"log(Species):Marine"	0.119817147121785	0.0369470154942634	3.24294521543665	0.00137143384075383
"log(Species):Terr"	-0.0580217003389484	0.0357768639043533	-1.62176596847798	0.106318988178967
"log(Species):Latitude"	-0.0010719956556937	0.00107076650406017	-1.00114791752345	0.317880726078157
"log(Species):Lakeweb:Latitude"	0.00453562730712842	0.00167363557811214	2.71004474716329	0.00727023885809435
"log(Species):Stream:Latitude"	0.00507748639442326	0.0018913755762363	2.68454687594469	0.00782882552199952
