"Estimate"	"Std. Error"	"t value"	"Pr(>|t|)"
"(Intercept)"	-1.23650000924717	0.143192976075398	-8.63520015532115	1.41477237837946e-15
"log(Species)"	0.737409916075645	0.0544763963036706	13.5363196927539	1.69103404442457e-30
"log(Species):Lakeweb"	-0.0928961853289804	0.0676784034699312	-1.37261194954537	0.171323346976162
"log(Species):Marine"	0.0969330238851361	0.0285813248909892	3.391481124645	0.000829205885316983
"log(Species):Terr"	-0.0803825735931289	0.0269459691152988	-2.98310197154835	0.00318781362211857
"log(Species):Latitude"	-0.00150777911338449	0.000909632732738319	-1.65756910357165	0.0988834765655364
"log(Species):Lakeweb:Latitude"	0.00377039930635209	0.00159836919633811	2.35890388465326	0.0192380759938065
