"Estimate"	"Std. Error"	"t value"	"Pr(>|t|)"
"(Intercept)"	-1.20031413771585	0.13088932670559	-9.17045085284698	2.33166920582575e-16
"log(Species)"	0.670158782829026	0.0366568887334278	18.2819329731577	6.27319961551177e-41
"log(Species):Lakeweb"	0.060100719474935	0.0250878794271949	2.3956077933708	0.0177551867709175
