"Estimate"	"Std. Error"	"t value"	"Pr(>|t|)"
"(Intercept)"	-0.83537895750991	0.129287979450672	-6.46138149160758	1.27462574273427e-09
"log(Species)"	0.689077854833406	0.0565273510119181	12.1901671049139	2.141291854502e-24
"log(Species):Lakeweb"	-0.024321324879299	0.0831509569738405	-0.29249603088694	0.770298563861416
"log(Species):Stream"	-0.282053378591568	0.0847228420109651	-3.32913027817296	0.00108856577640366
"log(Species):Latitude"	-0.00176769234387495	0.00107897227833937	-1.63831117755461	0.10338516885955
"log(Species):Lakeweb:Latitude"	0.00310097588287582	0.00188919922940055	1.64142343201134	0.102737067525352
"log(Species):Stream:Latitude"	0.008463767863191	0.0019055279490811	4.44169179847111	1.68910854409764e-05
