"Estimate"	"Std. Error"	"t value"	"Pr(>|t|)"
"(Intercept)"	-0.493377763548865	0.1442729427472	-3.41975254787294	0.000751705300244077
"log(Species)"	0.685055889499475	0.0532820266567669	12.8571665246985	2.38163652513975e-28
"log(Species):Latitude"	-0.00110400553021065	0.000898443895832709	-1.2287974077529	0.220510025762042
"log(Species):Lakeweb"	-0.0661456818553839	0.0679943491708343	-0.972811456569638	0.331755664870817
"log(Species):Marine"	0.119539165701271	0.0288067171656371	4.1496976213543	4.82008766007325e-05
"log(Species):Terr"	-0.050955438598763	0.0267379218724592	-1.90573668521518	0.0580372661517547
"log(Species):Latitude:Lakeweb"	0.00333241137572568	0.00161975003858076	2.05736150415256	0.0408752536172491
