"Estimate"	"Std. Error"	"t value"	"Pr(>|t|)"
"(Intercept)"	-0.310720262758586	0.134724530424931	-2.30633769350356	0.0221822287384346
"log(Species)"	0.634975853446037	0.0533084449325961	11.9113557757858	9.76896335823951e-25
"log(Species):Lakeweb"	-0.0920161688978241	0.0640487480532163	-1.43665835312457	0.152477148418232
"log(Species):Terr"	-0.060125312859181	0.0254782512667015	-2.3598681177056	0.0193064004148239
"log(Species):Latitude"	-0.000826600968366913	0.00090383105822797	-0.914552516028303	0.361598074414334
"log(Species):Lakeweb:Latitude"	0.00346351455633626	0.00152706151822892	2.26809104609828	0.0244607268146236
