"Estimate"	"Std. Error"	"t value"	"Pr(>|t|)"
"(Intercept)"	-0.822210591081012	0.127645626247841	-6.44135341922786	1.45427632797612e-09
"log(Species)"	0.685732635305675	0.0562196631177142	12.1973807254923	2.46961463806966e-24
"log(Species):Lakeweb"	-0.035669333675965	0.083540247056406	-0.426971848094742	0.670000058806845
"log(Species):Stream"	-0.283167552929224	0.0846356297095173	-3.34572512665292	0.00103253974071712
"log(Species):Latitude"	-0.00177820022596192	0.00107696205638614	-1.65112616123994	0.100763925584825
"log(Species):Lakeweb:Latitude"	0.00324910858084769	0.00188978947298612	1.71929658159947	0.087582731225045
"log(Species):Stream:Latitude"	0.00857025811162303	0.00190523248385408	4.49827419186466	1.34719499843303e-05
