"Estimate"	"Std. Error"	"t value"	"Pr(>|t|)"
"(Intercept)"	-0.854835899199491	0.141758022013829	-6.03024708623613	7.14255247596086e-09
"log(Species)"	0.658313367303358	0.0615008118344215	10.704141094523	1.12976455715013e-21
"log(Species):Lakeweb"	-0.090945640037054	0.0743852913166955	-1.22262934549591	0.22282083083674
"log(Species):Stream"	-0.155505873320296	0.0867536279048789	-1.79249994583283	0.074472000963944
"log(Species):Marine"	0.118686723969819	0.0369020278004302	3.21626563753322	0.00150096142845335
"log(Species):Terr"	-0.0590535865628294	0.0354624891343081	-1.66524087858509	0.0973348411465377
"log(Species):Latitude"	-0.00107243122337146	0.00106794570663232	-1.00420013556053	0.316421587231564
"log(Species):Lakeweb:Latitude"	0.00476343787230055	0.00169270761843191	2.81409371614532	0.00534962958945164
"log(Species):Stream:Latitude"	0.0049971911968856	0.00190212718876645	2.62715933319177	0.00923597970305127
