"Estimate"	"Std. Error"	"t value"	"Pr(>|t|)"
"(Intercept)"	-1.19607619294916	0.145929631874818	-8.19625306788397	2.22063955246891e-14
"log(Species)"	0.695380032520168	0.0537665477444387	12.9333212135067	1.1076289521325e-28
"log(Species):Lakeweb"	-0.0718071105004305	0.0685591913508126	-1.04737394192703	0.296103155199134
"log(Species):Marine"	0.129130927713419	0.0287392618585062	4.49318873773369	1.14560242553456e-05
"log(Species):Terr"	-0.0501577369256435	0.0269254988211117	-1.86283408373909	0.0638495183712083
"log(Species):Latitude"	-0.00129206861874273	0.000908707863157034	-1.42187458822445	0.156511676428476
"log(Species):Lakeweb:Latitude"	0.00369291852151603	0.0016284778259013	2.26771188577415	0.0243406033614979
