"Estimate"	"Std. Error"	"t value"	"Pr(>|t|)"
"(Intercept)"	-0.498378422337261	0.143312290543842	-3.47756930299566	0.000612236208472756
"log(Species)"	0.690871198672861	0.0528724496344934	13.0667522206526	4.17028432719456e-29
"log(Species):Latitude"	-0.00124870111825414	0.000894452250232441	-1.39605117872937	0.164138912530519
"log(Species):Lakeweb"	-0.0683714226259458	0.0670630265050895	-1.01950994741875	0.309106764228561
"log(Species):Marine"	0.126900665304265	0.0282828021984979	4.48684908990398	1.17719311501069e-05
"log(Species):Terr"	-0.0499399329241784	0.0265025389836118	-1.88434523028377	0.0608675833604521
"log(Species):Latitude:Lakeweb"	0.00345232825532227	0.00157900328975478	2.18639712641664	0.0298657753526275
