"Estimate"	"Std. Error"	"t value"	"Pr(>|t|)"
"(Intercept)"	-0.629868535167295	0.136833092800036	-4.60318861671692	7.68978617671438e-06
"log(Species)"	0.553123130213775	0.0564094294549019	9.805508326511	1.46674140864977e-18
"log(Species):Lakeweb"	-0.0680488109420075	0.0651708898532694	-1.04415961014523	0.297766698401124
"log(Species):Stream"	-0.190692591515779	0.0902835948872099	-2.11215106968224	0.0360083190540002
"log(Species):Latitude"	-0.000643171559624286	0.00103709823375056	-0.620164550177975	0.53590851719947
"log(Species):Lakeweb:Latitude"	0.00459337525416599	0.00159346312570583	2.88263667986127	0.00440804595097912
"log(Species):Stream:Latitude"	0.00665465200758721	0.00203662172372404	3.26749534784443	0.00129221756615924
