"Estimate"	"Std. Error"	"t value"	"Pr(>|t|)"
"(Intercept)"	-0.871002149107717	0.142425828359645	-6.11547890673535	4.51339090723926e-09
"log(Species)"	0.65532391916036	0.061629088822186	10.6333540164957	1.78286866635117e-21
"log(Species):Lakeweb"	-0.0792460655696389	0.0751412553616711	-1.05462791629193	0.29278475649456
"log(Species):Stream"	-0.151207365822169	0.086931490262906	-1.73938540987706	0.083404862636864
"log(Species):Marine"	0.116155610787752	0.0370820513183741	3.13239442420483	0.00197642801167686
"log(Species):Terr"	-0.0581251981574714	0.0355020295112834	-1.63723592587848	0.103050814549677
"log(Species):Latitude"	-0.000901131984452823	0.00109201432783699	-0.825201612727689	0.410176055061216
"log(Species):Lakeweb:Latitude"	0.00460014161777725	0.00171028631141394	2.68969095237288	0.00771577682311072
"log(Species):Stream:Latitude"	0.00490628916666169	0.00190198172403808	2.57956693518863	0.0105620419323418
