"Estimate"	"Std. Error"	"t value"	"Pr(>|t|)"
"(Intercept)"	-0.491985822842993	0.130322957337031	-3.7751278277906	0.000226384511614982
"log(Species)"	0.718799676342285	0.0534540354960135	13.4470610061965	6.49605593230054e-28
"log(Species):Lakeweb"	-0.018167382177258	0.0838506140560973	-0.216663674819408	0.828751736642493
"log(Species):Terr"	-0.0255552823111854	0.0279835181244338	-0.913226214000299	0.362523838378721
"log(Species):Latitude"	-0.00111058383238091	0.000947234904958615	-1.17244817158573	0.242793110431016
"log(Species):Lakeweb:Latitude"	0.0016394290261048	0.00186981923754027	0.876784767848177	0.381943168004479
