"Estimate"	"Std. Error"	"t value"	"Pr(>|t|)"
"(Intercept)"	-0.322937794933492	0.13578099528263	-2.37837257166434	0.0183862434757333
"log(Species)"	0.637014773418561	0.053639144273124	11.8759309465296	1.16448328440794e-24
"log(Species):Lakeweb"	-0.0860212294889208	0.0645148109592836	-1.33335629772224	0.184019726716665
"log(Species):Terr"	-0.0602510609710376	0.0256472990301258	-2.3492166134245	0.0198454194657922
"log(Species):Latitude"	-0.000789494924722402	0.000917416689692983	-0.860563071930389	0.390569081313789
"log(Species):Lakeweb:Latitude"	0.00356891384521942	0.00153580636362623	2.32380456921194	0.0211993686931449
