"Estimate"	"Std. Error"	"t value"	"Pr(>|t|)"
"(Intercept)"	-0.499939239841814	0.144119927596778	-3.46891126146383	0.000630157351738603
"log(Species)"	0.6879702510081	0.0532302535439494	12.9244218316578	1.02896265527412e-28
"log(Species):Latitude"	-0.00109944146105952	0.000903985259846065	-1.21621613746969	0.225223894705906
"log(Species):Lakeweb"	-0.0640252643102295	0.0679287630143343	-0.942535407228288	0.346966728143742
"log(Species):Marine"	0.123919309225007	0.0284555853660118	4.35483254451056	2.05283049307045e-05
"log(Species):Terr"	-0.0522521043815315	0.0266638522808123	-1.95966073586197	0.0513157770287773
"log(Species):Latitude:Lakeweb"	0.00346430679340105	0.00161600970237866	2.14374133292754	0.0331659531074094
