"Estimate"	"Std. Error"	"t value"	"Pr(>|t|)"
"(Intercept)"	-0.897344277644607	0.138695056820845	-6.46990814390542	6.78612156300846e-10
"log(Species)"	0.700420531111856	0.0602061903617453	11.633696251223	1.80850444267218e-24
"log(Species):Lakeweb"	-0.105231354244371	0.072331579959037	-1.45484661477	0.147204831000628
"log(Species):Stream"	-0.167686556700774	0.0862209087832088	-1.94484793847858	0.0531285293934645
"log(Species):Marine"	0.0770240336600916	0.0353691735525183	2.17771652328041	0.0305413282710307
"log(Species):Terr"	-0.0997856744656133	0.0338072476078462	-2.95160598765972	0.0035205996252184
"log(Species):Latitude"	-0.000954112078907098	0.00107570503678666	-0.88696440592787	0.37611271187515
"log(Species):Lakeweb:Latitude"	0.00431065163979071	0.00167084889870301	2.57991709671463	0.010564588305887
"log(Species):Stream:Latitude"	0.00477464934352835	0.00190529013598238	2.50599593907335	0.012969497256466
