"Estimate"	"Std. Error"	"t value"	"Pr(>|t|)"
"(Intercept)"	-0.63492489083391	0.136945266394111	-4.63634054357657	6.62177624893665e-06
"log(Species)"	0.552773545868035	0.0563126840147355	9.81614631835678	1.26645698139021e-18
"log(Species):Lakeweb"	-0.0625757916501229	0.0654376548504703	-0.956265804346336	0.340166005499594
"log(Species):Stream"	-0.190287057560644	0.0898878515663327	-2.11693854336057	0.0355802512475427
"log(Species):Latitude"	-0.000580967312678114	0.00105777190199433	-0.549236854923781	0.583494692049496
"log(Species):Lakeweb:Latitude"	0.00455634912663381	0.001608504318218	2.83266204201529	0.00511969920562632
"log(Species):Stream:Latitude"	0.00662571153059663	0.00202797901610951	3.26714994482904	0.00129139053116974
