"Estimate"	"Std. Error"	"t value"	"Pr(>|t|)"
"(Intercept)"	-0.414524246007953	0.0588345583107241	-7.04559119520737	5.57616457643691e-11
"log10(Species)"	0.675324923887537	0.0547057805837082	12.3446721110978	7.39225542885499e-25
"log10(Species):Lake"	-0.0958286073650656	0.0610718909452492	-1.5691115156558	0.118648100022933
"log10(Species):Stream"	-0.165058786806413	0.0866502038283897	-1.9048863074034	0.0586350487176342
"log10(Species):Latitude"	-0.000809909202200962	0.000871026957740041	-0.929832532740829	0.353894407210209
"log10(Species):Lake:Latitude"	0.0056444713347003	0.00151076339797565	3.73617162175337	0.000261626311613617
"log10(Species):Stream:Latitude"	0.00618084344777758	0.00189929028007589	3.25429109631973	0.0013939301376363
