"Estimate"	"Std. Error"	"t value"	"Pr(>|t|)"
"(Intercept)"	-0.954967359126807	0.13550478114	-7.04748091611734	5.51905458862835e-11
"log(Species)"	0.675616006864894	0.0547031423729609	12.3505886052872	7.12244106212494e-25
"log(Species):Lake"	-0.0959587520455911	0.0610817184343776	-1.57098972499739	0.118211093324648
"log(Species):Stream"	-0.165317499692042	0.0866633182810716	-1.90758331172913	0.0582825797694136
"log(Species):Latitude"	-0.000811480939135152	0.000871132444084204	-0.931524184004233	0.35302186173373
"log(Species):Lake:Latitude"	0.00564601889614616	0.00151102372474734	3.7365521160763	0.000261263588430098
"log(Species):Stream:Latitude"	0.00618424912339508	0.00189961748437022	3.25552337472054	0.00138828221802112
