"Estimate"	"Std. Error"	"t value"	"Pr(>|t|)"
"(Intercept)"	-0.6128239990165	0.135305903553626	-4.52917413742867	1.16548313865517e-05
"log(Species)"	0.746493566108111	0.0522619298333965	14.2836969183462	3.4410411533474e-30
"log(Species):Lake"	-0.121081684447545	0.0642030064440148	-1.88591922954774	0.061152790241612
"log(Species):Terr"	-0.053786403179484	0.0245305548737512	-2.19262888492742	0.0298057290696953
"log(Species):Latitude"	-0.000793083282110685	0.000816150022745271	-0.971737131664842	0.332676062576678
"log(Species):Lake:Latitude"	0.00514833884152962	0.00153644610572737	3.35080991278398	0.00100935352184284
