"Estimate"	"Std. Error"	"t value"	"Pr(>|t|)"
"(Intercept)"	-0.599909883544051	0.114248468893495	-5.25092274193453	4.01226978996257e-07
"log(Species)"	0.704062194685359	0.0477099443824604	14.7571371922243	2.17654851987583e-33
"log(Species):Lake"	-0.0553964656172427	0.0581393845105968	-0.952821673011447	0.341884677431667
"log(Species):Latitude"	-0.000354361322125771	0.000821201264192452	-0.431515802005299	0.666580036709504
"log(Species):Lake:Latitude"	0.00380571712152502	0.00141790559033124	2.68404127007918	0.00791277990478981
