"Estimate"	"Std. Error"	"t value"	"Pr(>|t|)"
"(Intercept)"	-1.29068593926142	0.114611507459212	-11.2613992074116	6.87894970627485e-23
"log(Species)"	0.703831148752555	0.0478615486004147	14.7055657272748	3.11113839338206e-33
"log(Species):Lake"	-0.0560084150472633	0.0583241295576757	-0.960295772470597	0.338120445988482
"log(Species):Latitude"	-0.000356796708753008	0.000823810732240516	-0.433105196120266	0.665427041544548
"log(Species):Lake:Latitude"	0.00390353161601206	0.00142241115978719	2.74430609543029	0.0066421373916881
