"Estimate"	"Std. Error"	"t value"	"Pr(>|t|)"
"(Intercept)"	-0.564684594761821	0.058952839893017	-9.57858172373996	2.11908478480475e-17
"log10(Species)"	0.74527626230215	0.052435913565665	14.2130881608241	5.3474610354389e-30
"log10(Species):Lake"	-0.121571287266562	0.0644135902146504	-1.88735462285894	0.0609582232716313
"log10(Species):Terr"	-0.0537341309139877	0.0246146545956279	-2.18301381013618	0.0305199400369378
"log10(Species):Latitude"	-0.00079344187758338	0.000818857363374151	-0.968962255299207	0.334054360888961
"log10(Species):Lake:Latitude"	0.00524031745316517	0.00154150023894502	3.39949182022286	0.000855976062325324
