"Estimate"	"Std. Error"	"t value"	"Pr(>|t|)"
"(Intercept)"	-1.29068593926142	0.114611507459212	-11.2613992074116	6.87894970627529e-23
"log(Species)"	0.703831148752555	0.0478615486004147	14.7055657272748	3.11113839338179e-33
"log(Species):Lake"	-0.0560084150472639	0.0583241295576757	-0.960295772470606	0.338120445988477
"log(Species):Latitude"	-0.000356796708753016	0.000823810732240516	-0.433105196120275	0.665427041544542
"log(Species):Lake:Latitude"	0.00390353161601207	0.00142241115978719	2.74430609543029	0.00664213739168797
