"Estimate"	"Std. Error"	"t value"	"Pr(>|t|)"
"(Intercept)"	0.355960965855628	0.0920637561208359	3.86646147033606	0.000152779496302494
"log(Intermediate * Species)"	0.385741799475994	0.0694447631770984	5.55465641796881	9.5667304153943e-08
"log(Intermediate * Species):Latitude"	-0.000811248211456629	0.00133978474095889	-0.605506382223769	0.545584684295215
"log(Intermediate * Species):Lake"	-0.166262785997206	0.103690907872291	-1.60344614015706	0.11054209208842
"log(Intermediate * Species):Marine"	-0.103169654625246	0.0561194147942293	-1.8383950546087	0.0676076190529061
"log(Intermediate * Species):Stream"	-0.354686264143534	0.131951200290582	-2.68801089616803	0.00784375851892886
"log(Intermediate * Species):Terr"	-0.0725689459032588	0.0432572603705375	-1.67761308232746	0.0951113004129188
"log(Intermediate * Species):Latitude:Lake"	0.00630730094148266	0.00235329617711561	2.68019852444302	0.00802204573955064
"log(Intermediate * Species):Latitude:Stream"	0.012187020737432	0.00294679742271714	4.1356832483567	5.36382943729125e-05
