"Estimate"	"Std. Error"	"t value"	"Pr(>|t|)"
0.314882566913842	0.0319518152258427	9.85491949950823	4.54739588165671e-18
0.349938365593024	0.0881312265011465	3.97065126046409	0.000109701569085878
-0.000530342214773075	0.00176291503219332	-0.300832544443878	0.763947957895349
-0.161557939791101	0.15749278811024	-1.02581166877315	0.306588956786016
-0.174467768306122	0.0816278859327899	-2.13735497755968	0.0341479098787503
-0.596296322731425	0.2231115778894	-2.67263728925362	0.00833643014472782
-0.105874243688558	0.0558710150064245	-1.89497619966961	0.0599696391311771
0.00565603210648618	0.00350843930475158	1.61212197652274	0.108982911774576
0.0218464987524237	0.00520255465909355	4.1991867811015	4.51633519854446e-05
