"Estimate"	"Std. Error"	"t value"	"Pr(>|t|)"
0.133132309590215	0.0249103846812001	5.34445016783262	3.21113476046195e-07
0.466038433325444	0.0687091715776418	6.78276891752097	2.37962452345177e-10
-0.14766927021511	0.122785072103437	-1.20266468623083	0.230951925487361
-0.149707069666886	0.0636390147140783	-2.35244166396195	0.0199153627075413
-0.142244136835011	0.173943019912037	-0.817762833524125	0.414756063599737
-0.108827800477169	0.0435583539308111	-2.49843693933047	0.0135241033947241
-0.00113344588668821	0.00137440991385952	-0.824678194808238	0.410829833706061
0.00469169143727206	0.00273526158355214	1.71526243247975	0.0883084319951822
0.00888693401839257	0.00405603365464417	2.19104050288562	0.0299516001694353
