"Estimate"	"Std. Error"	"t value"	"Pr(>|t|)"
"(Intercept)"	0.458445283903887	0.0431844610871457	10.6159778856277	3.72046551214574e-20
"log10(Toppreds * Species)"	0.231031947628587	0.12573889812704	1.83739440276599	0.0680542802419029
"log10(Toppreds * Species):Latitude"	-0.00248618402094879	0.00259756629316496	-0.957120527584125	0.339987355854336
"log10(Toppreds * Species):Lake"	-0.482772191834008	0.175863741862715	-2.74514909509247	0.00675860337695288
"log10(Toppreds * Species):Marine"	-0.366421422963465	0.11637539676243	-3.1486158858086	0.00196610481329441
"log10(Toppreds * Species):Terr"	-0.251123945739925	0.0680015686875993	-3.69291401046341	0.000306118973324569
"log10(Toppreds * Species):Latitude:Lake"	0.0106520272265433	0.00448351612173618	2.37581998978482	0.0187239972398675
