"Estimate"	"Std. Error"	"t value"	"Pr(>|t|)"
"(Intercept)"	0.623798690251852	0.0514278291849933	12.1295940376553	3.1294381155659e-24
"log10(Basal)"	0.364429071421019	0.135901301775219	2.68157160130656	0.00812161030778373
"log10(Basal):Latitude"	-0.00915994665084843	0.00291739933390161	-3.13976442799769	0.00202504399086902
"log10(Basal):Marine"	-0.157912806392517	0.213482631139265	-0.73969861412052	0.460601728955488
"log10(Basal):Stream"	-0.290127641831501	0.0769683288980837	-3.76944187284706	0.000232139102274022
"log10(Basal):Terr"	-0.409536263483666	0.184989234296091	-2.2138383622269	0.028300126386799
"log10(Basal):Latitude:Marine"	0.0110173713166091	0.00496071651235721	2.22092338660448	0.027806131553156
"log10(Basal):Latitude:Terr"	0.015149055765039	0.0046557413963737	3.2538439048265	0.0013977457401152
