"Estimate"	"Std. Error"	"t value"	"Pr(>|t|)"
"(Intercept)"	1.35217955935195	0.106401340164421	12.7082944374802	4.85499456353016e-27
"log(Basal)"	0.333134172941788	0.132073770192066	2.52233408993575	0.0124964755689947
"log(Basal):Latitude"	-0.00921043765125643	0.00286735440768102	-3.21217273546083	0.0015525437633405
"log(Basal):Marine"	-0.163260505777339	0.210837276659316	-0.774343647215411	0.439710775077276
"log(Basal):Stream"	-0.185278297321195	0.0695705987675733	-2.66316950843254	0.00841966769991276
"log(Basal):Terr"	-0.341852199691034	0.178517220454156	-1.91495363204371	0.0570328172174295
"log(Basal):Latitude:Marine"	0.0113650474044225	0.00486441475384756	2.33636480019169	0.0205373904947176
"log(Basal):Latitude:Terr"	0.0137583020114826	0.00450415527511812	3.05457986483864	0.00258471521686225
