"Estimate"	"Std. Error"	"t value"	"Pr(>|t|)"
"(Intercept)"	1.43634956520312	0.118416952846409	12.1295940376553	3.12943811556601e-24
"log(Basal)"	0.364429071421017	0.135901301775219	2.68157160130654	0.00812161030778408
"log(Basal):Latitude"	-0.00915994665084839	0.00291739933390161	-3.13976442799768	0.00202504399086911
"log(Basal):Marine"	-0.157912806392515	0.213482631139265	-0.739698614120512	0.460601728955492
"log(Basal):Stream"	-0.290127641831501	0.0769683288980837	-3.76944187284706	0.000232139102274023
"log(Basal):Terr"	-0.409536263483665	0.184989234296091	-2.2138383622269	0.0283001263867996
"log(Basal):Latitude:Marine"	0.0110173713166091	0.00496071651235721	2.22092338660447	0.0278061315531566
"log(Basal):Latitude:Terr"	0.0151490557650389	0.0046557413963737	3.25384390482649	0.00139774574011525
