"Estimate"	"Std. Error"	"t value"	"Pr(>|t|)"
"(Intercept)"	1.42191344812068	0.1142237482414	12.448492279518	1.46726849063359e-26
"log(Basal)"	0.0404620612660342	0.0639947245647137	0.632271824611379	0.527949903278832
