"Estimate"	"Std. Error"	"t value"	"Pr(>|t|)"
"(Intercept)"	0.209099155415992	0.0387237821695005	5.39976065614486	2.39014300962081e-07
"log10(Toppreds)"	-0.442679249578867	0.0464274038570917	-9.53486977091115	2.52520665958755e-17
"log10(Toppreds):Marine"	0.169600877538351	0.0634633645677703	2.67242177740577	0.00831549558396927
"log10(Toppreds):Stream"	-0.344548288969166	0.044812453708712	-7.68867268926588	1.45390186242815e-12
