"Estimate"	"Std. Error"	"t value"	"Pr(>|t|)"
"(Intercept)"	0.591305503156309	0.0461822847354558	12.8037299701273	4.58929106278024e-26
"log10(Basal)"	0.020873973203649	0.122039617731593	0.171042597409293	0.864413352248394
"log10(Basal):Latitude"	-0.007302060704113	0.00261982994150156	-2.78722698311014	0.00598136454032196
"log10(Basal):Marine"	-0.104400293709894	0.19170779349607	-0.544580331378308	0.586824807506734
"log10(Basal):Stream"	-0.269342836865381	0.0691177002240791	-3.89687208909112	0.000144641234064717
"log10(Basal):Terr"	-0.320842097436297	0.166120670980002	-1.93137973464435	0.0552607143141534
"log10(Basal):Latitude:Marine"	0.00890541189694541	0.00445473250759744	1.99909015451712	0.0473465460061628
"log10(Basal):Latitude:Terr"	0.0129385702379447	0.00418086429525437	3.09471184047544	0.00233800368585988
