"Estimate"	"Std. Error"	"t value"	"Pr(>|t|)"
"(Intercept)"	1.36153123697306	0.106338640392267	12.8037299701273	4.58929106277978e-26
"log(Basal)"	0.0208739732036475	0.122039617731593	0.171042597409281	0.864413352248404
"log(Basal):Latitude"	-0.00730206070411297	0.00261982994150156	-2.78722698311012	0.00598136454032215
"log(Basal):Marine"	-0.104400293709892	0.19170779349607	-0.544580331378301	0.586824807506739
"log(Basal):Stream"	-0.269342836865381	0.0691177002240791	-3.89687208909112	0.000144641234064716
"log(Basal):Terr"	-0.320842097436296	0.166120670980002	-1.93137973464434	0.0552607143141544
"log(Basal):Latitude:Marine"	0.00890541189694538	0.00445473250759744	1.99909015451711	0.0473465460061636
"log(Basal):Latitude:Terr"	0.0129385702379446	0.00418086429525437	3.09471184047543	0.00233800368585995
