"Estimate"	"Std. Error"	"t value"	"Pr(>|t|)"
"(Intercept)"	1.3237545919705	0.105180050487728	12.585605215363	7.05544536404426e-27
"log(Basal)"	-0.241355782376585	0.0587360496973172	-4.10915925773622	5.87733739044113e-05
