"Estimate"	"Std. Error"	"t value"	"Pr(>|t|)"
"(Intercept)"	2.10051918541158	0.0734445908501892	28.600052925561	1.65564888417044e-71
"log(Intermediate)"	0.692776902318014	0.0918183912767779	7.54507776366614	1.70926275083475e-12
"log(Intermediate):Stream"	-0.535266533862929	0.0825534531126992	-6.48387818656357	7.23590213109601e-10
