"Estimate"	"Std. Error"	"t value"	"Pr(>|t|)"
"(Intercept)"	1.06363039969655	0.0458846779296975	23.1805135763663	7.29479364167655e-53
"log10(Intermediate)"	0.594417867053991	0.0736501988819379	8.07082500899759	1.61287343571013e-13
"log10(Intermediate):Lake"	-0.166592640665198	0.0714348171511978	-2.33209305082409	0.0209497542853442
"log10(Intermediate):Stream"	-0.429098425947185	0.0575885467170448	-7.45110704139686	5.57444819144004e-12
