"Estimate"	"Std. Error"	"t value"	"Pr(>|t|)"
"(Intercept)"	0.76474470295594	0.0459260265674242	16.6516626870216	1.11518619431901e-36
"log10(Intermediate)"	0.596803139434139	0.0737165682132589	8.09591593720983	1.39397341377526e-13
"log10(Intermediate):Lake"	-0.169875276014782	0.0714991901076777	-2.37590489848836	0.0186966935543952
"log10(Intermediate):Stream"	-0.430043572431058	0.0576404422094587	-7.46079585698405	5.27905864598473e-12
