"Estimate"	"Std. Error"	"t value"	"Pr(>|t|)"
"(Intercept)"	0.373990640828777	0.0368810742194363	10.1404486920201	7.91965332170687e-19
"log10(Toppreds)"	-0.542162498324843	0.103713500667389	-5.22750167370754	5.51377204014611e-07
"log10(Toppreds):Lake"	0.176112312424791	0.0646265999927889	2.72507469748434	0.00717301309091407
"log10(Toppreds):Marine"	0.276871965583077	0.0763625356810184	3.6257565717779	0.00039106412613175
"log10(Toppreds):Stream"	-0.82154134629403	0.181920855430048	-4.51592723853439	1.24674081817964e-05
"log10(Toppreds):Terr"	-0.0906164533240549	0.145804141400198	-0.6214943722026	0.535193302732916
"log10(Toppreds):Latitude"	-0.00117685453205417	0.00185642410699758	-0.633936247443755	0.527062904517478
"log10(Toppreds):Stream:Latitude"	0.0150953854088875	0.00370981612060237	4.0690387119339	7.51903843558937e-05
"log10(Toppreds):Terr:Latitude"	0.00619213438678364	0.00337906133893827	1.83250132675285	0.0688082296230069
