"Estimate"	"Std. Error"	"t value"	"Pr(>|t|)"
"(Intercept)"	0.899468724189928	0.0784050435114107	11.4720773550623	1.83766264767684e-23
"log(Toppreds)"	-0.584205577389333	0.0973061944417024	-6.00378609749598	9.67705927367067e-09
"log(Toppreds):Lake"	0.164371057147291	0.0676491369726213	2.42975837539235	0.0160437193825669
"log(Toppreds):Marine"	0.292813936759437	0.0784200839828501	3.7339151131676	0.000249417776618562
"log(Toppreds):Stream"	-0.576506782748076	0.180625794386792	-3.19171901613092	0.00165646223719919
"log(Toppreds):Terr"	0.129843700171023	0.0715476391016415	1.8147866484674	0.0711421014204289
"log(Toppreds):Latitude"	0.000733332352201316	0.00162573981064155	0.451076086961251	0.652451815892955
"log(Toppreds):Stream:Latitude"	0.0101535186724773	0.00368245837693034	2.75726637837551	0.00640041499145959
