"Estimate"	"Std. Error"	"t value"	"Pr(>|t|)"
"(Intercept)"	1.76088975297251	0.1057485841546	16.6516626870216	1.11518619431899e-36
"log(Intermediate)"	0.596803139434139	0.073716568213259	8.09591593720983	1.39397341377529e-13
"log(Intermediate):Lake"	-0.169875276014782	0.0714991901076777	-2.37590489848836	0.0186966935543953
"log(Intermediate):Stream"	-0.430043572431058	0.0576404422094587	-7.46079585698404	5.27905864598481e-12
