"Estimate"	"Std. Error"	"t value"	"Pr(>|t|)"
"(Intercept)"	1.54553157425285	0.0742882349508423	20.8045267904878	1.52139223559032e-50
"log(Intermediate)"	1.74782869071633	0.251625028180093	6.94616391444724	6.02937647058389e-11
"log(Intermediate):Latitude"	-0.0119514898953991	0.0043830497399126	-2.72675205726445	0.00700469947037039
"log(Intermediate):Lake"	-0.714680222396252	0.158514878837328	-4.50860025026215	1.1493360619512e-05
"log(Intermediate):Stream"	-0.971291286865042	0.139950317077767	-6.94025785111526	6.23320292799262e-11
"log(Intermediate):Terr"	-0.911931696353564	0.313375251852273	-2.91003099626851	0.00405258215946816
"log(Intermediate):Latitude:Terr"	0.0160775263918865	0.00698978917875263	2.30014467972203	0.0225439637232421
