"Estimate"	"Std. Error"	"t value"	"Pr(>|t|)"
"(Intercept)"	1.22510202395835	0.0762669044570145	16.063350580183	2.31463227791039e-37
"log(Intermediate)"	0.229670248362526	0.065986642672412	3.48055665602984	0.00061929935018808
