"Estimate"	"Std. Error"	"t value"	"Pr(>|t|)"
0.458445283903887	0.0431844610871457	10.6159778856277	3.72046551214574e-20
0.231031947628587	0.12573889812704	1.83739440276599	0.0680542802419032
-0.482772191834008	0.175863741862715	-2.74514909509247	0.00675860337695289
-0.366421422963465	0.11637539676243	-3.14861588580859	0.00196610481329444
-0.251123945739926	0.0680015686875994	-3.69291401046341	0.000306118973324569
-0.00248618402094878	0.00259756629316496	-0.957120527584123	0.339987355854337
0.0106520272265433	0.00448351612173618	2.37581998978482	0.0187239972398676
