"Estimate"	"Std. Error"	"t value"	"Pr(>|t|)"
"(Intercept)"	0.270610747781699	0.0872592067584897	3.10122860193627	0.00221749968802882
"log(Toppreds)"	-0.451504922789101	0.0466388806518909	-9.68086961947263	2.65481825155813e-18
