"Estimate"	"Std. Error"	"t value"	"Pr(>|t|)"
"(Intercept)"	1.0426239743579	0.117041088457149	8.9081876125889	2.12904755698875e-16
"log(Basal)"	0.112960083412392	0.128659011608204	0.877980345103086	0.380925440935293
"log(Basal):Latitude"	-0.00705835503100431	0.00279579194590181	-2.52463529746938	0.0122969221692698
"log(Basal):Marine"	-0.353289441386867	0.22566762153888	-1.56553004359998	0.118915778634125
"log(Basal):Stream"	-0.203176617690192	0.0724662790265372	-2.80374017294015	0.00550923745150172
"log(Basal):Terr"	-0.439289397532914	0.20801189373305	-2.11184749895442	0.0358433044901888
"log(Basal):Latitude:Marine"	0.00839982013686426	0.00517727859331537	1.62243927682579	0.106161239921733
"log(Basal):Latitude:Terr"	0.015392207127253	0.00503832893681969	3.05502227430369	0.00253235234621424
