"Estimate"	"Std. Error"	"t value"	"Pr(>|t|)"
"(Intercept)"	1.42457808988354	0.114110312348378	12.4842186526868	1.22994015446735e-26
"log(Basal)"	0.0411566489258413	0.0639720245663713	0.643353859828855	0.520754262623884
