"Estimate"	"Std. Error"	"t value"	"Pr(>|t|)"
"(Intercept)"	-0.855603464333876	0.14073446983048	-6.07955865655716	5.39663829857495e-09
"log(Species)"	0.658494435698455	0.0612651843447247	10.7482649851058	7.32317957734797e-22
"log(Species):Lakeweb"	-0.0877584156389127	0.0740998665637852	-1.18432623037681	0.237585515173363
"log(Species):Stream"	-0.158203275343568	0.086180941022817	-1.8357106973534	0.0677752336648124
"log(Species):Marine"	0.118732094602568	0.0368038889965134	3.22607468503713	0.00144992710885505
"log(Species):Terr"	-0.059037474695446	0.0353757527082929	-1.66886836818051	0.0965922433050544
"log(Species):Latitude"	-0.00107210751817514	0.00106535367125129	-1.00633953503528	0.31537827145805
"log(Species):Lakeweb:Latitude"	0.00478183617576582	0.00168854002683225	2.83193534045899	0.00506409211891462
"log(Species):Stream:Latitude"	0.0050754229148224	0.00188319037743489	2.69511939718792	0.0075900549984512
