"Estimate"	"Std. Error"	"t value"	"Pr(>|t|)"
"(Intercept)"	-0.868412459421829	0.133574587409835	-6.50132990310018	9.53481675708398e-10
"log(Species)"	0.685186252657382	0.0386816535841084	17.7134685094972	1.20015116081734e-39
