"Estimate"	"Std. Error"	"t value"	"Pr(>|t|)"
"(Intercept)"	-0.868412459421831	0.133574587409835	-6.50132990310019	9.53481675708341e-10
"log(Species)"	0.685186252657383	0.0386816535841084	17.7134685094972	1.20015116081721e-39
