"Estimate"	"Std. Error"	"t value"	"Pr(>|t|)"
"(Intercept)"	-0.725126354519225	0.141085193176667	-5.13963470008666	6.68957101987225e-07
"log(Species)"	0.61765571961791	0.0405149209088615	15.2451419319645	5.13470301926757e-35
