"Estimate"	"Std. Error"	"t value"	"Pr(>|t|)"
"(Intercept)"	1.74103429351136	0.0805793861808266	21.6064477036886	2.66465999955648e-56
"log(Intermediate)"	0.7847121259119	0.223231254650195	3.51524309237768	0.000533375994187571
"log(Intermediate):Stream"	0.69884664337154	0.437064474775303	1.59895549445152	0.111265643893413
"log(Intermediate):Latitude"	0.00233488552383808	0.00480342873110999	0.486087262774591	0.627389111060213
"log(Intermediate):Stream:Latitude"	-0.0334252708705292	0.00975017925326498	-3.42816988306511	0.000725281324818913
