"Estimate"	"Std. Error"	"t value"	"Pr(>|t|)"
"(Intercept)"	1.49331249712303	0.087418017478816	17.0824338070227	2.17024546130603e-42
"log(Intermediate)"	0.167368996830155	0.0881109724596776	1.89952502120833	0.0587859170641424
