"Estimate"	"Std. Error"	"t value"	"Pr(>|t|)"
"(Intercept)"	0.535908313881526	0.0772610882034549	6.93632883438421	6.06246271028626e-11
"log(Toppreds)"	-0.457949495702533	0.0514072606173444	-8.90826490661173	4.07744547593514e-16
"log(Toppreds):Lake"	0.077890216413692	0.0504838315538298	1.54287450093085	0.124516405905199
"log(Toppreds):Marine"	0.234675227927089	0.0658455635768212	3.56402489673122	0.000461345629549939
"log(Toppreds):Stream"	-0.272975609764357	0.0501451827886399	-5.44370554824657	1.58969173669497e-07
