"Estimate"	"Std. Error"	"t value"	"Pr(>|t|)"
"(Intercept)"	0.531595420909819	0.0764571515857125	6.95285411350791	5.52166474240942e-11
"log(Toppreds)"	-0.454409124688402	0.0504039944486237	-9.01533955114563	2.05816287870168e-16
"log(Toppreds):Lake"	0.0725552917204393	0.0495254154266391	1.46501126937368	0.144561967623838
"log(Toppreds):Marine"	0.228767494259821	0.0648317173900109	3.52863541904365	0.000523266734099459
"log(Toppreds):Stream"	-0.290638030553391	0.0495035104348853	-5.87105900167794	1.88723745591641e-08
