"Estimate"	"Std. Error"	"t value"	"Pr(>|t|)"
"(Intercept)"	1.31979582167317	0.103527056160923	12.7483178853427	1.95046410361496e-27
"log(Basal)"	-0.244652780563823	0.0580388857388381	-4.21532525046579	3.82103068359972e-05
