"Estimate"	"Std. Error"	"t value"	"Pr(>|t|)"
"(Intercept)"	2.13525459340584	0.0728116547196559	29.3257254161732	4.94402639586167e-73
"log(Intermediate)"	0.771297595505944	0.0933918786127346	8.25872235319585	2.29834087762565e-14
"log(Intermediate):Stream"	-0.602106084217494	0.0828239225557765	-7.26971224783534	8.73880053324679e-12
