"Estimate"	"Std. Error"	"t value"	"Pr(>|t|)"
"(Intercept)"	2.30381947644906	0.076497510229365	30.1162674385277	5.39792999403946e-80
"log(Intermediate)"	0.966099865298979	0.211923123214117	4.5587279511867	8.53806575182524e-06
"log(Intermediate):Latitude"	0.00318500468003393	0.00456010346950924	0.698450090295144	0.485633393827019
"log(Intermediate):Stream"	0.375252355164631	0.414924284170972	0.90438754606613	0.366779217769591
"log(Intermediate):Latitude:Stream"	-0.024980007742287	0.00925626853859373	-2.69871251445803	0.00750111480230842
