"Estimate"	"Std. Error"	"t value"	"Pr(>|t|)"
"(Intercept)"	2.07819218913549	0.0816949815028628	25.4384314789601	7.31472372097145e-68
"log(Intermediate)"	0.440006214461929	0.0823425704779562	5.34360552394611	2.24601393039937e-07
