"Estimate"	"Std. Error"	"t value"	"Pr(>|t|)"
"(Intercept)"	-0.49832129239293	0.143615083177794	-3.46983952776057	0.000627577338310071
"log(Species)"	0.688325289554859	0.0530891458726181	12.9654617387596	7.10135279093662e-29
"log(Species):Latitude"	-0.0011241190321778	0.000894948425500707	-1.2560712999175	0.210434566513303
"log(Species):Lakeweb"	-0.0649415719563336	0.0676510871334803	-0.959948682394407	0.338144515208273
"log(Species):Marine"	0.124111150258705	0.0283798660525847	4.37321127692222	1.8965942026341e-05
"log(Species):Terr"	-0.0521162518530504	0.0265983286156795	-1.95938070418185	0.0513428801521977
"log(Species):Latitude:Lakeweb"	0.003490110617717	0.00160816940300527	2.17023816719486	0.0310694875279157
