"Estimate"	"Std. Error"	"t value"	"Pr(>|t|)"
"(Intercept)"	-0.509700031311116	0.143374956550914	-3.55501437330943	0.000463429401311019
"log(Species)"	0.691051194572001	0.0530715866306534	13.0211142806283	4.71337381194497e-29
"log(Species):Latitude"	-0.0011204280659198	0.000895514952412719	-1.251155062125	0.212218927253985
"log(Species):Lakeweb"	-0.0600310548153554	0.0672618670967396	-0.892497597918529	0.373110387705151
"log(Species):Marine"	0.124789365419436	0.0283920475782733	4.39522246767892	1.72837763712668e-05
"log(Species):Terr"	-0.0518772142479614	0.026614542426776	-1.94920556649396	0.0525536318539462
"log(Species):Latitude:Lakeweb"	0.00333387057255892	0.00158529759599213	2.10299352057774	0.0366133921797495
