"Estimate"	"Std. Error"	"t value"	"Pr(>|t|)"
"(Intercept)"	-0.320218789508293	0.135013860208132	-2.37174753032508	0.0187092319839936
"log(Species)"	0.630514086523999	0.0538059230342769	11.7183025765088	3.42374110151716e-24
"log(Species):Lakeweb"	-0.0804756798284646	0.0644360447036789	-1.24892333473519	0.213237792076697
"log(Species):Terr"	-0.064006481160199	0.0257987109153947	-2.48099532453789	0.0139752384304991
"log(Species):Latitude"	-0.000665718589022558	0.000917569857259523	-0.725523603195552	0.469028261642081
"log(Species):Lakeweb:Latitude"	0.00344756995093334	0.00153213707982155	2.25017069055915	0.0255907272849628
