"Estimate"	"Std. Error"	"t value"	"Pr(>|t|)"
"(Intercept)"	-0.211450341920163	0.143758517213307	-1.47087175089887	0.14316355564092
"log(Species)"	0.612495911417366	0.0566493857497542	10.8120485917188	4.29413681894051e-21
"log(Species):Lakeweb"	-0.100665885339443	0.065999623603267	-1.52524938542922	0.129044289155605
"log(Species):Terr"	-0.058685352169888	0.0261316028357302	-2.24576167557722	0.0259999236233107
"log(Species):Latitude"	-0.000982012301647596	0.000956324103082624	-1.02686139404222	0.305936087956541
"log(Species):Lakeweb:Latitude"	0.00386116868324422	0.00155440523078848	2.48401678453283	0.0139538202309201
