"Estimate"	"Std. Error"	"t value"	"Pr(>|t|)"
"(Intercept)"	-0.452864020804378	0.0560707648102856	-8.07665139465522	2.79473415378273e-14
"log10(Species)"	0.418926093826364	0.0545651704806261	7.67753660689301	3.61384734812233e-13
"log10(Species):Lake"	0.11940116371894	0.0248825077509098	4.79859847384451	2.744658071224e-06
"log10(Species):Marine"	0.255088626296407	0.0757322879678631	3.36829419975603	0.000875245366529155
"log10(Species):Terr"	0.207302359584773	0.0663217470414842	3.12570715990195	0.00198248793304312
"log10(Species):Latitude"	0.00352415961402657	0.000914594945226743	3.85324632769851	0.000148086532916267
"log10(Species):Marine:Latitude"	-0.0045992810920854	0.00169375395463557	-2.71543637108435	0.00707851775046529
"log10(Species):Terr:Latitude"	-0.00528351430629725	0.00164697173089778	-3.20801760417415	0.00151031633664655
