"Estimate"	"Std. Error"	"t value"	"Pr(>|t|)"
"(Intercept)"	-0.271208208848466	0.133045492957912	-2.03846220430977	0.042860708663705
"log(Species)"	0.586834691315304	0.0382061894880814	15.3596759891056	2.31306612530288e-35
