"Estimate"	"Std. Error"	"t value"	"Pr(>|t|)"
"(Intercept)"	0.925741422566794	0.0754482922575438	12.2698790770076	9.02698896850582e-26
"log(Toppreds)"	-0.532053375054644	0.101879755649682	-5.22236603004952	4.67977322361568e-07
"log(Toppreds):Lake"	0.228018991195655	0.0649464783817701	3.51087536810399	0.000559742129138944
"log(Toppreds):Marine"	0.349628196891832	0.0766252461851019	4.56283293429483	9.11879756675151e-06
"log(Toppreds):Stream"	-0.613974412783129	0.177952764629878	-3.45021002657714	0.000692319527229875
"log(Toppreds):Terr"	-0.21018961145534	0.159878219826921	-1.31468571318147	0.190225621060928
"log(Toppreds):Latitude"	-0.0012836229383162	0.00181923361059867	-0.705584445470854	0.48132462079902
"log(Toppreds):Stream:Latitude"	0.0121074947372348	0.0036539920199906	3.31349785960014	0.00110626438978474
"log(Toppreds):Terr:Latitude"	0.00895267871108797	0.00364971951981512	2.45297718426907	0.0150847142096643
