"Estimate"	"Std. Error"	"t value"	"Pr(>|t|)"
"(Intercept)"	0.92930751951165	0.0757059299615757	12.2752275810272	8.70263768425005e-26
"log(Toppreds)"	-0.54833120266985	0.103666479820267	-5.28937804795266	3.40774697068508e-07
"log(Toppreds):Lake"	0.245970910452553	0.0671644540915552	3.66221856158107	0.000325380283244805
"log(Toppreds):Marine"	0.368052127427341	0.0785648224229302	4.68469368448441	5.38201146282115e-06
"log(Toppreds):Stream"	-0.562268821599888	0.178265534467333	-3.15410841069182	0.00187604474799814
"log(Toppreds):Terr"	-0.192416382064847	0.161358339761743	-1.19247869275901	0.234584564383201
"log(Toppreds):Latitude"	-0.00128844518089988	0.00182662110668175	-0.705370794297057	0.481457224987644
"log(Toppreds):Stream:Latitude"	0.0115805194453912	0.00365539098045735	3.16806588058667	0.00179266875559006
"log(Toppreds):Terr:Latitude"	0.00896064231986769	0.00366453980669634	2.44522990403695	0.0154021369554211
