"Estimate"	"Std. Error"	"t value"	"Pr(>|t|)"
"(Intercept)"	0.687105366176684	0.0832429196453124	8.254219927705	1.51006745513406e-14
"log(Toppreds)"	-0.636376485363346	0.106456645751341	-5.97779951521091	9.24903885820222e-09
"log(Toppreds):Lakeweb"	0.261001053184933	0.0735640504744577	3.54794293546351	0.000476206074055717
"log(Toppreds):Marine"	0.121955270756344	0.0769395645053592	1.58507877631475	0.114411356096547
"log(Toppreds):Stream"	-0.372730928717681	0.171239312346211	-2.17666681564391	0.0305896035764701
"log(Toppreds):Terr"	-0.211694797029722	0.17565805732987	-1.20515278517613	0.229462988356287
"log(Toppreds):Latitude"	-0.00192935993792179	0.00187523365573261	-1.0288637536041	0.304694428698187
"log(Toppreds):Stream:Latitude"	0.00748195574596669	0.00356547783126189	2.09844405155611	0.037028057137974
"log(Toppreds):Terr:Latitude"	0.00974919755021967	0.00390173943856067	2.49867980774649	0.0132106946265811
