"Estimate"	"Std. Error"	"t value"	"Pr(>|t|)"
"(Intercept)"	0.967842133663273	0.0863774251772007	11.2048041681929	8.58612294816959e-23
"log(Toppreds)"	-0.446624845886593	0.0460843136647449	-9.6914722249247	2.3066830591179e-18
