"Estimate"	"Std. Error"	"t value"	"Pr(>|t|)"
"(Intercept)"	0.594131678484969	0.0945032062400734	6.28689440415019	2.20894633004584e-09
"log(Basal)"	0.0193724119942586	0.106121096894693	0.18255005424117	0.855347777778918
"log(Basal):Latitude"	-0.00799517358776816	0.00227453483568145	-3.51508073754026	0.000550859152000376
"log(Basal):Marine"	-0.134788736995531	0.190833251048875	-0.706316830293947	0.480865541641058
"log(Basal):Stream"	-0.173026857584897	0.0605795437697387	-2.85619281390707	0.00476992996785885
"log(Basal):Terr"	-0.452288180225405	0.161934322977543	-2.79303468164762	0.00576189294873304
"log(Basal):Latitude:Marine"	0.0106005352794495	0.00450327847143329	2.35395953119364	0.0196068290296553
"log(Basal):Latitude:Terr"	0.0158940078554072	0.00401729801106695	3.95639253339482	0.000107751649916533
