"Estimate"	"Std. Error"	"t value"	"Pr(>|t|)"
"(Intercept)"	0.300015158443674	0.107483892641438	2.79125691367089	0.00571846801583935
"log(Basal)"	-0.171766109412198	0.118809359134862	-1.4457287764445	0.14969596125174
"log(Basal):Latitude"	-0.00677249909861256	0.00259004998987614	-2.61481404802401	0.0095535856660033
"log(Basal):Marine"	-0.335177049852675	0.207230161349177	-1.61741441337736	0.107241535769485
"log(Basal):Stream"	-0.186847704385947	0.066666288317371	-2.80273147196139	0.00552588216168141
"log(Basal):Terr"	-0.407490558838754	0.191133655972447	-2.13196653810409	0.0341336264814667
"log(Basal):Latitude:Marine"	0.00795341705415471	0.00476966305170045	1.66750082090583	0.0968573201560885
"log(Basal):Latitude:Terr"	0.014505148912954	0.00464578381183223	3.12221780015057	0.00203936484772315
