"Estimate"	"Std. Error"	"t value"	"Pr(>|t|)"
"(Intercept)"	0.628428506450655	0.103678791917934	6.06130236305299	6.90917949958349e-09
"log(Basal)"	-0.244947379535201	0.0581239511757418	-4.21422450780377	3.83813425874187e-05
