"Estimate"	"Std. Error"	"t value"	"Pr(>|t|)"
"(Intercept)"	1.63282670310325	0.0774928716425184	21.070669707991	1.11328921434569e-54
"log(Intermediate)"	1.00358128091877	0.210915459907402	4.75821583377233	3.535836046165e-06
"log(Intermediate):Stream"	0.355669080803503	0.419265379177981	0.848314930035086	0.397184640780853
"log(Intermediate):Latitude"	0.00273953383240755	0.00474051355748545	0.577898111499274	0.563923931901346
"log(Intermediate):Stream:Latitude"	-0.0246144419835246	0.00944093289619697	-2.60720442080887	0.00975303922303711
