"Estimate"	"Std. Error"	"t value"	"Pr(>|t|)"
"(Intercept)"	1.63138462177587	0.0774429573411124	21.0656291777459	1.15325588200378e-54
"log(Intermediate)"	0.982203648630129	0.214542320939043	4.57813472107071	7.84604629335498e-06
"log(Intermediate):Stream"	0.375732100162463	0.420052411411807	0.894488616074402	0.372038057556719
"log(Intermediate):Latitude"	0.00314122292627165	0.0046164626456653	0.680439368272838	0.496941758952718
"log(Intermediate):Stream:Latitude"	-0.0250084783107114	0.00937066850179688	-2.66880407794981	0.00817935179852913
