"Estimate"	"Std. Error"	"t value"	"Pr(>|t|)"
"(Intercept)"	1.44474174643242	0.0729711849052768	19.7987979543956	2.3481672257306e-48
"log(Intermediate)"	0.771088389690455	0.0935965000265444	8.23843188016401	2.60565213564744e-14
"log(Intermediate):Stream"	-0.600844630051394	0.0830053895996178	-7.23862188888709	1.04667961084903e-11
