"Estimate"	"Std. Error"	"t value"	"Pr(>|t|)"
"(Intercept)"	0.232703838454138	0.0755263508891289	3.08109468701516	0.00237378597000389
"log(Toppreds)"	-0.531672918483037	0.101985160213182	-5.21323805710231	4.88535939085483e-07
"log(Toppreds):Lake"	0.225449315269688	0.0650136718606025	3.46772161635601	0.000651303256812052
"log(Toppreds):Marine"	0.350465532718738	0.0767045224905438	4.56903349814796	8.87954699189204e-06
"log(Toppreds):Stream"	-0.614447077272864	0.178136874155464	-3.44929751454279	0.000694521820679905
"log(Toppreds):Terr"	-0.212134681688496	0.160043629469559	-1.32548032303182	0.186628946644831
"log(Toppreds):Latitude"	-0.00131321275281209	0.0018211157855549	-0.721103382458439	0.471746466233031
"log(Toppreds):Stream:Latitude"	0.0121235367477275	0.00365777243182457	3.31445899757085	0.00110268056744747
"log(Toppreds):Terr:Latitude"	0.00900777800551571	0.00365349551133013	2.46552321676077	0.0145829837166319
