"Estimate"	"Std. Error"	"t value"	"Pr(>|t|)"
"(Intercept)"	-0.0161754409438302	0.0838996672221944	-0.19279505484798	0.84730062768369
"log(Toppreds)"	-0.63971846608317	0.108067215336931	-5.91963496134015	1.25501712153619e-08
"log(Toppreds):Lakeweb"	0.257279921827073	0.0741759865376814	3.46850690952894	0.000631584246331155
"log(Toppreds):Marine"	0.125722214750119	0.0775437044951655	1.6213078233573	0.106410449095927
"log(Toppreds):Stream"	-0.384228056644368	0.172608521368271	-2.22600862111897	0.0270467087931899
"log(Toppreds):Terr"	-0.223542920423614	0.177158670723003	-1.26182319787856	0.208373276279175
"log(Toppreds):Latitude"	-0.00221172114346099	0.00189646106406192	-1.16623598837501	0.24480510451597
"log(Toppreds):Stream:Latitude"	0.00789134297664668	0.00359537241852048	2.19486107642057	0.0292390396345176
"log(Toppreds):Terr:Latitude"	0.0101955112042499	0.00393571297056626	2.5905118794227	0.0102358935604995
