"Estimate"	"Std. Error"	"t value"	"Pr(>|t|)"
"(Intercept)"	0.0499991004274026	0.0908695331172081	0.55022952921868	0.582712661088057
"log(Toppreds)"	-0.590231454784669	0.0490765265696987	-12.0267569047785	5.2229218075975e-26
