"Estimate"	"Std. Error"	"t value"	"Pr(>|t|)"
"(Intercept)"	-1.21883461506554	0.145931451840805	-8.35210367395746	7.79463390017841e-15
"log(Species)"	0.698181320278451	0.0540178973707729	12.9249999400423	9.5654449259268e-29
"log(Species):Lakeweb"	-0.0581963820593264	0.0684612023960045	-0.850063686037784	0.39622230687032
"log(Species):Marine"	0.127575605668818	0.0288983015130631	4.41464027258311	1.59194691309336e-05
"log(Species):Terr"	-0.0519524019689378	0.0270891019593014	-1.91783404436924	0.0564388089670624
"log(Species):Latitude"	-0.00115436395193455	0.000911482732371955	-1.26646826202681	0.206697016984298
"log(Species):Lakeweb:Latitude"	0.00341389258049931	0.00161356477691915	2.11574560211806	0.0355011742736909
