"Estimate"	"Std. Error"	"t value"	"Pr(>|t|)"
"(Intercept)"	-1.12606773538468	0.131732684790057	-8.5481271195474	1.04403655020632e-14
"log(Species)"	0.660443408178541	0.0377803084092955	17.4811544951826	1.12744776190651e-38
