"Estimate"	"Std. Error"	"t value"	"Pr(>|t|)"
"(Intercept)"	-1.01252770070958	0.135440510213889	-7.47581132934742	2.74099984668466e-12
"log(Species)"	0.63745100343606	0.0536262563646074	11.8869197040718	1.01097272215125e-24
"log(Species):Lakeweb"	-0.0875688363486081	0.0643472105742011	-1.36088006872698	0.175163587453624
"log(Species):Terr"	-0.0600073745721236	0.0256416057306294	-2.34023466402666	0.0203094858633791
"log(Species):Latitude"	-0.000824201579652489	0.000909623942595956	-0.906090463384592	0.366035591013807
"log(Species):Lakeweb:Latitude"	0.00366424020761942	0.00153050638481683	2.39413585200949	0.0176322481357494
