"Estimate"	"Std. Error"	"t value"	"Pr(>|t|)"
"(Intercept)"	-0.8541017284428	0.142193435503115	-6.00661855746563	1.06908522294892e-08
"log(Species)"	0.554559306086244	0.0412830173623089	13.4331098238123	9.94351327321778e-29
