"Estimate"	"Std. Error"	"t value"	"Pr(>|t|)"
"(Intercept)"	-0.386080779689656	0.0600866112935283	-6.42540445164426	8.60141609595181e-10
"log10(Species)"	0.699837779946474	0.0601826533344754	11.6285630687801	1.77826799453291e-24
"log10(Species):Lakeweb"	-0.107438688773171	0.072268001575614	-1.48667026112183	0.138594650194295
"log10(Species):Marine"	0.082607675983807	0.0348400320607608	2.37105625619803	0.0186374916348086
"log10(Species):Terr"	-0.0947774012579984	0.0333608979291544	-2.84097272978889	0.00493829703089174
"log10(Species):Stream"	-0.169222739143068	0.0861759625695298	-1.96368841260733	0.0508796779665617
"log10(Species):Latitude"	-0.00113161587923184	0.00105814407854772	-1.06943459040564	0.286095767632061
"log10(Species):Lakeweb:Latitude"	0.00449081311988195	0.00165893252325645	2.70704989921264	0.00734445035123275
"log10(Species):Stream:Latitude"	0.00495169243215146	0.00189504219561143	2.61297212464116	0.00962172243625267
