"Estimate"	"Std. Error"	"t value"	"Pr(>|t|)"
"(Intercept)"	-0.173909347802557	0.0607010772729483	-2.86501254369105	0.00451193361668178
"log10(Species)"	0.689062299129104	0.0436351433283115	15.7914526358854	8.31477572654047e-40
"log10(Species):Stream"	-0.0989972868347295	0.0196002388003447	-5.05082044372789	8.30962205693998e-07
"log10(Species):Terr"	-0.115992078781948	0.0278167221938134	-4.16986868451902	4.16047592678883e-05
