"Estimate"	"Std. Error"	"t value"	"Pr(>|t|)"
"(Intercept)"	-0.523574373407599	0.0601088805353408	-8.71043294675511	7.97163616431818e-16
"log10(Species)"	0.722441213422943	0.0438132415386133	16.4891066730647	4.38311337434359e-40
"log10(Species):Stream"	-0.0666037500903426	0.020744719180742	-3.21063637979603	0.00152630996306361
"log10(Species):Terr"	-0.129966145965571	0.0273967739722435	-4.74384853111697	3.80975820729051e-06
