"Estimate"	"Std. Error"	"t value"	"Pr(>|t|)"
"(Intercept)"	0.715222846374596	0.0909257611143621	7.86600890230682	5.99514087854684e-13
"log(Toppreds)"	-0.62726287657689	0.104639803479514	-5.99449593480644	1.39475863514984e-08
"log(Toppreds):Lake"	0.166328258484363	0.0658690337049134	2.52513585108136	0.0125770018826728
"log(Toppreds):Marine"	0.305359273931748	0.0756082099475781	4.03870524303464	8.45367504409989e-05
"log(Toppreds):Stream"	-0.759273677209428	0.186344505756632	-4.07456970156688	7.35961454914098e-05
"log(Toppreds):Terr"	-0.0528342235721224	0.145942270271856	-0.362021390195622	0.717832324598315
"log(Toppreds):Latitude"	-0.000858945697348005	0.0018325563351435	-0.468714484174776	0.639936537246927
"log(Toppreds):Stream:Latitude"	0.0139512223994444	0.00382833500204502	3.64420104092037	0.000366142299092353
"log(Toppreds):Terr:Latitude"	0.0054733228191018	0.00332164082704045	1.64777683804497	0.101437299352365
